country,year,doy,cum_near_neg,cum_neg
DE,2019,1,21.0,17.0
DE,2019,2,27.0,23.0
DE,2019,3,27.0,23.0
DE,2019,4,27.0,23.0
DE,2019,5,27.0,23.0
DE,2019,6,27.0,23.0
DE,2019,7,27.0,23.0
DE,2019,8,27.0,23.0
DE,2019,9,27.0,23.0
DE,2019,10,27.0,23.0
DE,2019,11,27.0,23.0
DE,2019,12,27.0,23.0
DE,2019,13,34.0,30.0
DE,2019,14,38.0,34.0
DE,2019,15,38.0,34.0
DE,2019,16,38.0,34.0
DE,2019,17,38.0,34.0
DE,2019,18,38.0,34.0
DE,2019,19,38.0,34.0
DE,2019,20,38.0,34.0
DE,2019,21,38.0,34.0
DE,2019,22,38.0,34.0
DE,2019,23,38.0,34.0
DE,2019,24,38.0,34.0
DE,2019,25,38.0,34.0
DE,2019,26,38.0,34.0
DE,2019,27,38.0,34.0
DE,2019,28,38.0,34.0
DE,2019,29,38.0,34.0
DE,2019,30,38.0,34.0
DE,2019,31,38.0,34.0
DE,2019,32,38.0,34.0
DE,2019,33,38.0,34.0
DE,2019,34,38.0,34.0
DE,2019,35,38.0,34.0
DE,2019,36,38.0,34.0
DE,2019,37,38.0,34.0
DE,2019,38,38.0,34.0
DE,2019,39,39.0,34.0
DE,2019,40,51.0,38.0
DE,2019,41,52.0,39.0
DE,2019,42,56.0,43.0
DE,2019,43,56.0,43.0
DE,2019,44,56.0,43.0
DE,2019,45,56.0,43.0
DE,2019,46,56.0,43.0
DE,2019,47,56.0,43.0
DE,2019,48,56.0,43.0
DE,2019,49,56.0,43.0
DE,2019,50,56.0,43.0
DE,2019,51,56.0,43.0
DE,2019,52,56.0,43.0
DE,2019,53,56.0,43.0
DE,2019,54,56.0,43.0
DE,2019,55,56.0,43.0
DE,2019,56,56.0,43.0
DE,2019,57,56.0,43.0
DE,2019,58,56.0,43.0
DE,2019,59,56.0,43.0
DE,2019,60,56.0,43.0
DE,2019,61,56.0,43.0
DE,2019,62,64.0,46.0
DE,2019,63,72.0,52.0
DE,2019,64,76.0,56.0
DE,2019,65,76.0,56.0
DE,2019,66,76.0,56.0
DE,2019,67,80.0,59.0
DE,2019,68,92.0,63.0
DE,2019,69,97.0,68.0
DE,2019,70,97.0,68.0
DE,2019,71,98.0,68.0
DE,2019,72,100.0,69.0
DE,2019,73,100.0,69.0
DE,2019,74,102.0,70.0
DE,2019,75,106.0,73.0
DE,2019,76,122.0,89.0
DE,2019,77,122.0,89.0
DE,2019,78,122.0,89.0
DE,2019,79,122.0,89.0
DE,2019,80,122.0,89.0
DE,2019,81,122.0,89.0
DE,2019,82,122.0,89.0
DE,2019,83,122.0,89.0
DE,2019,84,122.0,89.0
DE,2019,85,122.0,89.0
DE,2019,86,122.0,89.0
DE,2019,87,122.0,89.0
DE,2019,88,122.0,89.0
DE,2019,89,122.0,89.0
DE,2019,90,122.0,89.0
DE,2019,91,122.0,89.0
DE,2019,92,122.0,89.0
DE,2019,93,122.0,89.0
DE,2019,94,122.0,89.0
DE,2019,95,122.0,89.0
DE,2019,96,122.0,89.0
DE,2019,97,122.0,89.0
DE,2019,98,122.0,89.0
DE,2019,99,122.0,89.0
DE,2019,100,122.0,89.0
DE,2019,101,122.0,89.0
DE,2019,102,122.0,89.0
DE,2019,103,122.0,89.0
DE,2019,104,122.0,89.0
DE,2019,105,122.0,89.0
DE,2019,106,122.0,89.0
DE,2019,107,122.0,89.0
DE,2019,108,122.0,89.0
DE,2019,109,122.0,89.0
DE,2019,110,122.0,89.0
DE,2019,111,122.0,89.0
DE,2019,112,135.0,101.0
DE,2019,113,143.0,107.0
DE,2019,114,143.0,107.0
DE,2019,115,143.0,107.0
DE,2019,116,143.0,107.0
DE,2019,117,143.0,107.0
DE,2019,118,143.0,107.0
DE,2019,119,143.0,107.0
DE,2019,120,143.0,107.0
DE,2019,121,145.0,109.0
DE,2019,122,145.0,109.0
DE,2019,123,145.0,109.0
DE,2019,124,145.0,109.0
DE,2019,125,145.0,109.0
DE,2019,126,145.0,109.0
DE,2019,127,145.0,109.0
DE,2019,128,145.0,109.0
DE,2019,129,145.0,109.0
DE,2019,130,145.0,109.0
DE,2019,131,145.0,109.0
DE,2019,132,149.0,113.0
DE,2019,133,149.0,113.0
DE,2019,134,149.0,113.0
DE,2019,135,149.0,113.0
DE,2019,136,149.0,113.0
DE,2019,137,149.0,113.0
DE,2019,138,149.0,113.0
DE,2019,139,149.0,113.0
DE,2019,140,149.0,113.0
DE,2019,141,149.0,113.0
DE,2019,142,149.0,113.0
DE,2019,143,149.0,113.0
DE,2019,144,149.0,113.0
DE,2019,145,149.0,113.0
DE,2019,146,152.0,116.0
DE,2019,147,152.0,116.0
DE,2019,148,152.0,116.0
DE,2019,149,152.0,116.0
DE,2019,150,155.0,116.0
DE,2019,151,155.0,116.0
DE,2019,152,155.0,116.0
DE,2019,153,157.0,118.0
DE,2019,154,157.0,118.0
DE,2019,155,157.0,118.0
DE,2019,156,157.0,118.0
DE,2019,157,157.0,118.0
DE,2019,158,159.0,120.0
DE,2019,159,176.0,137.0
DE,2019,160,176.0,137.0
DE,2019,161,176.0,137.0
DE,2019,162,176.0,137.0
DE,2019,163,176.0,137.0
DE,2019,164,176.0,137.0
DE,2019,165,176.0,137.0
DE,2019,166,176.0,137.0
DE,2019,167,176.0,137.0
DE,2019,168,176.0,137.0
DE,2019,169,176.0,137.0
DE,2019,170,176.0,137.0
DE,2019,171,176.0,137.0
DE,2019,172,176.0,137.0
DE,2019,173,176.0,137.0
DE,2019,174,179.0,139.0
DE,2019,175,179.0,139.0
DE,2019,176,179.0,139.0
DE,2019,177,179.0,139.0
DE,2019,178,179.0,139.0
DE,2019,179,179.0,139.0
DE,2019,180,179.0,139.0
DE,2019,181,184.0,142.0
DE,2019,182,184.0,142.0
DE,2019,183,184.0,142.0
DE,2019,184,184.0,142.0
DE,2019,185,184.0,142.0
DE,2019,186,184.0,142.0
DE,2019,187,184.0,142.0
DE,2019,188,184.0,142.0
DE,2019,189,184.0,142.0
DE,2019,190,184.0,142.0
DE,2019,191,184.0,142.0
DE,2019,192,184.0,142.0
DE,2019,193,184.0,142.0
DE,2019,194,184.0,142.0
DE,2019,195,184.0,142.0
DE,2019,196,184.0,142.0
DE,2019,197,184.0,142.0
DE,2019,198,184.0,142.0
DE,2019,199,184.0,142.0
DE,2019,200,184.0,142.0
DE,2019,201,184.0,142.0
DE,2019,202,184.0,142.0
DE,2019,203,184.0,142.0
DE,2019,204,184.0,142.0
DE,2019,205,184.0,142.0
DE,2019,206,184.0,142.0
DE,2019,207,184.0,142.0
DE,2019,208,184.0,142.0
DE,2019,209,184.0,142.0
DE,2019,210,184.0,142.0
DE,2019,211,184.0,142.0
DE,2019,212,184.0,142.0
DE,2019,213,184.0,142.0
DE,2019,214,184.0,142.0
DE,2019,215,184.0,142.0
DE,2019,216,184.0,142.0
DE,2019,217,184.0,142.0
DE,2019,218,184.0,142.0
DE,2019,219,184.0,142.0
DE,2019,220,184.0,142.0
DE,2019,221,184.0,142.0
DE,2019,222,190.0,148.0
DE,2019,223,196.0,153.0
DE,2019,224,196.0,153.0
DE,2019,225,196.0,153.0
DE,2019,226,196.0,153.0
DE,2019,227,196.0,153.0
DE,2019,228,196.0,153.0
DE,2019,229,196.0,153.0
DE,2019,230,196.0,153.0
DE,2019,231,196.0,153.0
DE,2019,232,196.0,153.0
DE,2019,233,196.0,153.0
DE,2019,234,196.0,153.0
DE,2019,235,196.0,153.0
DE,2019,236,196.0,153.0
DE,2019,237,196.0,153.0
DE,2019,238,196.0,153.0
DE,2019,239,196.0,153.0
DE,2019,240,196.0,153.0
DE,2019,241,196.0,153.0
DE,2019,242,196.0,153.0
DE,2019,243,196.0,153.0
DE,2019,244,196.0,153.0
DE,2019,245,196.0,153.0
DE,2019,246,196.0,153.0
DE,2019,247,196.0,153.0
DE,2019,248,196.0,153.0
DE,2019,249,196.0,153.0
DE,2019,250,196.0,153.0
DE,2019,251,196.0,153.0
DE,2019,252,196.0,153.0
DE,2019,253,196.0,153.0
DE,2019,254,196.0,153.0
DE,2019,255,196.0,153.0
DE,2019,256,196.0,153.0
DE,2019,257,196.0,153.0
DE,2019,258,200.0,156.0
DE,2019,259,200.0,156.0
DE,2019,260,200.0,156.0
DE,2019,261,200.0,156.0
DE,2019,262,200.0,156.0
DE,2019,263,200.0,156.0
DE,2019,264,200.0,156.0
DE,2019,265,200.0,156.0
DE,2019,266,200.0,156.0
DE,2019,267,200.0,156.0
DE,2019,268,200.0,156.0
DE,2019,269,200.0,156.0
DE,2019,270,200.0,156.0
DE,2019,271,203.0,159.0
DE,2019,272,208.0,164.0
DE,2019,273,212.0,168.0
DE,2019,274,212.0,168.0
DE,2019,275,212.0,168.0
DE,2019,276,212.0,168.0
DE,2019,277,212.0,168.0
DE,2019,278,212.0,168.0
DE,2019,279,212.0,168.0
DE,2019,280,212.0,168.0
DE,2019,281,212.0,168.0
DE,2019,282,212.0,168.0
DE,2019,283,212.0,168.0
DE,2019,284,214.0,168.0
DE,2019,285,216.0,169.0
DE,2019,286,217.0,170.0
DE,2019,287,217.0,170.0
DE,2019,288,217.0,170.0
DE,2019,289,217.0,170.0
DE,2019,290,217.0,170.0
DE,2019,291,217.0,170.0
DE,2019,292,217.0,170.0
DE,2019,293,217.0,170.0
DE,2019,294,217.0,170.0
DE,2019,295,217.0,170.0
DE,2019,296,217.0,170.0
DE,2019,297,217.0,170.0
DE,2019,298,217.0,170.0
DE,2019,299,219.0,171.0
DE,2019,300,222.0,173.0
DE,2019,301,222.0,173.0
DE,2019,302,222.0,173.0
DE,2019,303,222.0,173.0
DE,2019,304,222.0,173.0
DE,2019,305,222.0,173.0
DE,2019,306,222.0,173.0
DE,2019,307,222.0,173.0
DE,2019,308,222.0,173.0
DE,2019,309,222.0,173.0
DE,2019,310,222.0,173.0
DE,2019,311,222.0,173.0
DE,2019,312,222.0,173.0
DE,2019,313,222.0,173.0
DE,2019,314,222.0,173.0
DE,2019,315,222.0,173.0
DE,2019,316,222.0,173.0
DE,2019,317,222.0,173.0
DE,2019,318,222.0,173.0
DE,2019,319,222.0,173.0
DE,2019,320,222.0,173.0
DE,2019,321,222.0,173.0
DE,2019,322,222.0,173.0
DE,2019,323,222.0,173.0
DE,2019,324,222.0,173.0
DE,2019,325,222.0,173.0
DE,2019,326,222.0,173.0
DE,2019,327,222.0,173.0
DE,2019,328,222.0,173.0
DE,2019,329,222.0,173.0
DE,2019,330,222.0,173.0
DE,2019,331,222.0,173.0
DE,2019,332,222.0,173.0
DE,2019,333,222.0,173.0
DE,2019,334,222.0,173.0
DE,2019,335,222.0,173.0
DE,2019,336,222.0,173.0
DE,2019,337,222.0,173.0
DE,2019,338,222.0,173.0
DE,2019,339,222.0,173.0
DE,2019,340,222.0,173.0
DE,2019,341,227.0,176.0
DE,2019,342,247.0,192.0
DE,2019,343,252.0,197.0
DE,2019,344,252.0,197.0
DE,2019,345,254.0,197.0
DE,2019,346,254.0,197.0
DE,2019,347,254.0,197.0
DE,2019,348,255.0,197.0
DE,2019,349,261.0,201.0
DE,2019,350,261.0,201.0
DE,2019,351,261.0,201.0
DE,2019,352,261.0,201.0
DE,2019,353,261.0,201.0
DE,2019,354,261.0,201.0
DE,2019,355,261.0,201.0
DE,2019,356,261.0,201.0
DE,2019,357,266.0,205.0
DE,2019,358,272.0,211.0
DE,2019,359,272.0,211.0
DE,2019,360,272.0,211.0
DE,2019,361,272.0,211.0
DE,2019,362,272.0,211.0
DE,2019,363,272.0,211.0
DE,2019,364,272.0,211.0
DE,2019,365,272.0,211.0
DE,2019,366,,
DE,2020,1,0.0,0.0
DE,2020,2,0.0,0.0
DE,2020,3,2.0,0.0
DE,2020,4,4.0,0.0
DE,2020,5,4.0,0.0
DE,2020,6,4.0,0.0
DE,2020,7,4.0,0.0
DE,2020,8,6.0,0.0
DE,2020,9,6.0,0.0
DE,2020,10,6.0,0.0
DE,2020,11,6.0,0.0
DE,2020,12,6.0,0.0
DE,2020,13,6.0,0.0
DE,2020,14,6.0,0.0
DE,2020,15,7.0,0.0
DE,2020,16,7.0,0.0
DE,2020,17,7.0,0.0
DE,2020,18,7.0,0.0
DE,2020,19,7.0,0.0
DE,2020,20,7.0,0.0
DE,2020,21,7.0,0.0
DE,2020,22,7.0,0.0
DE,2020,23,7.0,0.0
DE,2020,24,7.0,0.0
DE,2020,25,7.0,0.0
DE,2020,26,7.0,0.0
DE,2020,27,7.0,0.0
DE,2020,28,7.0,0.0
DE,2020,29,7.0,0.0
DE,2020,30,8.0,1.0
DE,2020,31,13.0,3.0
DE,2020,32,24.0,10.0
DE,2020,33,31.0,16.0
DE,2020,34,31.0,16.0
DE,2020,35,31.0,16.0
DE,2020,36,31.0,16.0
DE,2020,37,31.0,16.0
DE,2020,38,31.0,16.0
DE,2020,39,31.0,16.0
DE,2020,40,45.0,29.0
DE,2020,41,51.0,34.0
DE,2020,42,54.0,36.0
DE,2020,43,57.0,36.0
DE,2020,44,57.0,36.0
DE,2020,45,57.0,36.0
DE,2020,46,59.0,37.0
DE,2020,47,83.0,60.0
DE,2020,48,88.0,65.0
DE,2020,49,88.0,65.0
DE,2020,50,88.0,65.0
DE,2020,51,88.0,65.0
DE,2020,52,88.0,65.0
DE,2020,53,110.0,79.0
DE,2020,54,119.0,87.0
DE,2020,55,120.0,87.0
DE,2020,56,120.0,87.0
DE,2020,57,120.0,87.0
DE,2020,58,120.0,87.0
DE,2020,59,121.0,87.0
DE,2020,60,122.0,88.0
DE,2020,61,137.0,102.0
DE,2020,62,137.0,102.0
DE,2020,63,137.0,102.0
DE,2020,64,137.0,102.0
DE,2020,65,137.0,102.0
DE,2020,66,137.0,102.0
DE,2020,67,137.0,102.0
DE,2020,68,137.0,102.0
DE,2020,69,137.0,102.0
DE,2020,70,138.0,103.0
DE,2020,71,141.0,103.0
DE,2020,72,150.0,106.0
DE,2020,73,153.0,106.0
DE,2020,74,153.0,106.0
DE,2020,75,163.0,113.0
DE,2020,76,163.0,113.0
DE,2020,77,163.0,113.0
DE,2020,78,163.0,113.0
DE,2020,79,163.0,113.0
DE,2020,80,163.0,113.0
DE,2020,81,164.0,113.0
DE,2020,82,172.0,120.0
DE,2020,83,172.0,120.0
DE,2020,84,172.0,120.0
DE,2020,85,172.0,120.0
DE,2020,86,172.0,120.0
DE,2020,87,172.0,120.0
DE,2020,88,174.0,121.0
DE,2020,89,184.0,128.0
DE,2020,90,184.0,128.0
DE,2020,91,184.0,128.0
DE,2020,92,184.0,128.0
DE,2020,93,184.0,128.0
DE,2020,94,184.0,128.0
DE,2020,95,184.0,128.0
DE,2020,96,189.0,133.0
DE,2020,97,189.0,133.0
DE,2020,98,189.0,133.0
DE,2020,99,189.0,133.0
DE,2020,100,189.0,133.0
DE,2020,101,189.0,133.0
DE,2020,102,189.0,133.0
DE,2020,103,192.0,133.0
DE,2020,104,208.0,147.0
DE,2020,105,208.0,147.0
DE,2020,106,208.0,147.0
DE,2020,107,208.0,147.0
DE,2020,108,208.0,147.0
DE,2020,109,208.0,147.0
DE,2020,110,212.0,150.0
DE,2020,111,219.0,155.0
DE,2020,112,228.0,164.0
DE,2020,113,232.0,168.0
DE,2020,114,232.0,168.0
DE,2020,115,232.0,168.0
DE,2020,116,232.0,168.0
DE,2020,117,232.0,168.0
DE,2020,118,232.0,168.0
DE,2020,119,232.0,168.0
DE,2020,120,232.0,168.0
DE,2020,121,232.0,168.0
DE,2020,122,240.0,175.0
DE,2020,123,240.0,175.0
DE,2020,124,240.0,175.0
DE,2020,125,240.0,175.0
DE,2020,126,240.0,175.0
DE,2020,127,240.0,175.0
DE,2020,128,240.0,175.0
DE,2020,129,240.0,175.0
DE,2020,130,240.0,175.0
DE,2020,131,241.0,175.0
DE,2020,132,244.0,176.0
DE,2020,133,244.0,176.0
DE,2020,134,244.0,176.0
DE,2020,135,244.0,176.0
DE,2020,136,244.0,176.0
DE,2020,137,244.0,176.0
DE,2020,138,250.0,180.0
DE,2020,139,250.0,180.0
DE,2020,140,250.0,180.0
DE,2020,141,250.0,180.0
DE,2020,142,250.0,180.0
DE,2020,143,250.0,180.0
DE,2020,144,256.0,183.0
DE,2020,145,272.0,199.0
DE,2020,146,272.0,199.0
DE,2020,147,272.0,199.0
DE,2020,148,272.0,199.0
DE,2020,149,272.0,199.0
DE,2020,150,272.0,199.0
DE,2020,151,272.0,199.0
DE,2020,152,279.0,204.0
DE,2020,153,283.0,207.0
DE,2020,154,283.0,207.0
DE,2020,155,283.0,207.0
DE,2020,156,283.0,207.0
DE,2020,157,283.0,207.0
DE,2020,158,291.0,211.0
DE,2020,159,291.0,211.0
DE,2020,160,291.0,211.0
DE,2020,161,291.0,211.0
DE,2020,162,291.0,211.0
DE,2020,163,291.0,211.0
DE,2020,164,291.0,211.0
DE,2020,165,291.0,211.0
DE,2020,166,291.0,211.0
DE,2020,167,291.0,211.0
DE,2020,168,291.0,211.0
DE,2020,169,291.0,211.0
DE,2020,170,291.0,211.0
DE,2020,171,291.0,211.0
DE,2020,172,291.0,211.0
DE,2020,173,291.0,211.0
DE,2020,174,291.0,211.0
DE,2020,175,291.0,211.0
DE,2020,176,291.0,211.0
DE,2020,177,291.0,211.0
DE,2020,178,291.0,211.0
DE,2020,179,291.0,211.0
DE,2020,180,293.0,211.0
DE,2020,181,293.0,211.0
DE,2020,182,297.0,212.0
DE,2020,183,297.0,212.0
DE,2020,184,297.0,212.0
DE,2020,185,297.0,212.0
DE,2020,186,302.0,213.0
DE,2020,187,319.0,229.0
DE,2020,188,323.0,232.0
DE,2020,189,323.0,232.0
DE,2020,190,323.0,232.0
DE,2020,191,323.0,232.0
DE,2020,192,323.0,232.0
DE,2020,193,323.0,232.0
DE,2020,194,323.0,232.0
DE,2020,195,323.0,232.0
DE,2020,196,323.0,232.0
DE,2020,197,323.0,232.0
DE,2020,198,323.0,232.0
DE,2020,199,323.0,232.0
DE,2020,200,323.0,232.0
DE,2020,201,323.0,232.0
DE,2020,202,323.0,232.0
DE,2020,203,323.0,232.0
DE,2020,204,323.0,232.0
DE,2020,205,323.0,232.0
DE,2020,206,323.0,232.0
DE,2020,207,323.0,232.0
DE,2020,208,328.0,236.0
DE,2020,209,328.0,236.0
DE,2020,210,329.0,236.0
DE,2020,211,333.0,236.0
DE,2020,212,333.0,236.0
DE,2020,213,333.0,236.0
DE,2020,214,333.0,236.0
DE,2020,215,333.0,236.0
DE,2020,216,333.0,236.0
DE,2020,217,333.0,236.0
DE,2020,218,333.0,236.0
DE,2020,219,333.0,236.0
DE,2020,220,333.0,236.0
DE,2020,221,333.0,236.0
DE,2020,222,333.0,236.0
DE,2020,223,333.0,236.0
DE,2020,224,333.0,236.0
DE,2020,225,333.0,236.0
DE,2020,226,333.0,236.0
DE,2020,227,333.0,236.0
DE,2020,228,333.0,236.0
DE,2020,229,333.0,236.0
DE,2020,230,333.0,236.0
DE,2020,231,333.0,236.0
DE,2020,232,333.0,236.0
DE,2020,233,333.0,236.0
DE,2020,234,333.0,236.0
DE,2020,235,333.0,236.0
DE,2020,236,339.0,239.0
DE,2020,237,339.0,239.0
DE,2020,238,339.0,239.0
DE,2020,239,342.0,240.0
DE,2020,240,342.0,240.0
DE,2020,241,342.0,240.0
DE,2020,242,342.0,240.0
DE,2020,243,342.0,240.0
DE,2020,244,342.0,240.0
DE,2020,245,342.0,240.0
DE,2020,246,342.0,240.0
DE,2020,247,342.0,240.0
DE,2020,248,342.0,240.0
DE,2020,249,342.0,240.0
DE,2020,250,342.0,240.0
DE,2020,251,342.0,240.0
DE,2020,252,342.0,240.0
DE,2020,253,342.0,240.0
DE,2020,254,342.0,240.0
DE,2020,255,342.0,240.0
DE,2020,256,344.0,242.0
DE,2020,257,349.0,246.0
DE,2020,258,349.0,246.0
DE,2020,259,349.0,246.0
DE,2020,260,349.0,246.0
DE,2020,261,349.0,246.0
DE,2020,262,349.0,246.0
DE,2020,263,349.0,246.0
DE,2020,264,349.0,246.0
DE,2020,265,349.0,246.0
DE,2020,266,349.0,246.0
DE,2020,267,349.0,246.0
DE,2020,268,349.0,246.0
DE,2020,269,349.0,246.0
DE,2020,270,350.0,246.0
DE,2020,271,350.0,246.0
DE,2020,272,350.0,246.0
DE,2020,273,350.0,246.0
DE,2020,274,350.0,246.0
DE,2020,275,350.0,246.0
DE,2020,276,353.0,246.0
DE,2020,277,359.0,250.0
DE,2020,278,367.0,257.0
DE,2020,279,367.0,257.0
DE,2020,280,367.0,257.0
DE,2020,281,367.0,257.0
DE,2020,282,367.0,257.0
DE,2020,283,367.0,257.0
DE,2020,284,367.0,257.0
DE,2020,285,367.0,257.0
DE,2020,286,367.0,257.0
DE,2020,287,367.0,257.0
DE,2020,288,367.0,257.0
DE,2020,289,367.0,257.0
DE,2020,290,367.0,257.0
DE,2020,291,367.0,257.0
DE,2020,292,367.0,257.0
DE,2020,293,367.0,257.0
DE,2020,294,367.0,257.0
DE,2020,295,367.0,257.0
DE,2020,296,367.0,257.0
DE,2020,297,367.0,257.0
DE,2020,298,369.0,257.0
DE,2020,299,379.0,264.0
DE,2020,300,379.0,264.0
DE,2020,301,379.0,264.0
DE,2020,302,380.0,264.0
DE,2020,303,380.0,264.0
DE,2020,304,380.0,264.0
DE,2020,305,380.0,264.0
DE,2020,306,381.0,264.0
DE,2020,307,386.0,268.0
DE,2020,308,386.0,268.0
DE,2020,309,386.0,268.0
DE,2020,310,386.0,268.0
DE,2020,311,386.0,268.0
DE,2020,312,386.0,268.0
DE,2020,313,386.0,268.0
DE,2020,314,386.0,268.0
DE,2020,315,386.0,268.0
DE,2020,316,386.0,268.0
DE,2020,317,386.0,268.0
DE,2020,318,386.0,268.0
DE,2020,319,386.0,268.0
DE,2020,320,394.0,270.0
DE,2020,321,399.0,273.0
DE,2020,322,399.0,273.0
DE,2020,323,400.0,273.0
DE,2020,324,404.0,273.0
DE,2020,325,404.0,273.0
DE,2020,326,404.0,273.0
DE,2020,327,404.0,273.0
DE,2020,328,404.0,273.0
DE,2020,329,404.0,273.0
DE,2020,330,404.0,273.0
DE,2020,331,404.0,273.0
DE,2020,332,404.0,273.0
DE,2020,333,404.0,273.0
DE,2020,334,404.0,273.0
DE,2020,335,404.0,273.0
DE,2020,336,404.0,273.0
DE,2020,337,404.0,273.0
DE,2020,338,404.0,273.0
DE,2020,339,404.0,273.0
DE,2020,340,404.0,273.0
DE,2020,341,404.0,273.0
DE,2020,342,404.0,273.0
DE,2020,343,404.0,273.0
DE,2020,344,404.0,273.0
DE,2020,345,404.0,273.0
DE,2020,346,404.0,273.0
DE,2020,347,404.0,273.0
DE,2020,348,404.0,273.0
DE,2020,349,404.0,273.0
DE,2020,350,404.0,273.0
DE,2020,351,404.0,273.0
DE,2020,352,404.0,273.0
DE,2020,353,404.0,273.0
DE,2020,354,404.0,273.0
DE,2020,355,404.0,273.0
DE,2020,356,405.0,273.0
DE,2020,357,410.0,278.0
DE,2020,358,410.0,278.0
DE,2020,359,411.0,279.0
DE,2020,360,411.0,279.0
DE,2020,361,415.0,281.0
DE,2020,362,435.0,298.0
DE,2020,363,435.0,298.0
DE,2020,364,435.0,298.0
DE,2020,365,435.0,298.0
DE,2020,366,435.0,298.0
DE,2021,1,0.0,0.0
DE,2021,2,0.0,0.0
DE,2021,3,0.0,0.0
DE,2021,4,0.0,0.0
DE,2021,5,0.0,0.0
DE,2021,6,0.0,0.0
DE,2021,7,0.0,0.0
DE,2021,8,0.0,0.0
DE,2021,9,0.0,0.0
DE,2021,10,0.0,0.0
DE,2021,11,0.0,0.0
DE,2021,12,0.0,0.0
DE,2021,13,0.0,0.0
DE,2021,14,0.0,0.0
DE,2021,15,0.0,0.0
DE,2021,16,0.0,0.0
DE,2021,17,0.0,0.0
DE,2021,18,0.0,0.0
DE,2021,19,0.0,0.0
DE,2021,20,0.0,0.0
DE,2021,21,2.0,0.0
DE,2021,22,2.0,0.0
DE,2021,23,2.0,0.0
DE,2021,24,2.0,0.0
DE,2021,25,2.0,0.0
DE,2021,26,2.0,0.0
DE,2021,27,2.0,0.0
DE,2021,28,2.0,0.0
DE,2021,29,2.0,0.0
DE,2021,30,2.0,0.0
DE,2021,31,2.0,0.0
DE,2021,32,2.0,0.0
DE,2021,33,2.0,0.0
DE,2021,34,2.0,0.0
DE,2021,35,2.0,0.0
DE,2021,36,2.0,0.0
DE,2021,37,3.0,1.0
DE,2021,38,11.0,9.0
DE,2021,39,12.0,9.0
DE,2021,40,12.0,9.0
DE,2021,41,12.0,9.0
DE,2021,42,12.0,9.0
DE,2021,43,12.0,9.0
DE,2021,44,12.0,9.0
DE,2021,45,12.0,9.0
DE,2021,46,12.0,9.0
DE,2021,47,12.0,9.0
DE,2021,48,12.0,9.0
DE,2021,49,12.0,9.0
DE,2021,50,12.0,9.0
DE,2021,51,12.0,9.0
DE,2021,52,12.0,9.0
DE,2021,53,12.0,9.0
DE,2021,54,12.0,9.0
DE,2021,55,12.0,9.0
DE,2021,56,12.0,9.0
DE,2021,57,12.0,9.0
DE,2021,58,12.0,9.0
DE,2021,59,12.0,9.0
DE,2021,60,12.0,9.0
DE,2021,61,12.0,9.0
DE,2021,62,12.0,9.0
DE,2021,63,12.0,9.0
DE,2021,64,12.0,9.0
DE,2021,65,12.0,9.0
DE,2021,66,12.0,9.0
DE,2021,67,12.0,9.0
DE,2021,68,12.0,9.0
DE,2021,69,12.0,9.0
DE,2021,70,16.0,9.0
DE,2021,71,21.0,11.0
DE,2021,72,30.0,18.0
DE,2021,73,40.0,26.0
DE,2021,74,40.0,26.0
DE,2021,75,40.0,26.0
DE,2021,76,40.0,26.0
DE,2021,77,40.0,26.0
DE,2021,78,40.0,26.0
DE,2021,79,40.0,26.0
DE,2021,80,40.0,26.0
DE,2021,81,40.0,26.0
DE,2021,82,40.0,26.0
DE,2021,83,40.0,26.0
DE,2021,84,40.0,26.0
DE,2021,85,40.0,26.0
DE,2021,86,45.0,31.0
DE,2021,87,50.0,36.0
DE,2021,88,50.0,36.0
DE,2021,89,50.0,36.0
DE,2021,90,50.0,36.0
DE,2021,91,50.0,36.0
DE,2021,92,54.0,39.0
DE,2021,93,54.0,39.0
DE,2021,94,57.0,40.0
DE,2021,95,74.0,56.0
DE,2021,96,74.0,56.0
DE,2021,97,74.0,56.0
DE,2021,98,74.0,56.0
DE,2021,99,74.0,56.0
DE,2021,100,74.0,56.0
DE,2021,101,74.0,56.0
DE,2021,102,74.0,56.0
DE,2021,103,74.0,56.0
DE,2021,104,74.0,56.0
DE,2021,105,74.0,56.0
DE,2021,106,74.0,56.0
DE,2021,107,74.0,56.0
DE,2021,108,74.0,56.0
DE,2021,109,74.0,56.0
DE,2021,110,74.0,56.0
DE,2021,111,74.0,56.0
DE,2021,112,76.0,56.0
DE,2021,113,76.0,56.0
DE,2021,114,76.0,56.0
DE,2021,115,79.0,58.0
DE,2021,116,79.0,58.0
DE,2021,117,79.0,58.0
DE,2021,118,79.0,58.0
DE,2021,119,79.0,58.0
DE,2021,120,79.0,58.0
DE,2021,121,79.0,58.0
DE,2021,122,80.0,58.0
DE,2021,123,80.0,58.0
DE,2021,124,83.0,58.0
DE,2021,125,88.0,63.0
DE,2021,126,88.0,63.0
DE,2021,127,88.0,63.0
DE,2021,128,88.0,63.0
DE,2021,129,102.0,71.0
DE,2021,130,102.0,71.0
DE,2021,131,102.0,71.0
DE,2021,132,102.0,71.0
DE,2021,133,102.0,71.0
DE,2021,134,102.0,71.0
DE,2021,135,102.0,71.0
DE,2021,136,102.0,71.0
DE,2021,137,102.0,71.0
DE,2021,138,102.0,71.0
DE,2021,139,102.0,71.0
DE,2021,140,102.0,71.0
DE,2021,141,105.0,73.0
DE,2021,142,121.0,87.0
DE,2021,143,126.0,91.0
DE,2021,144,129.0,92.0
DE,2021,145,129.0,92.0
DE,2021,146,129.0,92.0
DE,2021,147,129.0,92.0
DE,2021,148,129.0,92.0
DE,2021,149,129.0,92.0
DE,2021,150,133.0,96.0
DE,2021,151,133.0,96.0
DE,2021,152,133.0,96.0
DE,2021,153,133.0,96.0
DE,2021,154,133.0,96.0
DE,2021,155,133.0,96.0
DE,2021,156,133.0,96.0
DE,2021,157,133.0,96.0
DE,2021,158,133.0,96.0
DE,2021,159,133.0,96.0
DE,2021,160,133.0,96.0
DE,2021,161,133.0,96.0
DE,2021,162,133.0,96.0
DE,2021,163,138.0,100.0
DE,2021,164,145.0,105.0
DE,2021,165,145.0,105.0
DE,2021,166,145.0,105.0
DE,2021,167,145.0,105.0
DE,2021,168,145.0,105.0
DE,2021,169,145.0,105.0
DE,2021,170,145.0,105.0
DE,2021,171,145.0,105.0
DE,2021,172,145.0,105.0
DE,2021,173,145.0,105.0
DE,2021,174,145.0,105.0
DE,2021,175,145.0,105.0
DE,2021,176,145.0,105.0
DE,2021,177,145.0,105.0
DE,2021,178,145.0,105.0
DE,2021,179,145.0,105.0
DE,2021,180,145.0,105.0
DE,2021,181,145.0,105.0
DE,2021,182,145.0,105.0
DE,2021,183,145.0,105.0
DE,2021,184,145.0,105.0
DE,2021,185,145.0,105.0
DE,2021,186,145.0,105.0
DE,2021,187,145.0,105.0
DE,2021,188,145.0,105.0
DE,2021,189,145.0,105.0
DE,2021,190,145.0,105.0
DE,2021,191,145.0,105.0
DE,2021,192,145.0,105.0
DE,2021,193,145.0,105.0
DE,2021,194,145.0,105.0
DE,2021,195,145.0,105.0
DE,2021,196,145.0,105.0
DE,2021,197,145.0,105.0
DE,2021,198,145.0,105.0
DE,2021,199,149.0,107.0
DE,2021,200,149.0,107.0
DE,2021,201,149.0,107.0
DE,2021,202,149.0,107.0
DE,2021,203,149.0,107.0
DE,2021,204,149.0,107.0
DE,2021,205,149.0,107.0
DE,2021,206,149.0,107.0
DE,2021,207,149.0,107.0
DE,2021,208,149.0,107.0
DE,2021,209,149.0,107.0
DE,2021,210,155.0,110.0
DE,2021,211,155.0,110.0
DE,2021,212,162.0,116.0
DE,2021,213,162.0,116.0
DE,2021,214,162.0,116.0
DE,2021,215,162.0,116.0
DE,2021,216,162.0,116.0
DE,2021,217,162.0,116.0
DE,2021,218,162.0,116.0
DE,2021,219,162.0,116.0
DE,2021,220,178.0,127.0
DE,2021,221,178.0,127.0
DE,2021,222,178.0,127.0
DE,2021,223,178.0,127.0
DE,2021,224,178.0,127.0
DE,2021,225,178.0,127.0
DE,2021,226,179.0,127.0
DE,2021,227,179.0,127.0
DE,2021,228,179.0,127.0
DE,2021,229,179.0,127.0
DE,2021,230,179.0,127.0
DE,2021,231,179.0,127.0
DE,2021,232,179.0,127.0
DE,2021,233,179.0,127.0
DE,2021,234,179.0,127.0
DE,2021,235,179.0,127.0
DE,2021,236,179.0,127.0
DE,2021,237,179.0,127.0
DE,2021,238,179.0,127.0
DE,2021,239,179.0,127.0
DE,2021,240,179.0,127.0
DE,2021,241,179.0,127.0
DE,2021,242,179.0,127.0
DE,2021,243,179.0,127.0
DE,2021,244,179.0,127.0
DE,2021,245,179.0,127.0
DE,2021,246,179.0,127.0
DE,2021,247,179.0,127.0
DE,2021,248,179.0,127.0
DE,2021,249,179.0,127.0
DE,2021,250,179.0,127.0
DE,2021,251,179.0,127.0
DE,2021,252,179.0,127.0
DE,2021,253,179.0,127.0
DE,2021,254,179.0,127.0
DE,2021,255,179.0,127.0
DE,2021,256,179.0,127.0
DE,2021,257,179.0,127.0
DE,2021,258,179.0,127.0
DE,2021,259,179.0,127.0
DE,2021,260,179.0,127.0
DE,2021,261,179.0,127.0
DE,2021,262,179.0,127.0
DE,2021,263,179.0,127.0
DE,2021,264,179.0,127.0
DE,2021,265,179.0,127.0
DE,2021,266,181.0,127.0
DE,2021,267,181.0,127.0
DE,2021,268,181.0,127.0
DE,2021,269,181.0,127.0
DE,2021,270,181.0,127.0
DE,2021,271,181.0,127.0
DE,2021,272,181.0,127.0
DE,2021,273,181.0,127.0
DE,2021,274,181.0,127.0
DE,2021,275,183.0,128.0
DE,2021,276,190.0,134.0
DE,2021,277,190.0,134.0
DE,2021,278,190.0,134.0
DE,2021,279,190.0,134.0
DE,2021,280,190.0,134.0
DE,2021,281,190.0,134.0
DE,2021,282,190.0,134.0
DE,2021,283,190.0,134.0
DE,2021,284,190.0,134.0
DE,2021,285,190.0,134.0
DE,2021,286,190.0,134.0
DE,2021,287,190.0,134.0
DE,2021,288,190.0,134.0
DE,2021,289,190.0,134.0
DE,2021,290,190.0,134.0
DE,2021,291,190.0,134.0
DE,2021,292,190.0,134.0
DE,2021,293,192.0,134.0
DE,2021,294,192.0,134.0
DE,2021,295,192.0,134.0
DE,2021,296,192.0,134.0
DE,2021,297,192.0,134.0
DE,2021,298,192.0,134.0
DE,2021,299,192.0,134.0
DE,2021,300,192.0,134.0
DE,2021,301,192.0,134.0
DE,2021,302,192.0,134.0
DE,2021,303,192.0,134.0
DE,2021,304,192.0,134.0
DE,2021,305,192.0,134.0
DE,2021,306,192.0,134.0
DE,2021,307,192.0,134.0
DE,2021,308,192.0,134.0
DE,2021,309,192.0,134.0
DE,2021,310,192.0,134.0
DE,2021,311,192.0,134.0
DE,2021,312,192.0,134.0
DE,2021,313,192.0,134.0
DE,2021,314,192.0,134.0
DE,2021,315,192.0,134.0
DE,2021,316,192.0,134.0
DE,2021,317,192.0,134.0
DE,2021,318,192.0,134.0
DE,2021,319,192.0,134.0
DE,2021,320,192.0,134.0
DE,2021,321,192.0,134.0
DE,2021,322,192.0,134.0
DE,2021,323,192.0,134.0
DE,2021,324,192.0,134.0
DE,2021,325,192.0,134.0
DE,2021,326,192.0,134.0
DE,2021,327,192.0,134.0
DE,2021,328,192.0,134.0
DE,2021,329,192.0,134.0
DE,2021,330,192.0,134.0
DE,2021,331,192.0,134.0
DE,2021,332,192.0,134.0
DE,2021,333,192.0,134.0
DE,2021,334,192.0,134.0
DE,2021,335,192.0,134.0
DE,2021,336,192.0,134.0
DE,2021,337,192.0,134.0
DE,2021,338,192.0,134.0
DE,2021,339,192.0,134.0
DE,2021,340,192.0,134.0
DE,2021,341,192.0,134.0
DE,2021,342,192.0,134.0
DE,2021,343,192.0,134.0
DE,2021,344,192.0,134.0
DE,2021,345,192.0,134.0
DE,2021,346,192.0,134.0
DE,2021,347,192.0,134.0
DE,2021,348,192.0,134.0
DE,2021,349,192.0,134.0
DE,2021,350,192.0,134.0
DE,2021,351,192.0,134.0
DE,2021,352,192.0,134.0
DE,2021,353,192.0,134.0
DE,2021,354,192.0,134.0
DE,2021,355,192.0,134.0
DE,2021,356,192.0,134.0
DE,2021,357,192.0,134.0
DE,2021,358,192.0,134.0
DE,2021,359,192.0,134.0
DE,2021,360,192.0,134.0
DE,2021,361,192.0,134.0
DE,2021,362,192.0,134.0
DE,2021,363,192.0,134.0
DE,2021,364,192.0,134.0
DE,2021,365,204.0,139.0
DE,2021,366,,
DE,2022,1,0.0,0.0
DE,2022,2,1.0,0.0
DE,2022,3,6.0,4.0
DE,2022,4,6.0,4.0
DE,2022,5,6.0,4.0
DE,2022,6,6.0,4.0
DE,2022,7,6.0,4.0
DE,2022,8,6.0,4.0
DE,2022,9,6.0,4.0
DE,2022,10,6.0,4.0
DE,2022,11,6.0,4.0
DE,2022,12,6.0,4.0
DE,2022,13,6.0,4.0
DE,2022,14,6.0,4.0
DE,2022,15,6.0,4.0
DE,2022,16,6.0,4.0
DE,2022,17,6.0,4.0
DE,2022,18,6.0,4.0
DE,2022,19,6.0,4.0
DE,2022,20,6.0,4.0
DE,2022,21,6.0,4.0
DE,2022,22,6.0,4.0
DE,2022,23,6.0,4.0
DE,2022,24,6.0,4.0
DE,2022,25,6.0,4.0
DE,2022,26,6.0,4.0
DE,2022,27,6.0,4.0
DE,2022,28,6.0,4.0
DE,2022,29,6.0,4.0
DE,2022,30,6.0,4.0
DE,2022,31,6.0,4.0
DE,2022,32,6.0,4.0
DE,2022,33,6.0,4.0
DE,2022,34,6.0,4.0
DE,2022,35,6.0,4.0
DE,2022,36,6.0,4.0
DE,2022,37,8.0,4.0
DE,2022,38,8.0,4.0
DE,2022,39,8.0,4.0
DE,2022,40,8.0,4.0
DE,2022,41,8.0,4.0
DE,2022,42,8.0,4.0
DE,2022,43,8.0,4.0
DE,2022,44,8.0,4.0
DE,2022,45,8.0,4.0
DE,2022,46,8.0,4.0
DE,2022,47,8.0,4.0
DE,2022,48,8.0,4.0
DE,2022,49,8.0,4.0
DE,2022,50,15.0,8.0
DE,2022,51,15.0,8.0
DE,2022,52,15.0,8.0
DE,2022,53,15.0,8.0
DE,2022,54,15.0,8.0
DE,2022,55,15.0,8.0
DE,2022,56,15.0,8.0
DE,2022,57,15.0,8.0
DE,2022,58,15.0,8.0
DE,2022,59,15.0,8.0
DE,2022,60,15.0,8.0
DE,2022,61,15.0,8.0
DE,2022,62,15.0,8.0
DE,2022,63,15.0,8.0
DE,2022,64,15.0,8.0
DE,2022,65,15.0,8.0
DE,2022,66,15.0,8.0
DE,2022,67,15.0,8.0
DE,2022,68,15.0,8.0
DE,2022,69,15.0,8.0
DE,2022,70,17.0,8.0
DE,2022,71,17.0,8.0
DE,2022,72,17.0,8.0
DE,2022,73,17.0,8.0
DE,2022,74,17.0,8.0
DE,2022,75,17.0,8.0
DE,2022,76,17.0,8.0
DE,2022,77,17.0,8.0
DE,2022,78,17.0,8.0
DE,2022,79,25.0,14.0
DE,2022,80,25.0,14.0
DE,2022,81,25.0,14.0
DE,2022,82,25.0,14.0
DE,2022,83,25.0,14.0
DE,2022,84,25.0,14.0
DE,2022,85,25.0,14.0
DE,2022,86,25.0,14.0
DE,2022,87,25.0,14.0
DE,2022,88,25.0,14.0
DE,2022,89,25.0,14.0
DE,2022,90,25.0,14.0
DE,2022,91,25.0,14.0
DE,2022,92,25.0,14.0
DE,2022,93,25.0,14.0
DE,2022,94,25.0,14.0
DE,2022,95,25.0,14.0
DE,2022,96,25.0,14.0
DE,2022,97,25.0,14.0
DE,2022,98,25.0,14.0
DE,2022,99,30.0,19.0
DE,2022,100,33.0,19.0
DE,2022,101,33.0,19.0
DE,2022,102,33.0,19.0
DE,2022,103,33.0,19.0
DE,2022,104,33.0,19.0
DE,2022,105,33.0,19.0
DE,2022,106,33.0,19.0
DE,2022,107,36.0,19.0
DE,2022,108,36.0,19.0
DE,2022,109,36.0,19.0
DE,2022,110,36.0,19.0
DE,2022,111,36.0,19.0
DE,2022,112,36.0,19.0
DE,2022,113,38.0,19.0
DE,2022,114,38.0,19.0
DE,2022,115,38.0,19.0
DE,2022,116,38.0,19.0
DE,2022,117,38.0,19.0
DE,2022,118,38.0,19.0
DE,2022,119,38.0,19.0
DE,2022,120,38.0,19.0
DE,2022,121,38.0,19.0
DE,2022,122,38.0,19.0
DE,2022,123,38.0,19.0
DE,2022,124,38.0,19.0
DE,2022,125,38.0,19.0
DE,2022,126,38.0,19.0
DE,2022,127,38.0,19.0
DE,2022,128,38.0,19.0
DE,2022,129,38.0,19.0
DE,2022,130,38.0,19.0
DE,2022,131,38.0,19.0
DE,2022,132,38.0,19.0
DE,2022,133,38.0,19.0
DE,2022,134,38.0,19.0
DE,2022,135,38.0,19.0
DE,2022,136,38.0,19.0
DE,2022,137,38.0,19.0
DE,2022,138,38.0,19.0
DE,2022,139,38.0,19.0
DE,2022,140,38.0,19.0
DE,2022,141,42.0,21.0
DE,2022,142,42.0,21.0
DE,2022,143,42.0,21.0
DE,2022,144,42.0,21.0
DE,2022,145,42.0,21.0
DE,2022,146,48.0,24.0
DE,2022,147,55.0,28.0
DE,2022,148,64.0,35.0
DE,2022,149,64.0,35.0
DE,2022,150,64.0,35.0
DE,2022,151,64.0,35.0
DE,2022,152,64.0,35.0
DE,2022,153,64.0,35.0
DE,2022,154,64.0,35.0
DE,2022,155,64.0,35.0
DE,2022,156,64.0,35.0
DE,2022,157,69.0,38.0
DE,2022,158,69.0,38.0
DE,2022,159,69.0,38.0
DE,2022,160,69.0,38.0
DE,2022,161,69.0,38.0
DE,2022,162,69.0,38.0
DE,2022,163,70.0,38.0
DE,2022,164,70.0,38.0
DE,2022,165,70.0,38.0
DE,2022,166,70.0,38.0
DE,2022,167,70.0,38.0
DE,2022,168,70.0,38.0
DE,2022,169,70.0,38.0
DE,2022,170,70.0,38.0
DE,2022,171,70.0,38.0
DE,2022,172,70.0,38.0
DE,2022,173,70.0,38.0
DE,2022,174,70.0,38.0
DE,2022,175,70.0,38.0
DE,2022,176,70.0,38.0
DE,2022,177,70.0,38.0
DE,2022,178,70.0,38.0
DE,2022,179,70.0,38.0
DE,2022,180,70.0,38.0
DE,2022,181,70.0,38.0
DE,2022,182,70.0,38.0
DE,2022,183,70.0,38.0
DE,2022,184,70.0,38.0
DE,2022,185,70.0,38.0
DE,2022,186,70.0,38.0
DE,2022,187,70.0,38.0
DE,2022,188,70.0,38.0
DE,2022,189,70.0,38.0
DE,2022,190,70.0,38.0
DE,2022,191,70.0,38.0
DE,2022,192,70.0,38.0
DE,2022,193,70.0,38.0
DE,2022,194,70.0,38.0
DE,2022,195,70.0,38.0
DE,2022,196,70.0,38.0
DE,2022,197,74.0,40.0
DE,2022,198,74.0,40.0
DE,2022,199,74.0,40.0
DE,2022,200,74.0,40.0
DE,2022,201,74.0,40.0
DE,2022,202,74.0,40.0
DE,2022,203,74.0,40.0
DE,2022,204,74.0,40.0
DE,2022,205,74.0,40.0
DE,2022,206,74.0,40.0
DE,2022,207,74.0,40.0
DE,2022,208,74.0,40.0
DE,2022,209,74.0,40.0
DE,2022,210,74.0,40.0
DE,2022,211,74.0,40.0
DE,2022,212,74.0,40.0
DE,2022,213,74.0,40.0
DE,2022,214,74.0,40.0
DE,2022,215,74.0,40.0
DE,2022,216,74.0,40.0
DE,2022,217,74.0,40.0
DE,2022,218,74.0,40.0
DE,2022,219,74.0,40.0
DE,2022,220,74.0,40.0
DE,2022,221,74.0,40.0
DE,2022,222,74.0,40.0
DE,2022,223,74.0,40.0
DE,2022,224,74.0,40.0
DE,2022,225,74.0,40.0
DE,2022,226,74.0,40.0
DE,2022,227,74.0,40.0
DE,2022,228,74.0,40.0
DE,2022,229,74.0,40.0
DE,2022,230,74.0,40.0
DE,2022,231,74.0,40.0
DE,2022,232,74.0,40.0
DE,2022,233,74.0,40.0
DE,2022,234,74.0,40.0
DE,2022,235,74.0,40.0
DE,2022,236,74.0,40.0
DE,2022,237,74.0,40.0
DE,2022,238,74.0,40.0
DE,2022,239,74.0,40.0
DE,2022,240,74.0,40.0
DE,2022,241,74.0,40.0
DE,2022,242,74.0,40.0
DE,2022,243,74.0,40.0
DE,2022,244,74.0,40.0
DE,2022,245,74.0,40.0
DE,2022,246,74.0,40.0
DE,2022,247,74.0,40.0
DE,2022,248,74.0,40.0
DE,2022,249,74.0,40.0
DE,2022,250,74.0,40.0
DE,2022,251,74.0,40.0
DE,2022,252,74.0,40.0
DE,2022,253,74.0,40.0
DE,2022,254,74.0,40.0
DE,2022,255,74.0,40.0
DE,2022,256,74.0,40.0
DE,2022,257,74.0,40.0
DE,2022,258,74.0,40.0
DE,2022,259,74.0,40.0
DE,2022,260,74.0,40.0
DE,2022,261,74.0,40.0
DE,2022,262,74.0,40.0
DE,2022,263,74.0,40.0
DE,2022,264,74.0,40.0
DE,2022,265,74.0,40.0
DE,2022,266,74.0,40.0
DE,2022,267,74.0,40.0
DE,2022,268,74.0,40.0
DE,2022,269,74.0,40.0
DE,2022,270,74.0,40.0
DE,2022,271,74.0,40.0
DE,2022,272,74.0,40.0
DE,2022,273,74.0,40.0
DE,2022,274,74.0,40.0
DE,2022,275,74.0,40.0
DE,2022,276,74.0,40.0
DE,2022,277,74.0,40.0
DE,2022,278,77.0,40.0
DE,2022,279,80.0,40.0
DE,2022,280,80.0,40.0
DE,2022,281,80.0,40.0
DE,2022,282,80.0,40.0
DE,2022,283,80.0,40.0
DE,2022,284,80.0,40.0
DE,2022,285,80.0,40.0
DE,2022,286,80.0,40.0
DE,2022,287,80.0,40.0
DE,2022,288,80.0,40.0
DE,2022,289,80.0,40.0
DE,2022,290,80.0,40.0
DE,2022,291,80.0,40.0
DE,2022,292,80.0,40.0
DE,2022,293,80.0,40.0
DE,2022,294,80.0,40.0
DE,2022,295,80.0,40.0
DE,2022,296,80.0,40.0
DE,2022,297,80.0,40.0
DE,2022,298,80.0,40.0
DE,2022,299,80.0,40.0
DE,2022,300,80.0,40.0
DE,2022,301,80.0,40.0
DE,2022,302,80.0,40.0
DE,2022,303,80.0,40.0
DE,2022,304,80.0,40.0
DE,2022,305,80.0,40.0
DE,2022,306,80.0,40.0
DE,2022,307,80.0,40.0
DE,2022,308,80.0,40.0
DE,2022,309,80.0,40.0
DE,2022,310,81.0,40.0
DE,2022,311,84.0,40.0
DE,2022,312,84.0,40.0
DE,2022,313,84.0,40.0
DE,2022,314,84.0,40.0
DE,2022,315,84.0,40.0
DE,2022,316,84.0,40.0
DE,2022,317,84.0,40.0
DE,2022,318,84.0,40.0
DE,2022,319,84.0,40.0
DE,2022,320,84.0,40.0
DE,2022,321,84.0,40.0
DE,2022,322,84.0,40.0
DE,2022,323,84.0,40.0
DE,2022,324,84.0,40.0
DE,2022,325,84.0,40.0
DE,2022,326,84.0,40.0
DE,2022,327,84.0,40.0
DE,2022,328,84.0,40.0
DE,2022,329,84.0,40.0
DE,2022,330,84.0,40.0
DE,2022,331,84.0,40.0
DE,2022,332,84.0,40.0
DE,2022,333,84.0,40.0
DE,2022,334,84.0,40.0
DE,2022,335,84.0,40.0
DE,2022,336,84.0,40.0
DE,2022,337,84.0,40.0
DE,2022,338,84.0,40.0
DE,2022,339,84.0,40.0
DE,2022,340,84.0,40.0
DE,2022,341,84.0,40.0
DE,2022,342,84.0,40.0
DE,2022,343,84.0,40.0
DE,2022,344,84.0,40.0
DE,2022,345,84.0,40.0
DE,2022,346,84.0,40.0
DE,2022,347,84.0,40.0
DE,2022,348,84.0,40.0
DE,2022,349,84.0,40.0
DE,2022,350,84.0,40.0
DE,2022,351,84.0,40.0
DE,2022,352,84.0,40.0
DE,2022,353,84.0,40.0
DE,2022,354,84.0,40.0
DE,2022,355,84.0,40.0
DE,2022,356,84.0,40.0
DE,2022,357,84.0,40.0
DE,2022,358,84.0,40.0
DE,2022,359,84.0,40.0
DE,2022,360,84.0,40.0
DE,2022,361,84.0,40.0
DE,2022,362,88.0,41.0
DE,2022,363,95.0,47.0
DE,2022,364,101.0,48.0
DE,2022,365,125.0,70.0
DE,2022,366,,
DE,2023,1,14.0,13.0
DE,2023,2,14.0,13.0
DE,2023,3,14.0,13.0
DE,2023,4,16.0,13.0
DE,2023,5,19.0,13.0
DE,2023,6,19.0,13.0
DE,2023,7,19.0,13.0
DE,2023,8,19.0,13.0
DE,2023,9,19.0,13.0
DE,2023,10,19.0,13.0
DE,2023,11,23.0,13.0
DE,2023,12,24.0,13.0
DE,2023,13,24.0,13.0
DE,2023,14,24.0,13.0
DE,2023,15,28.0,13.0
DE,2023,16,28.0,13.0
DE,2023,17,28.0,13.0
DE,2023,18,28.0,13.0
DE,2023,19,28.0,13.0
DE,2023,20,28.0,13.0
DE,2023,21,28.0,13.0
DE,2023,22,28.0,13.0
DE,2023,23,28.0,13.0
DE,2023,24,28.0,13.0
DE,2023,25,28.0,13.0
DE,2023,26,28.0,13.0
DE,2023,27,28.0,13.0
DE,2023,28,28.0,13.0
DE,2023,29,28.0,13.0
DE,2023,30,28.0,13.0
DE,2023,31,28.0,13.0
DE,2023,32,28.0,13.0
DE,2023,33,28.0,13.0
DE,2023,34,28.0,13.0
DE,2023,35,28.0,13.0
DE,2023,36,28.0,13.0
DE,2023,37,28.0,13.0
DE,2023,38,28.0,13.0
DE,2023,39,28.0,13.0
DE,2023,40,28.0,13.0
DE,2023,41,28.0,13.0
DE,2023,42,28.0,13.0
DE,2023,43,28.0,13.0
DE,2023,44,28.0,13.0
DE,2023,45,28.0,13.0
DE,2023,46,28.0,13.0
DE,2023,47,28.0,13.0
DE,2023,48,28.0,13.0
DE,2023,49,28.0,13.0
DE,2023,50,28.0,13.0
DE,2023,51,28.0,13.0
DE,2023,52,28.0,13.0
DE,2023,53,28.0,13.0
DE,2023,54,28.0,13.0
DE,2023,55,28.0,13.0
DE,2023,56,28.0,13.0
DE,2023,57,28.0,13.0
DE,2023,58,28.0,13.0
DE,2023,59,28.0,13.0
DE,2023,60,28.0,13.0
DE,2023,61,28.0,13.0
DE,2023,62,28.0,13.0
DE,2023,63,28.0,13.0
DE,2023,64,28.0,13.0
DE,2023,65,28.0,13.0
DE,2023,66,28.0,13.0
DE,2023,67,28.0,13.0
DE,2023,68,28.0,13.0
DE,2023,69,28.0,13.0
DE,2023,70,28.0,13.0
DE,2023,71,28.0,13.0
DE,2023,72,31.0,15.0
DE,2023,73,31.0,15.0
DE,2023,74,31.0,15.0
DE,2023,75,31.0,15.0
DE,2023,76,31.0,15.0
DE,2023,77,31.0,15.0
DE,2023,78,31.0,15.0
DE,2023,79,31.0,15.0
DE,2023,80,31.0,15.0
DE,2023,81,31.0,15.0
DE,2023,82,31.0,15.0
DE,2023,83,31.0,15.0
DE,2023,84,44.0,22.0
DE,2023,85,44.0,22.0
DE,2023,86,44.0,22.0
DE,2023,87,44.0,22.0
DE,2023,88,44.0,22.0
DE,2023,89,44.0,22.0
DE,2023,90,44.0,22.0
DE,2023,91,44.0,22.0
DE,2023,92,44.0,22.0
DE,2023,93,44.0,22.0
DE,2023,94,44.0,22.0
DE,2023,95,44.0,22.0
DE,2023,96,44.0,22.0
DE,2023,97,44.0,22.0
DE,2023,98,44.0,22.0
DE,2023,99,44.0,22.0
DE,2023,100,52.0,27.0
DE,2023,101,57.0,30.0
DE,2023,102,57.0,30.0
DE,2023,103,57.0,30.0
DE,2023,104,57.0,30.0
DE,2023,105,57.0,30.0
DE,2023,106,57.0,30.0
DE,2023,107,57.0,30.0
DE,2023,108,57.0,30.0
DE,2023,109,58.0,30.0
DE,2023,110,58.0,30.0
DE,2023,111,60.0,30.0
DE,2023,112,60.0,30.0
DE,2023,113,60.0,30.0
DE,2023,114,60.0,30.0
DE,2023,115,60.0,30.0
DE,2023,116,60.0,30.0
DE,2023,117,60.0,30.0
DE,2023,118,60.0,30.0
DE,2023,119,60.0,30.0
DE,2023,120,63.0,33.0
DE,2023,121,63.0,33.0
DE,2023,122,63.0,33.0
DE,2023,123,63.0,33.0
DE,2023,124,63.0,33.0
DE,2023,125,63.0,33.0
DE,2023,126,63.0,33.0
DE,2023,127,66.0,36.0
DE,2023,128,66.0,36.0
DE,2023,129,66.0,36.0
DE,2023,130,66.0,36.0
DE,2023,131,66.0,36.0
DE,2023,132,66.0,36.0
DE,2023,133,66.0,36.0
DE,2023,134,67.0,36.0
DE,2023,135,67.0,36.0
DE,2023,136,67.0,36.0
DE,2023,137,67.0,36.0
DE,2023,138,67.0,36.0
DE,2023,139,67.0,36.0
DE,2023,140,72.0,39.0
DE,2023,141,79.0,45.0
DE,2023,142,79.0,45.0
DE,2023,143,79.0,45.0
DE,2023,144,79.0,45.0
DE,2023,145,79.0,45.0
DE,2023,146,82.0,45.0
DE,2023,147,86.0,47.0
DE,2023,148,95.0,55.0
DE,2023,149,104.0,63.0
DE,2023,150,104.0,63.0
DE,2023,151,107.0,66.0
DE,2023,152,107.0,66.0
DE,2023,153,107.0,66.0
DE,2023,154,111.0,70.0
DE,2023,155,117.0,74.0
DE,2023,156,117.0,74.0
DE,2023,157,117.0,74.0
DE,2023,158,117.0,74.0
DE,2023,159,117.0,74.0
DE,2023,160,117.0,74.0
DE,2023,161,121.0,77.0
DE,2023,162,128.0,83.0
DE,2023,163,128.0,83.0
DE,2023,164,128.0,83.0
DE,2023,165,128.0,83.0
DE,2023,166,128.0,83.0
DE,2023,167,128.0,83.0
DE,2023,168,128.0,83.0
DE,2023,169,128.0,83.0
DE,2023,170,128.0,83.0
DE,2023,171,128.0,83.0
DE,2023,172,128.0,83.0
DE,2023,173,128.0,83.0
DE,2023,174,128.0,83.0
DE,2023,175,129.0,83.0
DE,2023,176,134.0,86.0
DE,2023,177,134.0,86.0
DE,2023,178,134.0,86.0
DE,2023,179,134.0,86.0
DE,2023,180,134.0,86.0
DE,2023,181,134.0,86.0
DE,2023,182,136.0,86.0
DE,2023,183,153.0,101.0
DE,2023,184,159.0,107.0
DE,2023,185,161.0,107.0
DE,2023,186,166.0,111.0
DE,2023,187,166.0,111.0
DE,2023,188,166.0,111.0
DE,2023,189,166.0,111.0
DE,2023,190,166.0,111.0
DE,2023,191,166.0,111.0
DE,2023,192,166.0,111.0
DE,2023,193,166.0,111.0
DE,2023,194,166.0,111.0
DE,2023,195,166.0,111.0
DE,2023,196,172.0,115.0
DE,2023,197,187.0,128.0
DE,2023,198,190.0,128.0
DE,2023,199,190.0,128.0
DE,2023,200,190.0,128.0
DE,2023,201,190.0,128.0
DE,2023,202,190.0,128.0
DE,2023,203,190.0,128.0
DE,2023,204,199.0,134.0
DE,2023,205,199.0,134.0
DE,2023,206,199.0,134.0
DE,2023,207,199.0,134.0
DE,2023,208,199.0,134.0
DE,2023,209,199.0,134.0
DE,2023,210,199.0,134.0
DE,2023,211,207.0,142.0
DE,2023,212,207.0,142.0
DE,2023,213,207.0,142.0
DE,2023,214,207.0,142.0
DE,2023,215,207.0,142.0
DE,2023,216,207.0,142.0
DE,2023,217,207.0,142.0
DE,2023,218,207.0,142.0
DE,2023,219,218.0,151.0
DE,2023,220,233.0,165.0
DE,2023,221,233.0,165.0
DE,2023,222,233.0,165.0
DE,2023,223,233.0,165.0
DE,2023,224,233.0,165.0
DE,2023,225,233.0,165.0
DE,2023,226,233.0,165.0
DE,2023,227,233.0,165.0
DE,2023,228,233.0,165.0
DE,2023,229,233.0,165.0
DE,2023,230,233.0,165.0
DE,2023,231,233.0,165.0
DE,2023,232,233.0,165.0
DE,2023,233,233.0,165.0
DE,2023,234,233.0,165.0
DE,2023,235,233.0,165.0
DE,2023,236,233.0,165.0
DE,2023,237,233.0,165.0
DE,2023,238,233.0,165.0
DE,2023,239,233.0,165.0
DE,2023,240,233.0,165.0
DE,2023,241,233.0,165.0
DE,2023,242,233.0,165.0
DE,2023,243,233.0,165.0
DE,2023,244,233.0,165.0
DE,2023,245,233.0,165.0
DE,2023,246,233.0,165.0
DE,2023,247,233.0,165.0
DE,2023,248,233.0,165.0
DE,2023,249,233.0,165.0
DE,2023,250,233.0,165.0
DE,2023,251,233.0,165.0
DE,2023,252,233.0,165.0
DE,2023,253,235.0,165.0
DE,2023,254,235.0,165.0
DE,2023,255,235.0,165.0
DE,2023,256,235.0,165.0
DE,2023,257,235.0,165.0
DE,2023,258,235.0,165.0
DE,2023,259,235.0,165.0
DE,2023,260,235.0,165.0
DE,2023,261,236.0,166.0
DE,2023,262,248.0,177.0
DE,2023,263,255.0,183.0
DE,2023,264,255.0,183.0
DE,2023,265,255.0,183.0
DE,2023,266,255.0,183.0
DE,2023,267,260.0,187.0
DE,2023,268,262.0,187.0
DE,2023,269,262.0,187.0
DE,2023,270,262.0,187.0
DE,2023,271,262.0,187.0
DE,2023,272,262.0,187.0
DE,2023,273,262.0,187.0
DE,2023,274,265.0,190.0
DE,2023,275,265.0,190.0
DE,2023,276,272.0,197.0
DE,2023,277,272.0,197.0
DE,2023,278,272.0,197.0
DE,2023,279,275.0,197.0
DE,2023,280,278.0,197.0
DE,2023,281,278.0,197.0
DE,2023,282,278.0,197.0
DE,2023,283,278.0,197.0
DE,2023,284,282.0,199.0
DE,2023,285,282.0,199.0
DE,2023,286,286.0,202.0
DE,2023,287,298.0,213.0
DE,2023,288,303.0,217.0
DE,2023,289,303.0,217.0
DE,2023,290,303.0,217.0
DE,2023,291,303.0,217.0
DE,2023,292,303.0,217.0
DE,2023,293,303.0,217.0
DE,2023,294,303.0,217.0
DE,2023,295,303.0,217.0
DE,2023,296,303.0,217.0
DE,2023,297,303.0,217.0
DE,2023,298,303.0,217.0
DE,2023,299,303.0,217.0
DE,2023,300,303.0,217.0
DE,2023,301,304.0,217.0
DE,2023,302,317.0,225.0
DE,2023,303,317.0,225.0
DE,2023,304,317.0,225.0
DE,2023,305,317.0,225.0
DE,2023,306,317.0,225.0
DE,2023,307,317.0,225.0
DE,2023,308,317.0,225.0
DE,2023,309,317.0,225.0
DE,2023,310,320.0,225.0
DE,2023,311,320.0,225.0
DE,2023,312,320.0,225.0
DE,2023,313,320.0,225.0
DE,2023,314,320.0,225.0
DE,2023,315,320.0,225.0
DE,2023,316,320.0,225.0
DE,2023,317,320.0,225.0
DE,2023,318,323.0,228.0
DE,2023,319,323.0,228.0
DE,2023,320,323.0,228.0
DE,2023,321,323.0,228.0
DE,2023,322,323.0,228.0
DE,2023,323,326.0,228.0
DE,2023,324,326.0,228.0
DE,2023,325,326.0,228.0
DE,2023,326,326.0,228.0
DE,2023,327,326.0,228.0
DE,2023,328,329.0,228.0
DE,2023,329,329.0,228.0
DE,2023,330,329.0,228.0
DE,2023,331,329.0,228.0
DE,2023,332,329.0,228.0
DE,2023,333,329.0,228.0
DE,2023,334,329.0,228.0
DE,2023,335,329.0,228.0
DE,2023,336,329.0,228.0
DE,2023,337,329.0,228.0
DE,2023,338,329.0,228.0
DE,2023,339,329.0,228.0
DE,2023,340,329.0,228.0
DE,2023,341,329.0,228.0
DE,2023,342,329.0,228.0
DE,2023,343,329.0,228.0
DE,2023,344,329.0,228.0
DE,2023,345,329.0,228.0
DE,2023,346,329.0,228.0
DE,2023,347,329.0,228.0
DE,2023,348,329.0,228.0
DE,2023,349,329.0,228.0
DE,2023,350,329.0,228.0
DE,2023,351,329.0,228.0
DE,2023,352,329.0,228.0
DE,2023,353,329.0,228.0
DE,2023,354,329.0,228.0
DE,2023,355,332.0,228.0
DE,2023,356,339.0,233.0
DE,2023,357,346.0,237.0
DE,2023,358,370.0,261.0
DE,2023,359,386.0,273.0
DE,2023,360,400.0,285.0
DE,2023,361,402.0,286.0
DE,2023,362,409.0,291.0
DE,2023,363,420.0,299.0
DE,2023,364,420.0,299.0
DE,2023,365,425.0,300.0
DE,2023,366,,
DE,2024,1,11.0,5.0
DE,2024,2,12.0,6.0
DE,2024,3,17.0,11.0
DE,2024,4,17.0,11.0
DE,2024,5,17.0,11.0
DE,2024,6,17.0,11.0
DE,2024,7,17.0,11.0
DE,2024,8,17.0,11.0
DE,2024,9,17.0,11.0
DE,2024,10,17.0,11.0
DE,2024,11,17.0,11.0
DE,2024,12,17.0,11.0
DE,2024,13,17.0,11.0
DE,2024,14,17.0,11.0
DE,2024,15,17.0,11.0
DE,2024,16,17.0,11.0
DE,2024,17,17.0,11.0
DE,2024,18,17.0,11.0
DE,2024,19,17.0,11.0
DE,2024,20,17.0,11.0
DE,2024,21,17.0,11.0
DE,2024,22,17.0,11.0
DE,2024,23,17.0,11.0
DE,2024,24,22.0,16.0
DE,2024,25,22.0,16.0
DE,2024,26,22.0,16.0
DE,2024,27,22.0,16.0
DE,2024,28,22.0,16.0
DE,2024,29,22.0,16.0
DE,2024,30,22.0,16.0
DE,2024,31,22.0,16.0
DE,2024,32,22.0,16.0
DE,2024,33,22.0,16.0
DE,2024,34,22.0,16.0
DE,2024,35,28.0,16.0
DE,2024,36,33.0,20.0
DE,2024,37,33.0,20.0
DE,2024,38,33.0,20.0
DE,2024,39,33.0,20.0
DE,2024,40,33.0,20.0
DE,2024,41,33.0,20.0
DE,2024,42,33.0,20.0
DE,2024,43,33.0,20.0
DE,2024,44,33.0,20.0
DE,2024,45,33.0,20.0
DE,2024,46,33.0,20.0
DE,2024,47,33.0,20.0
DE,2024,48,33.0,20.0
DE,2024,49,33.0,20.0
DE,2024,50,33.0,20.0
DE,2024,51,33.0,20.0
DE,2024,52,33.0,20.0
DE,2024,53,33.0,20.0
DE,2024,54,36.0,20.0
DE,2024,55,36.0,20.0
DE,2024,56,36.0,20.0
DE,2024,57,36.0,20.0
DE,2024,58,36.0,20.0
DE,2024,59,36.0,20.0
DE,2024,60,36.0,20.0
DE,2024,61,36.0,20.0
DE,2024,62,36.0,20.0
DE,2024,63,36.0,20.0
DE,2024,64,36.0,20.0
DE,2024,65,36.0,20.0
DE,2024,66,36.0,20.0
DE,2024,67,36.0,20.0
DE,2024,68,36.0,20.0
DE,2024,69,40.0,23.0
DE,2024,70,44.0,27.0
DE,2024,71,44.0,27.0
DE,2024,72,44.0,27.0
DE,2024,73,44.0,27.0
DE,2024,74,44.0,27.0
DE,2024,75,44.0,27.0
DE,2024,76,44.0,27.0
DE,2024,77,44.0,27.0
DE,2024,78,44.0,27.0
DE,2024,79,44.0,27.0
DE,2024,80,44.0,27.0
DE,2024,81,44.0,27.0
DE,2024,82,44.0,27.0
DE,2024,83,51.0,32.0
DE,2024,84,59.0,32.0
DE,2024,85,59.0,32.0
DE,2024,86,59.0,32.0
DE,2024,87,59.0,32.0
DE,2024,88,61.0,32.0
DE,2024,89,61.0,32.0
DE,2024,90,61.0,32.0
DE,2024,91,61.0,32.0
DE,2024,92,65.0,35.0
DE,2024,93,72.0,39.0
DE,2024,94,72.0,39.0
DE,2024,95,72.0,39.0
DE,2024,96,75.0,40.0
DE,2024,97,82.0,46.0
DE,2024,98,97.0,54.0
DE,2024,99,97.0,54.0
DE,2024,100,97.0,54.0
DE,2024,101,97.0,54.0
DE,2024,102,100.0,54.0
DE,2024,103,105.0,55.0
DE,2024,104,115.0,63.0
DE,2024,105,124.0,70.0
DE,2024,106,125.0,70.0
DE,2024,107,127.0,70.0
DE,2024,108,127.0,70.0
DE,2024,109,127.0,70.0
DE,2024,110,127.0,70.0
DE,2024,111,127.0,70.0
DE,2024,112,130.0,71.0
DE,2024,113,130.0,71.0
DE,2024,114,130.0,71.0
DE,2024,115,130.0,71.0
DE,2024,116,130.0,71.0
DE,2024,117,130.0,71.0
DE,2024,118,134.0,72.0
DE,2024,119,145.0,82.0
DE,2024,120,145.0,82.0
DE,2024,121,145.0,82.0
DE,2024,122,154.0,90.0
DE,2024,123,159.0,95.0
DE,2024,124,159.0,95.0
DE,2024,125,159.0,95.0
DE,2024,126,165.0,98.0
DE,2024,127,165.0,98.0
DE,2024,128,165.0,98.0
DE,2024,129,165.0,98.0
DE,2024,130,171.0,103.0
DE,2024,131,174.0,103.0
DE,2024,132,181.0,109.0
DE,2024,133,190.0,118.0
DE,2024,134,196.0,123.0
DE,2024,135,204.0,131.0
DE,2024,136,209.0,136.0
DE,2024,137,214.0,139.0
DE,2024,138,214.0,139.0
DE,2024,139,220.0,144.0
DE,2024,140,228.0,152.0
DE,2024,141,232.0,154.0
DE,2024,142,232.0,154.0
DE,2024,143,232.0,154.0
DE,2024,144,232.0,154.0
DE,2024,145,232.0,154.0
DE,2024,146,235.0,154.0
DE,2024,147,243.0,160.0
DE,2024,148,243.0,160.0
DE,2024,149,243.0,160.0
DE,2024,150,243.0,160.0
DE,2024,151,243.0,160.0
DE,2024,152,243.0,160.0
DE,2024,153,243.0,160.0
DE,2024,154,252.0,166.0
DE,2024,155,252.0,166.0
DE,2024,156,252.0,166.0
DE,2024,157,252.0,166.0
DE,2024,158,252.0,166.0
DE,2024,159,252.0,166.0
DE,2024,160,260.0,173.0
DE,2024,161,270.0,183.0
DE,2024,162,270.0,183.0
DE,2024,163,273.0,183.0
DE,2024,164,273.0,183.0
DE,2024,165,273.0,183.0
DE,2024,166,273.0,183.0
DE,2024,167,285.0,193.0
DE,2024,168,296.0,203.0
DE,2024,169,296.0,203.0
DE,2024,170,296.0,203.0
DE,2024,171,296.0,203.0
DE,2024,172,296.0,203.0
DE,2024,173,296.0,203.0
DE,2024,174,299.0,205.0
DE,2024,175,306.0,211.0
DE,2024,176,306.0,211.0
DE,2024,177,309.0,213.0
DE,2024,178,309.0,213.0
DE,2024,179,309.0,213.0
DE,2024,180,314.0,218.0
DE,2024,181,318.0,221.0
DE,2024,182,326.0,224.0
DE,2024,183,326.0,224.0
DE,2024,184,326.0,224.0
DE,2024,185,326.0,224.0
DE,2024,186,333.0,230.0
DE,2024,187,338.0,234.0
DE,2024,188,350.0,244.0
DE,2024,189,366.0,260.0
DE,2024,190,366.0,260.0
DE,2024,191,366.0,260.0
DE,2024,192,366.0,260.0
DE,2024,193,366.0,260.0
DE,2024,194,366.0,260.0
DE,2024,195,373.0,266.0
DE,2024,196,383.0,275.0
DE,2024,197,386.0,277.0
DE,2024,198,392.0,282.0
DE,2024,199,392.0,282.0
DE,2024,200,392.0,282.0
DE,2024,201,392.0,282.0
DE,2024,202,397.0,286.0
DE,2024,203,404.0,288.0
DE,2024,204,404.0,288.0
DE,2024,205,404.0,288.0
DE,2024,206,407.0,291.0
DE,2024,207,407.0,291.0
DE,2024,208,407.0,291.0
DE,2024,209,407.0,291.0
DE,2024,210,415.0,298.0
DE,2024,211,420.0,303.0
DE,2024,212,422.0,305.0
DE,2024,213,422.0,305.0
DE,2024,214,422.0,305.0
DE,2024,215,422.0,305.0
DE,2024,216,422.0,305.0
DE,2024,217,426.0,308.0
DE,2024,218,426.0,308.0
DE,2024,219,426.0,308.0
DE,2024,220,426.0,308.0
DE,2024,221,426.0,308.0
DE,2024,222,432.0,313.0
DE,2024,223,441.0,320.0
DE,2024,224,449.0,327.0
DE,2024,225,449.0,327.0
DE,2024,226,449.0,327.0
DE,2024,227,449.0,327.0
DE,2024,228,451.0,328.0
DE,2024,229,451.0,328.0
DE,2024,230,451.0,328.0
DE,2024,231,451.0,328.0
DE,2024,232,451.0,328.0
DE,2024,233,451.0,328.0
DE,2024,234,458.0,334.0
DE,2024,235,464.0,339.0
DE,2024,236,472.0,347.0
DE,2024,237,482.0,356.0
DE,2024,238,497.0,371.0
DE,2024,239,497.0,371.0
DE,2024,240,497.0,371.0
DE,2024,241,497.0,371.0
DE,2024,242,497.0,371.0
DE,2024,243,497.0,371.0
DE,2024,244,500.0,373.0
DE,2024,245,505.0,378.0
DE,2024,246,505.0,378.0
DE,2024,247,505.0,378.0
DE,2024,248,505.0,378.0
DE,2024,249,511.0,383.0
DE,2024,250,511.0,383.0
DE,2024,251,512.0,383.0
DE,2024,252,515.0,383.0
DE,2024,253,515.0,383.0
DE,2024,254,520.0,386.0
DE,2024,255,520.0,386.0
DE,2024,256,520.0,386.0
DE,2024,257,520.0,386.0
DE,2024,258,524.0,389.0
DE,2024,259,529.0,392.0
DE,2024,260,529.0,392.0
DE,2024,261,529.0,392.0
DE,2024,262,531.0,393.0
DE,2024,263,533.0,395.0
DE,2024,264,535.0,396.0
DE,2024,265,538.0,398.0
DE,2024,266,540.0,399.0
DE,2024,267,540.0,399.0
DE,2024,268,540.0,399.0
DE,2024,269,540.0,399.0
DE,2024,270,542.0,400.0
DE,2024,271,554.0,410.0
DE,2024,272,558.0,410.0
DE,2024,273,563.0,413.0
DE,2024,274,564.0,413.0
DE,2024,275,567.0,413.0
DE,2024,276,567.0,413.0
DE,2024,277,567.0,413.0
DE,2024,278,567.0,413.0
DE,2024,279,567.0,413.0
DE,2024,280,570.0,415.0
DE,2024,281,570.0,415.0
DE,2024,282,570.0,415.0
DE,2024,283,570.0,415.0
DE,2024,284,570.0,415.0
DE,2024,285,570.0,415.0
DE,2024,286,572.0,416.0
DE,2024,287,588.0,431.0
DE,2024,288,588.0,431.0
DE,2024,289,588.0,431.0
DE,2024,290,588.0,431.0
DE,2024,291,588.0,431.0
DE,2024,292,588.0,431.0
DE,2024,293,588.0,431.0
DE,2024,294,595.0,435.0
DE,2024,295,598.0,438.0
DE,2024,296,598.0,438.0
DE,2024,297,598.0,438.0
DE,2024,298,598.0,438.0
DE,2024,299,598.0,438.0
DE,2024,300,598.0,438.0
DE,2024,301,598.0,438.0
DE,2024,302,598.0,438.0
DE,2024,303,598.0,438.0
DE,2024,304,598.0,438.0
DE,2024,305,598.0,438.0
DE,2024,306,598.0,438.0
DE,2024,307,598.0,438.0
DE,2024,308,598.0,438.0
DE,2024,309,598.0,438.0
DE,2024,310,598.0,438.0
DE,2024,311,598.0,438.0
DE,2024,312,598.0,438.0
DE,2024,313,598.0,438.0
DE,2024,314,598.0,438.0
DE,2024,315,598.0,438.0
DE,2024,316,598.0,438.0
DE,2024,317,598.0,438.0
DE,2024,318,598.0,438.0
DE,2024,319,598.0,438.0
DE,2024,320,598.0,438.0
DE,2024,321,598.0,438.0
DE,2024,322,598.0,438.0
DE,2024,323,598.0,438.0
DE,2024,324,598.0,438.0
DE,2024,325,598.0,438.0
DE,2024,326,598.0,438.0
DE,2024,327,598.0,438.0
DE,2024,328,598.0,438.0
DE,2024,329,607.0,444.0
DE,2024,330,613.0,449.0
DE,2024,331,613.0,449.0
DE,2024,332,613.0,449.0
DE,2024,333,613.0,449.0
DE,2024,334,613.0,449.0
DE,2024,335,613.0,449.0
DE,2024,336,613.0,449.0
DE,2024,337,613.0,449.0
DE,2024,338,613.0,449.0
DE,2024,339,613.0,449.0
DE,2024,340,613.0,449.0
DE,2024,341,613.0,449.0
DE,2024,342,613.0,449.0
DE,2024,343,613.0,449.0
DE,2024,344,613.0,449.0
DE,2024,345,613.0,449.0
DE,2024,346,613.0,449.0
DE,2024,347,613.0,449.0
DE,2024,348,613.0,449.0
DE,2024,349,613.0,449.0
DE,2024,350,614.0,449.0
DE,2024,351,618.0,450.0
DE,2024,352,618.0,450.0
DE,2024,353,618.0,450.0
DE,2024,354,619.0,450.0
DE,2024,355,619.0,450.0
DE,2024,356,620.0,450.0
DE,2024,357,627.0,457.0
DE,2024,358,627.0,457.0
DE,2024,359,627.0,457.0
DE,2024,360,627.0,457.0
DE,2024,361,627.0,457.0
DE,2024,362,627.0,457.0
DE,2024,363,627.0,457.0
DE,2024,364,627.0,457.0
DE,2024,365,627.0,457.0
DE,2024,366,628.0,457.0
DE,2025,1,17.0,14.0
DE,2025,2,17.0,14.0
DE,2025,3,17.0,14.0
DE,2025,4,17.0,14.0
DE,2025,5,17.0,14.0
DE,2025,6,17.0,14.0
DE,2025,7,17.0,14.0
DE,2025,8,17.0,14.0
DE,2025,9,17.0,14.0
DE,2025,10,17.0,14.0
DE,2025,11,17.0,14.0
DE,2025,12,17.0,14.0
DE,2025,13,17.0,14.0
DE,2025,14,17.0,14.0
DE,2025,15,17.0,14.0
DE,2025,16,17.0,14.0
DE,2025,17,17.0,14.0
DE,2025,18,17.0,14.0
DE,2025,19,17.0,14.0
DE,2025,20,17.0,14.0
DE,2025,21,17.0,14.0
DE,2025,22,17.0,14.0
DE,2025,23,17.0,14.0
DE,2025,24,17.0,14.0
DE,2025,25,17.0,14.0
DE,2025,26,17.0,14.0
DE,2025,27,17.0,14.0
DE,2025,28,17.0,14.0
DE,2025,29,17.0,14.0
DE,2025,30,17.0,14.0
DE,2025,31,17.0,14.0
DE,2025,32,17.0,14.0
DE,2025,33,17.0,14.0
DE,2025,34,17.0,14.0
DE,2025,35,17.0,14.0
DE,2025,36,17.0,14.0
DE,2025,37,17.0,14.0
DE,2025,38,17.0,14.0
DE,2025,39,17.0,14.0
DE,2025,40,17.0,14.0
DE,2025,41,17.0,14.0
DE,2025,42,17.0,14.0
DE,2025,43,17.0,14.0
DE,2025,44,17.0,14.0
DE,2025,45,17.0,14.0
DE,2025,46,17.0,14.0
DE,2025,47,17.0,14.0
DE,2025,48,17.0,14.0
DE,2025,49,17.0,14.0
DE,2025,50,17.0,14.0
DE,2025,51,17.0,14.0
DE,2025,52,17.0,14.0
DE,2025,53,17.0,14.0
DE,2025,54,17.0,14.0
DE,2025,55,17.0,14.0
DE,2025,56,17.0,14.0
DE,2025,57,17.0,14.0
DE,2025,58,17.0,14.0
DE,2025,59,17.0,14.0
DE,2025,60,17.0,14.0
DE,2025,61,17.0,14.0
DE,2025,62,19.0,14.0
DE,2025,63,19.0,14.0
DE,2025,64,24.0,17.0
DE,2025,65,26.0,17.0
DE,2025,66,26.0,17.0
DE,2025,67,29.0,19.0
DE,2025,68,33.0,21.0
DE,2025,69,33.0,21.0
DE,2025,70,33.0,21.0
DE,2025,71,33.0,21.0
DE,2025,72,33.0,21.0
DE,2025,73,33.0,21.0
DE,2025,74,33.0,21.0
DE,2025,75,34.0,21.0
DE,2025,76,34.0,21.0
DE,2025,77,37.0,23.0
DE,2025,78,41.0,26.0
DE,2025,79,43.0,26.0
DE,2025,80,45.0,26.0
DE,2025,81,52.0,32.0
DE,2025,82,52.0,32.0
DE,2025,83,52.0,32.0
DE,2025,84,52.0,32.0
DE,2025,85,52.0,32.0
DE,2025,86,52.0,32.0
DE,2025,87,54.0,34.0
DE,2025,88,54.0,34.0
DE,2025,89,67.0,44.0
DE,2025,90,67.0,44.0
DE,2025,91,67.0,44.0
DE,2025,92,73.0,49.0
DE,2025,93,78.0,54.0
DE,2025,94,82.0,57.0
DE,2025,95,90.0,63.0
DE,2025,96,98.0,70.0
DE,2025,97,98.0,70.0
DE,2025,98,98.0,70.0
DE,2025,99,98.0,70.0
DE,2025,100,99.0,70.0
DE,2025,101,105.0,74.0
DE,2025,102,111.0,79.0
DE,2025,103,118.0,85.0
DE,2025,104,118.0,85.0
DE,2025,105,121.0,85.0
DE,2025,106,121.0,85.0
DE,2025,107,121.0,85.0
DE,2025,108,121.0,85.0
DE,2025,109,126.0,88.0
DE,2025,110,133.0,93.0
DE,2025,111,133.0,93.0
DE,2025,112,133.0,93.0
DE,2025,113,133.0,93.0
DE,2025,114,133.0,93.0
DE,2025,115,133.0,93.0
DE,2025,116,139.0,99.0
DE,2025,117,147.0,106.0
DE,2025,118,152.0,111.0
DE,2025,119,157.0,115.0
DE,2025,120,162.0,119.0
DE,2025,121,170.0,126.0
DE,2025,122,177.0,131.0
DE,2025,123,184.0,136.0
DE,2025,124,192.0,143.0
DE,2025,125,192.0,143.0
DE,2025,126,192.0,143.0
DE,2025,127,192.0,143.0
DE,2025,128,192.0,143.0
DE,2025,129,197.0,146.0
DE,2025,130,204.0,153.0
DE,2025,131,213.0,162.0
DE,2025,132,220.0,168.0
DE,2025,133,226.0,173.0
DE,2025,134,233.0,179.0
DE,2025,135,239.0,185.0
DE,2025,136,244.0,190.0
DE,2025,137,252.0,197.0
DE,2025,138,259.0,203.0
DE,2025,139,259.0,203.0
DE,2025,140,262.0,203.0
DE,2025,141,267.0,207.0
DE,2025,142,274.0,213.0
DE,2025,143,277.0,213.0
DE,2025,144,284.0,220.0
DE,2025,145,294.0,227.0
DE,2025,146,300.0,231.0
DE,2025,147,303.0,231.0
DE,2025,148,303.0,231.0
DE,2025,149,308.0,235.0
DE,2025,150,314.0,241.0
DE,2025,151,321.0,248.0
DE,2025,152,330.0,257.0
DE,2025,153,330.0,257.0
DE,2025,154,336.0,262.0
DE,2025,155,336.0,262.0
DE,2025,156,336.0,262.0
DE,2025,157,344.0,269.0
DE,2025,158,348.0,273.0
DE,2025,159,359.0,283.0
DE,2025,160,368.0,291.0
DE,2025,161,374.0,295.0
DE,2025,162,379.0,300.0
DE,2025,163,386.0,306.0
DE,2025,164,392.0,312.0
DE,2025,165,400.0,319.0
DE,2025,166,407.0,325.0
DE,2025,167,410.0,325.0
DE,2025,168,415.0,330.0
DE,2025,169,420.0,334.0
DE,2025,170,428.0,341.0
DE,2025,171,432.0,343.0
DE,2025,172,439.0,348.0
DE,2025,173,449.0,357.0
DE,2025,174,458.0,366.0
DE,2025,175,466.0,374.0
DE,2025,176,471.0,377.0
DE,2025,177,471.0,377.0
DE,2025,178,471.0,377.0
DE,2025,179,478.0,383.0
DE,2025,180,486.0,389.0
DE,2025,181,486.0,389.0
DE,2025,182,486.0,389.0
DE,2025,183,486.0,389.0
DE,2025,184,486.0,389.0
DE,2025,185,490.0,393.0
DE,2025,186,498.0,399.0
DE,2025,187,498.0,399.0
DE,2025,188,498.0,399.0
DE,2025,189,498.0,399.0
DE,2025,190,498.0,399.0
DE,2025,191,498.0,399.0
DE,2025,192,498.0,399.0
DE,2025,193,502.0,399.0
DE,2025,194,507.0,399.0
DE,2025,195,507.0,399.0
DE,2025,196,507.0,399.0
DE,2025,197,507.0,399.0
DE,2025,198,507.0,399.0
DE,2025,199,507.0,399.0
DE,2025,200,511.0,400.0
DE,2025,201,514.0,401.0
DE,2025,202,514.0,401.0
DE,2025,203,515.0,401.0
DE,2025,204,515.0,401.0
DE,2025,205,515.0,401.0
DE,2025,206,515.0,401.0
DE,2025,207,515.0,401.0
DE,2025,208,515.0,401.0
DE,2025,209,515.0,401.0
DE,2025,210,515.0,401.0
DE,2025,211,515.0,401.0
DE,2025,212,515.0,401.0
DE,2025,213,515.0,401.0
DE,2025,214,518.0,401.0
DE,2025,215,526.0,408.0
DE,2025,216,528.0,408.0
DE,2025,217,536.0,416.0
DE,2025,218,543.0,423.0
DE,2025,219,548.0,427.0
DE,2025,220,552.0,430.0
DE,2025,221,559.0,437.0
DE,2025,222,567.0,445.0
DE,2025,223,570.0,445.0
DE,2025,224,570.0,445.0
DE,2025,225,570.0,445.0
DE,2025,226,570.0,445.0
DE,2025,227,573.0,445.0
DE,2025,228,578.0,448.0
DE,2025,229,583.0,451.0
DE,2025,230,583.0,451.0
DE,2025,231,583.0,451.0
DE,2025,232,583.0,451.0
DE,2025,233,583.0,451.0
DE,2025,234,584.0,451.0
DE,2025,235,586.0,451.0
DE,2025,236,593.0,457.0
DE,2025,237,593.0,457.0
DE,2025,238,593.0,457.0
DE,2025,239,593.0,457.0
DE,2025,240,593.0,457.0
DE,2025,241,593.0,457.0
DE,2025,242,597.0,460.0
DE,2025,243,603.0,465.0
DE,2025,244,603.0,465.0
DE,2025,245,603.0,465.0
DE,2025,246,608.0,468.0
DE,2025,247,608.0,468.0
DE,2025,248,608.0,468.0
DE,2025,249,613.0,472.0
DE,2025,250,622.0,480.0
DE,2025,251,622.0,480.0
DE,2025,252,622.0,480.0
DE,2025,253,622.0,480.0
DE,2025,254,626.0,483.0
DE,2025,255,632.0,489.0
DE,2025,256,636.0,492.0
DE,2025,257,639.0,493.0
DE,2025,258,654.0,503.0
DE,2025,259,667.0,515.0
DE,2025,260,667.0,515.0
DE,2025,261,671.0,515.0
DE,2025,262,674.0,515.0
DE,2025,263,679.0,520.0
DE,2025,264,685.0,525.0
DE,2025,265,685.0,525.0
DE,2025,266,685.0,525.0
DE,2025,267,685.0,525.0
DE,2025,268,685.0,525.0
DE,2025,269,685.0,525.0
DE,2025,270,685.0,525.0
DE,2025,271,685.0,525.0
DE,2025,272,685.0,525.0
DE,2025,273,685.0,525.0
DE,2025,274,685.0,525.0
DE,2025,275,685.0,525.0
DE,2025,276,687.0,526.0
DE,2025,277,709.0,547.0
DE,2025,278,725.0,562.0
DE,2025,279,725.0,562.0
DE,2025,280,725.0,562.0
DE,2025,281,725.0,562.0
DE,2025,282,725.0,562.0
DE,2025,283,725.0,562.0
DE,2025,284,725.0,562.0
DE,2025,285,725.0,562.0
DE,2025,286,725.0,562.0
DE,2025,287,725.0,562.0
DE,2025,288,725.0,562.0
DE,2025,289,725.0,562.0
DE,2025,290,725.0,562.0
DE,2025,291,725.0,562.0
DE,2025,292,725.0,562.0
DE,2025,293,725.0,562.0
DE,2025,294,725.0,562.0
DE,2025,295,725.0,562.0
DE,2025,296,725.0,562.0
DE,2025,297,727.0,564.0
DE,2025,298,733.0,566.0
DE,2025,299,746.0,574.0
DE,2025,300,747.0,575.0
DE,2025,301,747.0,575.0
DE,2025,302,747.0,575.0
DE,2025,303,749.0,576.0
DE,2025,304,749.0,576.0
DE,2025,305,749.0,576.0
DE,2025,306,749.0,576.0
DE,2025,307,749.0,576.0
DE,2025,308,749.0,576.0
DE,2025,309,749.0,576.0
DE,2025,310,749.0,576.0
DE,2025,311,749.0,576.0
DE,2025,312,749.0,576.0
DE,2025,313,749.0,576.0
DE,2025,314,749.0,576.0
DE,2025,315,749.0,576.0
DE,2025,316,749.0,576.0
DE,2025,317,749.0,576.0
DE,2025,318,749.0,576.0
DE,2025,319,749.0,576.0
DE,2025,320,749.0,576.0
DE,2025,321,749.0,576.0
DE,2025,322,749.0,576.0
DE,2025,323,749.0,576.0
DE,2025,324,749.0,576.0
DE,2025,325,749.0,576.0
DE,2025,326,749.0,576.0
DE,2025,327,749.0,576.0
DE,2025,328,749.0,576.0
DE,2025,329,749.0,576.0
DE,2025,330,749.0,576.0
DE,2025,331,749.0,576.0
DE,2025,332,749.0,576.0
DE,2025,333,749.0,576.0
DE,2025,334,749.0,576.0
DE,2025,335,749.0,576.0
DE,2025,336,749.0,576.0
DE,2025,337,749.0,576.0
DE,2025,338,749.0,576.0
DE,2025,339,749.0,576.0
DE,2025,340,749.0,576.0
DE,2025,341,749.0,576.0
DE,2025,342,749.0,576.0
DE,2025,343,749.0,576.0
DE,2025,344,749.0,576.0
DE,2025,345,749.0,576.0
DE,2025,346,749.0,576.0
DE,2025,347,749.0,576.0
DE,2025,348,749.0,576.0
DE,2025,349,749.0,576.0
DE,2025,350,749.0,576.0
DE,2025,351,749.0,576.0
DE,2025,352,749.0,576.0
DE,2025,353,749.0,576.0
DE,2025,354,749.0,576.0
DE,2025,355,749.0,576.0
DE,2025,356,749.0,576.0
DE,2025,357,749.0,576.0
DE,2025,358,749.0,576.0
DE,2025,359,749.0,576.0
DE,2025,360,749.0,576.0
DE,2025,361,749.0,576.0
DE,2025,362,749.0,576.0
DE,2025,363,749.0,576.0
DE,2025,364,749.0,576.0
DE,2025,365,749.0,576.0
DE,2025,366,,
DE,2026,1,11.0,4.0
DE,2026,2,12.0,4.0
DE,2026,3,12.0,4.0
DE,2026,4,12.0,4.0
DE,2026,5,12.0,4.0
DE,2026,6,12.0,4.0
DE,2026,7,12.0,4.0
DE,2026,8,12.0,4.0
DE,2026,9,12.0,4.0
DE,2026,10,12.0,4.0
DE,2026,11,12.0,4.0
DE,2026,12,12.0,4.0
DE,2026,13,12.0,4.0
DE,2026,14,12.0,4.0
DE,2026,15,12.0,4.0
DE,2026,16,12.0,4.0
DE,2026,17,12.0,4.0
DE,2026,18,12.0,4.0
DE,2026,19,12.0,4.0
DE,2026,20,12.0,4.0
DE,2026,21,12.0,4.0
DE,2026,22,12.0,4.0
DE,2026,23,12.0,4.0
DE,2026,24,12.0,4.0
DE,2026,25,12.0,4.0
DE,2026,26,12.0,4.0
DE,2026,27,12.0,4.0
DE,2026,28,12.0,4.0
DE,2026,29,12.0,4.0
DE,2026,30,12.0,4.0
DE,2026,31,12.0,4.0
DE,2026,32,12.0,4.0
DE,2026,33,12.0,4.0
DE,2026,34,12.0,4.0
DE,2026,35,12.0,4.0
DE,2026,36,12.0,4.0
DE,2026,37,12.0,4.0
DE,2026,38,12.0,4.0
DE,2026,39,12.0,4.0
DE,2026,40,12.0,4.0
DE,2026,41,12.0,4.0
DE,2026,42,12.0,4.0
DE,2026,43,12.0,4.0
DE,2026,44,12.0,4.0
DE,2026,45,12.0,4.0
DE,2026,46,12.0,4.0
DE,2026,47,12.0,4.0
DE,2026,48,12.0,4.0
DE,2026,49,12.0,4.0
DE,2026,50,12.0,4.0
DE,2026,51,12.0,4.0
DE,2026,52,12.0,4.0
DE,2026,53,12.0,4.0
DE,2026,54,12.0,4.0
DE,2026,55,12.0,4.0
DE,2026,56,12.0,4.0
DE,2026,57,12.0,4.0
DE,2026,58,15.0,6.0
DE,2026,59,20.0,11.0
DE,2026,60,25.0,15.0
DE,2026,61,25.0,15.0
DE,2026,62,25.0,15.0
DE,2026,63,25.0,15.0
DE,2026,64,25.0,15.0
DE,2026,65,25.0,15.0
DE,2026,66,25.0,15.0
DE,2026,67,26.0,16.0
DE,2026,68,26.0,16.0
DE,2026,69,26.0,16.0
DE,2026,70,26.0,16.0
DE,2026,71,30.0,19.0
DE,2026,72,35.0,24.0
DE,2026,73,35.0,24.0
DE,2026,74,35.0,24.0
DE,2026,75,35.0,24.0
DE,2026,76,35.0,24.0
DE,2026,77,39.0,27.0
DE,2026,78,40.0,27.0
DE,2026,79,40.0,27.0
DE,2026,80,40.0,27.0
DE,2026,81,45.0,32.0
DE,2026,82,45.0,32.0
DE,2026,83,48.0,35.0
DE,2026,84,60.0,43.0
DE,2026,85,61.0,43.0
DE,2026,86,61.0,43.0
DE,2026,87,61.0,43.0
DE,2026,88,65.0,46.0
DE,2026,89,65.0,46.0
DE,2026,90,65.0,46.0
DE,2026,91,65.0,46.0
DE,2026,92,65.0,46.0
DE,2026,93,65.0,46.0
DE,2026,94,71.0,51.0
DE,2026,95,88.0,68.0
DE,2026,96,98.0,78.0
DE,2026,97,103.0,83.0
DE,2026,98,108.0,88.0
DE,2026,99,112.0,92.0
DE,2026,100,112.0,92.0
DE,2026,101,120.0,100.0
DE,2026,102,120.0,100.0
DE,2026,103,120.0,100.0
DE,2026,104,120.0,100.0
DE,2026,105,120.0,100.0
DE,2026,106,120.0,100.0
DE,2026,107,120.0,100.0
DE,2026,108,123.0,103.0
DE,2026,109,126.0,106.0
DE,2026,110,126.0,106.0
DE,2026,111,130.0,110.0
DE,2026,112,136.0,116.0
DE,2026,113,143.0,123.0
DE,2026,114,149.0,129.0
DE,2026,115,158.0,138.0
DE,2026,116,166.0,146.0
DE,2026,117,169.0,149.0
DE,2026,118,175.0,155.0
DE,2026,119,182.0,162.0
DE,2026,120,189.0,169.0
DE,2026,121,197.0,177.0
DE,2026,122,204.0,183.0
DE,2026,123,209.0,188.0
DE,2026,124,209.0,188.0
DE,2026,125,209.0,188.0
DE,2026,126,209.0,188.0
DE,2026,127,209.0,188.0
DE,2026,128,209.0,188.0
DE,2026,129,214.0,192.0
DE,2026,130,220.0,197.0
DE,2026,131,220.0,197.0
DE,2026,132,220.0,197.0
DE,2026,133,220.0,197.0
DE,2026,134,220.0,197.0
DE,2026,135,220.0,197.0
DE,2026,136,225.0,202.0
DE,2026,137,229.0,202.0
DE,2026,138,229.0,202.0
DE,2026,139,229.0,202.0
DE,2026,140,229.0,202.0
DE,2026,141,229.0,202.0
DE,2026,142,231.0,202.0
DE,2026,143,238.0,209.0
DE,2026,144,246.0,217.0
DE,2026,145,253.0,224.0
DE,2026,146,258.0,229.0
DE,2026,147,264.0,235.0
DE,2026,148,268.0,236.0
DE,2026,149,272.0,238.0
DE,2026,150,277.0,243.0
DE,2026,151,282.0,246.0
DE,2026,152,282.0,246.0
DE,2026,153,282.0,246.0
DE,2026,154,282.0,246.0
DE,2026,155,286.0,250.0
DE,2026,156,286.0,250.0
DE,2026,157,290.0,252.0
DE,2026,158,301.0,262.0
DE,2026,159,301.0,262.0
DE,2026,160,302.0,262.0
DE,2026,161,302.0,262.0
DE,2026,162,302.0,262.0
DE,2026,163,302.0,262.0
DE,2026,164,313.0,272.0
DE,2026,165,324.0,282.0
DE,2026,166,329.0,287.0
DE,2026,167,329.0,287.0
DE,2026,168,329.0,287.0
DE,2026,169,329.0,287.0
DE,2026,170,329.0,287.0
DE,2026,171,334.0,291.0
DE,2026,172,339.0,295.0
DE,2026,173,339.0,295.0
DE,2026,174,339.0,295.0
DE,2026,175,339.0,295.0
DE,2026,176,339.0,295.0
DE,2026,177,339.0,295.0
DE,2026,178,341.0,295.0
DE,2026,179,345.0,298.0
DE,2026,180,345.0,298.0
DE,2026,181,345.0,298.0
DE,2026,182,345.0,298.0
DE,2026,183,351.0,304.0
DE,2026,184,359.0,312.0
DE,2026,185,367.0,319.0
DE,2026,186,374.0,326.0
DE,2026,187,374.0,326.0
DE,2026,188,379.0,331.0
DE,2026,189,379.0,331.0
DE,2026,190,379.0,331.0
DE,2026,191,379.0,331.0
DE,2026,192,384.0,335.0
DE,2026,193,391.0,342.0
DE,2026,194,391.0,342.0
DE,2026,195,391.0,342.0
DE,2026,196,391.0,342.0
DE,2026,197,391.0,342.0
DE,2026,198,391.0,342.0
DE,2026,199,398.0,348.0
DE,2026,200,406.0,355.0
DE,2026,201,409.0,355.0
DE,2026,202,409.0,355.0
DE,2026,203,411.0,355.0
DE,2026,204,413.0,355.0
DE,2026,205,413.0,355.0
DE,2026,206,420.0,362.0
DE,2026,207,426.0,367.0
DE,2026,208,432.0,372.0
DE,2026,209,435.0,375.0
DE,2026,210,437.0,377.0
DE,2026,211,437.0,377.0
DE,2026,212,437.0,377.0
DE,2026,213,439.0,377.0
DE,2026,214,444.0,382.0
DE,2026,215,444.0,382.0
DE,2026,216,444.0,382.0
DE,2026,217,448.0,386.0
DE,2026,218,454.0,390.0
DE,2026,219,454.0,390.0
DE,2026,220,460.0,396.0
DE,2026,221,466.0,401.0
DE,2026,222,466.0,401.0
DE,2026,223,469.0,403.0
DE,2026,224,469.0,403.0
DE,2026,225,470.0,403.0
DE,2026,226,470.0,403.0
DE,2026,227,470.0,403.0
DE,2026,228,470.0,403.0
DE,2026,229,470.0,403.0
DE,2026,230,470.0,403.0
DE,2026,231,470.0,403.0
DE,2026,232,470.0,403.0
DE,2026,233,470.0,403.0
DE,2026,234,475.0,407.0
DE,2026,235,482.0,414.0
DE,2026,236,482.0,414.0
DE,2026,237,482.0,414.0
DE,2026,238,482.0,414.0
DE,2026,239,482.0,414.0
DE,2026,240,482.0,414.0
DE,2026,241,488.0,420.0
DE,2026,242,496.0,428.0
DE,2026,243,501.0,432.0
DE,2026,244,501.0,432.0
DE,2026,245,501.0,432.0
DE,2026,246,501.0,432.0
DE,2026,247,506.0,437.0
DE,2026,248,514.0,445.0
DE,2026,249,,
DE,2026,250,,
DE,2026,251,,
DE,2026,252,,
DE,2026,253,,
DE,2026,254,,
DE,2026,255,,
DE,2026,256,,
DE,2026,257,,
DE,2026,258,,
DE,2026,259,,
DE,2026,260,,
DE,2026,261,,
DE,2026,262,,
DE,2026,263,,
DE,2026,264,,
DE,2026,265,,
DE,2026,266,,
DE,2026,267,,
DE,2026,268,,
DE,2026,269,,
DE,2026,270,,
DE,2026,271,,
DE,2026,272,,
DE,2026,273,,
DE,2026,274,,
DE,2026,275,,
DE,2026,276,,
DE,2026,277,,
DE,2026,278,,
DE,2026,279,,
DE,2026,280,,
DE,2026,281,,
DE,2026,282,,
DE,2026,283,,
DE,2026,284,,
DE,2026,285,,
DE,2026,286,,
DE,2026,287,,
DE,2026,288,,
DE,2026,289,,
DE,2026,290,,
DE,2026,291,,
DE,2026,292,,
DE,2026,293,,
DE,2026,294,,
DE,2026,295,,
DE,2026,296,,
DE,2026,297,,
DE,2026,298,,
DE,2026,299,,
DE,2026,300,,
DE,2026,301,,
DE,2026,302,,
DE,2026,303,,
DE,2026,304,,
DE,2026,305,,
DE,2026,306,,
DE,2026,307,,
DE,2026,308,,
DE,2026,309,,
DE,2026,310,,
DE,2026,311,,
DE,2026,312,,
DE,2026,313,,
DE,2026,314,,
DE,2026,315,,
DE,2026,316,,
DE,2026,317,,
DE,2026,318,,
DE,2026,319,,
DE,2026,320,,
DE,2026,321,,
DE,2026,322,,
DE,2026,323,,
DE,2026,324,,
DE,2026,325,,
DE,2026,326,,
DE,2026,327,,
DE,2026,328,,
DE,2026,329,,
DE,2026,330,,
DE,2026,331,,
DE,2026,332,,
DE,2026,333,,
DE,2026,334,,
DE,2026,335,,
DE,2026,336,,
DE,2026,337,,
DE,2026,338,,
DE,2026,339,,
DE,2026,340,,
DE,2026,341,,
DE,2026,342,,
DE,2026,343,,
DE,2026,344,,
DE,2026,345,,
DE,2026,346,,
DE,2026,347,,
DE,2026,348,,
DE,2026,349,,
DE,2026,350,,
DE,2026,351,,
DE,2026,352,,
DE,2026,353,,
DE,2026,354,,
DE,2026,355,,
DE,2026,356,,
DE,2026,357,,
DE,2026,358,,
DE,2026,359,,
DE,2026,360,,
DE,2026,361,,
DE,2026,362,,
DE,2026,363,,
DE,2026,364,,
DE,2026,365,,
DE,2026,366,,
ES,2019,1,0.0,0.0
ES,2019,2,0.0,0.0
ES,2019,3,0.0,0.0
ES,2019,4,0.0,0.0
ES,2019,5,0.0,0.0
ES,2019,6,0.0,0.0
ES,2019,7,0.0,0.0
ES,2019,8,0.0,0.0
ES,2019,9,0.0,0.0
ES,2019,10,0.0,0.0
ES,2019,11,0.0,0.0
ES,2019,12,0.0,0.0
ES,2019,13,0.0,0.0
ES,2019,14,0.0,0.0
ES,2019,15,0.0,0.0
ES,2019,16,0.0,0.0
ES,2019,17,0.0,0.0
ES,2019,18,0.0,0.0
ES,2019,19,0.0,0.0
ES,2019,20,0.0,0.0
ES,2019,21,0.0,0.0
ES,2019,22,0.0,0.0
ES,2019,23,0.0,0.0
ES,2019,24,0.0,0.0
ES,2019,25,0.0,0.0
ES,2019,26,0.0,0.0
ES,2019,27,0.0,0.0
ES,2019,28,0.0,0.0
ES,2019,29,0.0,0.0
ES,2019,30,0.0,0.0
ES,2019,31,0.0,0.0
ES,2019,32,0.0,0.0
ES,2019,33,0.0,0.0
ES,2019,34,0.0,0.0
ES,2019,35,0.0,0.0
ES,2019,36,0.0,0.0
ES,2019,37,0.0,0.0
ES,2019,38,0.0,0.0
ES,2019,39,0.0,0.0
ES,2019,40,0.0,0.0
ES,2019,41,0.0,0.0
ES,2019,42,0.0,0.0
ES,2019,43,0.0,0.0
ES,2019,44,0.0,0.0
ES,2019,45,0.0,0.0
ES,2019,46,0.0,0.0
ES,2019,47,0.0,0.0
ES,2019,48,0.0,0.0
ES,2019,49,0.0,0.0
ES,2019,50,0.0,0.0
ES,2019,51,0.0,0.0
ES,2019,52,0.0,0.0
ES,2019,53,0.0,0.0
ES,2019,54,0.0,0.0
ES,2019,55,0.0,0.0
ES,2019,56,0.0,0.0
ES,2019,57,0.0,0.0
ES,2019,58,0.0,0.0
ES,2019,59,0.0,0.0
ES,2019,60,0.0,0.0
ES,2019,61,0.0,0.0
ES,2019,62,0.0,0.0
ES,2019,63,0.0,0.0
ES,2019,64,0.0,0.0
ES,2019,65,0.0,0.0
ES,2019,66,0.0,0.0
ES,2019,67,0.0,0.0
ES,2019,68,0.0,0.0
ES,2019,69,0.0,0.0
ES,2019,70,0.0,0.0
ES,2019,71,0.0,0.0
ES,2019,72,0.0,0.0
ES,2019,73,0.0,0.0
ES,2019,74,0.0,0.0
ES,2019,75,0.0,0.0
ES,2019,76,0.0,0.0
ES,2019,77,0.0,0.0
ES,2019,78,0.0,0.0
ES,2019,79,0.0,0.0
ES,2019,80,0.0,0.0
ES,2019,81,0.0,0.0
ES,2019,82,0.0,0.0
ES,2019,83,0.0,0.0
ES,2019,84,0.0,0.0
ES,2019,85,0.0,0.0
ES,2019,86,0.0,0.0
ES,2019,87,0.0,0.0
ES,2019,88,0.0,0.0
ES,2019,89,0.0,0.0
ES,2019,90,0.0,0.0
ES,2019,91,0.0,0.0
ES,2019,92,0.0,0.0
ES,2019,93,0.0,0.0
ES,2019,94,0.0,0.0
ES,2019,95,0.0,0.0
ES,2019,96,0.0,0.0
ES,2019,97,0.0,0.0
ES,2019,98,0.0,0.0
ES,2019,99,0.0,0.0
ES,2019,100,0.0,0.0
ES,2019,101,0.0,0.0
ES,2019,102,0.0,0.0
ES,2019,103,0.0,0.0
ES,2019,104,0.0,0.0
ES,2019,105,0.0,0.0
ES,2019,106,0.0,0.0
ES,2019,107,0.0,0.0
ES,2019,108,0.0,0.0
ES,2019,109,0.0,0.0
ES,2019,110,0.0,0.0
ES,2019,111,0.0,0.0
ES,2019,112,0.0,0.0
ES,2019,113,0.0,0.0
ES,2019,114,0.0,0.0
ES,2019,115,0.0,0.0
ES,2019,116,0.0,0.0
ES,2019,117,0.0,0.0
ES,2019,118,0.0,0.0
ES,2019,119,0.0,0.0
ES,2019,120,0.0,0.0
ES,2019,121,0.0,0.0
ES,2019,122,0.0,0.0
ES,2019,123,0.0,0.0
ES,2019,124,0.0,0.0
ES,2019,125,0.0,0.0
ES,2019,126,0.0,0.0
ES,2019,127,0.0,0.0
ES,2019,128,0.0,0.0
ES,2019,129,0.0,0.0
ES,2019,130,0.0,0.0
ES,2019,131,0.0,0.0
ES,2019,132,0.0,0.0
ES,2019,133,0.0,0.0
ES,2019,134,0.0,0.0
ES,2019,135,0.0,0.0
ES,2019,136,0.0,0.0
ES,2019,137,0.0,0.0
ES,2019,138,0.0,0.0
ES,2019,139,0.0,0.0
ES,2019,140,0.0,0.0
ES,2019,141,0.0,0.0
ES,2019,142,0.0,0.0
ES,2019,143,0.0,0.0
ES,2019,144,0.0,0.0
ES,2019,145,0.0,0.0
ES,2019,146,0.0,0.0
ES,2019,147,0.0,0.0
ES,2019,148,0.0,0.0
ES,2019,149,0.0,0.0
ES,2019,150,0.0,0.0
ES,2019,151,0.0,0.0
ES,2019,152,0.0,0.0
ES,2019,153,0.0,0.0
ES,2019,154,0.0,0.0
ES,2019,155,0.0,0.0
ES,2019,156,0.0,0.0
ES,2019,157,0.0,0.0
ES,2019,158,0.0,0.0
ES,2019,159,0.0,0.0
ES,2019,160,0.0,0.0
ES,2019,161,0.0,0.0
ES,2019,162,0.0,0.0
ES,2019,163,0.0,0.0
ES,2019,164,0.0,0.0
ES,2019,165,0.0,0.0
ES,2019,166,0.0,0.0
ES,2019,167,0.0,0.0
ES,2019,168,0.0,0.0
ES,2019,169,0.0,0.0
ES,2019,170,0.0,0.0
ES,2019,171,0.0,0.0
ES,2019,172,0.0,0.0
ES,2019,173,0.0,0.0
ES,2019,174,0.0,0.0
ES,2019,175,0.0,0.0
ES,2019,176,0.0,0.0
ES,2019,177,0.0,0.0
ES,2019,178,0.0,0.0
ES,2019,179,0.0,0.0
ES,2019,180,0.0,0.0
ES,2019,181,0.0,0.0
ES,2019,182,0.0,0.0
ES,2019,183,0.0,0.0
ES,2019,184,0.0,0.0
ES,2019,185,0.0,0.0
ES,2019,186,0.0,0.0
ES,2019,187,0.0,0.0
ES,2019,188,0.0,0.0
ES,2019,189,0.0,0.0
ES,2019,190,0.0,0.0
ES,2019,191,0.0,0.0
ES,2019,192,0.0,0.0
ES,2019,193,0.0,0.0
ES,2019,194,0.0,0.0
ES,2019,195,0.0,0.0
ES,2019,196,0.0,0.0
ES,2019,197,0.0,0.0
ES,2019,198,0.0,0.0
ES,2019,199,0.0,0.0
ES,2019,200,0.0,0.0
ES,2019,201,0.0,0.0
ES,2019,202,0.0,0.0
ES,2019,203,0.0,0.0
ES,2019,204,0.0,0.0
ES,2019,205,0.0,0.0
ES,2019,206,0.0,0.0
ES,2019,207,0.0,0.0
ES,2019,208,0.0,0.0
ES,2019,209,0.0,0.0
ES,2019,210,0.0,0.0
ES,2019,211,0.0,0.0
ES,2019,212,0.0,0.0
ES,2019,213,0.0,0.0
ES,2019,214,0.0,0.0
ES,2019,215,0.0,0.0
ES,2019,216,0.0,0.0
ES,2019,217,0.0,0.0
ES,2019,218,0.0,0.0
ES,2019,219,0.0,0.0
ES,2019,220,0.0,0.0
ES,2019,221,0.0,0.0
ES,2019,222,0.0,0.0
ES,2019,223,0.0,0.0
ES,2019,224,0.0,0.0
ES,2019,225,0.0,0.0
ES,2019,226,0.0,0.0
ES,2019,227,0.0,0.0
ES,2019,228,0.0,0.0
ES,2019,229,0.0,0.0
ES,2019,230,0.0,0.0
ES,2019,231,0.0,0.0
ES,2019,232,0.0,0.0
ES,2019,233,0.0,0.0
ES,2019,234,0.0,0.0
ES,2019,235,0.0,0.0
ES,2019,236,0.0,0.0
ES,2019,237,0.0,0.0
ES,2019,238,0.0,0.0
ES,2019,239,0.0,0.0
ES,2019,240,0.0,0.0
ES,2019,241,0.0,0.0
ES,2019,242,0.0,0.0
ES,2019,243,0.0,0.0
ES,2019,244,0.0,0.0
ES,2019,245,0.0,0.0
ES,2019,246,0.0,0.0
ES,2019,247,0.0,0.0
ES,2019,248,0.0,0.0
ES,2019,249,0.0,0.0
ES,2019,250,0.0,0.0
ES,2019,251,0.0,0.0
ES,2019,252,0.0,0.0
ES,2019,253,0.0,0.0
ES,2019,254,0.0,0.0
ES,2019,255,0.0,0.0
ES,2019,256,0.0,0.0
ES,2019,257,0.0,0.0
ES,2019,258,0.0,0.0
ES,2019,259,0.0,0.0
ES,2019,260,0.0,0.0
ES,2019,261,0.0,0.0
ES,2019,262,0.0,0.0
ES,2019,263,0.0,0.0
ES,2019,264,0.0,0.0
ES,2019,265,0.0,0.0
ES,2019,266,0.0,0.0
ES,2019,267,0.0,0.0
ES,2019,268,0.0,0.0
ES,2019,269,0.0,0.0
ES,2019,270,0.0,0.0
ES,2019,271,0.0,0.0
ES,2019,272,0.0,0.0
ES,2019,273,0.0,0.0
ES,2019,274,0.0,0.0
ES,2019,275,0.0,0.0
ES,2019,276,0.0,0.0
ES,2019,277,0.0,0.0
ES,2019,278,0.0,0.0
ES,2019,279,0.0,0.0
ES,2019,280,0.0,0.0
ES,2019,281,0.0,0.0
ES,2019,282,0.0,0.0
ES,2019,283,0.0,0.0
ES,2019,284,0.0,0.0
ES,2019,285,0.0,0.0
ES,2019,286,0.0,0.0
ES,2019,287,0.0,0.0
ES,2019,288,0.0,0.0
ES,2019,289,0.0,0.0
ES,2019,290,0.0,0.0
ES,2019,291,0.0,0.0
ES,2019,292,0.0,0.0
ES,2019,293,0.0,0.0
ES,2019,294,0.0,0.0
ES,2019,295,0.0,0.0
ES,2019,296,0.0,0.0
ES,2019,297,0.0,0.0
ES,2019,298,0.0,0.0
ES,2019,299,0.0,0.0
ES,2019,300,0.0,0.0
ES,2019,301,0.0,0.0
ES,2019,302,0.0,0.0
ES,2019,303,0.0,0.0
ES,2019,304,0.0,0.0
ES,2019,305,0.0,0.0
ES,2019,306,0.0,0.0
ES,2019,307,0.0,0.0
ES,2019,308,0.0,0.0
ES,2019,309,0.0,0.0
ES,2019,310,0.0,0.0
ES,2019,311,0.0,0.0
ES,2019,312,0.0,0.0
ES,2019,313,0.0,0.0
ES,2019,314,0.0,0.0
ES,2019,315,0.0,0.0
ES,2019,316,0.0,0.0
ES,2019,317,0.0,0.0
ES,2019,318,0.0,0.0
ES,2019,319,0.0,0.0
ES,2019,320,0.0,0.0
ES,2019,321,0.0,0.0
ES,2019,322,0.0,0.0
ES,2019,323,0.0,0.0
ES,2019,324,0.0,0.0
ES,2019,325,0.0,0.0
ES,2019,326,0.0,0.0
ES,2019,327,0.0,0.0
ES,2019,328,0.0,0.0
ES,2019,329,0.0,0.0
ES,2019,330,0.0,0.0
ES,2019,331,0.0,0.0
ES,2019,332,0.0,0.0
ES,2019,333,0.0,0.0
ES,2019,334,0.0,0.0
ES,2019,335,0.0,0.0
ES,2019,336,0.0,0.0
ES,2019,337,0.0,0.0
ES,2019,338,0.0,0.0
ES,2019,339,0.0,0.0
ES,2019,340,0.0,0.0
ES,2019,341,0.0,0.0
ES,2019,342,0.0,0.0
ES,2019,343,0.0,0.0
ES,2019,344,0.0,0.0
ES,2019,345,0.0,0.0
ES,2019,346,0.0,0.0
ES,2019,347,0.0,0.0
ES,2019,348,0.0,0.0
ES,2019,349,0.0,0.0
ES,2019,350,0.0,0.0
ES,2019,351,0.0,0.0
ES,2019,352,0.0,0.0
ES,2019,353,0.0,0.0
ES,2019,354,0.0,0.0
ES,2019,355,1.0,0.0
ES,2019,356,9.0,0.0
ES,2019,357,9.0,0.0
ES,2019,358,10.0,0.0
ES,2019,359,10.0,0.0
ES,2019,360,10.0,0.0
ES,2019,361,10.0,0.0
ES,2019,362,10.0,0.0
ES,2019,363,10.0,0.0
ES,2019,364,10.0,0.0
ES,2019,365,10.0,0.0
ES,2019,366,,
ES,2020,1,0.0,0.0
ES,2020,2,0.0,0.0
ES,2020,3,0.0,0.0
ES,2020,4,0.0,0.0
ES,2020,5,0.0,0.0
ES,2020,6,0.0,0.0
ES,2020,7,0.0,0.0
ES,2020,8,0.0,0.0
ES,2020,9,0.0,0.0
ES,2020,10,0.0,0.0
ES,2020,11,0.0,0.0
ES,2020,12,0.0,0.0
ES,2020,13,0.0,0.0
ES,2020,14,0.0,0.0
ES,2020,15,0.0,0.0
ES,2020,16,0.0,0.0
ES,2020,17,0.0,0.0
ES,2020,18,0.0,0.0
ES,2020,19,0.0,0.0
ES,2020,20,0.0,0.0
ES,2020,21,0.0,0.0
ES,2020,22,0.0,0.0
ES,2020,23,0.0,0.0
ES,2020,24,0.0,0.0
ES,2020,25,0.0,0.0
ES,2020,26,0.0,0.0
ES,2020,27,0.0,0.0
ES,2020,28,0.0,0.0
ES,2020,29,0.0,0.0
ES,2020,30,0.0,0.0
ES,2020,31,0.0,0.0
ES,2020,32,0.0,0.0
ES,2020,33,0.0,0.0
ES,2020,34,0.0,0.0
ES,2020,35,0.0,0.0
ES,2020,36,0.0,0.0
ES,2020,37,0.0,0.0
ES,2020,38,0.0,0.0
ES,2020,39,0.0,0.0
ES,2020,40,0.0,0.0
ES,2020,41,0.0,0.0
ES,2020,42,0.0,0.0
ES,2020,43,0.0,0.0
ES,2020,44,0.0,0.0
ES,2020,45,0.0,0.0
ES,2020,46,0.0,0.0
ES,2020,47,0.0,0.0
ES,2020,48,0.0,0.0
ES,2020,49,0.0,0.0
ES,2020,50,0.0,0.0
ES,2020,51,0.0,0.0
ES,2020,52,0.0,0.0
ES,2020,53,0.0,0.0
ES,2020,54,0.0,0.0
ES,2020,55,0.0,0.0
ES,2020,56,0.0,0.0
ES,2020,57,0.0,0.0
ES,2020,58,0.0,0.0
ES,2020,59,0.0,0.0
ES,2020,60,0.0,0.0
ES,2020,61,0.0,0.0
ES,2020,62,0.0,0.0
ES,2020,63,0.0,0.0
ES,2020,64,0.0,0.0
ES,2020,65,0.0,0.0
ES,2020,66,0.0,0.0
ES,2020,67,0.0,0.0
ES,2020,68,0.0,0.0
ES,2020,69,0.0,0.0
ES,2020,70,0.0,0.0
ES,2020,71,0.0,0.0
ES,2020,72,0.0,0.0
ES,2020,73,0.0,0.0
ES,2020,74,0.0,0.0
ES,2020,75,0.0,0.0
ES,2020,76,0.0,0.0
ES,2020,77,0.0,0.0
ES,2020,78,0.0,0.0
ES,2020,79,0.0,0.0
ES,2020,80,0.0,0.0
ES,2020,81,0.0,0.0
ES,2020,82,0.0,0.0
ES,2020,83,0.0,0.0
ES,2020,84,0.0,0.0
ES,2020,85,0.0,0.0
ES,2020,86,0.0,0.0
ES,2020,87,0.0,0.0
ES,2020,88,0.0,0.0
ES,2020,89,0.0,0.0
ES,2020,90,0.0,0.0
ES,2020,91,0.0,0.0
ES,2020,92,0.0,0.0
ES,2020,93,0.0,0.0
ES,2020,94,0.0,0.0
ES,2020,95,0.0,0.0
ES,2020,96,0.0,0.0
ES,2020,97,0.0,0.0
ES,2020,98,0.0,0.0
ES,2020,99,0.0,0.0
ES,2020,100,0.0,0.0
ES,2020,101,0.0,0.0
ES,2020,102,0.0,0.0
ES,2020,103,0.0,0.0
ES,2020,104,0.0,0.0
ES,2020,105,0.0,0.0
ES,2020,106,0.0,0.0
ES,2020,107,0.0,0.0
ES,2020,108,0.0,0.0
ES,2020,109,0.0,0.0
ES,2020,110,0.0,0.0
ES,2020,111,0.0,0.0
ES,2020,112,0.0,0.0
ES,2020,113,0.0,0.0
ES,2020,114,0.0,0.0
ES,2020,115,0.0,0.0
ES,2020,116,0.0,0.0
ES,2020,117,0.0,0.0
ES,2020,118,0.0,0.0
ES,2020,119,0.0,0.0
ES,2020,120,0.0,0.0
ES,2020,121,0.0,0.0
ES,2020,122,0.0,0.0
ES,2020,123,0.0,0.0
ES,2020,124,0.0,0.0
ES,2020,125,0.0,0.0
ES,2020,126,0.0,0.0
ES,2020,127,0.0,0.0
ES,2020,128,0.0,0.0
ES,2020,129,0.0,0.0
ES,2020,130,0.0,0.0
ES,2020,131,0.0,0.0
ES,2020,132,0.0,0.0
ES,2020,133,0.0,0.0
ES,2020,134,0.0,0.0
ES,2020,135,0.0,0.0
ES,2020,136,0.0,0.0
ES,2020,137,0.0,0.0
ES,2020,138,0.0,0.0
ES,2020,139,0.0,0.0
ES,2020,140,0.0,0.0
ES,2020,141,0.0,0.0
ES,2020,142,0.0,0.0
ES,2020,143,0.0,0.0
ES,2020,144,0.0,0.0
ES,2020,145,0.0,0.0
ES,2020,146,0.0,0.0
ES,2020,147,0.0,0.0
ES,2020,148,0.0,0.0
ES,2020,149,0.0,0.0
ES,2020,150,0.0,0.0
ES,2020,151,0.0,0.0
ES,2020,152,0.0,0.0
ES,2020,153,0.0,0.0
ES,2020,154,0.0,0.0
ES,2020,155,0.0,0.0
ES,2020,156,0.0,0.0
ES,2020,157,0.0,0.0
ES,2020,158,0.0,0.0
ES,2020,159,0.0,0.0
ES,2020,160,0.0,0.0
ES,2020,161,0.0,0.0
ES,2020,162,0.0,0.0
ES,2020,163,0.0,0.0
ES,2020,164,0.0,0.0
ES,2020,165,0.0,0.0
ES,2020,166,0.0,0.0
ES,2020,167,0.0,0.0
ES,2020,168,0.0,0.0
ES,2020,169,0.0,0.0
ES,2020,170,0.0,0.0
ES,2020,171,0.0,0.0
ES,2020,172,0.0,0.0
ES,2020,173,0.0,0.0
ES,2020,174,0.0,0.0
ES,2020,175,0.0,0.0
ES,2020,176,0.0,0.0
ES,2020,177,0.0,0.0
ES,2020,178,0.0,0.0
ES,2020,179,0.0,0.0
ES,2020,180,0.0,0.0
ES,2020,181,0.0,0.0
ES,2020,182,0.0,0.0
ES,2020,183,0.0,0.0
ES,2020,184,0.0,0.0
ES,2020,185,0.0,0.0
ES,2020,186,0.0,0.0
ES,2020,187,0.0,0.0
ES,2020,188,0.0,0.0
ES,2020,189,0.0,0.0
ES,2020,190,0.0,0.0
ES,2020,191,0.0,0.0
ES,2020,192,0.0,0.0
ES,2020,193,0.0,0.0
ES,2020,194,0.0,0.0
ES,2020,195,0.0,0.0
ES,2020,196,0.0,0.0
ES,2020,197,0.0,0.0
ES,2020,198,0.0,0.0
ES,2020,199,0.0,0.0
ES,2020,200,0.0,0.0
ES,2020,201,0.0,0.0
ES,2020,202,0.0,0.0
ES,2020,203,0.0,0.0
ES,2020,204,0.0,0.0
ES,2020,205,0.0,0.0
ES,2020,206,0.0,0.0
ES,2020,207,0.0,0.0
ES,2020,208,0.0,0.0
ES,2020,209,0.0,0.0
ES,2020,210,0.0,0.0
ES,2020,211,0.0,0.0
ES,2020,212,0.0,0.0
ES,2020,213,0.0,0.0
ES,2020,214,0.0,0.0
ES,2020,215,0.0,0.0
ES,2020,216,0.0,0.0
ES,2020,217,0.0,0.0
ES,2020,218,0.0,0.0
ES,2020,219,0.0,0.0
ES,2020,220,0.0,0.0
ES,2020,221,0.0,0.0
ES,2020,222,0.0,0.0
ES,2020,223,0.0,0.0
ES,2020,224,0.0,0.0
ES,2020,225,0.0,0.0
ES,2020,226,0.0,0.0
ES,2020,227,0.0,0.0
ES,2020,228,0.0,0.0
ES,2020,229,0.0,0.0
ES,2020,230,0.0,0.0
ES,2020,231,0.0,0.0
ES,2020,232,0.0,0.0
ES,2020,233,0.0,0.0
ES,2020,234,0.0,0.0
ES,2020,235,0.0,0.0
ES,2020,236,0.0,0.0
ES,2020,237,0.0,0.0
ES,2020,238,0.0,0.0
ES,2020,239,0.0,0.0
ES,2020,240,0.0,0.0
ES,2020,241,0.0,0.0
ES,2020,242,0.0,0.0
ES,2020,243,0.0,0.0
ES,2020,244,0.0,0.0
ES,2020,245,0.0,0.0
ES,2020,246,0.0,0.0
ES,2020,247,0.0,0.0
ES,2020,248,0.0,0.0
ES,2020,249,0.0,0.0
ES,2020,250,0.0,0.0
ES,2020,251,0.0,0.0
ES,2020,252,0.0,0.0
ES,2020,253,0.0,0.0
ES,2020,254,0.0,0.0
ES,2020,255,0.0,0.0
ES,2020,256,0.0,0.0
ES,2020,257,0.0,0.0
ES,2020,258,0.0,0.0
ES,2020,259,0.0,0.0
ES,2020,260,0.0,0.0
ES,2020,261,0.0,0.0
ES,2020,262,0.0,0.0
ES,2020,263,0.0,0.0
ES,2020,264,0.0,0.0
ES,2020,265,0.0,0.0
ES,2020,266,0.0,0.0
ES,2020,267,0.0,0.0
ES,2020,268,0.0,0.0
ES,2020,269,0.0,0.0
ES,2020,270,0.0,0.0
ES,2020,271,0.0,0.0
ES,2020,272,0.0,0.0
ES,2020,273,0.0,0.0
ES,2020,274,0.0,0.0
ES,2020,275,0.0,0.0
ES,2020,276,0.0,0.0
ES,2020,277,0.0,0.0
ES,2020,278,0.0,0.0
ES,2020,279,0.0,0.0
ES,2020,280,0.0,0.0
ES,2020,281,0.0,0.0
ES,2020,282,0.0,0.0
ES,2020,283,0.0,0.0
ES,2020,284,0.0,0.0
ES,2020,285,0.0,0.0
ES,2020,286,0.0,0.0
ES,2020,287,0.0,0.0
ES,2020,288,0.0,0.0
ES,2020,289,0.0,0.0
ES,2020,290,0.0,0.0
ES,2020,291,0.0,0.0
ES,2020,292,0.0,0.0
ES,2020,293,0.0,0.0
ES,2020,294,0.0,0.0
ES,2020,295,0.0,0.0
ES,2020,296,0.0,0.0
ES,2020,297,0.0,0.0
ES,2020,298,0.0,0.0
ES,2020,299,0.0,0.0
ES,2020,300,0.0,0.0
ES,2020,301,0.0,0.0
ES,2020,302,0.0,0.0
ES,2020,303,0.0,0.0
ES,2020,304,0.0,0.0
ES,2020,305,0.0,0.0
ES,2020,306,0.0,0.0
ES,2020,307,0.0,0.0
ES,2020,308,0.0,0.0
ES,2020,309,0.0,0.0
ES,2020,310,0.0,0.0
ES,2020,311,0.0,0.0
ES,2020,312,0.0,0.0
ES,2020,313,0.0,0.0
ES,2020,314,0.0,0.0
ES,2020,315,0.0,0.0
ES,2020,316,0.0,0.0
ES,2020,317,0.0,0.0
ES,2020,318,0.0,0.0
ES,2020,319,0.0,0.0
ES,2020,320,0.0,0.0
ES,2020,321,0.0,0.0
ES,2020,322,0.0,0.0
ES,2020,323,0.0,0.0
ES,2020,324,0.0,0.0
ES,2020,325,0.0,0.0
ES,2020,326,0.0,0.0
ES,2020,327,0.0,0.0
ES,2020,328,0.0,0.0
ES,2020,329,0.0,0.0
ES,2020,330,0.0,0.0
ES,2020,331,0.0,0.0
ES,2020,332,0.0,0.0
ES,2020,333,0.0,0.0
ES,2020,334,0.0,0.0
ES,2020,335,0.0,0.0
ES,2020,336,0.0,0.0
ES,2020,337,0.0,0.0
ES,2020,338,0.0,0.0
ES,2020,339,0.0,0.0
ES,2020,340,0.0,0.0
ES,2020,341,0.0,0.0
ES,2020,342,0.0,0.0
ES,2020,343,0.0,0.0
ES,2020,344,0.0,0.0
ES,2020,345,0.0,0.0
ES,2020,346,0.0,0.0
ES,2020,347,0.0,0.0
ES,2020,348,0.0,0.0
ES,2020,349,0.0,0.0
ES,2020,350,0.0,0.0
ES,2020,351,0.0,0.0
ES,2020,352,0.0,0.0
ES,2020,353,0.0,0.0
ES,2020,354,0.0,0.0
ES,2020,355,0.0,0.0
ES,2020,356,0.0,0.0
ES,2020,357,0.0,0.0
ES,2020,358,0.0,0.0
ES,2020,359,0.0,0.0
ES,2020,360,0.0,0.0
ES,2020,361,0.0,0.0
ES,2020,362,0.0,0.0
ES,2020,363,0.0,0.0
ES,2020,364,0.0,0.0
ES,2020,365,0.0,0.0
ES,2020,366,0.0,0.0
ES,2021,1,0.0,0.0
ES,2021,2,0.0,0.0
ES,2021,3,0.0,0.0
ES,2021,4,0.0,0.0
ES,2021,5,0.0,0.0
ES,2021,6,0.0,0.0
ES,2021,7,0.0,0.0
ES,2021,8,0.0,0.0
ES,2021,9,0.0,0.0
ES,2021,10,0.0,0.0
ES,2021,11,0.0,0.0
ES,2021,12,0.0,0.0
ES,2021,13,0.0,0.0
ES,2021,14,0.0,0.0
ES,2021,15,0.0,0.0
ES,2021,16,0.0,0.0
ES,2021,17,0.0,0.0
ES,2021,18,0.0,0.0
ES,2021,19,0.0,0.0
ES,2021,20,0.0,0.0
ES,2021,21,0.0,0.0
ES,2021,22,0.0,0.0
ES,2021,23,0.0,0.0
ES,2021,24,0.0,0.0
ES,2021,25,0.0,0.0
ES,2021,26,0.0,0.0
ES,2021,27,0.0,0.0
ES,2021,28,0.0,0.0
ES,2021,29,0.0,0.0
ES,2021,30,0.0,0.0
ES,2021,31,6.0,0.0
ES,2021,32,10.0,0.0
ES,2021,33,10.0,0.0
ES,2021,34,10.0,0.0
ES,2021,35,10.0,0.0
ES,2021,36,10.0,0.0
ES,2021,37,10.0,0.0
ES,2021,38,14.0,0.0
ES,2021,39,14.0,0.0
ES,2021,40,14.0,0.0
ES,2021,41,14.0,0.0
ES,2021,42,14.0,0.0
ES,2021,43,14.0,0.0
ES,2021,44,14.0,0.0
ES,2021,45,14.0,0.0
ES,2021,46,17.0,0.0
ES,2021,47,17.0,0.0
ES,2021,48,17.0,0.0
ES,2021,49,17.0,0.0
ES,2021,50,17.0,0.0
ES,2021,51,29.0,0.0
ES,2021,52,29.0,0.0
ES,2021,53,29.0,0.0
ES,2021,54,29.0,0.0
ES,2021,55,29.0,0.0
ES,2021,56,29.0,0.0
ES,2021,57,29.0,0.0
ES,2021,58,29.0,0.0
ES,2021,59,29.0,0.0
ES,2021,60,29.0,0.0
ES,2021,61,29.0,0.0
ES,2021,62,29.0,0.0
ES,2021,63,29.0,0.0
ES,2021,64,29.0,0.0
ES,2021,65,29.0,0.0
ES,2021,66,29.0,0.0
ES,2021,67,29.0,0.0
ES,2021,68,29.0,0.0
ES,2021,69,29.0,0.0
ES,2021,70,29.0,0.0
ES,2021,71,29.0,0.0
ES,2021,72,29.0,0.0
ES,2021,73,29.0,0.0
ES,2021,74,29.0,0.0
ES,2021,75,29.0,0.0
ES,2021,76,29.0,0.0
ES,2021,77,29.0,0.0
ES,2021,78,29.0,0.0
ES,2021,79,29.0,0.0
ES,2021,80,29.0,0.0
ES,2021,81,29.0,0.0
ES,2021,82,29.0,0.0
ES,2021,83,29.0,0.0
ES,2021,84,29.0,0.0
ES,2021,85,29.0,0.0
ES,2021,86,29.0,0.0
ES,2021,87,29.0,0.0
ES,2021,88,29.0,0.0
ES,2021,89,29.0,0.0
ES,2021,90,29.0,0.0
ES,2021,91,29.0,0.0
ES,2021,92,29.0,0.0
ES,2021,93,29.0,0.0
ES,2021,94,30.0,0.0
ES,2021,95,30.0,0.0
ES,2021,96,30.0,0.0
ES,2021,97,30.0,0.0
ES,2021,98,30.0,0.0
ES,2021,99,30.0,0.0
ES,2021,100,30.0,0.0
ES,2021,101,30.0,0.0
ES,2021,102,30.0,0.0
ES,2021,103,30.0,0.0
ES,2021,104,30.0,0.0
ES,2021,105,30.0,0.0
ES,2021,106,30.0,0.0
ES,2021,107,30.0,0.0
ES,2021,108,30.0,0.0
ES,2021,109,30.0,0.0
ES,2021,110,30.0,0.0
ES,2021,111,30.0,0.0
ES,2021,112,30.0,0.0
ES,2021,113,30.0,0.0
ES,2021,114,30.0,0.0
ES,2021,115,30.0,0.0
ES,2021,116,30.0,0.0
ES,2021,117,30.0,0.0
ES,2021,118,30.0,0.0
ES,2021,119,30.0,0.0
ES,2021,120,30.0,0.0
ES,2021,121,30.0,0.0
ES,2021,122,30.0,0.0
ES,2021,123,30.0,0.0
ES,2021,124,30.0,0.0
ES,2021,125,30.0,0.0
ES,2021,126,30.0,0.0
ES,2021,127,30.0,0.0
ES,2021,128,31.0,0.0
ES,2021,129,39.0,0.0
ES,2021,130,39.0,0.0
ES,2021,131,39.0,0.0
ES,2021,132,39.0,0.0
ES,2021,133,39.0,0.0
ES,2021,134,39.0,0.0
ES,2021,135,39.0,0.0
ES,2021,136,39.0,0.0
ES,2021,137,39.0,0.0
ES,2021,138,39.0,0.0
ES,2021,139,39.0,0.0
ES,2021,140,39.0,0.0
ES,2021,141,39.0,0.0
ES,2021,142,39.0,0.0
ES,2021,143,39.0,0.0
ES,2021,144,39.0,0.0
ES,2021,145,39.0,0.0
ES,2021,146,39.0,0.0
ES,2021,147,39.0,0.0
ES,2021,148,39.0,0.0
ES,2021,149,39.0,0.0
ES,2021,150,39.0,0.0
ES,2021,151,39.0,0.0
ES,2021,152,39.0,0.0
ES,2021,153,39.0,0.0
ES,2021,154,39.0,0.0
ES,2021,155,39.0,0.0
ES,2021,156,39.0,0.0
ES,2021,157,39.0,0.0
ES,2021,158,39.0,0.0
ES,2021,159,39.0,0.0
ES,2021,160,39.0,0.0
ES,2021,161,39.0,0.0
ES,2021,162,39.0,0.0
ES,2021,163,39.0,0.0
ES,2021,164,39.0,0.0
ES,2021,165,39.0,0.0
ES,2021,166,39.0,0.0
ES,2021,167,39.0,0.0
ES,2021,168,39.0,0.0
ES,2021,169,39.0,0.0
ES,2021,170,39.0,0.0
ES,2021,171,39.0,0.0
ES,2021,172,39.0,0.0
ES,2021,173,39.0,0.0
ES,2021,174,39.0,0.0
ES,2021,175,39.0,0.0
ES,2021,176,39.0,0.0
ES,2021,177,39.0,0.0
ES,2021,178,39.0,0.0
ES,2021,179,39.0,0.0
ES,2021,180,39.0,0.0
ES,2021,181,39.0,0.0
ES,2021,182,39.0,0.0
ES,2021,183,39.0,0.0
ES,2021,184,39.0,0.0
ES,2021,185,39.0,0.0
ES,2021,186,39.0,0.0
ES,2021,187,39.0,0.0
ES,2021,188,39.0,0.0
ES,2021,189,39.0,0.0
ES,2021,190,39.0,0.0
ES,2021,191,39.0,0.0
ES,2021,192,39.0,0.0
ES,2021,193,39.0,0.0
ES,2021,194,39.0,0.0
ES,2021,195,39.0,0.0
ES,2021,196,39.0,0.0
ES,2021,197,39.0,0.0
ES,2021,198,39.0,0.0
ES,2021,199,39.0,0.0
ES,2021,200,39.0,0.0
ES,2021,201,39.0,0.0
ES,2021,202,39.0,0.0
ES,2021,203,39.0,0.0
ES,2021,204,39.0,0.0
ES,2021,205,39.0,0.0
ES,2021,206,39.0,0.0
ES,2021,207,39.0,0.0
ES,2021,208,39.0,0.0
ES,2021,209,39.0,0.0
ES,2021,210,39.0,0.0
ES,2021,211,39.0,0.0
ES,2021,212,39.0,0.0
ES,2021,213,39.0,0.0
ES,2021,214,39.0,0.0
ES,2021,215,39.0,0.0
ES,2021,216,39.0,0.0
ES,2021,217,39.0,0.0
ES,2021,218,39.0,0.0
ES,2021,219,40.0,0.0
ES,2021,220,40.0,0.0
ES,2021,221,40.0,0.0
ES,2021,222,40.0,0.0
ES,2021,223,40.0,0.0
ES,2021,224,40.0,0.0
ES,2021,225,40.0,0.0
ES,2021,226,40.0,0.0
ES,2021,227,40.0,0.0
ES,2021,228,40.0,0.0
ES,2021,229,40.0,0.0
ES,2021,230,40.0,0.0
ES,2021,231,40.0,0.0
ES,2021,232,40.0,0.0
ES,2021,233,40.0,0.0
ES,2021,234,40.0,0.0
ES,2021,235,40.0,0.0
ES,2021,236,40.0,0.0
ES,2021,237,40.0,0.0
ES,2021,238,40.0,0.0
ES,2021,239,40.0,0.0
ES,2021,240,40.0,0.0
ES,2021,241,40.0,0.0
ES,2021,242,40.0,0.0
ES,2021,243,40.0,0.0
ES,2021,244,40.0,0.0
ES,2021,245,40.0,0.0
ES,2021,246,40.0,0.0
ES,2021,247,40.0,0.0
ES,2021,248,40.0,0.0
ES,2021,249,40.0,0.0
ES,2021,250,40.0,0.0
ES,2021,251,40.0,0.0
ES,2021,252,40.0,0.0
ES,2021,253,40.0,0.0
ES,2021,254,40.0,0.0
ES,2021,255,40.0,0.0
ES,2021,256,40.0,0.0
ES,2021,257,40.0,0.0
ES,2021,258,40.0,0.0
ES,2021,259,40.0,0.0
ES,2021,260,40.0,0.0
ES,2021,261,40.0,0.0
ES,2021,262,40.0,0.0
ES,2021,263,40.0,0.0
ES,2021,264,40.0,0.0
ES,2021,265,40.0,0.0
ES,2021,266,40.0,0.0
ES,2021,267,40.0,0.0
ES,2021,268,40.0,0.0
ES,2021,269,40.0,0.0
ES,2021,270,40.0,0.0
ES,2021,271,40.0,0.0
ES,2021,272,40.0,0.0
ES,2021,273,40.0,0.0
ES,2021,274,40.0,0.0
ES,2021,275,40.0,0.0
ES,2021,276,40.0,0.0
ES,2021,277,40.0,0.0
ES,2021,278,40.0,0.0
ES,2021,279,40.0,0.0
ES,2021,280,40.0,0.0
ES,2021,281,40.0,0.0
ES,2021,282,40.0,0.0
ES,2021,283,40.0,0.0
ES,2021,284,40.0,0.0
ES,2021,285,40.0,0.0
ES,2021,286,40.0,0.0
ES,2021,287,40.0,0.0
ES,2021,288,40.0,0.0
ES,2021,289,40.0,0.0
ES,2021,290,40.0,0.0
ES,2021,291,40.0,0.0
ES,2021,292,40.0,0.0
ES,2021,293,40.0,0.0
ES,2021,294,40.0,0.0
ES,2021,295,40.0,0.0
ES,2021,296,40.0,0.0
ES,2021,297,40.0,0.0
ES,2021,298,40.0,0.0
ES,2021,299,40.0,0.0
ES,2021,300,40.0,0.0
ES,2021,301,40.0,0.0
ES,2021,302,40.0,0.0
ES,2021,303,40.0,0.0
ES,2021,304,40.0,0.0
ES,2021,305,40.0,0.0
ES,2021,306,40.0,0.0
ES,2021,307,40.0,0.0
ES,2021,308,40.0,0.0
ES,2021,309,40.0,0.0
ES,2021,310,40.0,0.0
ES,2021,311,40.0,0.0
ES,2021,312,40.0,0.0
ES,2021,313,40.0,0.0
ES,2021,314,40.0,0.0
ES,2021,315,40.0,0.0
ES,2021,316,40.0,0.0
ES,2021,317,40.0,0.0
ES,2021,318,40.0,0.0
ES,2021,319,40.0,0.0
ES,2021,320,40.0,0.0
ES,2021,321,40.0,0.0
ES,2021,322,40.0,0.0
ES,2021,323,40.0,0.0
ES,2021,324,40.0,0.0
ES,2021,325,40.0,0.0
ES,2021,326,40.0,0.0
ES,2021,327,40.0,0.0
ES,2021,328,40.0,0.0
ES,2021,329,40.0,0.0
ES,2021,330,40.0,0.0
ES,2021,331,40.0,0.0
ES,2021,332,40.0,0.0
ES,2021,333,40.0,0.0
ES,2021,334,40.0,0.0
ES,2021,335,40.0,0.0
ES,2021,336,40.0,0.0
ES,2021,337,40.0,0.0
ES,2021,338,40.0,0.0
ES,2021,339,40.0,0.0
ES,2021,340,40.0,0.0
ES,2021,341,40.0,0.0
ES,2021,342,40.0,0.0
ES,2021,343,40.0,0.0
ES,2021,344,40.0,0.0
ES,2021,345,40.0,0.0
ES,2021,346,40.0,0.0
ES,2021,347,40.0,0.0
ES,2021,348,40.0,0.0
ES,2021,349,40.0,0.0
ES,2021,350,40.0,0.0
ES,2021,351,40.0,0.0
ES,2021,352,40.0,0.0
ES,2021,353,40.0,0.0
ES,2021,354,40.0,0.0
ES,2021,355,40.0,0.0
ES,2021,356,40.0,0.0
ES,2021,357,40.0,0.0
ES,2021,358,40.0,0.0
ES,2021,359,40.0,0.0
ES,2021,360,40.0,0.0
ES,2021,361,40.0,0.0
ES,2021,362,40.0,0.0
ES,2021,363,40.0,0.0
ES,2021,364,40.0,0.0
ES,2021,365,40.0,0.0
ES,2021,366,,
ES,2022,1,0.0,0.0
ES,2022,2,0.0,0.0
ES,2022,3,0.0,0.0
ES,2022,4,0.0,0.0
ES,2022,5,0.0,0.0
ES,2022,6,0.0,0.0
ES,2022,7,0.0,0.0
ES,2022,8,0.0,0.0
ES,2022,9,0.0,0.0
ES,2022,10,0.0,0.0
ES,2022,11,0.0,0.0
ES,2022,12,0.0,0.0
ES,2022,13,0.0,0.0
ES,2022,14,0.0,0.0
ES,2022,15,0.0,0.0
ES,2022,16,0.0,0.0
ES,2022,17,0.0,0.0
ES,2022,18,0.0,0.0
ES,2022,19,0.0,0.0
ES,2022,20,0.0,0.0
ES,2022,21,0.0,0.0
ES,2022,22,0.0,0.0
ES,2022,23,0.0,0.0
ES,2022,24,0.0,0.0
ES,2022,25,0.0,0.0
ES,2022,26,0.0,0.0
ES,2022,27,0.0,0.0
ES,2022,28,0.0,0.0
ES,2022,29,0.0,0.0
ES,2022,30,0.0,0.0
ES,2022,31,0.0,0.0
ES,2022,32,0.0,0.0
ES,2022,33,0.0,0.0
ES,2022,34,0.0,0.0
ES,2022,35,0.0,0.0
ES,2022,36,0.0,0.0
ES,2022,37,0.0,0.0
ES,2022,38,0.0,0.0
ES,2022,39,0.0,0.0
ES,2022,40,0.0,0.0
ES,2022,41,0.0,0.0
ES,2022,42,0.0,0.0
ES,2022,43,0.0,0.0
ES,2022,44,0.0,0.0
ES,2022,45,0.0,0.0
ES,2022,46,0.0,0.0
ES,2022,47,0.0,0.0
ES,2022,48,0.0,0.0
ES,2022,49,0.0,0.0
ES,2022,50,0.0,0.0
ES,2022,51,0.0,0.0
ES,2022,52,0.0,0.0
ES,2022,53,0.0,0.0
ES,2022,54,0.0,0.0
ES,2022,55,0.0,0.0
ES,2022,56,0.0,0.0
ES,2022,57,0.0,0.0
ES,2022,58,0.0,0.0
ES,2022,59,0.0,0.0
ES,2022,60,0.0,0.0
ES,2022,61,0.0,0.0
ES,2022,62,0.0,0.0
ES,2022,63,0.0,0.0
ES,2022,64,0.0,0.0
ES,2022,65,0.0,0.0
ES,2022,66,0.0,0.0
ES,2022,67,0.0,0.0
ES,2022,68,0.0,0.0
ES,2022,69,0.0,0.0
ES,2022,70,0.0,0.0
ES,2022,71,0.0,0.0
ES,2022,72,0.0,0.0
ES,2022,73,0.0,0.0
ES,2022,74,0.0,0.0
ES,2022,75,0.0,0.0
ES,2022,76,0.0,0.0
ES,2022,77,0.0,0.0
ES,2022,78,0.0,0.0
ES,2022,79,0.0,0.0
ES,2022,80,0.0,0.0
ES,2022,81,0.0,0.0
ES,2022,82,0.0,0.0
ES,2022,83,0.0,0.0
ES,2022,84,0.0,0.0
ES,2022,85,0.0,0.0
ES,2022,86,0.0,0.0
ES,2022,87,0.0,0.0
ES,2022,88,0.0,0.0
ES,2022,89,0.0,0.0
ES,2022,90,0.0,0.0
ES,2022,91,0.0,0.0
ES,2022,92,0.0,0.0
ES,2022,93,0.0,0.0
ES,2022,94,0.0,0.0
ES,2022,95,0.0,0.0
ES,2022,96,0.0,0.0
ES,2022,97,0.0,0.0
ES,2022,98,0.0,0.0
ES,2022,99,0.0,0.0
ES,2022,100,0.0,0.0
ES,2022,101,0.0,0.0
ES,2022,102,0.0,0.0
ES,2022,103,0.0,0.0
ES,2022,104,0.0,0.0
ES,2022,105,0.0,0.0
ES,2022,106,0.0,0.0
ES,2022,107,0.0,0.0
ES,2022,108,0.0,0.0
ES,2022,109,0.0,0.0
ES,2022,110,0.0,0.0
ES,2022,111,0.0,0.0
ES,2022,112,0.0,0.0
ES,2022,113,0.0,0.0
ES,2022,114,0.0,0.0
ES,2022,115,0.0,0.0
ES,2022,116,0.0,0.0
ES,2022,117,0.0,0.0
ES,2022,118,0.0,0.0
ES,2022,119,0.0,0.0
ES,2022,120,0.0,0.0
ES,2022,121,0.0,0.0
ES,2022,122,0.0,0.0
ES,2022,123,0.0,0.0
ES,2022,124,0.0,0.0
ES,2022,125,0.0,0.0
ES,2022,126,0.0,0.0
ES,2022,127,0.0,0.0
ES,2022,128,0.0,0.0
ES,2022,129,0.0,0.0
ES,2022,130,0.0,0.0
ES,2022,131,0.0,0.0
ES,2022,132,0.0,0.0
ES,2022,133,0.0,0.0
ES,2022,134,0.0,0.0
ES,2022,135,0.0,0.0
ES,2022,136,0.0,0.0
ES,2022,137,0.0,0.0
ES,2022,138,0.0,0.0
ES,2022,139,0.0,0.0
ES,2022,140,0.0,0.0
ES,2022,141,0.0,0.0
ES,2022,142,0.0,0.0
ES,2022,143,0.0,0.0
ES,2022,144,0.0,0.0
ES,2022,145,0.0,0.0
ES,2022,146,0.0,0.0
ES,2022,147,0.0,0.0
ES,2022,148,0.0,0.0
ES,2022,149,0.0,0.0
ES,2022,150,0.0,0.0
ES,2022,151,0.0,0.0
ES,2022,152,0.0,0.0
ES,2022,153,0.0,0.0
ES,2022,154,0.0,0.0
ES,2022,155,0.0,0.0
ES,2022,156,0.0,0.0
ES,2022,157,0.0,0.0
ES,2022,158,0.0,0.0
ES,2022,159,0.0,0.0
ES,2022,160,0.0,0.0
ES,2022,161,0.0,0.0
ES,2022,162,0.0,0.0
ES,2022,163,0.0,0.0
ES,2022,164,0.0,0.0
ES,2022,165,0.0,0.0
ES,2022,166,0.0,0.0
ES,2022,167,0.0,0.0
ES,2022,168,0.0,0.0
ES,2022,169,0.0,0.0
ES,2022,170,0.0,0.0
ES,2022,171,0.0,0.0
ES,2022,172,0.0,0.0
ES,2022,173,0.0,0.0
ES,2022,174,0.0,0.0
ES,2022,175,0.0,0.0
ES,2022,176,0.0,0.0
ES,2022,177,0.0,0.0
ES,2022,178,0.0,0.0
ES,2022,179,0.0,0.0
ES,2022,180,0.0,0.0
ES,2022,181,0.0,0.0
ES,2022,182,0.0,0.0
ES,2022,183,0.0,0.0
ES,2022,184,0.0,0.0
ES,2022,185,0.0,0.0
ES,2022,186,0.0,0.0
ES,2022,187,0.0,0.0
ES,2022,188,0.0,0.0
ES,2022,189,0.0,0.0
ES,2022,190,0.0,0.0
ES,2022,191,0.0,0.0
ES,2022,192,0.0,0.0
ES,2022,193,0.0,0.0
ES,2022,194,0.0,0.0
ES,2022,195,0.0,0.0
ES,2022,196,0.0,0.0
ES,2022,197,0.0,0.0
ES,2022,198,0.0,0.0
ES,2022,199,0.0,0.0
ES,2022,200,0.0,0.0
ES,2022,201,0.0,0.0
ES,2022,202,0.0,0.0
ES,2022,203,0.0,0.0
ES,2022,204,0.0,0.0
ES,2022,205,0.0,0.0
ES,2022,206,0.0,0.0
ES,2022,207,0.0,0.0
ES,2022,208,0.0,0.0
ES,2022,209,0.0,0.0
ES,2022,210,0.0,0.0
ES,2022,211,0.0,0.0
ES,2022,212,0.0,0.0
ES,2022,213,0.0,0.0
ES,2022,214,0.0,0.0
ES,2022,215,0.0,0.0
ES,2022,216,0.0,0.0
ES,2022,217,0.0,0.0
ES,2022,218,0.0,0.0
ES,2022,219,0.0,0.0
ES,2022,220,0.0,0.0
ES,2022,221,0.0,0.0
ES,2022,222,0.0,0.0
ES,2022,223,0.0,0.0
ES,2022,224,0.0,0.0
ES,2022,225,0.0,0.0
ES,2022,226,0.0,0.0
ES,2022,227,0.0,0.0
ES,2022,228,0.0,0.0
ES,2022,229,0.0,0.0
ES,2022,230,0.0,0.0
ES,2022,231,0.0,0.0
ES,2022,232,0.0,0.0
ES,2022,233,0.0,0.0
ES,2022,234,0.0,0.0
ES,2022,235,0.0,0.0
ES,2022,236,0.0,0.0
ES,2022,237,0.0,0.0
ES,2022,238,0.0,0.0
ES,2022,239,0.0,0.0
ES,2022,240,0.0,0.0
ES,2022,241,0.0,0.0
ES,2022,242,0.0,0.0
ES,2022,243,0.0,0.0
ES,2022,244,0.0,0.0
ES,2022,245,0.0,0.0
ES,2022,246,0.0,0.0
ES,2022,247,0.0,0.0
ES,2022,248,0.0,0.0
ES,2022,249,0.0,0.0
ES,2022,250,0.0,0.0
ES,2022,251,0.0,0.0
ES,2022,252,0.0,0.0
ES,2022,253,0.0,0.0
ES,2022,254,0.0,0.0
ES,2022,255,0.0,0.0
ES,2022,256,0.0,0.0
ES,2022,257,0.0,0.0
ES,2022,258,0.0,0.0
ES,2022,259,0.0,0.0
ES,2022,260,0.0,0.0
ES,2022,261,0.0,0.0
ES,2022,262,0.0,0.0
ES,2022,263,0.0,0.0
ES,2022,264,0.0,0.0
ES,2022,265,0.0,0.0
ES,2022,266,0.0,0.0
ES,2022,267,0.0,0.0
ES,2022,268,0.0,0.0
ES,2022,269,0.0,0.0
ES,2022,270,0.0,0.0
ES,2022,271,0.0,0.0
ES,2022,272,0.0,0.0
ES,2022,273,0.0,0.0
ES,2022,274,0.0,0.0
ES,2022,275,0.0,0.0
ES,2022,276,0.0,0.0
ES,2022,277,0.0,0.0
ES,2022,278,0.0,0.0
ES,2022,279,0.0,0.0
ES,2022,280,0.0,0.0
ES,2022,281,0.0,0.0
ES,2022,282,0.0,0.0
ES,2022,283,0.0,0.0
ES,2022,284,0.0,0.0
ES,2022,285,0.0,0.0
ES,2022,286,0.0,0.0
ES,2022,287,0.0,0.0
ES,2022,288,0.0,0.0
ES,2022,289,0.0,0.0
ES,2022,290,0.0,0.0
ES,2022,291,0.0,0.0
ES,2022,292,0.0,0.0
ES,2022,293,0.0,0.0
ES,2022,294,0.0,0.0
ES,2022,295,0.0,0.0
ES,2022,296,0.0,0.0
ES,2022,297,0.0,0.0
ES,2022,298,0.0,0.0
ES,2022,299,0.0,0.0
ES,2022,300,0.0,0.0
ES,2022,301,0.0,0.0
ES,2022,302,0.0,0.0
ES,2022,303,0.0,0.0
ES,2022,304,0.0,0.0
ES,2022,305,0.0,0.0
ES,2022,306,0.0,0.0
ES,2022,307,0.0,0.0
ES,2022,308,0.0,0.0
ES,2022,309,0.0,0.0
ES,2022,310,0.0,0.0
ES,2022,311,0.0,0.0
ES,2022,312,0.0,0.0
ES,2022,313,0.0,0.0
ES,2022,314,0.0,0.0
ES,2022,315,0.0,0.0
ES,2022,316,0.0,0.0
ES,2022,317,0.0,0.0
ES,2022,318,0.0,0.0
ES,2022,319,0.0,0.0
ES,2022,320,0.0,0.0
ES,2022,321,0.0,0.0
ES,2022,322,0.0,0.0
ES,2022,323,0.0,0.0
ES,2022,324,0.0,0.0
ES,2022,325,0.0,0.0
ES,2022,326,0.0,0.0
ES,2022,327,0.0,0.0
ES,2022,328,0.0,0.0
ES,2022,329,0.0,0.0
ES,2022,330,0.0,0.0
ES,2022,331,0.0,0.0
ES,2022,332,0.0,0.0
ES,2022,333,0.0,0.0
ES,2022,334,0.0,0.0
ES,2022,335,0.0,0.0
ES,2022,336,0.0,0.0
ES,2022,337,0.0,0.0
ES,2022,338,0.0,0.0
ES,2022,339,0.0,0.0
ES,2022,340,0.0,0.0
ES,2022,341,0.0,0.0
ES,2022,342,0.0,0.0
ES,2022,343,0.0,0.0
ES,2022,344,0.0,0.0
ES,2022,345,0.0,0.0
ES,2022,346,0.0,0.0
ES,2022,347,0.0,0.0
ES,2022,348,0.0,0.0
ES,2022,349,0.0,0.0
ES,2022,350,0.0,0.0
ES,2022,351,0.0,0.0
ES,2022,352,0.0,0.0
ES,2022,353,0.0,0.0
ES,2022,354,0.0,0.0
ES,2022,355,0.0,0.0
ES,2022,356,0.0,0.0
ES,2022,357,0.0,0.0
ES,2022,358,0.0,0.0
ES,2022,359,0.0,0.0
ES,2022,360,0.0,0.0
ES,2022,361,0.0,0.0
ES,2022,362,0.0,0.0
ES,2022,363,4.0,0.0
ES,2022,364,6.0,0.0
ES,2022,365,19.0,0.0
ES,2022,366,,
ES,2023,1,15.0,0.0
ES,2023,2,15.0,0.0
ES,2023,3,15.0,0.0
ES,2023,4,15.0,0.0
ES,2023,5,15.0,0.0
ES,2023,6,15.0,0.0
ES,2023,7,15.0,0.0
ES,2023,8,15.0,0.0
ES,2023,9,15.0,0.0
ES,2023,10,15.0,0.0
ES,2023,11,15.0,0.0
ES,2023,12,15.0,0.0
ES,2023,13,15.0,0.0
ES,2023,14,15.0,0.0
ES,2023,15,15.0,0.0
ES,2023,16,15.0,0.0
ES,2023,17,16.0,0.0
ES,2023,18,21.0,0.0
ES,2023,19,21.0,0.0
ES,2023,20,21.0,0.0
ES,2023,21,21.0,0.0
ES,2023,22,21.0,0.0
ES,2023,23,21.0,0.0
ES,2023,24,21.0,0.0
ES,2023,25,21.0,0.0
ES,2023,26,21.0,0.0
ES,2023,27,21.0,0.0
ES,2023,28,21.0,0.0
ES,2023,29,21.0,0.0
ES,2023,30,21.0,0.0
ES,2023,31,21.0,0.0
ES,2023,32,21.0,0.0
ES,2023,33,21.0,0.0
ES,2023,34,21.0,0.0
ES,2023,35,21.0,0.0
ES,2023,36,21.0,0.0
ES,2023,37,21.0,0.0
ES,2023,38,21.0,0.0
ES,2023,39,21.0,0.0
ES,2023,40,21.0,0.0
ES,2023,41,21.0,0.0
ES,2023,42,21.0,0.0
ES,2023,43,21.0,0.0
ES,2023,44,21.0,0.0
ES,2023,45,21.0,0.0
ES,2023,46,21.0,0.0
ES,2023,47,21.0,0.0
ES,2023,48,21.0,0.0
ES,2023,49,21.0,0.0
ES,2023,50,21.0,0.0
ES,2023,51,21.0,0.0
ES,2023,52,21.0,0.0
ES,2023,53,21.0,0.0
ES,2023,54,21.0,0.0
ES,2023,55,21.0,0.0
ES,2023,56,21.0,0.0
ES,2023,57,21.0,0.0
ES,2023,58,21.0,0.0
ES,2023,59,21.0,0.0
ES,2023,60,21.0,0.0
ES,2023,61,21.0,0.0
ES,2023,62,21.0,0.0
ES,2023,63,21.0,0.0
ES,2023,64,21.0,0.0
ES,2023,65,21.0,0.0
ES,2023,66,21.0,0.0
ES,2023,67,21.0,0.0
ES,2023,68,21.0,0.0
ES,2023,69,21.0,0.0
ES,2023,70,21.0,0.0
ES,2023,71,21.0,0.0
ES,2023,72,21.0,0.0
ES,2023,73,21.0,0.0
ES,2023,74,21.0,0.0
ES,2023,75,21.0,0.0
ES,2023,76,21.0,0.0
ES,2023,77,21.0,0.0
ES,2023,78,21.0,0.0
ES,2023,79,21.0,0.0
ES,2023,80,21.0,0.0
ES,2023,81,21.0,0.0
ES,2023,82,21.0,0.0
ES,2023,83,21.0,0.0
ES,2023,84,23.0,0.0
ES,2023,85,31.0,0.0
ES,2023,86,31.0,0.0
ES,2023,87,31.0,0.0
ES,2023,88,31.0,0.0
ES,2023,89,34.0,0.0
ES,2023,90,36.0,0.0
ES,2023,91,36.0,0.0
ES,2023,92,44.0,0.0
ES,2023,93,44.0,0.0
ES,2023,94,44.0,0.0
ES,2023,95,44.0,0.0
ES,2023,96,44.0,0.0
ES,2023,97,44.0,0.0
ES,2023,98,44.0,0.0
ES,2023,99,45.0,0.0
ES,2023,100,47.0,0.0
ES,2023,101,47.0,0.0
ES,2023,102,47.0,0.0
ES,2023,103,50.0,0.0
ES,2023,104,50.0,0.0
ES,2023,105,53.0,0.0
ES,2023,106,60.0,0.0
ES,2023,107,60.0,0.0
ES,2023,108,60.0,0.0
ES,2023,109,60.0,0.0
ES,2023,110,60.0,0.0
ES,2023,111,60.0,0.0
ES,2023,112,60.0,0.0
ES,2023,113,67.0,0.0
ES,2023,114,67.0,0.0
ES,2023,115,67.0,0.0
ES,2023,116,67.0,0.0
ES,2023,117,67.0,0.0
ES,2023,118,67.0,0.0
ES,2023,119,67.0,0.0
ES,2023,120,67.0,0.0
ES,2023,121,70.0,0.0
ES,2023,122,70.0,0.0
ES,2023,123,70.0,0.0
ES,2023,124,70.0,0.0
ES,2023,125,70.0,0.0
ES,2023,126,70.0,0.0
ES,2023,127,70.0,0.0
ES,2023,128,70.0,0.0
ES,2023,129,70.0,0.0
ES,2023,130,70.0,0.0
ES,2023,131,70.0,0.0
ES,2023,132,70.0,0.0
ES,2023,133,70.0,0.0
ES,2023,134,79.0,0.0
ES,2023,135,79.0,0.0
ES,2023,136,79.0,0.0
ES,2023,137,79.0,0.0
ES,2023,138,79.0,0.0
ES,2023,139,79.0,0.0
ES,2023,140,79.0,0.0
ES,2023,141,80.0,0.0
ES,2023,142,80.0,0.0
ES,2023,143,80.0,0.0
ES,2023,144,80.0,0.0
ES,2023,145,80.0,0.0
ES,2023,146,80.0,0.0
ES,2023,147,80.0,0.0
ES,2023,148,80.0,0.0
ES,2023,149,80.0,0.0
ES,2023,150,80.0,0.0
ES,2023,151,80.0,0.0
ES,2023,152,80.0,0.0
ES,2023,153,80.0,0.0
ES,2023,154,80.0,0.0
ES,2023,155,80.0,0.0
ES,2023,156,80.0,0.0
ES,2023,157,80.0,0.0
ES,2023,158,80.0,0.0
ES,2023,159,80.0,0.0
ES,2023,160,80.0,0.0
ES,2023,161,80.0,0.0
ES,2023,162,80.0,0.0
ES,2023,163,80.0,0.0
ES,2023,164,80.0,0.0
ES,2023,165,80.0,0.0
ES,2023,166,80.0,0.0
ES,2023,167,80.0,0.0
ES,2023,168,80.0,0.0
ES,2023,169,80.0,0.0
ES,2023,170,80.0,0.0
ES,2023,171,80.0,0.0
ES,2023,172,80.0,0.0
ES,2023,173,80.0,0.0
ES,2023,174,80.0,0.0
ES,2023,175,80.0,0.0
ES,2023,176,83.0,0.0
ES,2023,177,83.0,0.0
ES,2023,178,83.0,0.0
ES,2023,179,83.0,0.0
ES,2023,180,83.0,0.0
ES,2023,181,83.0,0.0
ES,2023,182,85.0,0.0
ES,2023,183,92.0,0.0
ES,2023,184,92.0,0.0
ES,2023,185,92.0,0.0
ES,2023,186,92.0,0.0
ES,2023,187,92.0,0.0
ES,2023,188,92.0,0.0
ES,2023,189,92.0,0.0
ES,2023,190,92.0,0.0
ES,2023,191,92.0,0.0
ES,2023,192,92.0,0.0
ES,2023,193,92.0,0.0
ES,2023,194,92.0,0.0
ES,2023,195,92.0,0.0
ES,2023,196,92.0,0.0
ES,2023,197,92.0,0.0
ES,2023,198,92.0,0.0
ES,2023,199,92.0,0.0
ES,2023,200,92.0,0.0
ES,2023,201,92.0,0.0
ES,2023,202,92.0,0.0
ES,2023,203,92.0,0.0
ES,2023,204,97.0,0.0
ES,2023,205,97.0,0.0
ES,2023,206,97.0,0.0
ES,2023,207,97.0,0.0
ES,2023,208,97.0,0.0
ES,2023,209,97.0,0.0
ES,2023,210,97.0,0.0
ES,2023,211,97.0,0.0
ES,2023,212,97.0,0.0
ES,2023,213,97.0,0.0
ES,2023,214,97.0,0.0
ES,2023,215,97.0,0.0
ES,2023,216,97.0,0.0
ES,2023,217,97.0,0.0
ES,2023,218,103.0,0.0
ES,2023,219,103.0,0.0
ES,2023,220,103.0,0.0
ES,2023,221,103.0,0.0
ES,2023,222,103.0,0.0
ES,2023,223,103.0,0.0
ES,2023,224,103.0,0.0
ES,2023,225,103.0,0.0
ES,2023,226,103.0,0.0
ES,2023,227,103.0,0.0
ES,2023,228,103.0,0.0
ES,2023,229,103.0,0.0
ES,2023,230,103.0,0.0
ES,2023,231,103.0,0.0
ES,2023,232,103.0,0.0
ES,2023,233,103.0,0.0
ES,2023,234,103.0,0.0
ES,2023,235,103.0,0.0
ES,2023,236,103.0,0.0
ES,2023,237,103.0,0.0
ES,2023,238,103.0,0.0
ES,2023,239,110.0,0.0
ES,2023,240,110.0,0.0
ES,2023,241,110.0,0.0
ES,2023,242,110.0,0.0
ES,2023,243,110.0,0.0
ES,2023,244,110.0,0.0
ES,2023,245,110.0,0.0
ES,2023,246,110.0,0.0
ES,2023,247,110.0,0.0
ES,2023,248,110.0,0.0
ES,2023,249,110.0,0.0
ES,2023,250,110.0,0.0
ES,2023,251,110.0,0.0
ES,2023,252,110.0,0.0
ES,2023,253,110.0,0.0
ES,2023,254,110.0,0.0
ES,2023,255,110.0,0.0
ES,2023,256,110.0,0.0
ES,2023,257,110.0,0.0
ES,2023,258,110.0,0.0
ES,2023,259,110.0,0.0
ES,2023,260,110.0,0.0
ES,2023,261,110.0,0.0
ES,2023,262,110.0,0.0
ES,2023,263,110.0,0.0
ES,2023,264,110.0,0.0
ES,2023,265,110.0,0.0
ES,2023,266,110.0,0.0
ES,2023,267,115.0,0.0
ES,2023,268,115.0,0.0
ES,2023,269,115.0,0.0
ES,2023,270,115.0,0.0
ES,2023,271,115.0,0.0
ES,2023,272,115.0,0.0
ES,2023,273,115.0,0.0
ES,2023,274,115.0,0.0
ES,2023,275,115.0,0.0
ES,2023,276,115.0,0.0
ES,2023,277,115.0,0.0
ES,2023,278,115.0,0.0
ES,2023,279,115.0,0.0
ES,2023,280,115.0,0.0
ES,2023,281,115.0,0.0
ES,2023,282,115.0,0.0
ES,2023,283,115.0,0.0
ES,2023,284,115.0,0.0
ES,2023,285,115.0,0.0
ES,2023,286,115.0,0.0
ES,2023,287,115.0,0.0
ES,2023,288,115.0,0.0
ES,2023,289,115.0,0.0
ES,2023,290,115.0,0.0
ES,2023,291,115.0,0.0
ES,2023,292,115.0,0.0
ES,2023,293,115.0,0.0
ES,2023,294,115.0,0.0
ES,2023,295,115.0,0.0
ES,2023,296,115.0,0.0
ES,2023,297,115.0,0.0
ES,2023,298,115.0,0.0
ES,2023,299,115.0,0.0
ES,2023,300,115.0,0.0
ES,2023,301,118.0,0.0
ES,2023,302,130.0,0.0
ES,2023,303,130.0,0.0
ES,2023,304,130.0,0.0
ES,2023,305,135.0,0.0
ES,2023,306,138.0,0.0
ES,2023,307,142.0,0.0
ES,2023,308,151.0,0.0
ES,2023,309,167.0,0.0
ES,2023,310,167.0,0.0
ES,2023,311,167.0,0.0
ES,2023,312,167.0,0.0
ES,2023,313,167.0,0.0
ES,2023,314,167.0,0.0
ES,2023,315,167.0,0.0
ES,2023,316,167.0,0.0
ES,2023,317,167.0,0.0
ES,2023,318,167.0,0.0
ES,2023,319,167.0,0.0
ES,2023,320,167.0,0.0
ES,2023,321,167.0,0.0
ES,2023,322,167.0,0.0
ES,2023,323,167.0,0.0
ES,2023,324,167.0,0.0
ES,2023,325,167.0,0.0
ES,2023,326,167.0,0.0
ES,2023,327,167.0,0.0
ES,2023,328,167.0,0.0
ES,2023,329,167.0,0.0
ES,2023,330,167.0,0.0
ES,2023,331,167.0,0.0
ES,2023,332,167.0,0.0
ES,2023,333,167.0,0.0
ES,2023,334,167.0,0.0
ES,2023,335,167.0,0.0
ES,2023,336,167.0,0.0
ES,2023,337,167.0,0.0
ES,2023,338,167.0,0.0
ES,2023,339,167.0,0.0
ES,2023,340,167.0,0.0
ES,2023,341,167.0,0.0
ES,2023,342,167.0,0.0
ES,2023,343,167.0,0.0
ES,2023,344,167.0,0.0
ES,2023,345,167.0,0.0
ES,2023,346,167.0,0.0
ES,2023,347,167.0,0.0
ES,2023,348,167.0,0.0
ES,2023,349,167.0,0.0
ES,2023,350,167.0,0.0
ES,2023,351,167.0,0.0
ES,2023,352,167.0,0.0
ES,2023,353,167.0,0.0
ES,2023,354,167.0,0.0
ES,2023,355,167.0,0.0
ES,2023,356,167.0,0.0
ES,2023,357,167.0,0.0
ES,2023,358,167.0,0.0
ES,2023,359,167.0,0.0
ES,2023,360,167.0,0.0
ES,2023,361,167.0,0.0
ES,2023,362,167.0,0.0
ES,2023,363,167.0,0.0
ES,2023,364,167.0,0.0
ES,2023,365,171.0,0.0
ES,2023,366,,
ES,2024,1,0.0,0.0
ES,2024,2,0.0,0.0
ES,2024,3,0.0,0.0
ES,2024,4,0.0,0.0
ES,2024,5,0.0,0.0
ES,2024,6,0.0,0.0
ES,2024,7,0.0,0.0
ES,2024,8,0.0,0.0
ES,2024,9,0.0,0.0
ES,2024,10,0.0,0.0
ES,2024,11,0.0,0.0
ES,2024,12,0.0,0.0
ES,2024,13,0.0,0.0
ES,2024,14,0.0,0.0
ES,2024,15,0.0,0.0
ES,2024,16,0.0,0.0
ES,2024,17,0.0,0.0
ES,2024,18,2.0,0.0
ES,2024,19,2.0,0.0
ES,2024,20,2.0,0.0
ES,2024,21,2.0,0.0
ES,2024,22,2.0,0.0
ES,2024,23,2.0,0.0
ES,2024,24,2.0,0.0
ES,2024,25,2.0,0.0
ES,2024,26,2.0,0.0
ES,2024,27,2.0,0.0
ES,2024,28,2.0,0.0
ES,2024,29,2.0,0.0
ES,2024,30,2.0,0.0
ES,2024,31,2.0,0.0
ES,2024,32,2.0,0.0
ES,2024,33,2.0,0.0
ES,2024,34,2.0,0.0
ES,2024,35,2.0,0.0
ES,2024,36,2.0,0.0
ES,2024,37,2.0,0.0
ES,2024,38,2.0,0.0
ES,2024,39,2.0,0.0
ES,2024,40,2.0,0.0
ES,2024,41,10.0,0.0
ES,2024,42,10.0,0.0
ES,2024,43,10.0,0.0
ES,2024,44,10.0,0.0
ES,2024,45,10.0,0.0
ES,2024,46,10.0,0.0
ES,2024,47,10.0,0.0
ES,2024,48,10.0,0.0
ES,2024,49,10.0,0.0
ES,2024,50,10.0,0.0
ES,2024,51,10.0,0.0
ES,2024,52,10.0,0.0
ES,2024,53,10.0,0.0
ES,2024,54,14.0,0.0
ES,2024,55,20.0,0.0
ES,2024,56,25.0,0.0
ES,2024,57,33.0,0.0
ES,2024,58,44.0,0.0
ES,2024,59,51.0,0.0
ES,2024,60,58.0,0.0
ES,2024,61,71.0,0.0
ES,2024,62,81.0,0.0
ES,2024,63,98.0,0.0
ES,2024,64,98.0,0.0
ES,2024,65,98.0,0.0
ES,2024,66,98.0,0.0
ES,2024,67,102.0,0.0
ES,2024,68,116.0,0.0
ES,2024,69,136.0,0.0
ES,2024,70,156.0,0.0
ES,2024,71,170.0,0.0
ES,2024,72,176.0,0.0
ES,2024,73,176.0,0.0
ES,2024,74,176.0,0.0
ES,2024,75,176.0,0.0
ES,2024,76,177.0,0.0
ES,2024,77,182.0,0.0
ES,2024,78,182.0,0.0
ES,2024,79,182.0,0.0
ES,2024,80,182.0,0.0
ES,2024,81,182.0,0.0
ES,2024,82,182.0,0.0
ES,2024,83,194.0,0.0
ES,2024,84,211.0,0.0
ES,2024,85,211.0,0.0
ES,2024,86,221.0,0.0
ES,2024,87,241.0,0.0
ES,2024,88,259.0,0.0
ES,2024,89,271.0,0.0
ES,2024,90,278.0,0.0
ES,2024,91,297.0,0.0
ES,2024,92,314.0,3.0
ES,2024,93,321.0,3.0
ES,2024,94,331.0,3.0
ES,2024,95,342.0,3.0
ES,2024,96,362.0,5.0
ES,2024,97,382.0,13.0
ES,2024,98,401.0,17.0
ES,2024,99,421.0,18.0
ES,2024,100,439.0,25.0
ES,2024,101,452.0,34.0
ES,2024,102,465.0,41.0
ES,2024,103,474.0,45.0
ES,2024,104,484.0,53.0
ES,2024,105,494.0,62.0
ES,2024,106,509.0,68.0
ES,2024,107,525.0,77.0
ES,2024,108,536.0,84.0
ES,2024,109,545.0,85.0
ES,2024,110,550.0,85.0
ES,2024,111,559.0,88.0
ES,2024,112,570.0,96.0
ES,2024,113,582.0,103.0
ES,2024,114,592.0,106.0
ES,2024,115,599.0,106.0
ES,2024,116,599.0,106.0
ES,2024,117,599.0,106.0
ES,2024,118,606.0,106.0
ES,2024,119,614.0,107.0
ES,2024,120,614.0,107.0
ES,2024,121,614.0,107.0
ES,2024,122,624.0,115.0
ES,2024,123,627.0,115.0
ES,2024,124,628.0,115.0
ES,2024,125,637.0,115.0
ES,2024,126,644.0,118.0
ES,2024,127,644.0,118.0
ES,2024,128,651.0,118.0
ES,2024,129,651.0,118.0
ES,2024,130,655.0,118.0
ES,2024,131,659.0,118.0
ES,2024,132,667.0,121.0
ES,2024,133,676.0,127.0
ES,2024,134,681.0,127.0
ES,2024,135,692.0,130.0
ES,2024,136,700.0,130.0
ES,2024,137,702.0,130.0
ES,2024,138,702.0,130.0
ES,2024,139,708.0,130.0
ES,2024,140,716.0,132.0
ES,2024,141,718.0,132.0
ES,2024,142,718.0,132.0
ES,2024,143,718.0,132.0
ES,2024,144,718.0,132.0
ES,2024,145,718.0,132.0
ES,2024,146,723.0,132.0
ES,2024,147,733.0,138.0
ES,2024,148,733.0,138.0
ES,2024,149,739.0,138.0
ES,2024,150,739.0,138.0
ES,2024,151,744.0,138.0
ES,2024,152,755.0,142.0
ES,2024,153,768.0,151.0
ES,2024,154,780.0,161.0
ES,2024,155,780.0,161.0
ES,2024,156,780.0,161.0
ES,2024,157,780.0,161.0
ES,2024,158,780.0,161.0
ES,2024,159,780.0,161.0
ES,2024,160,780.0,161.0
ES,2024,161,789.0,163.0
ES,2024,162,789.0,163.0
ES,2024,163,789.0,163.0
ES,2024,164,789.0,163.0
ES,2024,165,792.0,163.0
ES,2024,166,798.0,163.0
ES,2024,167,808.0,171.0
ES,2024,168,819.0,181.0
ES,2024,169,824.0,181.0
ES,2024,170,824.0,181.0
ES,2024,171,824.0,181.0
ES,2024,172,824.0,181.0
ES,2024,173,824.0,181.0
ES,2024,174,831.0,181.0
ES,2024,175,841.0,190.0
ES,2024,176,843.0,190.0
ES,2024,177,843.0,190.0
ES,2024,178,843.0,190.0
ES,2024,179,843.0,190.0
ES,2024,180,843.0,190.0
ES,2024,181,843.0,190.0
ES,2024,182,846.0,190.0
ES,2024,183,846.0,190.0
ES,2024,184,846.0,190.0
ES,2024,185,846.0,190.0
ES,2024,186,853.0,192.0
ES,2024,187,853.0,192.0
ES,2024,188,864.0,200.0
ES,2024,189,873.0,208.0
ES,2024,190,873.0,208.0
ES,2024,191,873.0,208.0
ES,2024,192,873.0,208.0
ES,2024,193,873.0,208.0
ES,2024,194,873.0,208.0
ES,2024,195,879.0,208.0
ES,2024,196,888.0,215.0
ES,2024,197,888.0,215.0
ES,2024,198,888.0,215.0
ES,2024,199,888.0,215.0
ES,2024,200,888.0,215.0
ES,2024,201,888.0,215.0
ES,2024,202,894.0,216.0
ES,2024,203,904.0,220.0
ES,2024,204,904.0,220.0
ES,2024,205,904.0,220.0
ES,2024,206,904.0,220.0
ES,2024,207,904.0,220.0
ES,2024,208,904.0,220.0
ES,2024,209,904.0,220.0
ES,2024,210,912.0,220.0
ES,2024,211,912.0,220.0
ES,2024,212,912.0,220.0
ES,2024,213,912.0,220.0
ES,2024,214,912.0,220.0
ES,2024,215,912.0,220.0
ES,2024,216,912.0,220.0
ES,2024,217,913.0,220.0
ES,2024,218,913.0,220.0
ES,2024,219,913.0,220.0
ES,2024,220,913.0,220.0
ES,2024,221,913.0,220.0
ES,2024,222,913.0,220.0
ES,2024,223,917.0,220.0
ES,2024,224,924.0,220.0
ES,2024,225,924.0,220.0
ES,2024,226,924.0,220.0
ES,2024,227,924.0,220.0
ES,2024,228,931.0,220.0
ES,2024,229,931.0,220.0
ES,2024,230,931.0,220.0
ES,2024,231,939.0,220.0
ES,2024,232,939.0,220.0
ES,2024,233,939.0,220.0
ES,2024,234,939.0,220.0
ES,2024,235,939.0,220.0
ES,2024,236,939.0,220.0
ES,2024,237,946.0,220.0
ES,2024,238,955.0,224.0
ES,2024,239,955.0,224.0
ES,2024,240,955.0,224.0
ES,2024,241,955.0,224.0
ES,2024,242,955.0,224.0
ES,2024,243,955.0,224.0
ES,2024,244,955.0,224.0
ES,2024,245,955.0,224.0
ES,2024,246,955.0,224.0
ES,2024,247,955.0,224.0
ES,2024,248,955.0,224.0
ES,2024,249,955.0,224.0
ES,2024,250,955.0,224.0
ES,2024,251,956.0,224.0
ES,2024,252,963.0,224.0
ES,2024,253,963.0,224.0
ES,2024,254,963.0,224.0
ES,2024,255,963.0,224.0
ES,2024,256,963.0,224.0
ES,2024,257,970.0,224.0
ES,2024,258,976.0,224.0
ES,2024,259,985.0,231.0
ES,2024,260,992.0,231.0
ES,2024,261,999.0,231.0
ES,2024,262,999.0,231.0
ES,2024,263,999.0,231.0
ES,2024,264,999.0,231.0
ES,2024,265,999.0,231.0
ES,2024,266,1001.0,231.0
ES,2024,267,1001.0,231.0
ES,2024,268,1001.0,231.0
ES,2024,269,1001.0,231.0
ES,2024,270,1007.0,231.0
ES,2024,271,1015.0,235.0
ES,2024,272,1022.0,235.0
ES,2024,273,1030.0,242.0
ES,2024,274,1030.0,242.0
ES,2024,275,1030.0,242.0
ES,2024,276,1030.0,242.0
ES,2024,277,1030.0,242.0
ES,2024,278,1030.0,242.0
ES,2024,279,1035.0,242.0
ES,2024,280,1042.0,245.0
ES,2024,281,1042.0,245.0
ES,2024,282,1046.0,245.0
ES,2024,283,1048.0,245.0
ES,2024,284,1048.0,245.0
ES,2024,285,1048.0,245.0
ES,2024,286,1048.0,245.0
ES,2024,287,1051.0,245.0
ES,2024,288,1051.0,245.0
ES,2024,289,1051.0,245.0
ES,2024,290,1051.0,245.0
ES,2024,291,1053.0,245.0
ES,2024,292,1053.0,245.0
ES,2024,293,1053.0,245.0
ES,2024,294,1059.0,247.0
ES,2024,295,1059.0,247.0
ES,2024,296,1059.0,247.0
ES,2024,297,1059.0,247.0
ES,2024,298,1059.0,247.0
ES,2024,299,1059.0,247.0
ES,2024,300,1059.0,247.0
ES,2024,301,1059.0,247.0
ES,2024,302,1059.0,247.0
ES,2024,303,1059.0,247.0
ES,2024,304,1059.0,247.0
ES,2024,305,1059.0,247.0
ES,2024,306,1059.0,247.0
ES,2024,307,1059.0,247.0
ES,2024,308,1059.0,247.0
ES,2024,309,1059.0,247.0
ES,2024,310,1059.0,247.0
ES,2024,311,1059.0,247.0
ES,2024,312,1059.0,247.0
ES,2024,313,1059.0,247.0
ES,2024,314,1059.0,247.0
ES,2024,315,1059.0,247.0
ES,2024,316,1059.0,247.0
ES,2024,317,1059.0,247.0
ES,2024,318,1059.0,247.0
ES,2024,319,1059.0,247.0
ES,2024,320,1059.0,247.0
ES,2024,321,1059.0,247.0
ES,2024,322,1059.0,247.0
ES,2024,323,1059.0,247.0
ES,2024,324,1059.0,247.0
ES,2024,325,1059.0,247.0
ES,2024,326,1059.0,247.0
ES,2024,327,1059.0,247.0
ES,2024,328,1059.0,247.0
ES,2024,329,1059.0,247.0
ES,2024,330,1059.0,247.0
ES,2024,331,1059.0,247.0
ES,2024,332,1059.0,247.0
ES,2024,333,1059.0,247.0
ES,2024,334,1059.0,247.0
ES,2024,335,1059.0,247.0
ES,2024,336,1059.0,247.0
ES,2024,337,1059.0,247.0
ES,2024,338,1059.0,247.0
ES,2024,339,1059.0,247.0
ES,2024,340,1059.0,247.0
ES,2024,341,1059.0,247.0
ES,2024,342,1059.0,247.0
ES,2024,343,1064.0,247.0
ES,2024,344,1064.0,247.0
ES,2024,345,1064.0,247.0
ES,2024,346,1064.0,247.0
ES,2024,347,1064.0,247.0
ES,2024,348,1064.0,247.0
ES,2024,349,1064.0,247.0
ES,2024,350,1064.0,247.0
ES,2024,351,1064.0,247.0
ES,2024,352,1064.0,247.0
ES,2024,353,1064.0,247.0
ES,2024,354,1064.0,247.0
ES,2024,355,1064.0,247.0
ES,2024,356,1064.0,247.0
ES,2024,357,1064.0,247.0
ES,2024,358,1064.0,247.0
ES,2024,359,1064.0,247.0
ES,2024,360,1064.0,247.0
ES,2024,361,1064.0,247.0
ES,2024,362,1064.0,247.0
ES,2024,363,1064.0,247.0
ES,2024,364,1064.0,247.0
ES,2024,365,1064.0,247.0
ES,2024,366,1064.0,247.0
ES,2025,1,0.0,0.0
ES,2025,2,0.0,0.0
ES,2025,3,0.0,0.0
ES,2025,4,0.0,0.0
ES,2025,5,0.0,0.0
ES,2025,6,0.0,0.0
ES,2025,7,0.0,0.0
ES,2025,8,0.0,0.0
ES,2025,9,0.0,0.0
ES,2025,10,0.0,0.0
ES,2025,11,0.0,0.0
ES,2025,12,0.0,0.0
ES,2025,13,0.0,0.0
ES,2025,14,0.0,0.0
ES,2025,15,0.0,0.0
ES,2025,16,0.0,0.0
ES,2025,17,0.0,0.0
ES,2025,18,0.0,0.0
ES,2025,19,0.0,0.0
ES,2025,20,0.0,0.0
ES,2025,21,0.0,0.0
ES,2025,22,0.0,0.0
ES,2025,23,0.0,0.0
ES,2025,24,0.0,0.0
ES,2025,25,0.0,0.0
ES,2025,26,0.0,0.0
ES,2025,27,1.0,0.0
ES,2025,28,9.0,0.0
ES,2025,29,9.0,0.0
ES,2025,30,13.0,0.0
ES,2025,31,13.0,0.0
ES,2025,32,13.0,0.0
ES,2025,33,13.0,0.0
ES,2025,34,13.0,0.0
ES,2025,35,13.0,0.0
ES,2025,36,13.0,0.0
ES,2025,37,13.0,0.0
ES,2025,38,13.0,0.0
ES,2025,39,13.0,0.0
ES,2025,40,13.0,0.0
ES,2025,41,13.0,0.0
ES,2025,42,13.0,0.0
ES,2025,43,13.0,0.0
ES,2025,44,13.0,0.0
ES,2025,45,13.0,0.0
ES,2025,46,13.0,0.0
ES,2025,47,13.0,0.0
ES,2025,48,13.0,0.0
ES,2025,49,13.0,0.0
ES,2025,50,13.0,0.0
ES,2025,51,13.0,0.0
ES,2025,52,13.0,0.0
ES,2025,53,13.0,0.0
ES,2025,54,13.0,0.0
ES,2025,55,13.0,0.0
ES,2025,56,13.0,0.0
ES,2025,57,13.0,0.0
ES,2025,58,13.0,0.0
ES,2025,59,13.0,0.0
ES,2025,60,13.0,0.0
ES,2025,61,13.0,0.0
ES,2025,62,13.0,0.0
ES,2025,63,13.0,0.0
ES,2025,64,13.0,0.0
ES,2025,65,13.0,0.0
ES,2025,66,13.0,0.0
ES,2025,67,16.0,0.0
ES,2025,68,16.0,0.0
ES,2025,69,16.0,0.0
ES,2025,70,16.0,0.0
ES,2025,71,16.0,0.0
ES,2025,72,16.0,0.0
ES,2025,73,16.0,0.0
ES,2025,74,22.0,0.0
ES,2025,75,22.0,0.0
ES,2025,76,22.0,0.0
ES,2025,77,22.0,0.0
ES,2025,78,28.0,0.0
ES,2025,79,30.0,0.0
ES,2025,80,35.0,0.0
ES,2025,81,49.0,1.0
ES,2025,82,56.0,1.0
ES,2025,83,58.0,1.0
ES,2025,84,62.0,1.0
ES,2025,85,71.0,8.0
ES,2025,86,79.0,13.0
ES,2025,87,88.0,21.0
ES,2025,88,99.0,30.0
ES,2025,89,117.0,40.0
ES,2025,90,129.0,48.0
ES,2025,91,135.0,52.0
ES,2025,92,141.0,55.0
ES,2025,93,145.0,55.0
ES,2025,94,152.0,58.0
ES,2025,95,160.0,64.0
ES,2025,96,169.0,72.0
ES,2025,97,174.0,72.0
ES,2025,98,183.0,79.0
ES,2025,99,190.0,85.0
ES,2025,100,197.0,87.0
ES,2025,101,202.0,88.0
ES,2025,102,205.0,88.0
ES,2025,103,212.0,92.0
ES,2025,104,218.0,92.0
ES,2025,105,224.0,95.0
ES,2025,106,233.0,97.0
ES,2025,107,239.0,97.0
ES,2025,108,247.0,103.0
ES,2025,109,258.0,112.0
ES,2025,110,267.0,120.0
ES,2025,111,267.0,120.0
ES,2025,112,267.0,120.0
ES,2025,113,273.0,120.0
ES,2025,114,281.0,125.0
ES,2025,115,289.0,129.0
ES,2025,116,300.0,138.0
ES,2025,117,311.0,148.0
ES,2025,118,320.0,155.0
ES,2025,119,330.0,162.0
ES,2025,120,338.0,165.0
ES,2025,121,349.0,174.0
ES,2025,122,358.0,181.0
ES,2025,123,366.0,188.0
ES,2025,124,376.0,197.0
ES,2025,125,385.0,205.0
ES,2025,126,395.0,214.0
ES,2025,127,403.0,219.0
ES,2025,128,412.0,224.0
ES,2025,129,419.0,227.0
ES,2025,130,429.0,236.0
ES,2025,131,440.0,246.0
ES,2025,132,449.0,254.0
ES,2025,133,456.0,258.0
ES,2025,134,465.0,265.0
ES,2025,135,475.0,274.0
ES,2025,136,486.0,284.0
ES,2025,137,496.0,294.0
ES,2025,138,508.0,304.0
ES,2025,139,518.0,312.0
ES,2025,140,528.0,321.0
ES,2025,141,537.0,328.0
ES,2025,142,548.0,337.0
ES,2025,143,558.0,345.0
ES,2025,144,569.0,356.0
ES,2025,145,581.0,366.0
ES,2025,146,590.0,373.0
ES,2025,147,599.0,380.0
ES,2025,148,607.0,387.0
ES,2025,149,614.0,392.0
ES,2025,150,620.0,397.0
ES,2025,151,628.0,404.0
ES,2025,152,637.0,413.0
ES,2025,153,642.0,413.0
ES,2025,154,646.0,413.0
ES,2025,155,648.0,413.0
ES,2025,156,656.0,418.0
ES,2025,157,661.0,418.0
ES,2025,158,671.0,425.0
ES,2025,159,682.0,434.0
ES,2025,160,682.0,434.0
ES,2025,161,682.0,434.0
ES,2025,162,682.0,434.0
ES,2025,163,689.0,436.0
ES,2025,164,695.0,438.0
ES,2025,165,703.0,444.0
ES,2025,166,713.0,452.0
ES,2025,167,715.0,452.0
ES,2025,168,715.0,452.0
ES,2025,169,715.0,452.0
ES,2025,170,715.0,452.0
ES,2025,171,715.0,452.0
ES,2025,172,721.0,452.0
ES,2025,173,730.0,459.0
ES,2025,174,730.0,459.0
ES,2025,175,730.0,459.0
ES,2025,176,730.0,459.0
ES,2025,177,730.0,459.0
ES,2025,178,730.0,459.0
ES,2025,179,735.0,459.0
ES,2025,180,737.0,459.0
ES,2025,181,737.0,459.0
ES,2025,182,737.0,459.0
ES,2025,183,737.0,459.0
ES,2025,184,737.0,459.0
ES,2025,185,737.0,459.0
ES,2025,186,737.0,459.0
ES,2025,187,741.0,459.0
ES,2025,188,741.0,459.0
ES,2025,189,741.0,459.0
ES,2025,190,741.0,459.0
ES,2025,191,741.0,459.0
ES,2025,192,741.0,459.0
ES,2025,193,742.0,459.0
ES,2025,194,747.0,459.0
ES,2025,195,747.0,459.0
ES,2025,196,747.0,459.0
ES,2025,197,747.0,459.0
ES,2025,198,747.0,459.0
ES,2025,199,747.0,459.0
ES,2025,200,754.0,459.0
ES,2025,201,764.0,465.0
ES,2025,202,764.0,465.0
ES,2025,203,764.0,465.0
ES,2025,204,764.0,465.0
ES,2025,205,764.0,465.0
ES,2025,206,770.0,465.0
ES,2025,207,779.0,465.0
ES,2025,208,788.0,472.0
ES,2025,209,793.0,472.0
ES,2025,210,799.0,472.0
ES,2025,211,799.0,472.0
ES,2025,212,799.0,472.0
ES,2025,213,799.0,472.0
ES,2025,214,806.0,472.0
ES,2025,215,816.0,480.0
ES,2025,216,816.0,480.0
ES,2025,217,819.0,480.0
ES,2025,218,819.0,480.0
ES,2025,219,819.0,480.0
ES,2025,220,820.0,480.0
ES,2025,221,827.0,482.0
ES,2025,222,835.0,489.0
ES,2025,223,835.0,489.0
ES,2025,224,835.0,489.0
ES,2025,225,835.0,489.0
ES,2025,226,835.0,489.0
ES,2025,227,838.0,489.0
ES,2025,228,841.0,489.0
ES,2025,229,846.0,489.0
ES,2025,230,846.0,489.0
ES,2025,231,846.0,489.0
ES,2025,232,846.0,489.0
ES,2025,233,846.0,489.0
ES,2025,234,846.0,489.0
ES,2025,235,848.0,489.0
ES,2025,236,855.0,494.0
ES,2025,237,855.0,494.0
ES,2025,238,855.0,494.0
ES,2025,239,855.0,494.0
ES,2025,240,858.0,494.0
ES,2025,241,865.0,494.0
ES,2025,242,872.0,496.0
ES,2025,243,881.0,503.0
ES,2025,244,888.0,503.0
ES,2025,245,890.0,503.0
ES,2025,246,898.0,509.0
ES,2025,247,898.0,509.0
ES,2025,248,900.0,509.0
ES,2025,249,908.0,514.0
ES,2025,250,914.0,514.0
ES,2025,251,914.0,514.0
ES,2025,252,914.0,514.0
ES,2025,253,920.0,518.0
ES,2025,254,928.0,524.0
ES,2025,255,929.0,524.0
ES,2025,256,935.0,526.0
ES,2025,257,941.0,527.0
ES,2025,258,941.0,527.0
ES,2025,259,941.0,527.0
ES,2025,260,941.0,527.0
ES,2025,261,941.0,527.0
ES,2025,262,941.0,527.0
ES,2025,263,944.0,527.0
ES,2025,264,951.0,531.0
ES,2025,265,958.0,535.0
ES,2025,266,964.0,535.0
ES,2025,267,968.0,535.0
ES,2025,268,968.0,535.0
ES,2025,269,968.0,535.0
ES,2025,270,968.0,535.0
ES,2025,271,968.0,535.0
ES,2025,272,968.0,535.0
ES,2025,273,968.0,535.0
ES,2025,274,968.0,535.0
ES,2025,275,968.0,535.0
ES,2025,276,968.0,535.0
ES,2025,277,975.0,540.0
ES,2025,278,983.0,548.0
ES,2025,279,983.0,548.0
ES,2025,280,983.0,548.0
ES,2025,281,983.0,548.0
ES,2025,282,983.0,548.0
ES,2025,283,983.0,548.0
ES,2025,284,983.0,548.0
ES,2025,285,984.0,548.0
ES,2025,286,984.0,548.0
ES,2025,287,984.0,548.0
ES,2025,288,984.0,548.0
ES,2025,289,984.0,548.0
ES,2025,290,984.0,548.0
ES,2025,291,985.0,548.0
ES,2025,292,990.0,548.0
ES,2025,293,992.0,548.0
ES,2025,294,992.0,548.0
ES,2025,295,996.0,548.0
ES,2025,296,1006.0,551.0
ES,2025,297,1006.0,551.0
ES,2025,298,1006.0,551.0
ES,2025,299,1006.0,551.0
ES,2025,300,1006.0,551.0
ES,2025,301,1006.0,551.0
ES,2025,302,1006.0,551.0
ES,2025,303,1006.0,551.0
ES,2025,304,1006.0,551.0
ES,2025,305,1006.0,551.0
ES,2025,306,1012.0,551.0
ES,2025,307,1012.0,551.0
ES,2025,308,1012.0,551.0
ES,2025,309,1012.0,551.0
ES,2025,310,1015.0,551.0
ES,2025,311,1015.0,551.0
ES,2025,312,1021.0,556.0
ES,2025,313,1023.0,556.0
ES,2025,314,1023.0,556.0
ES,2025,315,1023.0,556.0
ES,2025,316,1025.0,556.0
ES,2025,317,1025.0,556.0
ES,2025,318,1025.0,556.0
ES,2025,319,1025.0,556.0
ES,2025,320,1029.0,556.0
ES,2025,321,1029.0,556.0
ES,2025,322,1029.0,556.0
ES,2025,323,1029.0,556.0
ES,2025,324,1029.0,556.0
ES,2025,325,1033.0,556.0
ES,2025,326,1037.0,556.0
ES,2025,327,1042.0,556.0
ES,2025,328,1042.0,556.0
ES,2025,329,1045.0,556.0
ES,2025,330,1045.0,556.0
ES,2025,331,1045.0,556.0
ES,2025,332,1045.0,556.0
ES,2025,333,1045.0,556.0
ES,2025,334,1045.0,556.0
ES,2025,335,1045.0,556.0
ES,2025,336,1045.0,556.0
ES,2025,337,1045.0,556.0
ES,2025,338,1045.0,556.0
ES,2025,339,1045.0,556.0
ES,2025,340,1045.0,556.0
ES,2025,341,1048.0,556.0
ES,2025,342,1048.0,556.0
ES,2025,343,1048.0,556.0
ES,2025,344,1048.0,556.0
ES,2025,345,1048.0,556.0
ES,2025,346,1048.0,556.0
ES,2025,347,1048.0,556.0
ES,2025,348,1048.0,556.0
ES,2025,349,1048.0,556.0
ES,2025,350,1048.0,556.0
ES,2025,351,1048.0,556.0
ES,2025,352,1048.0,556.0
ES,2025,353,1048.0,556.0
ES,2025,354,1048.0,556.0
ES,2025,355,1048.0,556.0
ES,2025,356,1048.0,556.0
ES,2025,357,1048.0,556.0
ES,2025,358,1048.0,556.0
ES,2025,359,1048.0,556.0
ES,2025,360,1048.0,556.0
ES,2025,361,1048.0,556.0
ES,2025,362,1048.0,556.0
ES,2025,363,1048.0,556.0
ES,2025,364,1048.0,556.0
ES,2025,365,1048.0,556.0
ES,2025,366,,
ES,2026,1,0.0,0.0
ES,2026,2,0.0,0.0
ES,2026,3,0.0,0.0
ES,2026,4,0.0,0.0
ES,2026,5,0.0,0.0
ES,2026,6,4.0,0.0
ES,2026,7,4.0,0.0
ES,2026,8,4.0,0.0
ES,2026,9,4.0,0.0
ES,2026,10,4.0,0.0
ES,2026,11,4.0,0.0
ES,2026,12,4.0,0.0
ES,2026,13,4.0,0.0
ES,2026,14,4.0,0.0
ES,2026,15,4.0,0.0
ES,2026,16,4.0,0.0
ES,2026,17,4.0,0.0
ES,2026,18,4.0,0.0
ES,2026,19,4.0,0.0
ES,2026,20,4.0,0.0
ES,2026,21,4.0,0.0
ES,2026,22,4.0,0.0
ES,2026,23,6.0,0.0
ES,2026,24,6.0,0.0
ES,2026,25,12.0,0.0
ES,2026,26,12.0,0.0
ES,2026,27,12.0,0.0
ES,2026,28,12.0,0.0
ES,2026,29,12.0,0.0
ES,2026,30,18.0,0.0
ES,2026,31,35.0,15.0
ES,2026,32,39.0,15.0
ES,2026,33,49.0,15.0
ES,2026,34,58.0,15.0
ES,2026,35,60.0,15.0
ES,2026,36,75.0,19.0
ES,2026,37,89.0,27.0
ES,2026,38,105.0,37.0
ES,2026,39,123.0,51.0
ES,2026,40,134.0,54.0
ES,2026,41,148.0,54.0
ES,2026,42,163.0,59.0
ES,2026,43,178.0,71.0
ES,2026,44,191.0,74.0
ES,2026,45,208.0,89.0
ES,2026,46,225.0,98.0
ES,2026,47,238.0,105.0
ES,2026,48,247.0,107.0
ES,2026,49,252.0,107.0
ES,2026,50,264.0,114.0
ES,2026,51,271.0,121.0
ES,2026,52,278.0,125.0
ES,2026,53,286.0,132.0
ES,2026,54,293.0,138.0
ES,2026,55,300.0,144.0
ES,2026,56,306.0,149.0
ES,2026,57,313.0,156.0
ES,2026,58,318.0,159.0
ES,2026,59,325.0,163.0
ES,2026,60,333.0,171.0
ES,2026,61,338.0,171.0
ES,2026,62,339.0,171.0
ES,2026,63,339.0,171.0
ES,2026,64,339.0,171.0
ES,2026,65,339.0,171.0
ES,2026,66,339.0,171.0
ES,2026,67,339.0,171.0
ES,2026,68,339.0,171.0
ES,2026,69,339.0,171.0
ES,2026,70,339.0,171.0
ES,2026,71,345.0,177.0
ES,2026,72,352.0,183.0
ES,2026,73,359.0,184.0
ES,2026,74,371.0,193.0
ES,2026,75,379.0,200.0
ES,2026,76,386.0,207.0
ES,2026,77,392.0,209.0
ES,2026,78,399.0,213.0
ES,2026,79,399.0,213.0
ES,2026,80,399.0,213.0
ES,2026,81,407.0,220.0
ES,2026,82,414.0,224.0
ES,2026,83,421.0,228.0
ES,2026,84,430.0,235.0
ES,2026,85,440.0,244.0
ES,2026,86,449.0,253.0
ES,2026,87,460.0,263.0
ES,2026,88,472.0,273.0
ES,2026,89,481.0,281.0
ES,2026,90,490.0,290.0
ES,2026,91,499.0,299.0
ES,2026,92,509.0,308.0
ES,2026,93,519.0,317.0
ES,2026,94,528.0,325.0
ES,2026,95,537.0,334.0
ES,2026,96,546.0,342.0
ES,2026,97,552.0,342.0
ES,2026,98,552.0,342.0
ES,2026,99,559.0,348.0
ES,2026,100,564.0,348.0
ES,2026,101,571.0,353.0
ES,2026,102,579.0,358.0
ES,2026,103,587.0,364.0
ES,2026,104,595.0,370.0
ES,2026,105,602.0,377.0
ES,2026,106,608.0,378.0
ES,2026,107,614.0,378.0
ES,2026,108,621.0,385.0
ES,2026,109,630.0,393.0
ES,2026,110,636.0,393.0
ES,2026,111,643.0,398.0
ES,2026,112,650.0,404.0
ES,2026,113,657.0,409.0
ES,2026,114,657.0,409.0
ES,2026,115,664.0,414.0
ES,2026,116,673.0,422.0
ES,2026,117,680.0,428.0
ES,2026,118,685.0,428.0
ES,2026,119,685.0,428.0
ES,2026,120,691.0,428.0
ES,2026,121,699.0,435.0
ES,2026,122,704.0,437.0
ES,2026,123,710.0,441.0
ES,2026,124,716.0,441.0
ES,2026,125,721.0,441.0
ES,2026,126,721.0,441.0
ES,2026,127,721.0,441.0
ES,2026,128,725.0,441.0
ES,2026,129,731.0,441.0
ES,2026,130,740.0,448.0
ES,2026,131,742.0,448.0
ES,2026,132,744.0,448.0
ES,2026,133,752.0,452.0
ES,2026,134,760.0,454.0
ES,2026,135,768.0,456.0
ES,2026,136,778.0,464.0
ES,2026,137,786.0,465.0
ES,2026,138,793.0,465.0
ES,2026,139,800.0,465.0
ES,2026,140,808.0,472.0
ES,2026,141,816.0,478.0
ES,2026,142,824.0,483.0
ES,2026,143,832.0,491.0
ES,2026,144,841.0,500.0
ES,2026,145,849.0,508.0
ES,2026,146,857.0,513.0
ES,2026,147,863.0,515.0
ES,2026,148,868.0,515.0
ES,2026,149,871.0,515.0
ES,2026,150,877.0,520.0
ES,2026,151,885.0,527.0
ES,2026,152,885.0,527.0
ES,2026,153,893.0,532.0
ES,2026,154,902.0,540.0
ES,2026,155,911.0,547.0
ES,2026,156,915.0,547.0
ES,2026,157,923.0,554.0
ES,2026,158,933.0,563.0
ES,2026,159,935.0,563.0
ES,2026,160,943.0,571.0
ES,2026,161,952.0,579.0
ES,2026,162,960.0,586.0
ES,2026,163,969.0,594.0
ES,2026,164,978.0,603.0
ES,2026,165,987.0,611.0
ES,2026,166,989.0,611.0
ES,2026,167,989.0,611.0
ES,2026,168,989.0,611.0
ES,2026,169,989.0,611.0
ES,2026,170,989.0,611.0
ES,2026,171,996.0,617.0
ES,2026,172,1005.0,625.0
ES,2026,173,1005.0,625.0
ES,2026,174,1005.0,625.0
ES,2026,175,1005.0,625.0
ES,2026,176,1005.0,625.0
ES,2026,177,1005.0,625.0
ES,2026,178,1012.0,628.0
ES,2026,179,1019.0,628.0
ES,2026,180,1019.0,628.0
ES,2026,181,1019.0,628.0
ES,2026,182,1026.0,628.0
ES,2026,183,1035.0,634.0
ES,2026,184,1045.0,639.0
ES,2026,185,1054.0,647.0
ES,2026,186,1063.0,653.0
ES,2026,187,1063.0,653.0
ES,2026,188,1063.0,653.0
ES,2026,189,1063.0,653.0
ES,2026,190,1063.0,653.0
ES,2026,191,1063.0,653.0
ES,2026,192,1069.0,655.0
ES,2026,193,1077.0,662.0
ES,2026,194,1077.0,662.0
ES,2026,195,1077.0,662.0
ES,2026,196,1077.0,662.0
ES,2026,197,1077.0,662.0
ES,2026,198,1077.0,662.0
ES,2026,199,1082.0,662.0
ES,2026,200,1090.0,666.0
ES,2026,201,1090.0,666.0
ES,2026,202,1090.0,666.0
ES,2026,203,1090.0,666.0
ES,2026,204,1090.0,666.0
ES,2026,205,1094.0,666.0
ES,2026,206,1103.0,674.0
ES,2026,207,1113.0,684.0
ES,2026,208,1119.0,684.0
ES,2026,209,1119.0,684.0
ES,2026,210,1119.0,684.0
ES,2026,211,1119.0,684.0
ES,2026,212,1119.0,684.0
ES,2026,213,1124.0,684.0
ES,2026,214,1131.0,689.0
ES,2026,215,1131.0,689.0
ES,2026,216,1131.0,689.0
ES,2026,217,1131.0,689.0
ES,2026,218,1131.0,689.0
ES,2026,219,1131.0,689.0
ES,2026,220,1137.0,689.0
ES,2026,221,1144.0,694.0
ES,2026,222,1144.0,694.0
ES,2026,223,1144.0,694.0
ES,2026,224,1144.0,694.0
ES,2026,225,1144.0,694.0
ES,2026,226,1144.0,694.0
ES,2026,227,1146.0,694.0
ES,2026,228,1151.0,694.0
ES,2026,229,1151.0,694.0
ES,2026,230,1152.0,694.0
ES,2026,231,1152.0,694.0
ES,2026,232,1152.0,694.0
ES,2026,233,1152.0,694.0
ES,2026,234,1159.0,700.0
ES,2026,235,1167.0,708.0
ES,2026,236,1171.0,708.0
ES,2026,237,1171.0,708.0
ES,2026,238,1176.0,708.0
ES,2026,239,1179.0,708.0
ES,2026,240,1185.0,708.0
ES,2026,241,1193.0,716.0
ES,2026,242,1201.0,724.0
ES,2026,243,1208.0,724.0
ES,2026,244,1208.0,724.0
ES,2026,245,1208.0,724.0
ES,2026,246,1208.0,724.0
ES,2026,247,1208.0,724.0
ES,2026,248,1208.0,724.0
ES,2026,249,,
ES,2026,250,,
ES,2026,251,,
ES,2026,252,,
ES,2026,253,,
ES,2026,254,,
ES,2026,255,,
ES,2026,256,,
ES,2026,257,,
ES,2026,258,,
ES,2026,259,,
ES,2026,260,,
ES,2026,261,,
ES,2026,262,,
ES,2026,263,,
ES,2026,264,,
ES,2026,265,,
ES,2026,266,,
ES,2026,267,,
ES,2026,268,,
ES,2026,269,,
ES,2026,270,,
ES,2026,271,,
ES,2026,272,,
ES,2026,273,,
ES,2026,274,,
ES,2026,275,,
ES,2026,276,,
ES,2026,277,,
ES,2026,278,,
ES,2026,279,,
ES,2026,280,,
ES,2026,281,,
ES,2026,282,,
ES,2026,283,,
ES,2026,284,,
ES,2026,285,,
ES,2026,286,,
ES,2026,287,,
ES,2026,288,,
ES,2026,289,,
ES,2026,290,,
ES,2026,291,,
ES,2026,292,,
ES,2026,293,,
ES,2026,294,,
ES,2026,295,,
ES,2026,296,,
ES,2026,297,,
ES,2026,298,,
ES,2026,299,,
ES,2026,300,,
ES,2026,301,,
ES,2026,302,,
ES,2026,303,,
ES,2026,304,,
ES,2026,305,,
ES,2026,306,,
ES,2026,307,,
ES,2026,308,,
ES,2026,309,,
ES,2026,310,,
ES,2026,311,,
ES,2026,312,,
ES,2026,313,,
ES,2026,314,,
ES,2026,315,,
ES,2026,316,,
ES,2026,317,,
ES,2026,318,,
ES,2026,319,,
ES,2026,320,,
ES,2026,321,,
ES,2026,322,,
ES,2026,323,,
ES,2026,324,,
ES,2026,325,,
ES,2026,326,,
ES,2026,327,,
ES,2026,328,,
ES,2026,329,,
ES,2026,330,,
ES,2026,331,,
ES,2026,332,,
ES,2026,333,,
ES,2026,334,,
ES,2026,335,,
ES,2026,336,,
ES,2026,337,,
ES,2026,338,,
ES,2026,339,,
ES,2026,340,,
ES,2026,341,,
ES,2026,342,,
ES,2026,343,,
ES,2026,344,,
ES,2026,345,,
ES,2026,346,,
ES,2026,347,,
ES,2026,348,,
ES,2026,349,,
ES,2026,350,,
ES,2026,351,,
ES,2026,352,,
ES,2026,353,,
ES,2026,354,,
ES,2026,355,,
ES,2026,356,,
ES,2026,357,,
ES,2026,358,,
ES,2026,359,,
ES,2026,360,,
ES,2026,361,,
ES,2026,362,,
ES,2026,363,,
ES,2026,364,,
ES,2026,365,,
ES,2026,366,,
FR,2019,1,0.0,0.0
FR,2019,2,0.0,0.0
FR,2019,3,0.0,0.0
FR,2019,4,0.0,0.0
FR,2019,5,0.0,0.0
FR,2019,6,0.0,0.0
FR,2019,7,0.0,0.0
FR,2019,8,0.0,0.0
FR,2019,9,0.0,0.0
FR,2019,10,0.0,0.0
FR,2019,11,0.0,0.0
FR,2019,12,0.0,0.0
FR,2019,13,0.0,0.0
FR,2019,14,0.0,0.0
FR,2019,15,0.0,0.0
FR,2019,16,0.0,0.0
FR,2019,17,0.0,0.0
FR,2019,18,0.0,0.0
FR,2019,19,0.0,0.0
FR,2019,20,0.0,0.0
FR,2019,21,0.0,0.0
FR,2019,22,0.0,0.0
FR,2019,23,0.0,0.0
FR,2019,24,0.0,0.0
FR,2019,25,0.0,0.0
FR,2019,26,0.0,0.0
FR,2019,27,0.0,0.0
FR,2019,28,0.0,0.0
FR,2019,29,0.0,0.0
FR,2019,30,0.0,0.0
FR,2019,31,0.0,0.0
FR,2019,32,0.0,0.0
FR,2019,33,0.0,0.0
FR,2019,34,0.0,0.0
FR,2019,35,0.0,0.0
FR,2019,36,0.0,0.0
FR,2019,37,0.0,0.0
FR,2019,38,0.0,0.0
FR,2019,39,0.0,0.0
FR,2019,40,0.0,0.0
FR,2019,41,0.0,0.0
FR,2019,42,0.0,0.0
FR,2019,43,0.0,0.0
FR,2019,44,0.0,0.0
FR,2019,45,0.0,0.0
FR,2019,46,0.0,0.0
FR,2019,47,0.0,0.0
FR,2019,48,0.0,0.0
FR,2019,49,0.0,0.0
FR,2019,50,0.0,0.0
FR,2019,51,0.0,0.0
FR,2019,52,0.0,0.0
FR,2019,53,0.0,0.0
FR,2019,54,0.0,0.0
FR,2019,55,0.0,0.0
FR,2019,56,0.0,0.0
FR,2019,57,0.0,0.0
FR,2019,58,0.0,0.0
FR,2019,59,0.0,0.0
FR,2019,60,0.0,0.0
FR,2019,61,0.0,0.0
FR,2019,62,0.0,0.0
FR,2019,63,0.0,0.0
FR,2019,64,0.0,0.0
FR,2019,65,0.0,0.0
FR,2019,66,0.0,0.0
FR,2019,67,0.0,0.0
FR,2019,68,0.0,0.0
FR,2019,69,0.0,0.0
FR,2019,70,0.0,0.0
FR,2019,71,0.0,0.0
FR,2019,72,0.0,0.0
FR,2019,73,0.0,0.0
FR,2019,74,0.0,0.0
FR,2019,75,0.0,0.0
FR,2019,76,8.0,7.0
FR,2019,77,8.0,7.0
FR,2019,78,8.0,7.0
FR,2019,79,8.0,7.0
FR,2019,80,8.0,7.0
FR,2019,81,8.0,7.0
FR,2019,82,8.0,7.0
FR,2019,83,8.0,7.0
FR,2019,84,8.0,7.0
FR,2019,85,8.0,7.0
FR,2019,86,8.0,7.0
FR,2019,87,8.0,7.0
FR,2019,88,8.0,7.0
FR,2019,89,8.0,7.0
FR,2019,90,10.0,9.0
FR,2019,91,10.0,9.0
FR,2019,92,10.0,9.0
FR,2019,93,10.0,9.0
FR,2019,94,10.0,9.0
FR,2019,95,10.0,9.0
FR,2019,96,10.0,9.0
FR,2019,97,10.0,9.0
FR,2019,98,10.0,9.0
FR,2019,99,10.0,9.0
FR,2019,100,10.0,9.0
FR,2019,101,10.0,9.0
FR,2019,102,10.0,9.0
FR,2019,103,10.0,9.0
FR,2019,104,10.0,9.0
FR,2019,105,10.0,9.0
FR,2019,106,10.0,9.0
FR,2019,107,10.0,9.0
FR,2019,108,10.0,9.0
FR,2019,109,10.0,9.0
FR,2019,110,10.0,9.0
FR,2019,111,10.0,9.0
FR,2019,112,13.0,11.0
FR,2019,113,13.0,11.0
FR,2019,114,13.0,11.0
FR,2019,115,14.0,11.0
FR,2019,116,14.0,11.0
FR,2019,117,14.0,11.0
FR,2019,118,14.0,11.0
FR,2019,119,14.0,11.0
FR,2019,120,14.0,11.0
FR,2019,121,14.0,11.0
FR,2019,122,14.0,11.0
FR,2019,123,14.0,11.0
FR,2019,124,14.0,11.0
FR,2019,125,14.0,11.0
FR,2019,126,14.0,11.0
FR,2019,127,14.0,11.0
FR,2019,128,14.0,11.0
FR,2019,129,14.0,11.0
FR,2019,130,14.0,11.0
FR,2019,131,14.0,11.0
FR,2019,132,17.0,14.0
FR,2019,133,17.0,14.0
FR,2019,134,17.0,14.0
FR,2019,135,17.0,14.0
FR,2019,136,17.0,14.0
FR,2019,137,17.0,14.0
FR,2019,138,17.0,14.0
FR,2019,139,17.0,14.0
FR,2019,140,17.0,14.0
FR,2019,141,17.0,14.0
FR,2019,142,17.0,14.0
FR,2019,143,17.0,14.0
FR,2019,144,17.0,14.0
FR,2019,145,17.0,14.0
FR,2019,146,19.0,16.0
FR,2019,147,19.0,16.0
FR,2019,148,19.0,16.0
FR,2019,149,19.0,16.0
FR,2019,150,19.0,16.0
FR,2019,151,19.0,16.0
FR,2019,152,19.0,16.0
FR,2019,153,21.0,18.0
FR,2019,154,21.0,18.0
FR,2019,155,21.0,18.0
FR,2019,156,21.0,18.0
FR,2019,157,21.0,18.0
FR,2019,158,22.0,18.0
FR,2019,159,28.0,22.0
FR,2019,160,28.0,22.0
FR,2019,161,28.0,22.0
FR,2019,162,28.0,22.0
FR,2019,163,28.0,22.0
FR,2019,164,28.0,22.0
FR,2019,165,28.0,22.0
FR,2019,166,28.0,22.0
FR,2019,167,28.0,22.0
FR,2019,168,28.0,22.0
FR,2019,169,28.0,22.0
FR,2019,170,28.0,22.0
FR,2019,171,28.0,22.0
FR,2019,172,28.0,22.0
FR,2019,173,28.0,22.0
FR,2019,174,33.0,25.0
FR,2019,175,33.0,25.0
FR,2019,176,33.0,25.0
FR,2019,177,33.0,25.0
FR,2019,178,33.0,25.0
FR,2019,179,33.0,25.0
FR,2019,180,33.0,25.0
FR,2019,181,35.0,26.0
FR,2019,182,35.0,26.0
FR,2019,183,35.0,26.0
FR,2019,184,35.0,26.0
FR,2019,185,35.0,26.0
FR,2019,186,35.0,26.0
FR,2019,187,35.0,26.0
FR,2019,188,35.0,26.0
FR,2019,189,35.0,26.0
FR,2019,190,35.0,26.0
FR,2019,191,35.0,26.0
FR,2019,192,35.0,26.0
FR,2019,193,35.0,26.0
FR,2019,194,35.0,26.0
FR,2019,195,35.0,26.0
FR,2019,196,35.0,26.0
FR,2019,197,35.0,26.0
FR,2019,198,35.0,26.0
FR,2019,199,35.0,26.0
FR,2019,200,35.0,26.0
FR,2019,201,35.0,26.0
FR,2019,202,35.0,26.0
FR,2019,203,35.0,26.0
FR,2019,204,35.0,26.0
FR,2019,205,35.0,26.0
FR,2019,206,35.0,26.0
FR,2019,207,35.0,26.0
FR,2019,208,35.0,26.0
FR,2019,209,35.0,26.0
FR,2019,210,35.0,26.0
FR,2019,211,35.0,26.0
FR,2019,212,35.0,26.0
FR,2019,213,35.0,26.0
FR,2019,214,35.0,26.0
FR,2019,215,35.0,26.0
FR,2019,216,35.0,26.0
FR,2019,217,35.0,26.0
FR,2019,218,35.0,26.0
FR,2019,219,35.0,26.0
FR,2019,220,35.0,26.0
FR,2019,221,35.0,26.0
FR,2019,222,35.0,26.0
FR,2019,223,35.0,26.0
FR,2019,224,35.0,26.0
FR,2019,225,35.0,26.0
FR,2019,226,35.0,26.0
FR,2019,227,35.0,26.0
FR,2019,228,35.0,26.0
FR,2019,229,35.0,26.0
FR,2019,230,35.0,26.0
FR,2019,231,35.0,26.0
FR,2019,232,35.0,26.0
FR,2019,233,35.0,26.0
FR,2019,234,35.0,26.0
FR,2019,235,35.0,26.0
FR,2019,236,35.0,26.0
FR,2019,237,35.0,26.0
FR,2019,238,35.0,26.0
FR,2019,239,35.0,26.0
FR,2019,240,35.0,26.0
FR,2019,241,35.0,26.0
FR,2019,242,35.0,26.0
FR,2019,243,35.0,26.0
FR,2019,244,35.0,26.0
FR,2019,245,35.0,26.0
FR,2019,246,35.0,26.0
FR,2019,247,35.0,26.0
FR,2019,248,35.0,26.0
FR,2019,249,35.0,26.0
FR,2019,250,35.0,26.0
FR,2019,251,35.0,26.0
FR,2019,252,35.0,26.0
FR,2019,253,35.0,26.0
FR,2019,254,35.0,26.0
FR,2019,255,35.0,26.0
FR,2019,256,35.0,26.0
FR,2019,257,35.0,26.0
FR,2019,258,35.0,26.0
FR,2019,259,35.0,26.0
FR,2019,260,35.0,26.0
FR,2019,261,35.0,26.0
FR,2019,262,35.0,26.0
FR,2019,263,35.0,26.0
FR,2019,264,35.0,26.0
FR,2019,265,35.0,26.0
FR,2019,266,35.0,26.0
FR,2019,267,35.0,26.0
FR,2019,268,35.0,26.0
FR,2019,269,35.0,26.0
FR,2019,270,35.0,26.0
FR,2019,271,35.0,26.0
FR,2019,272,36.0,26.0
FR,2019,273,36.0,26.0
FR,2019,274,36.0,26.0
FR,2019,275,36.0,26.0
FR,2019,276,36.0,26.0
FR,2019,277,36.0,26.0
FR,2019,278,36.0,26.0
FR,2019,279,36.0,26.0
FR,2019,280,36.0,26.0
FR,2019,281,36.0,26.0
FR,2019,282,36.0,26.0
FR,2019,283,36.0,26.0
FR,2019,284,36.0,26.0
FR,2019,285,36.0,26.0
FR,2019,286,36.0,26.0
FR,2019,287,36.0,26.0
FR,2019,288,36.0,26.0
FR,2019,289,36.0,26.0
FR,2019,290,36.0,26.0
FR,2019,291,36.0,26.0
FR,2019,292,36.0,26.0
FR,2019,293,36.0,26.0
FR,2019,294,36.0,26.0
FR,2019,295,36.0,26.0
FR,2019,296,36.0,26.0
FR,2019,297,36.0,26.0
FR,2019,298,36.0,26.0
FR,2019,299,36.0,26.0
FR,2019,300,36.0,26.0
FR,2019,301,36.0,26.0
FR,2019,302,36.0,26.0
FR,2019,303,36.0,26.0
FR,2019,304,36.0,26.0
FR,2019,305,36.0,26.0
FR,2019,306,36.0,26.0
FR,2019,307,36.0,26.0
FR,2019,308,36.0,26.0
FR,2019,309,36.0,26.0
FR,2019,310,36.0,26.0
FR,2019,311,36.0,26.0
FR,2019,312,36.0,26.0
FR,2019,313,36.0,26.0
FR,2019,314,36.0,26.0
FR,2019,315,36.0,26.0
FR,2019,316,36.0,26.0
FR,2019,317,36.0,26.0
FR,2019,318,36.0,26.0
FR,2019,319,36.0,26.0
FR,2019,320,36.0,26.0
FR,2019,321,36.0,26.0
FR,2019,322,36.0,26.0
FR,2019,323,36.0,26.0
FR,2019,324,36.0,26.0
FR,2019,325,36.0,26.0
FR,2019,326,36.0,26.0
FR,2019,327,36.0,26.0
FR,2019,328,36.0,26.0
FR,2019,329,36.0,26.0
FR,2019,330,36.0,26.0
FR,2019,331,36.0,26.0
FR,2019,332,36.0,26.0
FR,2019,333,36.0,26.0
FR,2019,334,36.0,26.0
FR,2019,335,36.0,26.0
FR,2019,336,36.0,26.0
FR,2019,337,36.0,26.0
FR,2019,338,36.0,26.0
FR,2019,339,36.0,26.0
FR,2019,340,36.0,26.0
FR,2019,341,36.0,26.0
FR,2019,342,36.0,26.0
FR,2019,343,37.0,26.0
FR,2019,344,37.0,26.0
FR,2019,345,37.0,26.0
FR,2019,346,37.0,26.0
FR,2019,347,37.0,26.0
FR,2019,348,37.0,26.0
FR,2019,349,37.0,26.0
FR,2019,350,37.0,26.0
FR,2019,351,37.0,26.0
FR,2019,352,37.0,26.0
FR,2019,353,37.0,26.0
FR,2019,354,37.0,26.0
FR,2019,355,37.0,26.0
FR,2019,356,37.0,26.0
FR,2019,357,37.0,26.0
FR,2019,358,38.0,27.0
FR,2019,359,38.0,27.0
FR,2019,360,38.0,27.0
FR,2019,361,38.0,27.0
FR,2019,362,38.0,27.0
FR,2019,363,38.0,27.0
FR,2019,364,38.0,27.0
FR,2019,365,38.0,27.0
FR,2019,366,,
FR,2020,1,0.0,0.0
FR,2020,2,0.0,0.0
FR,2020,3,0.0,0.0
FR,2020,4,0.0,0.0
FR,2020,5,0.0,0.0
FR,2020,6,0.0,0.0
FR,2020,7,0.0,0.0
FR,2020,8,0.0,0.0
FR,2020,9,0.0,0.0
FR,2020,10,0.0,0.0
FR,2020,11,0.0,0.0
FR,2020,12,0.0,0.0
FR,2020,13,0.0,0.0
FR,2020,14,0.0,0.0
FR,2020,15,0.0,0.0
FR,2020,16,0.0,0.0
FR,2020,17,0.0,0.0
FR,2020,18,0.0,0.0
FR,2020,19,0.0,0.0
FR,2020,20,0.0,0.0
FR,2020,21,0.0,0.0
FR,2020,22,0.0,0.0
FR,2020,23,0.0,0.0
FR,2020,24,0.0,0.0
FR,2020,25,0.0,0.0
FR,2020,26,0.0,0.0
FR,2020,27,0.0,0.0
FR,2020,28,0.0,0.0
FR,2020,29,0.0,0.0
FR,2020,30,0.0,0.0
FR,2020,31,0.0,0.0
FR,2020,32,1.0,0.0
FR,2020,33,1.0,0.0
FR,2020,34,1.0,0.0
FR,2020,35,1.0,0.0
FR,2020,36,1.0,0.0
FR,2020,37,1.0,0.0
FR,2020,38,1.0,0.0
FR,2020,39,1.0,0.0
FR,2020,40,1.0,0.0
FR,2020,41,1.0,0.0
FR,2020,42,1.0,0.0
FR,2020,43,1.0,0.0
FR,2020,44,1.0,0.0
FR,2020,45,1.0,0.0
FR,2020,46,1.0,0.0
FR,2020,47,5.0,4.0
FR,2020,48,5.0,4.0
FR,2020,49,5.0,4.0
FR,2020,50,5.0,4.0
FR,2020,51,5.0,4.0
FR,2020,52,5.0,4.0
FR,2020,53,5.0,4.0
FR,2020,54,5.0,4.0
FR,2020,55,5.0,4.0
FR,2020,56,5.0,4.0
FR,2020,57,5.0,4.0
FR,2020,58,5.0,4.0
FR,2020,59,5.0,4.0
FR,2020,60,5.0,4.0
FR,2020,61,5.0,4.0
FR,2020,62,5.0,4.0
FR,2020,63,5.0,4.0
FR,2020,64,5.0,4.0
FR,2020,65,5.0,4.0
FR,2020,66,5.0,4.0
FR,2020,67,5.0,4.0
FR,2020,68,5.0,4.0
FR,2020,69,5.0,4.0
FR,2020,70,5.0,4.0
FR,2020,71,5.0,4.0
FR,2020,72,5.0,4.0
FR,2020,73,5.0,4.0
FR,2020,74,5.0,4.0
FR,2020,75,6.0,5.0
FR,2020,76,6.0,5.0
FR,2020,77,6.0,5.0
FR,2020,78,6.0,5.0
FR,2020,79,6.0,5.0
FR,2020,80,6.0,5.0
FR,2020,81,6.0,5.0
FR,2020,82,10.0,8.0
FR,2020,83,10.0,8.0
FR,2020,84,10.0,8.0
FR,2020,85,10.0,8.0
FR,2020,86,10.0,8.0
FR,2020,87,10.0,8.0
FR,2020,88,12.0,9.0
FR,2020,89,16.0,12.0
FR,2020,90,16.0,12.0
FR,2020,91,16.0,12.0
FR,2020,92,16.0,12.0
FR,2020,93,16.0,12.0
FR,2020,94,16.0,12.0
FR,2020,95,16.0,12.0
FR,2020,96,21.0,16.0
FR,2020,97,21.0,16.0
FR,2020,98,21.0,16.0
FR,2020,99,21.0,16.0
FR,2020,100,21.0,16.0
FR,2020,101,21.0,16.0
FR,2020,102,21.0,16.0
FR,2020,103,24.0,16.0
FR,2020,104,39.0,28.0
FR,2020,105,41.0,28.0
FR,2020,106,41.0,28.0
FR,2020,107,41.0,28.0
FR,2020,108,41.0,28.0
FR,2020,109,41.0,28.0
FR,2020,110,45.0,31.0
FR,2020,111,51.0,35.0
FR,2020,112,60.0,41.0
FR,2020,113,62.0,43.0
FR,2020,114,62.0,43.0
FR,2020,115,62.0,43.0
FR,2020,116,62.0,43.0
FR,2020,117,62.0,43.0
FR,2020,118,62.0,43.0
FR,2020,119,62.0,43.0
FR,2020,120,62.0,43.0
FR,2020,121,62.0,43.0
FR,2020,122,62.0,43.0
FR,2020,123,62.0,43.0
FR,2020,124,62.0,43.0
FR,2020,125,62.0,43.0
FR,2020,126,62.0,43.0
FR,2020,127,62.0,43.0
FR,2020,128,62.0,43.0
FR,2020,129,62.0,43.0
FR,2020,130,62.0,43.0
FR,2020,131,63.0,43.0
FR,2020,132,68.0,46.0
FR,2020,133,68.0,46.0
FR,2020,134,68.0,46.0
FR,2020,135,68.0,46.0
FR,2020,136,68.0,46.0
FR,2020,137,68.0,46.0
FR,2020,138,73.0,50.0
FR,2020,139,73.0,50.0
FR,2020,140,73.0,50.0
FR,2020,141,73.0,50.0
FR,2020,142,73.0,50.0
FR,2020,143,73.0,50.0
FR,2020,144,75.0,51.0
FR,2020,145,91.0,66.0
FR,2020,146,91.0,66.0
FR,2020,147,91.0,66.0
FR,2020,148,91.0,66.0
FR,2020,149,91.0,66.0
FR,2020,150,91.0,66.0
FR,2020,151,91.0,66.0
FR,2020,152,98.0,70.0
FR,2020,153,101.0,73.0
FR,2020,154,101.0,73.0
FR,2020,155,101.0,73.0
FR,2020,156,101.0,73.0
FR,2020,157,101.0,73.0
FR,2020,158,108.0,75.0
FR,2020,159,108.0,75.0
FR,2020,160,108.0,75.0
FR,2020,161,108.0,75.0
FR,2020,162,108.0,75.0
FR,2020,163,108.0,75.0
FR,2020,164,108.0,75.0
FR,2020,165,108.0,75.0
FR,2020,166,108.0,75.0
FR,2020,167,108.0,75.0
FR,2020,168,108.0,75.0
FR,2020,169,108.0,75.0
FR,2020,170,108.0,75.0
FR,2020,171,108.0,75.0
FR,2020,172,108.0,75.0
FR,2020,173,108.0,75.0
FR,2020,174,108.0,75.0
FR,2020,175,108.0,75.0
FR,2020,176,108.0,75.0
FR,2020,177,108.0,75.0
FR,2020,178,108.0,75.0
FR,2020,179,108.0,75.0
FR,2020,180,108.0,75.0
FR,2020,181,108.0,75.0
FR,2020,182,108.0,75.0
FR,2020,183,108.0,75.0
FR,2020,184,108.0,75.0
FR,2020,185,108.0,75.0
FR,2020,186,108.0,75.0
FR,2020,187,123.0,87.0
FR,2020,188,123.0,87.0
FR,2020,189,123.0,87.0
FR,2020,190,123.0,87.0
FR,2020,191,123.0,87.0
FR,2020,192,123.0,87.0
FR,2020,193,123.0,87.0
FR,2020,194,123.0,87.0
FR,2020,195,123.0,87.0
FR,2020,196,123.0,87.0
FR,2020,197,123.0,87.0
FR,2020,198,123.0,87.0
FR,2020,199,123.0,87.0
FR,2020,200,123.0,87.0
FR,2020,201,123.0,87.0
FR,2020,202,123.0,87.0
FR,2020,203,123.0,87.0
FR,2020,204,123.0,87.0
FR,2020,205,123.0,87.0
FR,2020,206,123.0,87.0
FR,2020,207,123.0,87.0
FR,2020,208,123.0,87.0
FR,2020,209,123.0,87.0
FR,2020,210,123.0,87.0
FR,2020,211,123.0,87.0
FR,2020,212,123.0,87.0
FR,2020,213,123.0,87.0
FR,2020,214,123.0,87.0
FR,2020,215,123.0,87.0
FR,2020,216,123.0,87.0
FR,2020,217,123.0,87.0
FR,2020,218,123.0,87.0
FR,2020,219,123.0,87.0
FR,2020,220,123.0,87.0
FR,2020,221,123.0,87.0
FR,2020,222,123.0,87.0
FR,2020,223,123.0,87.0
FR,2020,224,123.0,87.0
FR,2020,225,123.0,87.0
FR,2020,226,123.0,87.0
FR,2020,227,123.0,87.0
FR,2020,228,123.0,87.0
FR,2020,229,123.0,87.0
FR,2020,230,123.0,87.0
FR,2020,231,123.0,87.0
FR,2020,232,123.0,87.0
FR,2020,233,123.0,87.0
FR,2020,234,123.0,87.0
FR,2020,235,123.0,87.0
FR,2020,236,123.0,87.0
FR,2020,237,123.0,87.0
FR,2020,238,123.0,87.0
FR,2020,239,123.0,87.0
FR,2020,240,123.0,87.0
FR,2020,241,123.0,87.0
FR,2020,242,123.0,87.0
FR,2020,243,123.0,87.0
FR,2020,244,123.0,87.0
FR,2020,245,123.0,87.0
FR,2020,246,123.0,87.0
FR,2020,247,123.0,87.0
FR,2020,248,123.0,87.0
FR,2020,249,123.0,87.0
FR,2020,250,123.0,87.0
FR,2020,251,123.0,87.0
FR,2020,252,123.0,87.0
FR,2020,253,123.0,87.0
FR,2020,254,123.0,87.0
FR,2020,255,123.0,87.0
FR,2020,256,123.0,87.0
FR,2020,257,123.0,87.0
FR,2020,258,123.0,87.0
FR,2020,259,123.0,87.0
FR,2020,260,123.0,87.0
FR,2020,261,123.0,87.0
FR,2020,262,123.0,87.0
FR,2020,263,123.0,87.0
FR,2020,264,123.0,87.0
FR,2020,265,123.0,87.0
FR,2020,266,123.0,87.0
FR,2020,267,123.0,87.0
FR,2020,268,123.0,87.0
FR,2020,269,123.0,87.0
FR,2020,270,123.0,87.0
FR,2020,271,123.0,87.0
FR,2020,272,123.0,87.0
FR,2020,273,123.0,87.0
FR,2020,274,123.0,87.0
FR,2020,275,123.0,87.0
FR,2020,276,123.0,87.0
FR,2020,277,123.0,87.0
FR,2020,278,123.0,87.0
FR,2020,279,123.0,87.0
FR,2020,280,123.0,87.0
FR,2020,281,123.0,87.0
FR,2020,282,123.0,87.0
FR,2020,283,123.0,87.0
FR,2020,284,123.0,87.0
FR,2020,285,123.0,87.0
FR,2020,286,123.0,87.0
FR,2020,287,123.0,87.0
FR,2020,288,123.0,87.0
FR,2020,289,123.0,87.0
FR,2020,290,123.0,87.0
FR,2020,291,123.0,87.0
FR,2020,292,123.0,87.0
FR,2020,293,123.0,87.0
FR,2020,294,123.0,87.0
FR,2020,295,123.0,87.0
FR,2020,296,123.0,87.0
FR,2020,297,123.0,87.0
FR,2020,298,123.0,87.0
FR,2020,299,129.0,90.0
FR,2020,300,129.0,90.0
FR,2020,301,129.0,90.0
FR,2020,302,129.0,90.0
FR,2020,303,129.0,90.0
FR,2020,304,129.0,90.0
FR,2020,305,129.0,90.0
FR,2020,306,129.0,90.0
FR,2020,307,133.0,93.0
FR,2020,308,133.0,93.0
FR,2020,309,133.0,93.0
FR,2020,310,133.0,93.0
FR,2020,311,133.0,93.0
FR,2020,312,133.0,93.0
FR,2020,313,133.0,93.0
FR,2020,314,133.0,93.0
FR,2020,315,133.0,93.0
FR,2020,316,133.0,93.0
FR,2020,317,133.0,93.0
FR,2020,318,133.0,93.0
FR,2020,319,133.0,93.0
FR,2020,320,137.0,93.0
FR,2020,321,142.0,96.0
FR,2020,322,142.0,96.0
FR,2020,323,142.0,96.0
FR,2020,324,142.0,96.0
FR,2020,325,142.0,96.0
FR,2020,326,142.0,96.0
FR,2020,327,142.0,96.0
FR,2020,328,142.0,96.0
FR,2020,329,142.0,96.0
FR,2020,330,142.0,96.0
FR,2020,331,142.0,96.0
FR,2020,332,142.0,96.0
FR,2020,333,142.0,96.0
FR,2020,334,142.0,96.0
FR,2020,335,142.0,96.0
FR,2020,336,142.0,96.0
FR,2020,337,142.0,96.0
FR,2020,338,142.0,96.0
FR,2020,339,142.0,96.0
FR,2020,340,142.0,96.0
FR,2020,341,142.0,96.0
FR,2020,342,142.0,96.0
FR,2020,343,142.0,96.0
FR,2020,344,142.0,96.0
FR,2020,345,142.0,96.0
FR,2020,346,142.0,96.0
FR,2020,347,142.0,96.0
FR,2020,348,142.0,96.0
FR,2020,349,142.0,96.0
FR,2020,350,142.0,96.0
FR,2020,351,142.0,96.0
FR,2020,352,142.0,96.0
FR,2020,353,142.0,96.0
FR,2020,354,142.0,96.0
FR,2020,355,142.0,96.0
FR,2020,356,142.0,96.0
FR,2020,357,145.0,98.0
FR,2020,358,145.0,98.0
FR,2020,359,147.0,98.0
FR,2020,360,147.0,98.0
FR,2020,361,147.0,98.0
FR,2020,362,151.0,102.0
FR,2020,363,151.0,102.0
FR,2020,364,151.0,102.0
FR,2020,365,151.0,102.0
FR,2020,366,151.0,102.0
FR,2021,1,0.0,0.0
FR,2021,2,0.0,0.0
FR,2021,3,0.0,0.0
FR,2021,4,0.0,0.0
FR,2021,5,0.0,0.0
FR,2021,6,0.0,0.0
FR,2021,7,0.0,0.0
FR,2021,8,0.0,0.0
FR,2021,9,0.0,0.0
FR,2021,10,0.0,0.0
FR,2021,11,0.0,0.0
FR,2021,12,0.0,0.0
FR,2021,13,0.0,0.0
FR,2021,14,0.0,0.0
FR,2021,15,0.0,0.0
FR,2021,16,0.0,0.0
FR,2021,17,0.0,0.0
FR,2021,18,0.0,0.0
FR,2021,19,0.0,0.0
FR,2021,20,0.0,0.0
FR,2021,21,0.0,0.0
FR,2021,22,0.0,0.0
FR,2021,23,0.0,0.0
FR,2021,24,0.0,0.0
FR,2021,25,0.0,0.0
FR,2021,26,0.0,0.0
FR,2021,27,0.0,0.0
FR,2021,28,0.0,0.0
FR,2021,29,0.0,0.0
FR,2021,30,0.0,0.0
FR,2021,31,0.0,0.0
FR,2021,32,0.0,0.0
FR,2021,33,0.0,0.0
FR,2021,34,0.0,0.0
FR,2021,35,0.0,0.0
FR,2021,36,0.0,0.0
FR,2021,37,0.0,0.0
FR,2021,38,4.0,2.0
FR,2021,39,4.0,2.0
FR,2021,40,4.0,2.0
FR,2021,41,4.0,2.0
FR,2021,42,4.0,2.0
FR,2021,43,4.0,2.0
FR,2021,44,4.0,2.0
FR,2021,45,4.0,2.0
FR,2021,46,4.0,2.0
FR,2021,47,4.0,2.0
FR,2021,48,4.0,2.0
FR,2021,49,4.0,2.0
FR,2021,50,4.0,2.0
FR,2021,51,4.0,2.0
FR,2021,52,4.0,2.0
FR,2021,53,4.0,2.0
FR,2021,54,4.0,2.0
FR,2021,55,4.0,2.0
FR,2021,56,4.0,2.0
FR,2021,57,4.0,2.0
FR,2021,58,4.0,2.0
FR,2021,59,4.0,2.0
FR,2021,60,4.0,2.0
FR,2021,61,4.0,2.0
FR,2021,62,4.0,2.0
FR,2021,63,4.0,2.0
FR,2021,64,4.0,2.0
FR,2021,65,4.0,2.0
FR,2021,66,4.0,2.0
FR,2021,67,4.0,2.0
FR,2021,68,4.0,2.0
FR,2021,69,4.0,2.0
FR,2021,70,4.0,2.0
FR,2021,71,4.0,2.0
FR,2021,72,4.0,2.0
FR,2021,73,4.0,2.0
FR,2021,74,4.0,2.0
FR,2021,75,4.0,2.0
FR,2021,76,4.0,2.0
FR,2021,77,4.0,2.0
FR,2021,78,4.0,2.0
FR,2021,79,4.0,2.0
FR,2021,80,4.0,2.0
FR,2021,81,4.0,2.0
FR,2021,82,4.0,2.0
FR,2021,83,4.0,2.0
FR,2021,84,4.0,2.0
FR,2021,85,4.0,2.0
FR,2021,86,4.0,2.0
FR,2021,87,8.0,5.0
FR,2021,88,8.0,5.0
FR,2021,89,8.0,5.0
FR,2021,90,8.0,5.0
FR,2021,91,8.0,5.0
FR,2021,92,8.0,5.0
FR,2021,93,8.0,5.0
FR,2021,94,9.0,5.0
FR,2021,95,10.0,5.0
FR,2021,96,10.0,5.0
FR,2021,97,10.0,5.0
FR,2021,98,10.0,5.0
FR,2021,99,10.0,5.0
FR,2021,100,10.0,5.0
FR,2021,101,10.0,5.0
FR,2021,102,10.0,5.0
FR,2021,103,10.0,5.0
FR,2021,104,10.0,5.0
FR,2021,105,10.0,5.0
FR,2021,106,10.0,5.0
FR,2021,107,10.0,5.0
FR,2021,108,10.0,5.0
FR,2021,109,10.0,5.0
FR,2021,110,10.0,5.0
FR,2021,111,10.0,5.0
FR,2021,112,10.0,5.0
FR,2021,113,10.0,5.0
FR,2021,114,10.0,5.0
FR,2021,115,13.0,7.0
FR,2021,116,13.0,7.0
FR,2021,117,13.0,7.0
FR,2021,118,13.0,7.0
FR,2021,119,13.0,7.0
FR,2021,120,13.0,7.0
FR,2021,121,13.0,7.0
FR,2021,122,14.0,7.0
FR,2021,123,14.0,7.0
FR,2021,124,17.0,7.0
FR,2021,125,17.0,7.0
FR,2021,126,17.0,7.0
FR,2021,127,17.0,7.0
FR,2021,128,18.0,7.0
FR,2021,129,32.0,14.0
FR,2021,130,32.0,14.0
FR,2021,131,32.0,14.0
FR,2021,132,32.0,14.0
FR,2021,133,32.0,14.0
FR,2021,134,32.0,14.0
FR,2021,135,32.0,14.0
FR,2021,136,32.0,14.0
FR,2021,137,32.0,14.0
FR,2021,138,32.0,14.0
FR,2021,139,32.0,14.0
FR,2021,140,32.0,14.0
FR,2021,141,34.0,14.0
FR,2021,142,44.0,17.0
FR,2021,143,49.0,21.0
FR,2021,144,49.0,21.0
FR,2021,145,49.0,21.0
FR,2021,146,49.0,21.0
FR,2021,147,49.0,21.0
FR,2021,148,49.0,21.0
FR,2021,149,49.0,21.0
FR,2021,150,53.0,25.0
FR,2021,151,53.0,25.0
FR,2021,152,53.0,25.0
FR,2021,153,53.0,25.0
FR,2021,154,53.0,25.0
FR,2021,155,53.0,25.0
FR,2021,156,53.0,25.0
FR,2021,157,53.0,25.0
FR,2021,158,53.0,25.0
FR,2021,159,53.0,25.0
FR,2021,160,53.0,25.0
FR,2021,161,53.0,25.0
FR,2021,162,53.0,25.0
FR,2021,163,56.0,28.0
FR,2021,164,63.0,33.0
FR,2021,165,63.0,33.0
FR,2021,166,63.0,33.0
FR,2021,167,63.0,33.0
FR,2021,168,63.0,33.0
FR,2021,169,63.0,33.0
FR,2021,170,63.0,33.0
FR,2021,171,63.0,33.0
FR,2021,172,63.0,33.0
FR,2021,173,63.0,33.0
FR,2021,174,63.0,33.0
FR,2021,175,63.0,33.0
FR,2021,176,63.0,33.0
FR,2021,177,63.0,33.0
FR,2021,178,63.0,33.0
FR,2021,179,63.0,33.0
FR,2021,180,63.0,33.0
FR,2021,181,63.0,33.0
FR,2021,182,63.0,33.0
FR,2021,183,63.0,33.0
FR,2021,184,63.0,33.0
FR,2021,185,63.0,33.0
FR,2021,186,63.0,33.0
FR,2021,187,63.0,33.0
FR,2021,188,63.0,33.0
FR,2021,189,63.0,33.0
FR,2021,190,63.0,33.0
FR,2021,191,63.0,33.0
FR,2021,192,63.0,33.0
FR,2021,193,63.0,33.0
FR,2021,194,63.0,33.0
FR,2021,195,63.0,33.0
FR,2021,196,64.0,33.0
FR,2021,197,64.0,33.0
FR,2021,198,64.0,33.0
FR,2021,199,68.0,35.0
FR,2021,200,68.0,35.0
FR,2021,201,68.0,35.0
FR,2021,202,68.0,35.0
FR,2021,203,68.0,35.0
FR,2021,204,68.0,35.0
FR,2021,205,68.0,35.0
FR,2021,206,68.0,35.0
FR,2021,207,68.0,35.0
FR,2021,208,68.0,35.0
FR,2021,209,68.0,35.0
FR,2021,210,69.0,36.0
FR,2021,211,71.0,36.0
FR,2021,212,75.0,38.0
FR,2021,213,75.0,38.0
FR,2021,214,75.0,38.0
FR,2021,215,75.0,38.0
FR,2021,216,75.0,38.0
FR,2021,217,76.0,38.0
FR,2021,218,83.0,43.0
FR,2021,219,85.0,43.0
FR,2021,220,102.0,59.0
FR,2021,221,102.0,59.0
FR,2021,222,102.0,59.0
FR,2021,223,102.0,59.0
FR,2021,224,102.0,59.0
FR,2021,225,102.0,59.0
FR,2021,226,102.0,59.0
FR,2021,227,102.0,59.0
FR,2021,228,104.0,61.0
FR,2021,229,104.0,61.0
FR,2021,230,104.0,61.0
FR,2021,231,104.0,61.0
FR,2021,232,104.0,61.0
FR,2021,233,104.0,61.0
FR,2021,234,104.0,61.0
FR,2021,235,104.0,61.0
FR,2021,236,104.0,61.0
FR,2021,237,104.0,61.0
FR,2021,238,104.0,61.0
FR,2021,239,104.0,61.0
FR,2021,240,104.0,61.0
FR,2021,241,104.0,61.0
FR,2021,242,104.0,61.0
FR,2021,243,104.0,61.0
FR,2021,244,104.0,61.0
FR,2021,245,104.0,61.0
FR,2021,246,104.0,61.0
FR,2021,247,104.0,61.0
FR,2021,248,104.0,61.0
FR,2021,249,104.0,61.0
FR,2021,250,104.0,61.0
FR,2021,251,104.0,61.0
FR,2021,252,104.0,61.0
FR,2021,253,104.0,61.0
FR,2021,254,104.0,61.0
FR,2021,255,104.0,61.0
FR,2021,256,104.0,61.0
FR,2021,257,104.0,61.0
FR,2021,258,104.0,61.0
FR,2021,259,104.0,61.0
FR,2021,260,104.0,61.0
FR,2021,261,104.0,61.0
FR,2021,262,104.0,61.0
FR,2021,263,104.0,61.0
FR,2021,264,104.0,61.0
FR,2021,265,104.0,61.0
FR,2021,266,104.0,61.0
FR,2021,267,104.0,61.0
FR,2021,268,104.0,61.0
FR,2021,269,104.0,61.0
FR,2021,270,104.0,61.0
FR,2021,271,104.0,61.0
FR,2021,272,104.0,61.0
FR,2021,273,104.0,61.0
FR,2021,274,104.0,61.0
FR,2021,275,105.0,61.0
FR,2021,276,110.0,64.0
FR,2021,277,110.0,64.0
FR,2021,278,110.0,64.0
FR,2021,279,110.0,64.0
FR,2021,280,110.0,64.0
FR,2021,281,110.0,64.0
FR,2021,282,110.0,64.0
FR,2021,283,110.0,64.0
FR,2021,284,110.0,64.0
FR,2021,285,110.0,64.0
FR,2021,286,110.0,64.0
FR,2021,287,110.0,64.0
FR,2021,288,110.0,64.0
FR,2021,289,110.0,64.0
FR,2021,290,110.0,64.0
FR,2021,291,110.0,64.0
FR,2021,292,110.0,64.0
FR,2021,293,111.0,64.0
FR,2021,294,114.0,64.0
FR,2021,295,114.0,64.0
FR,2021,296,114.0,64.0
FR,2021,297,114.0,64.0
FR,2021,298,114.0,64.0
FR,2021,299,114.0,64.0
FR,2021,300,114.0,64.0
FR,2021,301,114.0,64.0
FR,2021,302,114.0,64.0
FR,2021,303,114.0,64.0
FR,2021,304,114.0,64.0
FR,2021,305,114.0,64.0
FR,2021,306,114.0,64.0
FR,2021,307,114.0,64.0
FR,2021,308,114.0,64.0
FR,2021,309,114.0,64.0
FR,2021,310,114.0,64.0
FR,2021,311,114.0,64.0
FR,2021,312,114.0,64.0
FR,2021,313,114.0,64.0
FR,2021,314,114.0,64.0
FR,2021,315,114.0,64.0
FR,2021,316,114.0,64.0
FR,2021,317,114.0,64.0
FR,2021,318,114.0,64.0
FR,2021,319,114.0,64.0
FR,2021,320,114.0,64.0
FR,2021,321,114.0,64.0
FR,2021,322,114.0,64.0
FR,2021,323,114.0,64.0
FR,2021,324,114.0,64.0
FR,2021,325,114.0,64.0
FR,2021,326,114.0,64.0
FR,2021,327,114.0,64.0
FR,2021,328,114.0,64.0
FR,2021,329,114.0,64.0
FR,2021,330,114.0,64.0
FR,2021,331,114.0,64.0
FR,2021,332,114.0,64.0
FR,2021,333,114.0,64.0
FR,2021,334,114.0,64.0
FR,2021,335,114.0,64.0
FR,2021,336,114.0,64.0
FR,2021,337,114.0,64.0
FR,2021,338,114.0,64.0
FR,2021,339,114.0,64.0
FR,2021,340,114.0,64.0
FR,2021,341,114.0,64.0
FR,2021,342,114.0,64.0
FR,2021,343,114.0,64.0
FR,2021,344,114.0,64.0
FR,2021,345,114.0,64.0
FR,2021,346,114.0,64.0
FR,2021,347,114.0,64.0
FR,2021,348,114.0,64.0
FR,2021,349,114.0,64.0
FR,2021,350,114.0,64.0
FR,2021,351,114.0,64.0
FR,2021,352,114.0,64.0
FR,2021,353,114.0,64.0
FR,2021,354,114.0,64.0
FR,2021,355,114.0,64.0
FR,2021,356,114.0,64.0
FR,2021,357,114.0,64.0
FR,2021,358,114.0,64.0
FR,2021,359,114.0,64.0
FR,2021,360,114.0,64.0
FR,2021,361,114.0,64.0
FR,2021,362,114.0,64.0
FR,2021,363,114.0,64.0
FR,2021,364,114.0,64.0
FR,2021,365,114.0,64.0
FR,2021,366,,
FR,2022,1,0.0,0.0
FR,2022,2,0.0,0.0
FR,2022,3,2.0,0.0
FR,2022,4,2.0,0.0
FR,2022,5,2.0,0.0
FR,2022,6,2.0,0.0
FR,2022,7,2.0,0.0
FR,2022,8,2.0,0.0
FR,2022,9,2.0,0.0
FR,2022,10,2.0,0.0
FR,2022,11,2.0,0.0
FR,2022,12,2.0,0.0
FR,2022,13,2.0,0.0
FR,2022,14,2.0,0.0
FR,2022,15,2.0,0.0
FR,2022,16,2.0,0.0
FR,2022,17,2.0,0.0
FR,2022,18,2.0,0.0
FR,2022,19,2.0,0.0
FR,2022,20,2.0,0.0
FR,2022,21,2.0,0.0
FR,2022,22,2.0,0.0
FR,2022,23,2.0,0.0
FR,2022,24,2.0,0.0
FR,2022,25,2.0,0.0
FR,2022,26,2.0,0.0
FR,2022,27,2.0,0.0
FR,2022,28,2.0,0.0
FR,2022,29,2.0,0.0
FR,2022,30,2.0,0.0
FR,2022,31,2.0,0.0
FR,2022,32,2.0,0.0
FR,2022,33,2.0,0.0
FR,2022,34,2.0,0.0
FR,2022,35,2.0,0.0
FR,2022,36,2.0,0.0
FR,2022,37,2.0,0.0
FR,2022,38,2.0,0.0
FR,2022,39,2.0,0.0
FR,2022,40,2.0,0.0
FR,2022,41,2.0,0.0
FR,2022,42,2.0,0.0
FR,2022,43,2.0,0.0
FR,2022,44,2.0,0.0
FR,2022,45,2.0,0.0
FR,2022,46,2.0,0.0
FR,2022,47,2.0,0.0
FR,2022,48,2.0,0.0
FR,2022,49,2.0,0.0
FR,2022,50,2.0,0.0
FR,2022,51,2.0,0.0
FR,2022,52,2.0,0.0
FR,2022,53,2.0,0.0
FR,2022,54,2.0,0.0
FR,2022,55,2.0,0.0
FR,2022,56,2.0,0.0
FR,2022,57,2.0,0.0
FR,2022,58,2.0,0.0
FR,2022,59,2.0,0.0
FR,2022,60,2.0,0.0
FR,2022,61,2.0,0.0
FR,2022,62,2.0,0.0
FR,2022,63,2.0,0.0
FR,2022,64,2.0,0.0
FR,2022,65,2.0,0.0
FR,2022,66,2.0,0.0
FR,2022,67,2.0,0.0
FR,2022,68,2.0,0.0
FR,2022,69,2.0,0.0
FR,2022,70,2.0,0.0
FR,2022,71,2.0,0.0
FR,2022,72,2.0,0.0
FR,2022,73,2.0,0.0
FR,2022,74,2.0,0.0
FR,2022,75,2.0,0.0
FR,2022,76,2.0,0.0
FR,2022,77,2.0,0.0
FR,2022,78,2.0,0.0
FR,2022,79,2.0,0.0
FR,2022,80,2.0,0.0
FR,2022,81,2.0,0.0
FR,2022,82,2.0,0.0
FR,2022,83,2.0,0.0
FR,2022,84,2.0,0.0
FR,2022,85,2.0,0.0
FR,2022,86,2.0,0.0
FR,2022,87,2.0,0.0
FR,2022,88,2.0,0.0
FR,2022,89,2.0,0.0
FR,2022,90,2.0,0.0
FR,2022,91,2.0,0.0
FR,2022,92,2.0,0.0
FR,2022,93,2.0,0.0
FR,2022,94,2.0,0.0
FR,2022,95,2.0,0.0
FR,2022,96,2.0,0.0
FR,2022,97,2.0,0.0
FR,2022,98,2.0,0.0
FR,2022,99,2.0,0.0
FR,2022,100,2.0,0.0
FR,2022,101,2.0,0.0
FR,2022,102,2.0,0.0
FR,2022,103,2.0,0.0
FR,2022,104,2.0,0.0
FR,2022,105,2.0,0.0
FR,2022,106,2.0,0.0
FR,2022,107,4.0,0.0
FR,2022,108,4.0,0.0
FR,2022,109,4.0,0.0
FR,2022,110,4.0,0.0
FR,2022,111,4.0,0.0
FR,2022,112,4.0,0.0
FR,2022,113,4.0,0.0
FR,2022,114,4.0,0.0
FR,2022,115,4.0,0.0
FR,2022,116,4.0,0.0
FR,2022,117,4.0,0.0
FR,2022,118,4.0,0.0
FR,2022,119,4.0,0.0
FR,2022,120,4.0,0.0
FR,2022,121,4.0,0.0
FR,2022,122,4.0,0.0
FR,2022,123,4.0,0.0
FR,2022,124,4.0,0.0
FR,2022,125,4.0,0.0
FR,2022,126,4.0,0.0
FR,2022,127,4.0,0.0
FR,2022,128,4.0,0.0
FR,2022,129,4.0,0.0
FR,2022,130,4.0,0.0
FR,2022,131,4.0,0.0
FR,2022,132,4.0,0.0
FR,2022,133,4.0,0.0
FR,2022,134,4.0,0.0
FR,2022,135,4.0,0.0
FR,2022,136,4.0,0.0
FR,2022,137,4.0,0.0
FR,2022,138,4.0,0.0
FR,2022,139,4.0,0.0
FR,2022,140,4.0,0.0
FR,2022,141,4.0,0.0
FR,2022,142,4.0,0.0
FR,2022,143,4.0,0.0
FR,2022,144,4.0,0.0
FR,2022,145,4.0,0.0
FR,2022,146,4.0,0.0
FR,2022,147,4.0,0.0
FR,2022,148,4.0,0.0
FR,2022,149,4.0,0.0
FR,2022,150,4.0,0.0
FR,2022,151,4.0,0.0
FR,2022,152,4.0,0.0
FR,2022,153,4.0,0.0
FR,2022,154,4.0,0.0
FR,2022,155,4.0,0.0
FR,2022,156,4.0,0.0
FR,2022,157,4.0,0.0
FR,2022,158,4.0,0.0
FR,2022,159,4.0,0.0
FR,2022,160,4.0,0.0
FR,2022,161,4.0,0.0
FR,2022,162,4.0,0.0
FR,2022,163,4.0,0.0
FR,2022,164,4.0,0.0
FR,2022,165,4.0,0.0
FR,2022,166,4.0,0.0
FR,2022,167,4.0,0.0
FR,2022,168,4.0,0.0
FR,2022,169,4.0,0.0
FR,2022,170,4.0,0.0
FR,2022,171,4.0,0.0
FR,2022,172,4.0,0.0
FR,2022,173,4.0,0.0
FR,2022,174,4.0,0.0
FR,2022,175,4.0,0.0
FR,2022,176,4.0,0.0
FR,2022,177,4.0,0.0
FR,2022,178,4.0,0.0
FR,2022,179,4.0,0.0
FR,2022,180,4.0,0.0
FR,2022,181,4.0,0.0
FR,2022,182,4.0,0.0
FR,2022,183,4.0,0.0
FR,2022,184,4.0,0.0
FR,2022,185,4.0,0.0
FR,2022,186,4.0,0.0
FR,2022,187,4.0,0.0
FR,2022,188,4.0,0.0
FR,2022,189,4.0,0.0
FR,2022,190,4.0,0.0
FR,2022,191,4.0,0.0
FR,2022,192,4.0,0.0
FR,2022,193,4.0,0.0
FR,2022,194,4.0,0.0
FR,2022,195,4.0,0.0
FR,2022,196,4.0,0.0
FR,2022,197,4.0,0.0
FR,2022,198,4.0,0.0
FR,2022,199,4.0,0.0
FR,2022,200,4.0,0.0
FR,2022,201,4.0,0.0
FR,2022,202,4.0,0.0
FR,2022,203,4.0,0.0
FR,2022,204,4.0,0.0
FR,2022,205,4.0,0.0
FR,2022,206,4.0,0.0
FR,2022,207,4.0,0.0
FR,2022,208,4.0,0.0
FR,2022,209,4.0,0.0
FR,2022,210,4.0,0.0
FR,2022,211,4.0,0.0
FR,2022,212,4.0,0.0
FR,2022,213,4.0,0.0
FR,2022,214,4.0,0.0
FR,2022,215,4.0,0.0
FR,2022,216,4.0,0.0
FR,2022,217,4.0,0.0
FR,2022,218,4.0,0.0
FR,2022,219,4.0,0.0
FR,2022,220,4.0,0.0
FR,2022,221,4.0,0.0
FR,2022,222,4.0,0.0
FR,2022,223,4.0,0.0
FR,2022,224,4.0,0.0
FR,2022,225,4.0,0.0
FR,2022,226,4.0,0.0
FR,2022,227,4.0,0.0
FR,2022,228,4.0,0.0
FR,2022,229,4.0,0.0
FR,2022,230,4.0,0.0
FR,2022,231,4.0,0.0
FR,2022,232,4.0,0.0
FR,2022,233,4.0,0.0
FR,2022,234,4.0,0.0
FR,2022,235,4.0,0.0
FR,2022,236,4.0,0.0
FR,2022,237,4.0,0.0
FR,2022,238,4.0,0.0
FR,2022,239,4.0,0.0
FR,2022,240,4.0,0.0
FR,2022,241,4.0,0.0
FR,2022,242,4.0,0.0
FR,2022,243,4.0,0.0
FR,2022,244,4.0,0.0
FR,2022,245,4.0,0.0
FR,2022,246,4.0,0.0
FR,2022,247,4.0,0.0
FR,2022,248,4.0,0.0
FR,2022,249,4.0,0.0
FR,2022,250,4.0,0.0
FR,2022,251,4.0,0.0
FR,2022,252,4.0,0.0
FR,2022,253,4.0,0.0
FR,2022,254,4.0,0.0
FR,2022,255,4.0,0.0
FR,2022,256,4.0,0.0
FR,2022,257,4.0,0.0
FR,2022,258,4.0,0.0
FR,2022,259,4.0,0.0
FR,2022,260,4.0,0.0
FR,2022,261,4.0,0.0
FR,2022,262,4.0,0.0
FR,2022,263,4.0,0.0
FR,2022,264,4.0,0.0
FR,2022,265,4.0,0.0
FR,2022,266,4.0,0.0
FR,2022,267,4.0,0.0
FR,2022,268,4.0,0.0
FR,2022,269,4.0,0.0
FR,2022,270,4.0,0.0
FR,2022,271,4.0,0.0
FR,2022,272,4.0,0.0
FR,2022,273,4.0,0.0
FR,2022,274,4.0,0.0
FR,2022,275,4.0,0.0
FR,2022,276,4.0,0.0
FR,2022,277,4.0,0.0
FR,2022,278,4.0,0.0
FR,2022,279,4.0,0.0
FR,2022,280,4.0,0.0
FR,2022,281,4.0,0.0
FR,2022,282,4.0,0.0
FR,2022,283,4.0,0.0
FR,2022,284,4.0,0.0
FR,2022,285,4.0,0.0
FR,2022,286,4.0,0.0
FR,2022,287,4.0,0.0
FR,2022,288,4.0,0.0
FR,2022,289,4.0,0.0
FR,2022,290,4.0,0.0
FR,2022,291,4.0,0.0
FR,2022,292,4.0,0.0
FR,2022,293,4.0,0.0
FR,2022,294,4.0,0.0
FR,2022,295,4.0,0.0
FR,2022,296,4.0,0.0
FR,2022,297,4.0,0.0
FR,2022,298,4.0,0.0
FR,2022,299,4.0,0.0
FR,2022,300,4.0,0.0
FR,2022,301,4.0,0.0
FR,2022,302,4.0,0.0
FR,2022,303,4.0,0.0
FR,2022,304,4.0,0.0
FR,2022,305,4.0,0.0
FR,2022,306,4.0,0.0
FR,2022,307,4.0,0.0
FR,2022,308,4.0,0.0
FR,2022,309,4.0,0.0
FR,2022,310,4.0,0.0
FR,2022,311,4.0,0.0
FR,2022,312,4.0,0.0
FR,2022,313,4.0,0.0
FR,2022,314,4.0,0.0
FR,2022,315,4.0,0.0
FR,2022,316,4.0,0.0
FR,2022,317,4.0,0.0
FR,2022,318,4.0,0.0
FR,2022,319,4.0,0.0
FR,2022,320,4.0,0.0
FR,2022,321,4.0,0.0
FR,2022,322,4.0,0.0
FR,2022,323,4.0,0.0
FR,2022,324,4.0,0.0
FR,2022,325,4.0,0.0
FR,2022,326,4.0,0.0
FR,2022,327,4.0,0.0
FR,2022,328,4.0,0.0
FR,2022,329,4.0,0.0
FR,2022,330,4.0,0.0
FR,2022,331,4.0,0.0
FR,2022,332,4.0,0.0
FR,2022,333,4.0,0.0
FR,2022,334,4.0,0.0
FR,2022,335,4.0,0.0
FR,2022,336,4.0,0.0
FR,2022,337,4.0,0.0
FR,2022,338,4.0,0.0
FR,2022,339,4.0,0.0
FR,2022,340,4.0,0.0
FR,2022,341,4.0,0.0
FR,2022,342,4.0,0.0
FR,2022,343,4.0,0.0
FR,2022,344,4.0,0.0
FR,2022,345,4.0,0.0
FR,2022,346,4.0,0.0
FR,2022,347,4.0,0.0
FR,2022,348,4.0,0.0
FR,2022,349,4.0,0.0
FR,2022,350,4.0,0.0
FR,2022,351,4.0,0.0
FR,2022,352,4.0,0.0
FR,2022,353,4.0,0.0
FR,2022,354,4.0,0.0
FR,2022,355,4.0,0.0
FR,2022,356,4.0,0.0
FR,2022,357,4.0,0.0
FR,2022,358,4.0,0.0
FR,2022,359,4.0,0.0
FR,2022,360,4.0,0.0
FR,2022,361,4.0,0.0
FR,2022,362,6.0,0.0
FR,2022,363,11.0,4.0
FR,2022,364,13.0,4.0
FR,2022,365,26.0,4.0
FR,2022,366,,
FR,2023,1,13.0,8.0
FR,2023,2,13.0,8.0
FR,2023,3,13.0,8.0
FR,2023,4,13.0,8.0
FR,2023,5,13.0,8.0
FR,2023,6,13.0,8.0
FR,2023,7,13.0,8.0
FR,2023,8,13.0,8.0
FR,2023,9,13.0,8.0
FR,2023,10,13.0,8.0
FR,2023,11,16.0,8.0
FR,2023,12,16.0,8.0
FR,2023,13,16.0,8.0
FR,2023,14,16.0,8.0
FR,2023,15,16.0,8.0
FR,2023,16,16.0,8.0
FR,2023,17,16.0,8.0
FR,2023,18,16.0,8.0
FR,2023,19,16.0,8.0
FR,2023,20,16.0,8.0
FR,2023,21,16.0,8.0
FR,2023,22,16.0,8.0
FR,2023,23,16.0,8.0
FR,2023,24,16.0,8.0
FR,2023,25,16.0,8.0
FR,2023,26,16.0,8.0
FR,2023,27,16.0,8.0
FR,2023,28,16.0,8.0
FR,2023,29,16.0,8.0
FR,2023,30,16.0,8.0
FR,2023,31,16.0,8.0
FR,2023,32,16.0,8.0
FR,2023,33,16.0,8.0
FR,2023,34,16.0,8.0
FR,2023,35,16.0,8.0
FR,2023,36,16.0,8.0
FR,2023,37,16.0,8.0
FR,2023,38,16.0,8.0
FR,2023,39,16.0,8.0
FR,2023,40,16.0,8.0
FR,2023,41,16.0,8.0
FR,2023,42,16.0,8.0
FR,2023,43,16.0,8.0
FR,2023,44,16.0,8.0
FR,2023,45,16.0,8.0
FR,2023,46,16.0,8.0
FR,2023,47,16.0,8.0
FR,2023,48,16.0,8.0
FR,2023,49,16.0,8.0
FR,2023,50,16.0,8.0
FR,2023,51,16.0,8.0
FR,2023,52,16.0,8.0
FR,2023,53,16.0,8.0
FR,2023,54,16.0,8.0
FR,2023,55,16.0,8.0
FR,2023,56,16.0,8.0
FR,2023,57,16.0,8.0
FR,2023,58,16.0,8.0
FR,2023,59,16.0,8.0
FR,2023,60,16.0,8.0
FR,2023,61,16.0,8.0
FR,2023,62,16.0,8.0
FR,2023,63,16.0,8.0
FR,2023,64,16.0,8.0
FR,2023,65,16.0,8.0
FR,2023,66,16.0,8.0
FR,2023,67,16.0,8.0
FR,2023,68,16.0,8.0
FR,2023,69,16.0,8.0
FR,2023,70,16.0,8.0
FR,2023,71,16.0,8.0
FR,2023,72,16.0,8.0
FR,2023,73,16.0,8.0
FR,2023,74,16.0,8.0
FR,2023,75,16.0,8.0
FR,2023,76,16.0,8.0
FR,2023,77,16.0,8.0
FR,2023,78,16.0,8.0
FR,2023,79,16.0,8.0
FR,2023,80,16.0,8.0
FR,2023,81,16.0,8.0
FR,2023,82,16.0,8.0
FR,2023,83,16.0,8.0
FR,2023,84,21.0,12.0
FR,2023,85,21.0,12.0
FR,2023,86,21.0,12.0
FR,2023,87,21.0,12.0
FR,2023,88,21.0,12.0
FR,2023,89,21.0,12.0
FR,2023,90,21.0,12.0
FR,2023,91,21.0,12.0
FR,2023,92,21.0,12.0
FR,2023,93,21.0,12.0
FR,2023,94,21.0,12.0
FR,2023,95,21.0,12.0
FR,2023,96,21.0,12.0
FR,2023,97,21.0,12.0
FR,2023,98,21.0,12.0
FR,2023,99,21.0,12.0
FR,2023,100,24.0,14.0
FR,2023,101,25.0,14.0
FR,2023,102,25.0,14.0
FR,2023,103,25.0,14.0
FR,2023,104,25.0,14.0
FR,2023,105,25.0,14.0
FR,2023,106,25.0,14.0
FR,2023,107,25.0,14.0
FR,2023,108,25.0,14.0
FR,2023,109,25.0,14.0
FR,2023,110,25.0,14.0
FR,2023,111,25.0,14.0
FR,2023,112,25.0,14.0
FR,2023,113,25.0,14.0
FR,2023,114,25.0,14.0
FR,2023,115,25.0,14.0
FR,2023,116,25.0,14.0
FR,2023,117,25.0,14.0
FR,2023,118,25.0,14.0
FR,2023,119,25.0,14.0
FR,2023,120,25.0,14.0
FR,2023,121,25.0,14.0
FR,2023,122,25.0,14.0
FR,2023,123,25.0,14.0
FR,2023,124,25.0,14.0
FR,2023,125,25.0,14.0
FR,2023,126,25.0,14.0
FR,2023,127,25.0,14.0
FR,2023,128,25.0,14.0
FR,2023,129,25.0,14.0
FR,2023,130,25.0,14.0
FR,2023,131,25.0,14.0
FR,2023,132,25.0,14.0
FR,2023,133,25.0,14.0
FR,2023,134,27.0,14.0
FR,2023,135,27.0,14.0
FR,2023,136,27.0,14.0
FR,2023,137,27.0,14.0
FR,2023,138,27.0,14.0
FR,2023,139,27.0,14.0
FR,2023,140,29.0,15.0
FR,2023,141,36.0,21.0
FR,2023,142,36.0,21.0
FR,2023,143,36.0,21.0
FR,2023,144,36.0,21.0
FR,2023,145,36.0,21.0
FR,2023,146,36.0,21.0
FR,2023,147,40.0,24.0
FR,2023,148,49.0,32.0
FR,2023,149,58.0,39.0
FR,2023,150,58.0,39.0
FR,2023,151,58.0,39.0
FR,2023,152,58.0,39.0
FR,2023,153,58.0,39.0
FR,2023,154,62.0,43.0
FR,2023,155,68.0,47.0
FR,2023,156,68.0,47.0
FR,2023,157,68.0,47.0
FR,2023,158,68.0,47.0
FR,2023,159,68.0,47.0
FR,2023,160,68.0,47.0
FR,2023,161,68.0,47.0
FR,2023,162,73.0,51.0
FR,2023,163,73.0,51.0
FR,2023,164,73.0,51.0
FR,2023,165,73.0,51.0
FR,2023,166,73.0,51.0
FR,2023,167,73.0,51.0
FR,2023,168,73.0,51.0
FR,2023,169,73.0,51.0
FR,2023,170,73.0,51.0
FR,2023,171,73.0,51.0
FR,2023,172,73.0,51.0
FR,2023,173,73.0,51.0
FR,2023,174,73.0,51.0
FR,2023,175,74.0,51.0
FR,2023,176,79.0,53.0
FR,2023,177,79.0,53.0
FR,2023,178,79.0,53.0
FR,2023,179,79.0,53.0
FR,2023,180,79.0,53.0
FR,2023,181,79.0,53.0
FR,2023,182,82.0,55.0
FR,2023,183,99.0,70.0
FR,2023,184,99.0,70.0
FR,2023,185,99.0,70.0
FR,2023,186,99.0,70.0
FR,2023,187,99.0,70.0
FR,2023,188,99.0,70.0
FR,2023,189,99.0,70.0
FR,2023,190,99.0,70.0
FR,2023,191,99.0,70.0
FR,2023,192,99.0,70.0
FR,2023,193,99.0,70.0
FR,2023,194,99.0,70.0
FR,2023,195,99.0,70.0
FR,2023,196,105.0,75.0
FR,2023,197,120.0,90.0
FR,2023,198,120.0,90.0
FR,2023,199,120.0,90.0
FR,2023,200,120.0,90.0
FR,2023,201,120.0,90.0
FR,2023,202,120.0,90.0
FR,2023,203,120.0,90.0
FR,2023,204,128.0,96.0
FR,2023,205,128.0,96.0
FR,2023,206,128.0,96.0
FR,2023,207,128.0,96.0
FR,2023,208,128.0,96.0
FR,2023,209,128.0,96.0
FR,2023,210,128.0,96.0
FR,2023,211,134.0,100.0
FR,2023,212,134.0,100.0
FR,2023,213,134.0,100.0
FR,2023,214,134.0,100.0
FR,2023,215,135.0,100.0
FR,2023,216,135.0,100.0
FR,2023,217,135.0,100.0
FR,2023,218,142.0,100.0
FR,2023,219,142.0,100.0
FR,2023,220,142.0,100.0
FR,2023,221,142.0,100.0
FR,2023,222,142.0,100.0
FR,2023,223,142.0,100.0
FR,2023,224,142.0,100.0
FR,2023,225,142.0,100.0
FR,2023,226,142.0,100.0
FR,2023,227,142.0,100.0
FR,2023,228,142.0,100.0
FR,2023,229,142.0,100.0
FR,2023,230,142.0,100.0
FR,2023,231,142.0,100.0
FR,2023,232,142.0,100.0
FR,2023,233,142.0,100.0
FR,2023,234,142.0,100.0
FR,2023,235,142.0,100.0
FR,2023,236,142.0,100.0
FR,2023,237,142.0,100.0
FR,2023,238,142.0,100.0
FR,2023,239,142.0,100.0
FR,2023,240,142.0,100.0
FR,2023,241,142.0,100.0
FR,2023,242,142.0,100.0
FR,2023,243,142.0,100.0
FR,2023,244,142.0,100.0
FR,2023,245,142.0,100.0
FR,2023,246,142.0,100.0
FR,2023,247,142.0,100.0
FR,2023,248,142.0,100.0
FR,2023,249,142.0,100.0
FR,2023,250,142.0,100.0
FR,2023,251,142.0,100.0
FR,2023,252,142.0,100.0
FR,2023,253,144.0,100.0
FR,2023,254,144.0,100.0
FR,2023,255,144.0,100.0
FR,2023,256,144.0,100.0
FR,2023,257,144.0,100.0
FR,2023,258,144.0,100.0
FR,2023,259,144.0,100.0
FR,2023,260,144.0,100.0
FR,2023,261,145.0,101.0
FR,2023,262,153.0,106.0
FR,2023,263,160.0,111.0
FR,2023,264,161.0,111.0
FR,2023,265,162.0,111.0
FR,2023,266,162.0,111.0
FR,2023,267,167.0,115.0
FR,2023,268,169.0,115.0
FR,2023,269,169.0,115.0
FR,2023,270,169.0,115.0
FR,2023,271,169.0,115.0
FR,2023,272,169.0,115.0
FR,2023,273,169.0,115.0
FR,2023,274,172.0,117.0
FR,2023,275,172.0,117.0
FR,2023,276,175.0,118.0
FR,2023,277,175.0,118.0
FR,2023,278,175.0,118.0
FR,2023,279,175.0,118.0
FR,2023,280,176.0,118.0
FR,2023,281,176.0,118.0
FR,2023,282,176.0,118.0
FR,2023,283,176.0,118.0
FR,2023,284,176.0,118.0
FR,2023,285,176.0,118.0
FR,2023,286,177.0,118.0
FR,2023,287,181.0,118.0
FR,2023,288,181.0,118.0
FR,2023,289,181.0,118.0
FR,2023,290,181.0,118.0
FR,2023,291,182.0,118.0
FR,2023,292,182.0,118.0
FR,2023,293,182.0,118.0
FR,2023,294,182.0,118.0
FR,2023,295,182.0,118.0
FR,2023,296,182.0,118.0
FR,2023,297,182.0,118.0
FR,2023,298,182.0,118.0
FR,2023,299,182.0,118.0
FR,2023,300,182.0,118.0
FR,2023,301,182.0,118.0
FR,2023,302,194.0,118.0
FR,2023,303,194.0,118.0
FR,2023,304,194.0,118.0
FR,2023,305,194.0,118.0
FR,2023,306,197.0,118.0
FR,2023,307,197.0,118.0
FR,2023,308,197.0,118.0
FR,2023,309,197.0,118.0
FR,2023,310,197.0,118.0
FR,2023,311,197.0,118.0
FR,2023,312,197.0,118.0
FR,2023,313,197.0,118.0
FR,2023,314,197.0,118.0
FR,2023,315,197.0,118.0
FR,2023,316,197.0,118.0
FR,2023,317,197.0,118.0
FR,2023,318,197.0,118.0
FR,2023,319,197.0,118.0
FR,2023,320,197.0,118.0
FR,2023,321,197.0,118.0
FR,2023,322,197.0,118.0
FR,2023,323,200.0,118.0
FR,2023,324,200.0,118.0
FR,2023,325,200.0,118.0
FR,2023,326,200.0,118.0
FR,2023,327,200.0,118.0
FR,2023,328,200.0,118.0
FR,2023,329,200.0,118.0
FR,2023,330,200.0,118.0
FR,2023,331,200.0,118.0
FR,2023,332,200.0,118.0
FR,2023,333,200.0,118.0
FR,2023,334,200.0,118.0
FR,2023,335,200.0,118.0
FR,2023,336,200.0,118.0
FR,2023,337,200.0,118.0
FR,2023,338,200.0,118.0
FR,2023,339,200.0,118.0
FR,2023,340,200.0,118.0
FR,2023,341,200.0,118.0
FR,2023,342,200.0,118.0
FR,2023,343,200.0,118.0
FR,2023,344,200.0,118.0
FR,2023,345,200.0,118.0
FR,2023,346,200.0,118.0
FR,2023,347,200.0,118.0
FR,2023,348,200.0,118.0
FR,2023,349,200.0,118.0
FR,2023,350,200.0,118.0
FR,2023,351,200.0,118.0
FR,2023,352,200.0,118.0
FR,2023,353,200.0,118.0
FR,2023,354,200.0,118.0
FR,2023,355,201.0,118.0
FR,2023,356,205.0,118.0
FR,2023,357,211.0,119.0
FR,2023,358,229.0,129.0
FR,2023,359,246.0,137.0
FR,2023,360,254.0,142.0
FR,2023,361,254.0,142.0
FR,2023,362,259.0,143.0
FR,2023,363,266.0,147.0
FR,2023,364,266.0,147.0
FR,2023,365,271.0,147.0
FR,2023,366,,
FR,2024,1,11.0,5.0
FR,2024,2,15.0,5.0
FR,2024,3,20.0,8.0
FR,2024,4,20.0,8.0
FR,2024,5,20.0,8.0
FR,2024,6,20.0,8.0
FR,2024,7,20.0,8.0
FR,2024,8,20.0,8.0
FR,2024,9,20.0,8.0
FR,2024,10,20.0,8.0
FR,2024,11,20.0,8.0
FR,2024,12,20.0,8.0
FR,2024,13,20.0,8.0
FR,2024,14,20.0,8.0
FR,2024,15,20.0,8.0
FR,2024,16,20.0,8.0
FR,2024,17,20.0,8.0
FR,2024,18,20.0,8.0
FR,2024,19,20.0,8.0
FR,2024,20,20.0,8.0
FR,2024,21,20.0,8.0
FR,2024,22,20.0,8.0
FR,2024,23,20.0,8.0
FR,2024,24,21.0,8.0
FR,2024,25,21.0,8.0
FR,2024,26,21.0,8.0
FR,2024,27,21.0,8.0
FR,2024,28,21.0,8.0
FR,2024,29,21.0,8.0
FR,2024,30,21.0,8.0
FR,2024,31,21.0,8.0
FR,2024,32,21.0,8.0
FR,2024,33,21.0,8.0
FR,2024,34,21.0,8.0
FR,2024,35,21.0,8.0
FR,2024,36,21.0,8.0
FR,2024,37,21.0,8.0
FR,2024,38,21.0,8.0
FR,2024,39,21.0,8.0
FR,2024,40,21.0,8.0
FR,2024,41,21.0,8.0
FR,2024,42,21.0,8.0
FR,2024,43,21.0,8.0
FR,2024,44,21.0,8.0
FR,2024,45,21.0,8.0
FR,2024,46,21.0,8.0
FR,2024,47,21.0,8.0
FR,2024,48,21.0,8.0
FR,2024,49,21.0,8.0
FR,2024,50,21.0,8.0
FR,2024,51,21.0,8.0
FR,2024,52,21.0,8.0
FR,2024,53,21.0,8.0
FR,2024,54,21.0,8.0
FR,2024,55,21.0,8.0
FR,2024,56,21.0,8.0
FR,2024,57,21.0,8.0
FR,2024,58,21.0,8.0
FR,2024,59,21.0,8.0
FR,2024,60,21.0,8.0
FR,2024,61,21.0,8.0
FR,2024,62,21.0,8.0
FR,2024,63,21.0,8.0
FR,2024,64,21.0,8.0
FR,2024,65,21.0,8.0
FR,2024,66,21.0,8.0
FR,2024,67,21.0,8.0
FR,2024,68,21.0,8.0
FR,2024,69,21.0,8.0
FR,2024,70,21.0,8.0
FR,2024,71,21.0,8.0
FR,2024,72,21.0,8.0
FR,2024,73,21.0,8.0
FR,2024,74,21.0,8.0
FR,2024,75,21.0,8.0
FR,2024,76,21.0,8.0
FR,2024,77,21.0,8.0
FR,2024,78,21.0,8.0
FR,2024,79,21.0,8.0
FR,2024,80,21.0,8.0
FR,2024,81,21.0,8.0
FR,2024,82,21.0,8.0
FR,2024,83,28.0,13.0
FR,2024,84,41.0,13.0
FR,2024,85,41.0,13.0
FR,2024,86,41.0,13.0
FR,2024,87,41.0,13.0
FR,2024,88,43.0,13.0
FR,2024,89,43.0,13.0
FR,2024,90,43.0,13.0
FR,2024,91,43.0,13.0
FR,2024,92,47.0,16.0
FR,2024,93,51.0,16.0
FR,2024,94,56.0,16.0
FR,2024,95,63.0,16.0
FR,2024,96,69.0,18.0
FR,2024,97,88.0,26.0
FR,2024,98,103.0,34.0
FR,2024,99,118.0,35.0
FR,2024,100,135.0,46.0
FR,2024,101,135.0,46.0
FR,2024,102,143.0,46.0
FR,2024,103,148.0,50.0
FR,2024,104,156.0,58.0
FR,2024,105,164.0,65.0
FR,2024,106,179.0,71.0
FR,2024,107,194.0,77.0
FR,2024,108,197.0,77.0
FR,2024,109,197.0,77.0
FR,2024,110,202.0,77.0
FR,2024,111,210.0,80.0
FR,2024,112,218.0,87.0
FR,2024,113,218.0,87.0
FR,2024,114,218.0,87.0
FR,2024,115,218.0,87.0
FR,2024,116,218.0,87.0
FR,2024,117,218.0,87.0
FR,2024,118,222.0,87.0
FR,2024,119,233.0,97.0
FR,2024,120,233.0,97.0
FR,2024,121,233.0,97.0
FR,2024,122,241.0,105.0
FR,2024,123,244.0,105.0
FR,2024,124,244.0,105.0
FR,2024,125,244.0,105.0
FR,2024,126,250.0,108.0
FR,2024,127,250.0,108.0
FR,2024,128,250.0,108.0
FR,2024,129,250.0,108.0
FR,2024,130,255.0,112.0
FR,2024,131,259.0,112.0
FR,2024,132,267.0,118.0
FR,2024,133,276.0,126.0
FR,2024,134,280.0,129.0
FR,2024,135,290.0,136.0
FR,2024,136,290.0,136.0
FR,2024,137,290.0,136.0
FR,2024,138,290.0,136.0
FR,2024,139,296.0,140.0
FR,2024,140,304.0,147.0
FR,2024,141,306.0,147.0
FR,2024,142,306.0,147.0
FR,2024,143,306.0,147.0
FR,2024,144,306.0,147.0
FR,2024,145,306.0,147.0
FR,2024,146,309.0,147.0
FR,2024,147,318.0,153.0
FR,2024,148,318.0,153.0
FR,2024,149,324.0,153.0
FR,2024,150,324.0,153.0
FR,2024,151,329.0,153.0
FR,2024,152,335.0,157.0
FR,2024,153,345.0,164.0
FR,2024,154,356.0,173.0
FR,2024,155,356.0,173.0
FR,2024,156,358.0,174.0
FR,2024,157,362.0,176.0
FR,2024,158,362.0,176.0
FR,2024,159,362.0,176.0
FR,2024,160,369.0,182.0
FR,2024,161,378.0,190.0
FR,2024,162,382.0,191.0
FR,2024,163,382.0,191.0
FR,2024,164,382.0,191.0
FR,2024,165,389.0,191.0
FR,2024,166,397.0,191.0
FR,2024,167,412.0,200.0
FR,2024,168,423.0,210.0
FR,2024,169,423.0,210.0
FR,2024,170,423.0,210.0
FR,2024,171,423.0,210.0
FR,2024,172,423.0,210.0
FR,2024,173,423.0,210.0
FR,2024,174,426.0,210.0
FR,2024,175,433.0,216.0
FR,2024,176,433.0,216.0
FR,2024,177,436.0,218.0
FR,2024,178,436.0,218.0
FR,2024,179,436.0,218.0
FR,2024,180,440.0,221.0
FR,2024,181,444.0,223.0
FR,2024,182,452.0,226.0
FR,2024,183,452.0,226.0
FR,2024,184,452.0,226.0
FR,2024,185,453.0,226.0
FR,2024,186,465.0,235.0
FR,2024,187,469.0,235.0
FR,2024,188,479.0,244.0
FR,2024,189,490.0,253.0
FR,2024,190,490.0,253.0
FR,2024,191,490.0,253.0
FR,2024,192,490.0,253.0
FR,2024,193,490.0,253.0
FR,2024,194,490.0,253.0
FR,2024,195,497.0,257.0
FR,2024,196,507.0,265.0
FR,2024,197,507.0,265.0
FR,2024,198,511.0,265.0
FR,2024,199,511.0,265.0
FR,2024,200,511.0,265.0
FR,2024,201,511.0,265.0
FR,2024,202,514.0,266.0
FR,2024,203,524.0,270.0
FR,2024,204,524.0,270.0
FR,2024,205,524.0,270.0
FR,2024,206,525.0,270.0
FR,2024,207,525.0,270.0
FR,2024,208,525.0,270.0
FR,2024,209,525.0,270.0
FR,2024,210,533.0,276.0
FR,2024,211,536.0,276.0
FR,2024,212,538.0,276.0
FR,2024,213,538.0,276.0
FR,2024,214,538.0,276.0
FR,2024,215,538.0,276.0
FR,2024,216,538.0,276.0
FR,2024,217,542.0,279.0
FR,2024,218,542.0,279.0
FR,2024,219,542.0,279.0
FR,2024,220,542.0,279.0
FR,2024,221,544.0,279.0
FR,2024,222,553.0,283.0
FR,2024,223,562.0,290.0
FR,2024,224,570.0,297.0
FR,2024,225,572.0,297.0
FR,2024,226,572.0,297.0
FR,2024,227,572.0,297.0
FR,2024,228,574.0,297.0
FR,2024,229,574.0,297.0
FR,2024,230,574.0,297.0
FR,2024,231,576.0,297.0
FR,2024,232,576.0,297.0
FR,2024,233,576.0,297.0
FR,2024,234,580.0,300.0
FR,2024,235,588.0,304.0
FR,2024,236,596.0,308.0
FR,2024,237,603.0,314.0
FR,2024,238,615.0,322.0
FR,2024,239,615.0,322.0
FR,2024,240,615.0,322.0
FR,2024,241,615.0,322.0
FR,2024,242,615.0,322.0
FR,2024,243,615.0,322.0
FR,2024,244,615.0,322.0
FR,2024,245,615.0,322.0
FR,2024,246,615.0,322.0
FR,2024,247,615.0,322.0
FR,2024,248,615.0,322.0
FR,2024,249,615.0,322.0
FR,2024,250,615.0,322.0
FR,2024,251,616.0,322.0
FR,2024,252,620.0,322.0
FR,2024,253,620.0,322.0
FR,2024,254,621.0,322.0
FR,2024,255,625.0,322.0
FR,2024,256,625.0,322.0
FR,2024,257,625.0,322.0
FR,2024,258,627.0,322.0
FR,2024,259,633.0,324.0
FR,2024,260,637.0,324.0
FR,2024,261,644.0,324.0
FR,2024,262,647.0,324.0
FR,2024,263,650.0,324.0
FR,2024,264,652.0,324.0
FR,2024,265,655.0,326.0
FR,2024,266,657.0,326.0
FR,2024,267,657.0,326.0
FR,2024,268,657.0,326.0
FR,2024,269,658.0,326.0
FR,2024,270,661.0,327.0
FR,2024,271,672.0,334.0
FR,2024,272,676.0,334.0
FR,2024,273,684.0,337.0
FR,2024,274,697.0,339.0
FR,2024,275,701.0,339.0
FR,2024,276,701.0,339.0
FR,2024,277,701.0,339.0
FR,2024,278,701.0,339.0
FR,2024,279,702.0,339.0
FR,2024,280,705.0,341.0
FR,2024,281,705.0,341.0
FR,2024,282,709.0,341.0
FR,2024,283,714.0,341.0
FR,2024,284,718.0,343.0
FR,2024,285,718.0,343.0
FR,2024,286,720.0,344.0
FR,2024,287,729.0,350.0
FR,2024,288,729.0,350.0
FR,2024,289,729.0,350.0
FR,2024,290,729.0,350.0
FR,2024,291,729.0,350.0
FR,2024,292,729.0,350.0
FR,2024,293,729.0,350.0
FR,2024,294,736.0,352.0
FR,2024,295,739.0,352.0
FR,2024,296,739.0,352.0
FR,2024,297,739.0,352.0
FR,2024,298,739.0,352.0
FR,2024,299,739.0,352.0
FR,2024,300,739.0,352.0
FR,2024,301,739.0,352.0
FR,2024,302,739.0,352.0
FR,2024,303,739.0,352.0
FR,2024,304,739.0,352.0
FR,2024,305,739.0,352.0
FR,2024,306,739.0,352.0
FR,2024,307,739.0,352.0
FR,2024,308,739.0,352.0
FR,2024,309,739.0,352.0
FR,2024,310,739.0,352.0
FR,2024,311,739.0,352.0
FR,2024,312,739.0,352.0
FR,2024,313,739.0,352.0
FR,2024,314,739.0,352.0
FR,2024,315,739.0,352.0
FR,2024,316,739.0,352.0
FR,2024,317,739.0,352.0
FR,2024,318,739.0,352.0
FR,2024,319,739.0,352.0
FR,2024,320,739.0,352.0
FR,2024,321,739.0,352.0
FR,2024,322,739.0,352.0
FR,2024,323,739.0,352.0
FR,2024,324,739.0,352.0
FR,2024,325,739.0,352.0
FR,2024,326,739.0,352.0
FR,2024,327,739.0,352.0
FR,2024,328,739.0,352.0
FR,2024,329,739.0,352.0
FR,2024,330,739.0,352.0
FR,2024,331,739.0,352.0
FR,2024,332,739.0,352.0
FR,2024,333,739.0,352.0
FR,2024,334,739.0,352.0
FR,2024,335,739.0,352.0
FR,2024,336,739.0,352.0
FR,2024,337,739.0,352.0
FR,2024,338,739.0,352.0
FR,2024,339,739.0,352.0
FR,2024,340,739.0,352.0
FR,2024,341,739.0,352.0
FR,2024,342,739.0,352.0
FR,2024,343,739.0,352.0
FR,2024,344,739.0,352.0
FR,2024,345,739.0,352.0
FR,2024,346,739.0,352.0
FR,2024,347,739.0,352.0
FR,2024,348,739.0,352.0
FR,2024,349,739.0,352.0
FR,2024,350,739.0,352.0
FR,2024,351,739.0,352.0
FR,2024,352,739.0,352.0
FR,2024,353,739.0,352.0
FR,2024,354,739.0,352.0
FR,2024,355,739.0,352.0
FR,2024,356,739.0,352.0
FR,2024,357,739.0,352.0
FR,2024,358,739.0,352.0
FR,2024,359,739.0,352.0
FR,2024,360,739.0,352.0
FR,2024,361,739.0,352.0
FR,2024,362,739.0,352.0
FR,2024,363,739.0,352.0
FR,2024,364,739.0,352.0
FR,2024,365,739.0,352.0
FR,2024,366,739.0,352.0
FR,2025,1,0.0,0.0
FR,2025,2,0.0,0.0
FR,2025,3,0.0,0.0
FR,2025,4,0.0,0.0
FR,2025,5,0.0,0.0
FR,2025,6,0.0,0.0
FR,2025,7,1.0,0.0
FR,2025,8,1.0,0.0
FR,2025,9,1.0,0.0
FR,2025,10,1.0,0.0
FR,2025,11,1.0,0.0
FR,2025,12,1.0,0.0
FR,2025,13,1.0,0.0
FR,2025,14,1.0,0.0
FR,2025,15,1.0,0.0
FR,2025,16,1.0,0.0
FR,2025,17,1.0,0.0
FR,2025,18,1.0,0.0
FR,2025,19,1.0,0.0
FR,2025,20,1.0,0.0
FR,2025,21,1.0,0.0
FR,2025,22,1.0,0.0
FR,2025,23,1.0,0.0
FR,2025,24,1.0,0.0
FR,2025,25,1.0,0.0
FR,2025,26,1.0,0.0
FR,2025,27,2.0,0.0
FR,2025,28,4.0,0.0
FR,2025,29,4.0,0.0
FR,2025,30,4.0,0.0
FR,2025,31,4.0,0.0
FR,2025,32,4.0,0.0
FR,2025,33,4.0,0.0
FR,2025,34,4.0,0.0
FR,2025,35,4.0,0.0
FR,2025,36,4.0,0.0
FR,2025,37,4.0,0.0
FR,2025,38,4.0,0.0
FR,2025,39,4.0,0.0
FR,2025,40,4.0,0.0
FR,2025,41,4.0,0.0
FR,2025,42,4.0,0.0
FR,2025,43,4.0,0.0
FR,2025,44,4.0,0.0
FR,2025,45,4.0,0.0
FR,2025,46,4.0,0.0
FR,2025,47,4.0,0.0
FR,2025,48,4.0,0.0
FR,2025,49,4.0,0.0
FR,2025,50,4.0,0.0
FR,2025,51,4.0,0.0
FR,2025,52,4.0,0.0
FR,2025,53,4.0,0.0
FR,2025,54,4.0,0.0
FR,2025,55,4.0,0.0
FR,2025,56,4.0,0.0
FR,2025,57,4.0,0.0
FR,2025,58,4.0,0.0
FR,2025,59,4.0,0.0
FR,2025,60,4.0,0.0
FR,2025,61,4.0,0.0
FR,2025,62,4.0,0.0
FR,2025,63,4.0,0.0
FR,2025,64,5.0,0.0
FR,2025,65,5.0,0.0
FR,2025,66,5.0,0.0
FR,2025,67,6.0,0.0
FR,2025,68,6.0,0.0
FR,2025,69,6.0,0.0
FR,2025,70,6.0,0.0
FR,2025,71,6.0,0.0
FR,2025,72,6.0,0.0
FR,2025,73,6.0,0.0
FR,2025,74,6.0,0.0
FR,2025,75,6.0,0.0
FR,2025,76,6.0,0.0
FR,2025,77,6.0,0.0
FR,2025,78,9.0,0.0
FR,2025,79,11.0,0.0
FR,2025,80,12.0,0.0
FR,2025,81,12.0,0.0
FR,2025,82,12.0,0.0
FR,2025,83,12.0,0.0
FR,2025,84,12.0,0.0
FR,2025,85,12.0,0.0
FR,2025,86,12.0,0.0
FR,2025,87,12.0,0.0
FR,2025,88,12.0,0.0
FR,2025,89,25.0,8.0
FR,2025,90,28.0,10.0
FR,2025,91,35.0,15.0
FR,2025,92,42.0,18.0
FR,2025,93,47.0,22.0
FR,2025,94,52.0,25.0
FR,2025,95,60.0,31.0
FR,2025,96,69.0,39.0
FR,2025,97,71.0,39.0
FR,2025,98,74.0,40.0
FR,2025,99,81.0,46.0
FR,2025,100,86.0,48.0
FR,2025,101,91.0,51.0
FR,2025,102,97.0,54.0
FR,2025,103,104.0,60.0
FR,2025,104,104.0,60.0
FR,2025,105,110.0,63.0
FR,2025,106,110.0,63.0
FR,2025,107,110.0,63.0
FR,2025,108,114.0,66.0
FR,2025,109,119.0,69.0
FR,2025,110,126.0,74.0
FR,2025,111,126.0,74.0
FR,2025,112,126.0,74.0
FR,2025,113,126.0,74.0
FR,2025,114,126.0,74.0
FR,2025,115,128.0,74.0
FR,2025,116,134.0,80.0
FR,2025,117,142.0,87.0
FR,2025,118,148.0,92.0
FR,2025,119,154.0,96.0
FR,2025,120,160.0,100.0
FR,2025,121,168.0,107.0
FR,2025,122,175.0,112.0
FR,2025,123,182.0,117.0
FR,2025,124,190.0,124.0
FR,2025,125,196.0,125.0
FR,2025,126,203.0,128.0
FR,2025,127,206.0,128.0
FR,2025,128,215.0,133.0
FR,2025,129,222.0,136.0
FR,2025,130,230.0,143.0
FR,2025,131,239.0,152.0
FR,2025,132,245.0,158.0
FR,2025,133,251.0,162.0
FR,2025,134,258.0,167.0
FR,2025,135,266.0,173.0
FR,2025,136,274.0,180.0
FR,2025,137,283.0,188.0
FR,2025,138,292.0,196.0
FR,2025,139,292.0,196.0
FR,2025,140,292.0,196.0
FR,2025,141,292.0,196.0
FR,2025,142,298.0,200.0
FR,2025,143,303.0,200.0
FR,2025,144,311.0,203.0
FR,2025,145,324.0,213.0
FR,2025,146,328.0,216.0
FR,2025,147,335.0,216.0
FR,2025,148,342.0,216.0
FR,2025,149,349.0,221.0
FR,2025,150,355.0,226.0
FR,2025,151,362.0,233.0
FR,2025,152,371.0,242.0
FR,2025,153,372.0,242.0
FR,2025,154,384.0,252.0
FR,2025,155,388.0,254.0
FR,2025,156,404.0,268.0
FR,2025,157,412.0,274.0
FR,2025,158,418.0,277.0
FR,2025,159,432.0,287.0
FR,2025,160,439.0,294.0
FR,2025,161,445.0,298.0
FR,2025,162,451.0,302.0
FR,2025,163,461.0,308.0
FR,2025,164,467.0,312.0
FR,2025,165,475.0,319.0
FR,2025,166,483.0,326.0
FR,2025,167,488.0,326.0
FR,2025,168,493.0,329.0
FR,2025,169,496.0,330.0
FR,2025,170,502.0,336.0
FR,2025,171,504.0,336.0
FR,2025,172,510.0,336.0
FR,2025,173,520.0,344.0
FR,2025,174,528.0,350.0
FR,2025,175,533.0,354.0
FR,2025,176,533.0,354.0
FR,2025,177,533.0,354.0
FR,2025,178,533.0,354.0
FR,2025,179,539.0,358.0
FR,2025,180,546.0,363.0
FR,2025,181,546.0,363.0
FR,2025,182,546.0,363.0
FR,2025,183,546.0,363.0
FR,2025,184,546.0,363.0
FR,2025,185,546.0,363.0
FR,2025,186,553.0,368.0
FR,2025,187,556.0,368.0
FR,2025,188,556.0,368.0
FR,2025,189,560.0,368.0
FR,2025,190,562.0,368.0
FR,2025,191,562.0,368.0
FR,2025,192,562.0,368.0
FR,2025,193,566.0,368.0
FR,2025,194,571.0,368.0
FR,2025,195,571.0,368.0
FR,2025,196,571.0,368.0
FR,2025,197,571.0,368.0
FR,2025,198,571.0,368.0
FR,2025,199,571.0,368.0
FR,2025,200,575.0,368.0
FR,2025,201,583.0,370.0
FR,2025,202,585.0,370.0
FR,2025,203,585.0,370.0
FR,2025,204,585.0,370.0
FR,2025,205,585.0,370.0
FR,2025,206,585.0,370.0
FR,2025,207,585.0,370.0
FR,2025,208,585.0,370.0
FR,2025,209,585.0,370.0
FR,2025,210,585.0,370.0
FR,2025,211,585.0,370.0
FR,2025,212,585.0,370.0
FR,2025,213,585.0,370.0
FR,2025,214,589.0,370.0
FR,2025,215,598.0,378.0
FR,2025,216,601.0,379.0
FR,2025,217,616.0,392.0
FR,2025,218,622.0,398.0
FR,2025,219,627.0,402.0
FR,2025,220,631.0,405.0
FR,2025,221,638.0,412.0
FR,2025,222,646.0,420.0
FR,2025,223,649.0,420.0
FR,2025,224,649.0,420.0
FR,2025,225,649.0,420.0
FR,2025,226,649.0,420.0
FR,2025,227,652.0,420.0
FR,2025,228,656.0,423.0
FR,2025,229,661.0,423.0
FR,2025,230,661.0,423.0
FR,2025,231,661.0,423.0
FR,2025,232,661.0,423.0
FR,2025,233,661.0,423.0
FR,2025,234,661.0,423.0
FR,2025,235,663.0,423.0
FR,2025,236,670.0,429.0
FR,2025,237,670.0,429.0
FR,2025,238,670.0,429.0
FR,2025,239,670.0,429.0
FR,2025,240,673.0,429.0
FR,2025,241,677.0,429.0
FR,2025,242,681.0,431.0
FR,2025,243,687.0,436.0
FR,2025,244,688.0,436.0
FR,2025,245,690.0,436.0
FR,2025,246,698.0,442.0
FR,2025,247,698.0,442.0
FR,2025,248,698.0,442.0
FR,2025,249,707.0,448.0
FR,2025,250,721.0,460.0
FR,2025,251,721.0,460.0
FR,2025,252,721.0,460.0
FR,2025,253,727.0,464.0
FR,2025,254,739.0,470.0
FR,2025,255,746.0,470.0
FR,2025,256,752.0,472.0
FR,2025,257,757.0,474.0
FR,2025,258,771.0,483.0
FR,2025,259,779.0,485.0
FR,2025,260,780.0,485.0
FR,2025,261,784.0,485.0
FR,2025,262,788.0,485.0
FR,2025,263,791.0,485.0
FR,2025,264,792.0,485.0
FR,2025,265,799.0,490.0
FR,2025,266,808.0,493.0
FR,2025,267,816.0,493.0
FR,2025,268,816.0,493.0
FR,2025,269,816.0,493.0
FR,2025,270,816.0,493.0
FR,2025,271,816.0,493.0
FR,2025,272,816.0,493.0
FR,2025,273,816.0,493.0
FR,2025,274,816.0,493.0
FR,2025,275,816.0,493.0
FR,2025,276,816.0,493.0
FR,2025,277,828.0,498.0
FR,2025,278,840.0,508.0
FR,2025,279,840.0,508.0
FR,2025,280,840.0,508.0
FR,2025,281,840.0,508.0
FR,2025,282,840.0,508.0
FR,2025,283,840.0,508.0
FR,2025,284,840.0,508.0
FR,2025,285,840.0,508.0
FR,2025,286,840.0,508.0
FR,2025,287,840.0,508.0
FR,2025,288,840.0,508.0
FR,2025,289,840.0,508.0
FR,2025,290,840.0,508.0
FR,2025,291,840.0,508.0
FR,2025,292,840.0,508.0
FR,2025,293,841.0,508.0
FR,2025,294,841.0,508.0
FR,2025,295,841.0,508.0
FR,2025,296,849.0,513.0
FR,2025,297,849.0,513.0
FR,2025,298,849.0,513.0
FR,2025,299,849.0,513.0
FR,2025,300,849.0,513.0
FR,2025,301,849.0,513.0
FR,2025,302,849.0,513.0
FR,2025,303,849.0,513.0
FR,2025,304,849.0,513.0
FR,2025,305,849.0,513.0
FR,2025,306,849.0,513.0
FR,2025,307,849.0,513.0
FR,2025,308,849.0,513.0
FR,2025,309,849.0,513.0
FR,2025,310,849.0,513.0
FR,2025,311,849.0,513.0
FR,2025,312,849.0,513.0
FR,2025,313,849.0,513.0
FR,2025,314,849.0,513.0
FR,2025,315,849.0,513.0
FR,2025,316,850.0,513.0
FR,2025,317,850.0,513.0
FR,2025,318,850.0,513.0
FR,2025,319,850.0,513.0
FR,2025,320,850.0,513.0
FR,2025,321,850.0,513.0
FR,2025,322,850.0,513.0
FR,2025,323,850.0,513.0
FR,2025,324,850.0,513.0
FR,2025,325,850.0,513.0
FR,2025,326,850.0,513.0
FR,2025,327,850.0,513.0
FR,2025,328,850.0,513.0
FR,2025,329,850.0,513.0
FR,2025,330,850.0,513.0
FR,2025,331,850.0,513.0
FR,2025,332,850.0,513.0
FR,2025,333,850.0,513.0
FR,2025,334,850.0,513.0
FR,2025,335,850.0,513.0
FR,2025,336,850.0,513.0
FR,2025,337,850.0,513.0
FR,2025,338,850.0,513.0
FR,2025,339,850.0,513.0
FR,2025,340,850.0,513.0
FR,2025,341,850.0,513.0
FR,2025,342,850.0,513.0
FR,2025,343,850.0,513.0
FR,2025,344,850.0,513.0
FR,2025,345,850.0,513.0
FR,2025,346,850.0,513.0
FR,2025,347,850.0,513.0
FR,2025,348,850.0,513.0
FR,2025,349,850.0,513.0
FR,2025,350,850.0,513.0
FR,2025,351,850.0,513.0
FR,2025,352,853.0,513.0
FR,2025,353,853.0,513.0
FR,2025,354,853.0,513.0
FR,2025,355,853.0,513.0
FR,2025,356,853.0,513.0
FR,2025,357,853.0,513.0
FR,2025,358,853.0,513.0
FR,2025,359,853.0,513.0
FR,2025,360,853.0,513.0
FR,2025,361,853.0,513.0
FR,2025,362,853.0,513.0
FR,2025,363,853.0,513.0
FR,2025,364,853.0,513.0
FR,2025,365,853.0,513.0
FR,2025,366,,
FR,2026,1,0.0,0.0
FR,2026,2,0.0,0.0
FR,2026,3,0.0,0.0
FR,2026,4,0.0,0.0
FR,2026,5,0.0,0.0
FR,2026,6,0.0,0.0
FR,2026,7,0.0,0.0
FR,2026,8,0.0,0.0
FR,2026,9,0.0,0.0
FR,2026,10,0.0,0.0
FR,2026,11,0.0,0.0
FR,2026,12,0.0,0.0
FR,2026,13,0.0,0.0
FR,2026,14,0.0,0.0
FR,2026,15,0.0,0.0
FR,2026,16,0.0,0.0
FR,2026,17,0.0,0.0
FR,2026,18,0.0,0.0
FR,2026,19,0.0,0.0
FR,2026,20,0.0,0.0
FR,2026,21,0.0,0.0
FR,2026,22,0.0,0.0
FR,2026,23,0.0,0.0
FR,2026,24,0.0,0.0
FR,2026,25,0.0,0.0
FR,2026,26,0.0,0.0
FR,2026,27,0.0,0.0
FR,2026,28,0.0,0.0
FR,2026,29,0.0,0.0
FR,2026,30,0.0,0.0
FR,2026,31,0.0,0.0
FR,2026,32,0.0,0.0
FR,2026,33,0.0,0.0
FR,2026,34,0.0,0.0
FR,2026,35,0.0,0.0
FR,2026,36,0.0,0.0
FR,2026,37,0.0,0.0
FR,2026,38,0.0,0.0
FR,2026,39,0.0,0.0
FR,2026,40,0.0,0.0
FR,2026,41,0.0,0.0
FR,2026,42,7.0,3.0
FR,2026,43,13.0,5.0
FR,2026,44,13.0,5.0
FR,2026,45,14.0,5.0
FR,2026,46,18.0,5.0
FR,2026,47,27.0,10.0
FR,2026,48,30.0,10.0
FR,2026,49,31.0,10.0
FR,2026,50,33.0,10.0
FR,2026,51,33.0,10.0
FR,2026,52,39.0,13.0
FR,2026,53,47.0,20.0
FR,2026,54,52.0,20.0
FR,2026,55,52.0,20.0
FR,2026,56,57.0,21.0
FR,2026,57,63.0,23.0
FR,2026,58,68.0,26.0
FR,2026,59,73.0,30.0
FR,2026,60,79.0,34.0
FR,2026,61,80.0,34.0
FR,2026,62,80.0,34.0
FR,2026,63,80.0,34.0
FR,2026,64,80.0,34.0
FR,2026,65,80.0,34.0
FR,2026,66,80.0,34.0
FR,2026,67,81.0,34.0
FR,2026,68,81.0,34.0
FR,2026,69,81.0,34.0
FR,2026,70,82.0,34.0
FR,2026,71,88.0,39.0
FR,2026,72,89.0,39.0
FR,2026,73,89.0,39.0
FR,2026,74,91.0,39.0
FR,2026,75,91.0,39.0
FR,2026,76,96.0,42.0
FR,2026,77,103.0,48.0
FR,2026,78,110.0,52.0
FR,2026,79,110.0,52.0
FR,2026,80,111.0,52.0
FR,2026,81,116.0,57.0
FR,2026,82,117.0,57.0
FR,2026,83,122.0,59.0
FR,2026,84,135.0,69.0
FR,2026,85,138.0,69.0
FR,2026,86,138.0,69.0
FR,2026,87,138.0,69.0
FR,2026,88,140.0,69.0
FR,2026,89,140.0,69.0
FR,2026,90,140.0,69.0
FR,2026,91,140.0,69.0
FR,2026,92,140.0,69.0
FR,2026,93,140.0,69.0
FR,2026,94,145.0,74.0
FR,2026,95,161.0,89.0
FR,2026,96,169.0,97.0
FR,2026,97,175.0,103.0
FR,2026,98,181.0,109.0
FR,2026,99,188.0,114.0
FR,2026,100,191.0,114.0
FR,2026,101,199.0,120.0
FR,2026,102,199.0,120.0
FR,2026,103,199.0,120.0
FR,2026,104,200.0,120.0
FR,2026,105,204.0,123.0
FR,2026,106,208.0,123.0
FR,2026,107,212.0,123.0
FR,2026,108,218.0,129.0
FR,2026,109,227.0,137.0
FR,2026,110,233.0,137.0
FR,2026,111,240.0,144.0
FR,2026,112,250.0,152.0
FR,2026,113,257.0,158.0
FR,2026,114,263.0,164.0
FR,2026,115,271.0,172.0
FR,2026,116,280.0,180.0
FR,2026,117,286.0,186.0
FR,2026,118,293.0,193.0
FR,2026,119,304.0,202.0
FR,2026,120,311.0,208.0
FR,2026,121,320.0,217.0
FR,2026,122,327.0,224.0
FR,2026,123,333.0,228.0
FR,2026,124,333.0,228.0
FR,2026,125,333.0,228.0
FR,2026,126,333.0,228.0
FR,2026,127,333.0,228.0
FR,2026,128,338.0,228.0
FR,2026,129,345.0,232.0
FR,2026,130,351.0,237.0
FR,2026,131,353.0,237.0
FR,2026,132,355.0,237.0
FR,2026,133,363.0,245.0
FR,2026,134,368.0,247.0
FR,2026,135,371.0,248.0
FR,2026,136,378.0,253.0
FR,2026,137,383.0,253.0
FR,2026,138,383.0,253.0
FR,2026,139,389.0,253.0
FR,2026,140,397.0,260.0
FR,2026,141,405.0,265.0
FR,2026,142,413.0,270.0
FR,2026,143,421.0,278.0
FR,2026,144,430.0,287.0
FR,2026,145,437.0,293.0
FR,2026,146,444.0,298.0
FR,2026,147,449.0,300.0
FR,2026,148,453.0,300.0
FR,2026,149,456.0,300.0
FR,2026,150,461.0,305.0
FR,2026,151,468.0,311.0
FR,2026,152,468.0,311.0
FR,2026,153,477.0,316.0
FR,2026,154,486.0,324.0
FR,2026,155,498.0,331.0
FR,2026,156,503.0,331.0
FR,2026,157,513.0,339.0
FR,2026,158,525.0,349.0
FR,2026,159,527.0,349.0
FR,2026,160,535.0,357.0
FR,2026,161,544.0,365.0
FR,2026,162,552.0,372.0
FR,2026,163,561.0,380.0
FR,2026,164,571.0,389.0
FR,2026,165,582.0,399.0
FR,2026,166,586.0,399.0
FR,2026,167,586.0,399.0
FR,2026,168,586.0,399.0
FR,2026,169,586.0,399.0
FR,2026,170,586.0,399.0
FR,2026,171,591.0,403.0
FR,2026,172,597.0,407.0
FR,2026,173,597.0,407.0
FR,2026,174,597.0,407.0
FR,2026,175,597.0,407.0
FR,2026,176,597.0,407.0
FR,2026,177,597.0,407.0
FR,2026,178,598.0,407.0
FR,2026,179,602.0,407.0
FR,2026,180,602.0,407.0
FR,2026,181,602.0,407.0
FR,2026,182,602.0,407.0
FR,2026,183,610.0,413.0
FR,2026,184,616.0,418.0
FR,2026,185,625.0,426.0
FR,2026,186,635.0,436.0
FR,2026,187,635.0,436.0
FR,2026,188,641.0,440.0
FR,2026,189,642.0,440.0
FR,2026,190,642.0,440.0
FR,2026,191,642.0,440.0
FR,2026,192,647.0,442.0
FR,2026,193,655.0,449.0
FR,2026,194,655.0,449.0
FR,2026,195,655.0,449.0
FR,2026,196,655.0,449.0
FR,2026,197,655.0,449.0
FR,2026,198,655.0,449.0
FR,2026,199,660.0,451.0
FR,2026,200,669.0,459.0
FR,2026,201,672.0,461.0
FR,2026,202,677.0,461.0
FR,2026,203,680.0,461.0
FR,2026,204,681.0,461.0
FR,2026,205,685.0,461.0
FR,2026,206,692.0,468.0
FR,2026,207,702.0,478.0
FR,2026,208,708.0,482.0
FR,2026,209,713.0,487.0
FR,2026,210,714.0,487.0
FR,2026,211,714.0,487.0
FR,2026,212,714.0,487.0
FR,2026,213,719.0,487.0
FR,2026,214,726.0,492.0
FR,2026,215,726.0,492.0
FR,2026,216,726.0,492.0
FR,2026,217,730.0,492.0
FR,2026,218,730.0,492.0
FR,2026,219,730.0,492.0
FR,2026,220,736.0,498.0
FR,2026,221,742.0,503.0
FR,2026,222,742.0,503.0
FR,2026,223,742.0,503.0
FR,2026,224,742.0,503.0
FR,2026,225,742.0,503.0
FR,2026,226,742.0,503.0
FR,2026,227,742.0,503.0
FR,2026,228,742.0,503.0
FR,2026,229,742.0,503.0
FR,2026,230,742.0,503.0
FR,2026,231,742.0,503.0
FR,2026,232,742.0,503.0
FR,2026,233,742.0,503.0
FR,2026,234,748.0,508.0
FR,2026,235,756.0,516.0
FR,2026,236,757.0,516.0
FR,2026,237,757.0,516.0
FR,2026,238,757.0,516.0
FR,2026,239,757.0,516.0
FR,2026,240,757.0,516.0
FR,2026,241,765.0,524.0
FR,2026,242,773.0,531.0
FR,2026,243,781.0,535.0
FR,2026,244,781.0,535.0
FR,2026,245,781.0,535.0
FR,2026,246,781.0,535.0
FR,2026,247,781.0,535.0
FR,2026,248,783.0,537.0
FR,2026,249,,
FR,2026,250,,
FR,2026,251,,
FR,2026,252,,
FR,2026,253,,
FR,2026,254,,
FR,2026,255,,
FR,2026,256,,
FR,2026,257,,
FR,2026,258,,
FR,2026,259,,
FR,2026,260,,
FR,2026,261,,
FR,2026,262,,
FR,2026,263,,
FR,2026,264,,
FR,2026,265,,
FR,2026,266,,
FR,2026,267,,
FR,2026,268,,
FR,2026,269,,
FR,2026,270,,
FR,2026,271,,
FR,2026,272,,
FR,2026,273,,
FR,2026,274,,
FR,2026,275,,
FR,2026,276,,
FR,2026,277,,
FR,2026,278,,
FR,2026,279,,
FR,2026,280,,
FR,2026,281,,
FR,2026,282,,
FR,2026,283,,
FR,2026,284,,
FR,2026,285,,
FR,2026,286,,
FR,2026,287,,
FR,2026,288,,
FR,2026,289,,
FR,2026,290,,
FR,2026,291,,
FR,2026,292,,
FR,2026,293,,
FR,2026,294,,
FR,2026,295,,
FR,2026,296,,
FR,2026,297,,
FR,2026,298,,
FR,2026,299,,
FR,2026,300,,
FR,2026,301,,
FR,2026,302,,
FR,2026,303,,
FR,2026,304,,
FR,2026,305,,
FR,2026,306,,
FR,2026,307,,
FR,2026,308,,
FR,2026,309,,
FR,2026,310,,
FR,2026,311,,
FR,2026,312,,
FR,2026,313,,
FR,2026,314,,
FR,2026,315,,
FR,2026,316,,
FR,2026,317,,
FR,2026,318,,
FR,2026,319,,
FR,2026,320,,
FR,2026,321,,
FR,2026,322,,
FR,2026,323,,
FR,2026,324,,
FR,2026,325,,
FR,2026,326,,
FR,2026,327,,
FR,2026,328,,
FR,2026,329,,
FR,2026,330,,
FR,2026,331,,
FR,2026,332,,
FR,2026,333,,
FR,2026,334,,
FR,2026,335,,
FR,2026,336,,
FR,2026,337,,
FR,2026,338,,
FR,2026,339,,
FR,2026,340,,
FR,2026,341,,
FR,2026,342,,
FR,2026,343,,
FR,2026,344,,
FR,2026,345,,
FR,2026,346,,
FR,2026,347,,
FR,2026,348,,
FR,2026,349,,
FR,2026,350,,
FR,2026,351,,
FR,2026,352,,
FR,2026,353,,
FR,2026,354,,
FR,2026,355,,
FR,2026,356,,
FR,2026,357,,
FR,2026,358,,
FR,2026,359,,
FR,2026,360,,
FR,2026,361,,
FR,2026,362,,
FR,2026,363,,
FR,2026,364,,
FR,2026,365,,
FR,2026,366,,
GB,2019,1,0.0,0.0
GB,2019,2,0.0,0.0
GB,2019,3,0.0,0.0
GB,2019,4,0.0,0.0
GB,2019,5,0.0,0.0
GB,2019,6,0.0,0.0
GB,2019,7,0.0,0.0
GB,2019,8,0.0,0.0
GB,2019,9,0.0,0.0
GB,2019,10,0.0,0.0
GB,2019,11,0.0,0.0
GB,2019,12,0.0,0.0
GB,2019,13,0.0,0.0
GB,2019,14,0.0,0.0
GB,2019,15,0.0,0.0
GB,2019,16,0.0,0.0
GB,2019,17,0.0,0.0
GB,2019,18,0.0,0.0
GB,2019,19,0.0,0.0
GB,2019,20,0.0,0.0
GB,2019,21,0.0,0.0
GB,2019,22,0.0,0.0
GB,2019,23,0.0,0.0
GB,2019,24,0.0,0.0
GB,2019,25,0.0,0.0
GB,2019,26,0.0,0.0
GB,2019,27,0.0,0.0
GB,2019,28,0.0,0.0
GB,2019,29,0.0,0.0
GB,2019,30,0.0,0.0
GB,2019,31,0.0,0.0
GB,2019,32,0.0,0.0
GB,2019,33,0.0,0.0
GB,2019,34,0.0,0.0
GB,2019,35,0.0,0.0
GB,2019,36,0.0,0.0
GB,2019,37,0.0,0.0
GB,2019,38,0.0,0.0
GB,2019,39,0.0,0.0
GB,2019,40,0.0,0.0
GB,2019,41,0.0,0.0
GB,2019,42,0.0,0.0
GB,2019,43,0.0,0.0
GB,2019,44,0.0,0.0
GB,2019,45,0.0,0.0
GB,2019,46,0.0,0.0
GB,2019,47,0.0,0.0
GB,2019,48,0.0,0.0
GB,2019,49,0.0,0.0
GB,2019,50,0.0,0.0
GB,2019,51,0.0,0.0
GB,2019,52,0.0,0.0
GB,2019,53,0.0,0.0
GB,2019,54,0.0,0.0
GB,2019,55,0.0,0.0
GB,2019,56,0.0,0.0
GB,2019,57,0.0,0.0
GB,2019,58,0.0,0.0
GB,2019,59,0.0,0.0
GB,2019,60,0.0,0.0
GB,2019,61,0.0,0.0
GB,2019,62,0.0,0.0
GB,2019,63,0.0,0.0
GB,2019,64,0.0,0.0
GB,2019,65,0.0,0.0
GB,2019,66,0.0,0.0
GB,2019,67,0.0,0.0
GB,2019,68,0.0,0.0
GB,2019,69,0.0,0.0
GB,2019,70,0.0,0.0
GB,2019,71,0.0,0.0
GB,2019,72,0.0,0.0
GB,2019,73,0.0,0.0
GB,2019,74,0.0,0.0
GB,2019,75,0.0,0.0
GB,2019,76,0.0,0.0
GB,2019,77,0.0,0.0
GB,2019,78,0.0,0.0
GB,2019,79,0.0,0.0
GB,2019,80,0.0,0.0
GB,2019,81,0.0,0.0
GB,2019,82,0.0,0.0
GB,2019,83,0.0,0.0
GB,2019,84,0.0,0.0
GB,2019,85,0.0,0.0
GB,2019,86,0.0,0.0
GB,2019,87,0.0,0.0
GB,2019,88,0.0,0.0
GB,2019,89,0.0,0.0
GB,2019,90,0.0,0.0
GB,2019,91,0.0,0.0
GB,2019,92,0.0,0.0
GB,2019,93,0.0,0.0
GB,2019,94,0.0,0.0
GB,2019,95,0.0,0.0
GB,2019,96,0.0,0.0
GB,2019,97,0.0,0.0
GB,2019,98,0.0,0.0
GB,2019,99,0.0,0.0
GB,2019,100,0.0,0.0
GB,2019,101,0.0,0.0
GB,2019,102,0.0,0.0
GB,2019,103,0.0,0.0
GB,2019,104,0.0,0.0
GB,2019,105,0.0,0.0
GB,2019,106,0.0,0.0
GB,2019,107,0.0,0.0
GB,2019,108,0.0,0.0
GB,2019,109,0.0,0.0
GB,2019,110,0.0,0.0
GB,2019,111,0.0,0.0
GB,2019,112,0.0,0.0
GB,2019,113,0.0,0.0
GB,2019,114,0.0,0.0
GB,2019,115,0.0,0.0
GB,2019,116,0.0,0.0
GB,2019,117,0.0,0.0
GB,2019,118,0.0,0.0
GB,2019,119,0.0,0.0
GB,2019,120,0.0,0.0
GB,2019,121,0.0,0.0
GB,2019,122,0.0,0.0
GB,2019,123,0.0,0.0
GB,2019,124,0.0,0.0
GB,2019,125,0.0,0.0
GB,2019,126,0.0,0.0
GB,2019,127,0.0,0.0
GB,2019,128,0.0,0.0
GB,2019,129,0.0,0.0
GB,2019,130,0.0,0.0
GB,2019,131,0.0,0.0
GB,2019,132,0.0,0.0
GB,2019,133,0.0,0.0
GB,2019,134,0.0,0.0
GB,2019,135,0.0,0.0
GB,2019,136,0.0,0.0
GB,2019,137,0.0,0.0
GB,2019,138,0.0,0.0
GB,2019,139,0.0,0.0
GB,2019,140,0.0,0.0
GB,2019,141,0.0,0.0
GB,2019,142,0.0,0.0
GB,2019,143,0.0,0.0
GB,2019,144,0.0,0.0
GB,2019,145,0.0,0.0
GB,2019,146,0.0,0.0
GB,2019,147,0.0,0.0
GB,2019,148,0.0,0.0
GB,2019,149,0.0,0.0
GB,2019,150,0.0,0.0
GB,2019,151,0.0,0.0
GB,2019,152,0.0,0.0
GB,2019,153,0.0,0.0
GB,2019,154,0.0,0.0
GB,2019,155,0.0,0.0
GB,2019,156,0.0,0.0
GB,2019,157,0.0,0.0
GB,2019,158,0.0,0.0
GB,2019,159,0.0,0.0
GB,2019,160,0.0,0.0
GB,2019,161,0.0,0.0
GB,2019,162,0.0,0.0
GB,2019,163,0.0,0.0
GB,2019,164,0.0,0.0
GB,2019,165,0.0,0.0
GB,2019,166,0.0,0.0
GB,2019,167,0.0,0.0
GB,2019,168,0.0,0.0
GB,2019,169,0.0,0.0
GB,2019,170,0.0,0.0
GB,2019,171,0.0,0.0
GB,2019,172,0.0,0.0
GB,2019,173,0.0,0.0
GB,2019,174,0.0,0.0
GB,2019,175,0.0,0.0
GB,2019,176,0.0,0.0
GB,2019,177,0.0,0.0
GB,2019,178,0.0,0.0
GB,2019,179,0.0,0.0
GB,2019,180,0.0,0.0
GB,2019,181,1.0,1.0
GB,2019,182,1.0,1.0
GB,2019,183,1.0,1.0
GB,2019,184,1.0,1.0
GB,2019,185,1.0,1.0
GB,2019,186,1.0,1.0
GB,2019,187,1.0,1.0
GB,2019,188,1.0,1.0
GB,2019,189,1.0,1.0
GB,2019,190,1.0,1.0
GB,2019,191,1.0,1.0
GB,2019,192,1.0,1.0
GB,2019,193,1.0,1.0
GB,2019,194,1.0,1.0
GB,2019,195,1.0,1.0
GB,2019,196,1.0,1.0
GB,2019,197,1.0,1.0
GB,2019,198,1.0,1.0
GB,2019,199,1.0,1.0
GB,2019,200,1.0,1.0
GB,2019,201,1.0,1.0
GB,2019,202,1.0,1.0
GB,2019,203,1.0,1.0
GB,2019,204,1.0,1.0
GB,2019,205,1.0,1.0
GB,2019,206,1.0,1.0
GB,2019,207,1.0,1.0
GB,2019,208,1.0,1.0
GB,2019,209,1.0,1.0
GB,2019,210,1.0,1.0
GB,2019,211,1.0,1.0
GB,2019,212,1.0,1.0
GB,2019,213,1.0,1.0
GB,2019,214,1.0,1.0
GB,2019,215,1.0,1.0
GB,2019,216,1.0,1.0
GB,2019,217,1.0,1.0
GB,2019,218,1.0,1.0
GB,2019,219,1.0,1.0
GB,2019,220,1.0,1.0
GB,2019,221,1.0,1.0
GB,2019,222,1.0,1.0
GB,2019,223,1.0,1.0
GB,2019,224,1.0,1.0
GB,2019,225,1.0,1.0
GB,2019,226,1.0,1.0
GB,2019,227,1.0,1.0
GB,2019,228,1.0,1.0
GB,2019,229,1.0,1.0
GB,2019,230,1.0,1.0
GB,2019,231,1.0,1.0
GB,2019,232,1.0,1.0
GB,2019,233,1.0,1.0
GB,2019,234,1.0,1.0
GB,2019,235,1.0,1.0
GB,2019,236,1.0,1.0
GB,2019,237,1.0,1.0
GB,2019,238,1.0,1.0
GB,2019,239,1.0,1.0
GB,2019,240,1.0,1.0
GB,2019,241,1.0,1.0
GB,2019,242,3.0,2.0
GB,2019,243,3.0,2.0
GB,2019,244,3.0,2.0
GB,2019,245,4.0,3.0
GB,2019,246,5.0,3.0
GB,2019,247,5.0,3.0
GB,2019,248,5.0,3.0
GB,2019,249,5.0,3.0
GB,2019,250,5.0,3.0
GB,2019,251,5.0,3.0
GB,2019,252,5.0,3.0
GB,2019,253,5.0,3.0
GB,2019,254,8.0,6.0
GB,2019,255,8.0,6.0
GB,2019,256,8.0,6.0
GB,2019,257,8.0,6.0
GB,2019,258,8.0,6.0
GB,2019,259,8.0,6.0
GB,2019,260,8.0,6.0
GB,2019,261,8.0,6.0
GB,2019,262,8.0,6.0
GB,2019,263,8.0,6.0
GB,2019,264,8.0,6.0
GB,2019,265,8.0,6.0
GB,2019,266,8.0,6.0
GB,2019,267,8.0,6.0
GB,2019,268,8.0,6.0
GB,2019,269,8.0,6.0
GB,2019,270,8.0,6.0
GB,2019,271,8.0,6.0
GB,2019,272,8.0,6.0
GB,2019,273,8.0,6.0
GB,2019,274,8.0,6.0
GB,2019,275,8.0,6.0
GB,2019,276,8.0,6.0
GB,2019,277,8.0,6.0
GB,2019,278,8.0,6.0
GB,2019,279,8.0,6.0
GB,2019,280,8.0,6.0
GB,2019,281,8.0,6.0
GB,2019,282,8.0,6.0
GB,2019,283,8.0,6.0
GB,2019,284,8.0,6.0
GB,2019,285,8.0,6.0
GB,2019,286,8.0,6.0
GB,2019,287,8.0,6.0
GB,2019,288,8.0,6.0
GB,2019,289,8.0,6.0
GB,2019,290,8.0,6.0
GB,2019,291,8.0,6.0
GB,2019,292,8.0,6.0
GB,2019,293,8.0,6.0
GB,2019,294,8.0,6.0
GB,2019,295,8.0,6.0
GB,2019,296,8.0,6.0
GB,2019,297,8.0,6.0
GB,2019,298,8.0,6.0
GB,2019,299,8.0,6.0
GB,2019,300,13.0,11.0
GB,2019,301,13.0,11.0
GB,2019,302,13.0,11.0
GB,2019,303,13.0,11.0
GB,2019,304,13.0,11.0
GB,2019,305,13.0,11.0
GB,2019,306,13.0,11.0
GB,2019,307,13.0,11.0
GB,2019,308,13.0,11.0
GB,2019,309,13.0,11.0
GB,2019,310,13.0,11.0
GB,2019,311,13.0,11.0
GB,2019,312,13.0,11.0
GB,2019,313,13.0,11.0
GB,2019,314,13.0,11.0
GB,2019,315,15.0,12.0
GB,2019,316,15.0,12.0
GB,2019,317,15.0,12.0
GB,2019,318,15.0,12.0
GB,2019,319,15.0,12.0
GB,2019,320,15.0,12.0
GB,2019,321,15.0,12.0
GB,2019,322,15.0,12.0
GB,2019,323,15.0,12.0
GB,2019,324,15.0,12.0
GB,2019,325,15.0,12.0
GB,2019,326,15.0,12.0
GB,2019,327,15.0,12.0
GB,2019,328,15.0,12.0
GB,2019,329,15.0,12.0
GB,2019,330,15.0,12.0
GB,2019,331,15.0,12.0
GB,2019,332,15.0,12.0
GB,2019,333,15.0,12.0
GB,2019,334,15.0,12.0
GB,2019,335,15.0,12.0
GB,2019,336,15.0,12.0
GB,2019,337,15.0,12.0
GB,2019,338,15.0,12.0
GB,2019,339,16.0,13.0
GB,2019,340,16.0,13.0
GB,2019,341,17.0,14.0
GB,2019,342,30.0,27.0
GB,2019,343,30.0,27.0
GB,2019,344,30.0,27.0
GB,2019,345,30.0,27.0
GB,2019,346,30.0,27.0
GB,2019,347,30.0,27.0
GB,2019,348,30.0,27.0
GB,2019,349,30.0,27.0
GB,2019,350,30.0,27.0
GB,2019,351,30.0,27.0
GB,2019,352,30.0,27.0
GB,2019,353,30.0,27.0
GB,2019,354,30.0,27.0
GB,2019,355,30.0,27.0
GB,2019,356,30.0,27.0
GB,2019,357,30.0,27.0
GB,2019,358,30.0,27.0
GB,2019,359,30.0,27.0
GB,2019,360,30.0,27.0
GB,2019,361,30.0,27.0
GB,2019,362,30.0,27.0
GB,2019,363,30.0,27.0
GB,2019,364,30.0,27.0
GB,2019,365,30.0,27.0
GB,2019,366,,
GB,2020,1,0.0,0.0
GB,2020,2,0.0,0.0
GB,2020,3,0.0,0.0
GB,2020,4,0.0,0.0
GB,2020,5,0.0,0.0
GB,2020,6,0.0,0.0
GB,2020,7,0.0,0.0
GB,2020,8,0.0,0.0
GB,2020,9,0.0,0.0
GB,2020,10,0.0,0.0
GB,2020,11,0.0,0.0
GB,2020,12,0.0,0.0
GB,2020,13,0.0,0.0
GB,2020,14,0.0,0.0
GB,2020,15,0.0,0.0
GB,2020,16,0.0,0.0
GB,2020,17,0.0,0.0
GB,2020,18,0.0,0.0
GB,2020,19,0.0,0.0
GB,2020,20,0.0,0.0
GB,2020,21,0.0,0.0
GB,2020,22,0.0,0.0
GB,2020,23,0.0,0.0
GB,2020,24,0.0,0.0
GB,2020,25,0.0,0.0
GB,2020,26,0.0,0.0
GB,2020,27,0.0,0.0
GB,2020,28,0.0,0.0
GB,2020,29,0.0,0.0
GB,2020,30,0.0,0.0
GB,2020,31,0.0,0.0
GB,2020,32,2.0,2.0
GB,2020,33,2.0,2.0
GB,2020,34,5.0,5.0
GB,2020,35,5.0,5.0
GB,2020,36,5.0,5.0
GB,2020,37,5.0,5.0
GB,2020,38,5.0,5.0
GB,2020,39,5.0,5.0
GB,2020,40,5.0,5.0
GB,2020,41,5.0,5.0
GB,2020,42,5.0,5.0
GB,2020,43,6.0,6.0
GB,2020,44,6.0,6.0
GB,2020,45,6.0,6.0
GB,2020,46,6.0,6.0
GB,2020,47,8.0,7.0
GB,2020,48,8.0,7.0
GB,2020,49,8.0,7.0
GB,2020,50,8.0,7.0
GB,2020,51,8.0,7.0
GB,2020,52,8.0,7.0
GB,2020,53,8.0,7.0
GB,2020,54,8.0,7.0
GB,2020,55,8.0,7.0
GB,2020,56,8.0,7.0
GB,2020,57,8.0,7.0
GB,2020,58,8.0,7.0
GB,2020,59,8.0,7.0
GB,2020,60,8.0,7.0
GB,2020,61,10.0,9.0
GB,2020,62,10.0,9.0
GB,2020,63,10.0,9.0
GB,2020,64,10.0,9.0
GB,2020,65,10.0,9.0
GB,2020,66,10.0,9.0
GB,2020,67,11.0,10.0
GB,2020,68,12.0,11.0
GB,2020,69,12.0,11.0
GB,2020,70,12.0,11.0
GB,2020,71,12.0,11.0
GB,2020,72,14.0,13.0
GB,2020,73,14.0,13.0
GB,2020,74,14.0,13.0
GB,2020,75,14.0,13.0
GB,2020,76,14.0,13.0
GB,2020,77,14.0,13.0
GB,2020,78,14.0,13.0
GB,2020,79,14.0,13.0
GB,2020,80,14.0,13.0
GB,2020,81,14.0,13.0
GB,2020,82,14.0,13.0
GB,2020,83,14.0,13.0
GB,2020,84,14.0,13.0
GB,2020,85,14.0,13.0
GB,2020,86,14.0,13.0
GB,2020,87,14.0,13.0
GB,2020,88,15.0,14.0
GB,2020,89,19.0,15.0
GB,2020,90,19.0,15.0
GB,2020,91,19.0,15.0
GB,2020,92,19.0,15.0
GB,2020,93,19.0,15.0
GB,2020,94,19.0,15.0
GB,2020,95,19.0,15.0
GB,2020,96,29.0,25.0
GB,2020,97,33.0,29.0
GB,2020,98,33.0,29.0
GB,2020,99,33.0,29.0
GB,2020,100,33.0,29.0
GB,2020,101,33.0,29.0
GB,2020,102,33.0,29.0
GB,2020,103,33.0,29.0
GB,2020,104,41.0,37.0
GB,2020,105,41.0,37.0
GB,2020,106,41.0,37.0
GB,2020,107,41.0,37.0
GB,2020,108,41.0,37.0
GB,2020,109,41.0,37.0
GB,2020,110,42.0,38.0
GB,2020,111,49.0,45.0
GB,2020,112,55.0,50.0
GB,2020,113,55.0,50.0
GB,2020,114,55.0,50.0
GB,2020,115,55.0,50.0
GB,2020,116,55.0,50.0
GB,2020,117,55.0,50.0
GB,2020,118,55.0,50.0
GB,2020,119,55.0,50.0
GB,2020,120,55.0,50.0
GB,2020,121,55.0,50.0
GB,2020,122,55.0,50.0
GB,2020,123,55.0,50.0
GB,2020,124,55.0,50.0
GB,2020,125,55.0,50.0
GB,2020,126,55.0,50.0
GB,2020,127,55.0,50.0
GB,2020,128,55.0,50.0
GB,2020,129,55.0,50.0
GB,2020,130,55.0,50.0
GB,2020,131,56.0,51.0
GB,2020,132,63.0,57.0
GB,2020,133,63.0,57.0
GB,2020,134,63.0,57.0
GB,2020,135,63.0,57.0
GB,2020,136,63.0,57.0
GB,2020,137,63.0,57.0
GB,2020,138,63.0,57.0
GB,2020,139,63.0,57.0
GB,2020,140,63.0,57.0
GB,2020,141,63.0,57.0
GB,2020,142,63.0,57.0
GB,2020,143,76.0,68.0
GB,2020,144,76.0,68.0
GB,2020,145,90.0,82.0
GB,2020,146,90.0,82.0
GB,2020,147,90.0,82.0
GB,2020,148,90.0,82.0
GB,2020,149,90.0,82.0
GB,2020,150,90.0,82.0
GB,2020,151,93.0,85.0
GB,2020,152,93.0,85.0
GB,2020,153,93.0,85.0
GB,2020,154,93.0,85.0
GB,2020,155,93.0,85.0
GB,2020,156,93.0,85.0
GB,2020,157,94.0,86.0
GB,2020,158,108.0,100.0
GB,2020,159,108.0,100.0
GB,2020,160,108.0,100.0
GB,2020,161,108.0,100.0
GB,2020,162,108.0,100.0
GB,2020,163,108.0,100.0
GB,2020,164,108.0,100.0
GB,2020,165,108.0,100.0
GB,2020,166,108.0,100.0
GB,2020,167,108.0,100.0
GB,2020,168,108.0,100.0
GB,2020,169,108.0,100.0
GB,2020,170,108.0,100.0
GB,2020,171,108.0,100.0
GB,2020,172,108.0,100.0
GB,2020,173,111.0,103.0
GB,2020,174,111.0,103.0
GB,2020,175,111.0,103.0
GB,2020,176,111.0,103.0
GB,2020,177,111.0,103.0
GB,2020,178,111.0,103.0
GB,2020,179,112.0,104.0
GB,2020,180,128.0,119.0
GB,2020,181,133.0,124.0
GB,2020,182,133.0,124.0
GB,2020,183,133.0,124.0
GB,2020,184,133.0,124.0
GB,2020,185,133.0,124.0
GB,2020,186,135.0,126.0
GB,2020,187,140.0,131.0
GB,2020,188,144.0,135.0
GB,2020,189,144.0,135.0
GB,2020,190,144.0,135.0
GB,2020,191,144.0,135.0
GB,2020,192,144.0,135.0
GB,2020,193,144.0,135.0
GB,2020,194,144.0,135.0
GB,2020,195,144.0,135.0
GB,2020,196,144.0,135.0
GB,2020,197,144.0,135.0
GB,2020,198,144.0,135.0
GB,2020,199,144.0,135.0
GB,2020,200,144.0,135.0
GB,2020,201,144.0,135.0
GB,2020,202,144.0,135.0
GB,2020,203,144.0,135.0
GB,2020,204,144.0,135.0
GB,2020,205,144.0,135.0
GB,2020,206,144.0,135.0
GB,2020,207,144.0,135.0
GB,2020,208,144.0,135.0
GB,2020,209,144.0,135.0
GB,2020,210,144.0,135.0
GB,2020,211,144.0,135.0
GB,2020,212,144.0,135.0
GB,2020,213,144.0,135.0
GB,2020,214,144.0,135.0
GB,2020,215,144.0,135.0
GB,2020,216,144.0,135.0
GB,2020,217,144.0,135.0
GB,2020,218,144.0,135.0
GB,2020,219,144.0,135.0
GB,2020,220,144.0,135.0
GB,2020,221,144.0,135.0
GB,2020,222,144.0,135.0
GB,2020,223,144.0,135.0
GB,2020,224,144.0,135.0
GB,2020,225,144.0,135.0
GB,2020,226,144.0,135.0
GB,2020,227,144.0,135.0
GB,2020,228,144.0,135.0
GB,2020,229,144.0,135.0
GB,2020,230,144.0,135.0
GB,2020,231,144.0,135.0
GB,2020,232,144.0,135.0
GB,2020,233,144.0,135.0
GB,2020,234,144.0,135.0
GB,2020,235,144.0,135.0
GB,2020,236,144.0,135.0
GB,2020,237,144.0,135.0
GB,2020,238,144.0,135.0
GB,2020,239,144.0,135.0
GB,2020,240,144.0,135.0
GB,2020,241,144.0,135.0
GB,2020,242,144.0,135.0
GB,2020,243,144.0,135.0
GB,2020,244,144.0,135.0
GB,2020,245,144.0,135.0
GB,2020,246,144.0,135.0
GB,2020,247,144.0,135.0
GB,2020,248,144.0,135.0
GB,2020,249,144.0,135.0
GB,2020,250,144.0,135.0
GB,2020,251,144.0,135.0
GB,2020,252,144.0,135.0
GB,2020,253,144.0,135.0
GB,2020,254,144.0,135.0
GB,2020,255,144.0,135.0
GB,2020,256,144.0,135.0
GB,2020,257,144.0,135.0
GB,2020,258,144.0,135.0
GB,2020,259,144.0,135.0
GB,2020,260,144.0,135.0
GB,2020,261,144.0,135.0
GB,2020,262,144.0,135.0
GB,2020,263,144.0,135.0
GB,2020,264,144.0,135.0
GB,2020,265,144.0,135.0
GB,2020,266,144.0,135.0
GB,2020,267,144.0,135.0
GB,2020,268,144.0,135.0
GB,2020,269,144.0,135.0
GB,2020,270,144.0,135.0
GB,2020,271,144.0,135.0
GB,2020,272,144.0,135.0
GB,2020,273,144.0,135.0
GB,2020,274,144.0,135.0
GB,2020,275,144.0,135.0
GB,2020,276,144.0,135.0
GB,2020,277,144.0,135.0
GB,2020,278,148.0,138.0
GB,2020,279,148.0,138.0
GB,2020,280,148.0,138.0
GB,2020,281,148.0,138.0
GB,2020,282,148.0,138.0
GB,2020,283,148.0,138.0
GB,2020,284,148.0,138.0
GB,2020,285,148.0,138.0
GB,2020,286,148.0,138.0
GB,2020,287,148.0,138.0
GB,2020,288,148.0,138.0
GB,2020,289,148.0,138.0
GB,2020,290,148.0,138.0
GB,2020,291,148.0,138.0
GB,2020,292,148.0,138.0
GB,2020,293,148.0,138.0
GB,2020,294,148.0,138.0
GB,2020,295,148.0,138.0
GB,2020,296,148.0,138.0
GB,2020,297,148.0,138.0
GB,2020,298,149.0,139.0
GB,2020,299,155.0,145.0
GB,2020,300,155.0,145.0
GB,2020,301,155.0,145.0
GB,2020,302,155.0,145.0
GB,2020,303,156.0,146.0
GB,2020,304,161.0,151.0
GB,2020,305,161.0,151.0
GB,2020,306,161.0,151.0
GB,2020,307,161.0,151.0
GB,2020,308,161.0,151.0
GB,2020,309,161.0,151.0
GB,2020,310,161.0,151.0
GB,2020,311,161.0,151.0
GB,2020,312,161.0,151.0
GB,2020,313,161.0,151.0
GB,2020,314,161.0,151.0
GB,2020,315,161.0,151.0
GB,2020,316,161.0,151.0
GB,2020,317,161.0,151.0
GB,2020,318,161.0,151.0
GB,2020,319,161.0,151.0
GB,2020,320,165.0,155.0
GB,2020,321,165.0,155.0
GB,2020,322,165.0,155.0
GB,2020,323,165.0,155.0
GB,2020,324,165.0,155.0
GB,2020,325,165.0,155.0
GB,2020,326,165.0,155.0
GB,2020,327,165.0,155.0
GB,2020,328,165.0,155.0
GB,2020,329,165.0,155.0
GB,2020,330,165.0,155.0
GB,2020,331,165.0,155.0
GB,2020,332,165.0,155.0
GB,2020,333,165.0,155.0
GB,2020,334,165.0,155.0
GB,2020,335,165.0,155.0
GB,2020,336,165.0,155.0
GB,2020,337,165.0,155.0
GB,2020,338,165.0,155.0
GB,2020,339,165.0,155.0
GB,2020,340,165.0,155.0
GB,2020,341,165.0,155.0
GB,2020,342,165.0,155.0
GB,2020,343,165.0,155.0
GB,2020,344,165.0,155.0
GB,2020,345,165.0,155.0
GB,2020,346,165.0,155.0
GB,2020,347,165.0,155.0
GB,2020,348,165.0,155.0
GB,2020,349,166.0,156.0
GB,2020,350,166.0,156.0
GB,2020,351,166.0,156.0
GB,2020,352,166.0,156.0
GB,2020,353,166.0,156.0
GB,2020,354,166.0,156.0
GB,2020,355,166.0,156.0
GB,2020,356,166.0,156.0
GB,2020,357,166.0,156.0
GB,2020,358,166.0,156.0
GB,2020,359,166.0,156.0
GB,2020,360,166.0,156.0
GB,2020,361,171.0,160.0
GB,2020,362,172.0,161.0
GB,2020,363,172.0,161.0
GB,2020,364,172.0,161.0
GB,2020,365,172.0,161.0
GB,2020,366,172.0,161.0
GB,2021,1,0.0,0.0
GB,2021,2,0.0,0.0
GB,2021,3,0.0,0.0
GB,2021,4,0.0,0.0
GB,2021,5,0.0,0.0
GB,2021,6,0.0,0.0
GB,2021,7,0.0,0.0
GB,2021,8,0.0,0.0
GB,2021,9,0.0,0.0
GB,2021,10,0.0,0.0
GB,2021,11,0.0,0.0
GB,2021,12,0.0,0.0
GB,2021,13,0.0,0.0
GB,2021,14,0.0,0.0
GB,2021,15,0.0,0.0
GB,2021,16,0.0,0.0
GB,2021,17,0.0,0.0
GB,2021,18,0.0,0.0
GB,2021,19,0.0,0.0
GB,2021,20,0.0,0.0
GB,2021,21,0.0,0.0
GB,2021,22,0.0,0.0
GB,2021,23,0.0,0.0
GB,2021,24,0.0,0.0
GB,2021,25,0.0,0.0
GB,2021,26,0.0,0.0
GB,2021,27,0.0,0.0
GB,2021,28,0.0,0.0
GB,2021,29,0.0,0.0
GB,2021,30,0.0,0.0
GB,2021,31,0.0,0.0
GB,2021,32,0.0,0.0
GB,2021,33,0.0,0.0
GB,2021,34,0.0,0.0
GB,2021,35,0.0,0.0
GB,2021,36,0.0,0.0
GB,2021,37,0.0,0.0
GB,2021,38,4.0,4.0
GB,2021,39,4.0,4.0
GB,2021,40,4.0,4.0
GB,2021,41,4.0,4.0
GB,2021,42,4.0,4.0
GB,2021,43,4.0,4.0
GB,2021,44,4.0,4.0
GB,2021,45,4.0,4.0
GB,2021,46,4.0,4.0
GB,2021,47,4.0,4.0
GB,2021,48,4.0,4.0
GB,2021,49,4.0,4.0
GB,2021,50,4.0,4.0
GB,2021,51,4.0,4.0
GB,2021,52,4.0,4.0
GB,2021,53,4.0,4.0
GB,2021,54,5.0,5.0
GB,2021,55,5.0,5.0
GB,2021,56,5.0,5.0
GB,2021,57,5.0,5.0
GB,2021,58,5.0,5.0
GB,2021,59,5.0,5.0
GB,2021,60,5.0,5.0
GB,2021,61,5.0,5.0
GB,2021,62,5.0,5.0
GB,2021,63,5.0,5.0
GB,2021,64,5.0,5.0
GB,2021,65,5.0,5.0
GB,2021,66,5.0,5.0
GB,2021,67,5.0,5.0
GB,2021,68,5.0,5.0
GB,2021,69,5.0,5.0
GB,2021,70,5.0,5.0
GB,2021,71,5.0,5.0
GB,2021,72,5.0,5.0
GB,2021,73,5.0,5.0
GB,2021,74,5.0,5.0
GB,2021,75,5.0,5.0
GB,2021,76,5.0,5.0
GB,2021,77,5.0,5.0
GB,2021,78,5.0,5.0
GB,2021,79,5.0,5.0
GB,2021,80,5.0,5.0
GB,2021,81,5.0,5.0
GB,2021,82,5.0,5.0
GB,2021,83,5.0,5.0
GB,2021,84,5.0,5.0
GB,2021,85,5.0,5.0
GB,2021,86,5.0,5.0
GB,2021,87,8.0,8.0
GB,2021,88,8.0,8.0
GB,2021,89,8.0,8.0
GB,2021,90,8.0,8.0
GB,2021,91,8.0,8.0
GB,2021,92,8.0,8.0
GB,2021,93,8.0,8.0
GB,2021,94,10.0,10.0
GB,2021,95,10.0,10.0
GB,2021,96,10.0,10.0
GB,2021,97,10.0,10.0
GB,2021,98,10.0,10.0
GB,2021,99,10.0,10.0
GB,2021,100,10.0,10.0
GB,2021,101,10.0,10.0
GB,2021,102,10.0,10.0
GB,2021,103,10.0,10.0
GB,2021,104,10.0,10.0
GB,2021,105,10.0,10.0
GB,2021,106,10.0,10.0
GB,2021,107,10.0,10.0
GB,2021,108,10.0,10.0
GB,2021,109,10.0,10.0
GB,2021,110,10.0,10.0
GB,2021,111,10.0,10.0
GB,2021,112,10.0,10.0
GB,2021,113,10.0,10.0
GB,2021,114,10.0,10.0
GB,2021,115,10.0,10.0
GB,2021,116,10.0,10.0
GB,2021,117,10.0,10.0
GB,2021,118,10.0,10.0
GB,2021,119,10.0,10.0
GB,2021,120,10.0,10.0
GB,2021,121,10.0,10.0
GB,2021,122,10.0,10.0
GB,2021,123,10.0,10.0
GB,2021,124,15.0,15.0
GB,2021,125,15.0,15.0
GB,2021,126,15.0,15.0
GB,2021,127,15.0,15.0
GB,2021,128,15.0,15.0
GB,2021,129,15.0,15.0
GB,2021,130,15.0,15.0
GB,2021,131,15.0,15.0
GB,2021,132,15.0,15.0
GB,2021,133,15.0,15.0
GB,2021,134,15.0,15.0
GB,2021,135,15.0,15.0
GB,2021,136,15.0,15.0
GB,2021,137,15.0,15.0
GB,2021,138,15.0,15.0
GB,2021,139,15.0,15.0
GB,2021,140,16.0,16.0
GB,2021,141,21.0,21.0
GB,2021,142,21.0,21.0
GB,2021,143,21.0,21.0
GB,2021,144,21.0,21.0
GB,2021,145,21.0,21.0
GB,2021,146,21.0,21.0
GB,2021,147,21.0,21.0
GB,2021,148,21.0,21.0
GB,2021,149,21.0,21.0
GB,2021,150,21.0,21.0
GB,2021,151,21.0,21.0
GB,2021,152,21.0,21.0
GB,2021,153,21.0,21.0
GB,2021,154,21.0,21.0
GB,2021,155,21.0,21.0
GB,2021,156,21.0,21.0
GB,2021,157,21.0,21.0
GB,2021,158,21.0,21.0
GB,2021,159,21.0,21.0
GB,2021,160,21.0,21.0
GB,2021,161,21.0,21.0
GB,2021,162,21.0,21.0
GB,2021,163,21.0,21.0
GB,2021,164,21.0,21.0
GB,2021,165,21.0,21.0
GB,2021,166,21.0,21.0
GB,2021,167,21.0,21.0
GB,2021,168,21.0,21.0
GB,2021,169,21.0,21.0
GB,2021,170,21.0,21.0
GB,2021,171,21.0,21.0
GB,2021,172,21.0,21.0
GB,2021,173,21.0,21.0
GB,2021,174,21.0,21.0
GB,2021,175,21.0,21.0
GB,2021,176,21.0,21.0
GB,2021,177,21.0,21.0
GB,2021,178,21.0,21.0
GB,2021,179,21.0,21.0
GB,2021,180,21.0,21.0
GB,2021,181,21.0,21.0
GB,2021,182,21.0,21.0
GB,2021,183,21.0,21.0
GB,2021,184,21.0,21.0
GB,2021,185,21.0,21.0
GB,2021,186,21.0,21.0
GB,2021,187,21.0,21.0
GB,2021,188,21.0,21.0
GB,2021,189,21.0,21.0
GB,2021,190,21.0,21.0
GB,2021,191,21.0,21.0
GB,2021,192,21.0,21.0
GB,2021,193,21.0,21.0
GB,2021,194,21.0,21.0
GB,2021,195,21.0,21.0
GB,2021,196,21.0,21.0
GB,2021,197,21.0,21.0
GB,2021,198,21.0,21.0
GB,2021,199,21.0,21.0
GB,2021,200,21.0,21.0
GB,2021,201,21.0,21.0
GB,2021,202,21.0,21.0
GB,2021,203,21.0,21.0
GB,2021,204,21.0,21.0
GB,2021,205,21.0,21.0
GB,2021,206,21.0,21.0
GB,2021,207,21.0,21.0
GB,2021,208,21.0,21.0
GB,2021,209,21.0,21.0
GB,2021,210,21.0,21.0
GB,2021,211,21.0,21.0
GB,2021,212,21.0,21.0
GB,2021,213,21.0,21.0
GB,2021,214,21.0,21.0
GB,2021,215,21.0,21.0
GB,2021,216,21.0,21.0
GB,2021,217,21.0,21.0
GB,2021,218,21.0,21.0
GB,2021,219,21.0,21.0
GB,2021,220,21.0,21.0
GB,2021,221,21.0,21.0
GB,2021,222,21.0,21.0
GB,2021,223,21.0,21.0
GB,2021,224,21.0,21.0
GB,2021,225,21.0,21.0
GB,2021,226,21.0,21.0
GB,2021,227,21.0,21.0
GB,2021,228,21.0,21.0
GB,2021,229,21.0,21.0
GB,2021,230,21.0,21.0
GB,2021,231,21.0,21.0
GB,2021,232,21.0,21.0
GB,2021,233,21.0,21.0
GB,2021,234,21.0,21.0
GB,2021,235,21.0,21.0
GB,2021,236,21.0,21.0
GB,2021,237,21.0,21.0
GB,2021,238,21.0,21.0
GB,2021,239,21.0,21.0
GB,2021,240,21.0,21.0
GB,2021,241,21.0,21.0
GB,2021,242,21.0,21.0
GB,2021,243,21.0,21.0
GB,2021,244,21.0,21.0
GB,2021,245,21.0,21.0
GB,2021,246,21.0,21.0
GB,2021,247,21.0,21.0
GB,2021,248,21.0,21.0
GB,2021,249,21.0,21.0
GB,2021,250,21.0,21.0
GB,2021,251,21.0,21.0
GB,2021,252,21.0,21.0
GB,2021,253,21.0,21.0
GB,2021,254,21.0,21.0
GB,2021,255,21.0,21.0
GB,2021,256,21.0,21.0
GB,2021,257,21.0,21.0
GB,2021,258,21.0,21.0
GB,2021,259,21.0,21.0
GB,2021,260,21.0,21.0
GB,2021,261,21.0,21.0
GB,2021,262,21.0,21.0
GB,2021,263,21.0,21.0
GB,2021,264,21.0,21.0
GB,2021,265,21.0,21.0
GB,2021,266,21.0,21.0
GB,2021,267,21.0,21.0
GB,2021,268,21.0,21.0
GB,2021,269,21.0,21.0
GB,2021,270,21.0,21.0
GB,2021,271,21.0,21.0
GB,2021,272,21.0,21.0
GB,2021,273,21.0,21.0
GB,2021,274,21.0,21.0
GB,2021,275,21.0,21.0
GB,2021,276,21.0,21.0
GB,2021,277,21.0,21.0
GB,2021,278,21.0,21.0
GB,2021,279,21.0,21.0
GB,2021,280,21.0,21.0
GB,2021,281,21.0,21.0
GB,2021,282,21.0,21.0
GB,2021,283,21.0,21.0
GB,2021,284,21.0,21.0
GB,2021,285,21.0,21.0
GB,2021,286,21.0,21.0
GB,2021,287,21.0,21.0
GB,2021,288,21.0,21.0
GB,2021,289,21.0,21.0
GB,2021,290,21.0,21.0
GB,2021,291,21.0,21.0
GB,2021,292,21.0,21.0
GB,2021,293,21.0,21.0
GB,2021,294,21.0,21.0
GB,2021,295,21.0,21.0
GB,2021,296,21.0,21.0
GB,2021,297,21.0,21.0
GB,2021,298,21.0,21.0
GB,2021,299,21.0,21.0
GB,2021,300,21.0,21.0
GB,2021,301,21.0,21.0
GB,2021,302,21.0,21.0
GB,2021,303,21.0,21.0
GB,2021,304,21.0,21.0
GB,2021,305,23.0,23.0
GB,2021,306,23.0,23.0
GB,2021,307,23.0,23.0
GB,2021,308,23.0,23.0
GB,2021,309,23.0,23.0
GB,2021,310,23.0,23.0
GB,2021,311,24.0,24.0
GB,2021,312,24.0,24.0
GB,2021,313,24.0,24.0
GB,2021,314,24.0,24.0
GB,2021,315,24.0,24.0
GB,2021,316,24.0,24.0
GB,2021,317,24.0,24.0
GB,2021,318,24.0,24.0
GB,2021,319,24.0,24.0
GB,2021,320,24.0,24.0
GB,2021,321,24.0,24.0
GB,2021,322,24.0,24.0
GB,2021,323,24.0,24.0
GB,2021,324,24.0,24.0
GB,2021,325,24.0,24.0
GB,2021,326,24.0,24.0
GB,2021,327,24.0,24.0
GB,2021,328,24.0,24.0
GB,2021,329,24.0,24.0
GB,2021,330,24.0,24.0
GB,2021,331,24.0,24.0
GB,2021,332,24.0,24.0
GB,2021,333,24.0,24.0
GB,2021,334,24.0,24.0
GB,2021,335,24.0,24.0
GB,2021,336,24.0,24.0
GB,2021,337,24.0,24.0
GB,2021,338,24.0,24.0
GB,2021,339,24.0,24.0
GB,2021,340,24.0,24.0
GB,2021,341,24.0,24.0
GB,2021,342,24.0,24.0
GB,2021,343,24.0,24.0
GB,2021,344,24.0,24.0
GB,2021,345,24.0,24.0
GB,2021,346,24.0,24.0
GB,2021,347,24.0,24.0
GB,2021,348,24.0,24.0
GB,2021,349,24.0,24.0
GB,2021,350,24.0,24.0
GB,2021,351,24.0,24.0
GB,2021,352,24.0,24.0
GB,2021,353,24.0,24.0
GB,2021,354,24.0,24.0
GB,2021,355,24.0,24.0
GB,2021,356,24.0,24.0
GB,2021,357,24.0,24.0
GB,2021,358,24.0,24.0
GB,2021,359,24.0,24.0
GB,2021,360,24.0,24.0
GB,2021,361,24.0,24.0
GB,2021,362,24.0,24.0
GB,2021,363,25.0,25.0
GB,2021,364,30.0,30.0
GB,2021,365,31.0,31.0
GB,2021,366,,
GB,2022,1,7.0,7.0
GB,2022,2,8.0,8.0
GB,2022,3,14.0,14.0
GB,2022,4,14.0,14.0
GB,2022,5,14.0,14.0
GB,2022,6,14.0,14.0
GB,2022,7,14.0,14.0
GB,2022,8,14.0,14.0
GB,2022,9,14.0,14.0
GB,2022,10,14.0,14.0
GB,2022,11,14.0,14.0
GB,2022,12,14.0,14.0
GB,2022,13,14.0,14.0
GB,2022,14,14.0,14.0
GB,2022,15,14.0,14.0
GB,2022,16,14.0,14.0
GB,2022,17,14.0,14.0
GB,2022,18,14.0,14.0
GB,2022,19,14.0,14.0
GB,2022,20,14.0,14.0
GB,2022,21,14.0,14.0
GB,2022,22,14.0,14.0
GB,2022,23,14.0,14.0
GB,2022,24,14.0,14.0
GB,2022,25,14.0,14.0
GB,2022,26,14.0,14.0
GB,2022,27,14.0,14.0
GB,2022,28,14.0,14.0
GB,2022,29,14.0,14.0
GB,2022,30,14.0,14.0
GB,2022,31,14.0,14.0
GB,2022,32,14.0,14.0
GB,2022,33,14.0,14.0
GB,2022,34,14.0,14.0
GB,2022,35,14.0,14.0
GB,2022,36,14.0,14.0
GB,2022,37,17.0,17.0
GB,2022,38,17.0,17.0
GB,2022,39,17.0,17.0
GB,2022,40,17.0,17.0
GB,2022,41,17.0,17.0
GB,2022,42,17.0,17.0
GB,2022,43,17.0,17.0
GB,2022,44,17.0,17.0
GB,2022,45,17.0,17.0
GB,2022,46,17.0,17.0
GB,2022,47,17.0,17.0
GB,2022,48,17.0,17.0
GB,2022,49,17.0,17.0
GB,2022,50,17.0,17.0
GB,2022,51,17.0,17.0
GB,2022,52,17.0,17.0
GB,2022,53,17.0,17.0
GB,2022,54,17.0,17.0
GB,2022,55,17.0,17.0
GB,2022,56,17.0,17.0
GB,2022,57,17.0,17.0
GB,2022,58,17.0,17.0
GB,2022,59,17.0,17.0
GB,2022,60,17.0,17.0
GB,2022,61,17.0,17.0
GB,2022,62,17.0,17.0
GB,2022,63,17.0,17.0
GB,2022,64,17.0,17.0
GB,2022,65,17.0,17.0
GB,2022,66,17.0,17.0
GB,2022,67,17.0,17.0
GB,2022,68,17.0,17.0
GB,2022,69,17.0,17.0
GB,2022,70,17.0,17.0
GB,2022,71,17.0,17.0
GB,2022,72,17.0,17.0
GB,2022,73,17.0,17.0
GB,2022,74,17.0,17.0
GB,2022,75,17.0,17.0
GB,2022,76,17.0,17.0
GB,2022,77,17.0,17.0
GB,2022,78,21.0,21.0
GB,2022,79,21.0,21.0
GB,2022,80,21.0,21.0
GB,2022,81,21.0,21.0
GB,2022,82,21.0,21.0
GB,2022,83,21.0,21.0
GB,2022,84,21.0,21.0
GB,2022,85,21.0,21.0
GB,2022,86,21.0,21.0
GB,2022,87,21.0,21.0
GB,2022,88,21.0,21.0
GB,2022,89,21.0,21.0
GB,2022,90,21.0,21.0
GB,2022,91,21.0,21.0
GB,2022,92,21.0,21.0
GB,2022,93,21.0,21.0
GB,2022,94,21.0,21.0
GB,2022,95,21.0,21.0
GB,2022,96,21.0,21.0
GB,2022,97,21.0,21.0
GB,2022,98,21.0,21.0
GB,2022,99,21.0,21.0
GB,2022,100,21.0,21.0
GB,2022,101,21.0,21.0
GB,2022,102,21.0,21.0
GB,2022,103,21.0,21.0
GB,2022,104,21.0,21.0
GB,2022,105,21.0,21.0
GB,2022,106,21.0,21.0
GB,2022,107,21.0,21.0
GB,2022,108,21.0,21.0
GB,2022,109,21.0,21.0
GB,2022,110,21.0,21.0
GB,2022,111,21.0,21.0
GB,2022,112,21.0,21.0
GB,2022,113,21.0,21.0
GB,2022,114,21.0,21.0
GB,2022,115,21.0,21.0
GB,2022,116,21.0,21.0
GB,2022,117,21.0,21.0
GB,2022,118,21.0,21.0
GB,2022,119,21.0,21.0
GB,2022,120,21.0,21.0
GB,2022,121,21.0,21.0
GB,2022,122,21.0,21.0
GB,2022,123,21.0,21.0
GB,2022,124,21.0,21.0
GB,2022,125,21.0,21.0
GB,2022,126,21.0,21.0
GB,2022,127,21.0,21.0
GB,2022,128,21.0,21.0
GB,2022,129,21.0,21.0
GB,2022,130,21.0,21.0
GB,2022,131,21.0,21.0
GB,2022,132,21.0,21.0
GB,2022,133,21.0,21.0
GB,2022,134,21.0,21.0
GB,2022,135,21.0,21.0
GB,2022,136,21.0,21.0
GB,2022,137,21.0,21.0
GB,2022,138,21.0,21.0
GB,2022,139,21.0,21.0
GB,2022,140,21.0,21.0
GB,2022,141,21.0,21.0
GB,2022,142,21.0,21.0
GB,2022,143,21.0,21.0
GB,2022,144,21.0,21.0
GB,2022,145,21.0,21.0
GB,2022,146,21.0,21.0
GB,2022,147,21.0,21.0
GB,2022,148,21.0,21.0
GB,2022,149,21.0,21.0
GB,2022,150,21.0,21.0
GB,2022,151,21.0,21.0
GB,2022,152,21.0,21.0
GB,2022,153,21.0,21.0
GB,2022,154,21.0,21.0
GB,2022,155,21.0,21.0
GB,2022,156,21.0,21.0
GB,2022,157,21.0,21.0
GB,2022,158,21.0,21.0
GB,2022,159,21.0,21.0
GB,2022,160,21.0,21.0
GB,2022,161,21.0,21.0
GB,2022,162,22.0,22.0
GB,2022,163,22.0,22.0
GB,2022,164,22.0,22.0
GB,2022,165,22.0,22.0
GB,2022,166,22.0,22.0
GB,2022,167,22.0,22.0
GB,2022,168,22.0,22.0
GB,2022,169,22.0,22.0
GB,2022,170,22.0,22.0
GB,2022,171,22.0,22.0
GB,2022,172,22.0,22.0
GB,2022,173,22.0,22.0
GB,2022,174,22.0,22.0
GB,2022,175,22.0,22.0
GB,2022,176,22.0,22.0
GB,2022,177,22.0,22.0
GB,2022,178,22.0,22.0
GB,2022,179,22.0,22.0
GB,2022,180,22.0,22.0
GB,2022,181,22.0,22.0
GB,2022,182,22.0,22.0
GB,2022,183,22.0,22.0
GB,2022,184,22.0,22.0
GB,2022,185,22.0,22.0
GB,2022,186,22.0,22.0
GB,2022,187,22.0,22.0
GB,2022,188,22.0,22.0
GB,2022,189,22.0,22.0
GB,2022,190,22.0,22.0
GB,2022,191,22.0,22.0
GB,2022,192,22.0,22.0
GB,2022,193,22.0,22.0
GB,2022,194,22.0,22.0
GB,2022,195,22.0,22.0
GB,2022,196,22.0,22.0
GB,2022,197,22.0,22.0
GB,2022,198,22.0,22.0
GB,2022,199,22.0,22.0
GB,2022,200,22.0,22.0
GB,2022,201,22.0,22.0
GB,2022,202,22.0,22.0
GB,2022,203,22.0,22.0
GB,2022,204,22.0,22.0
GB,2022,205,22.0,22.0
GB,2022,206,22.0,22.0
GB,2022,207,22.0,22.0
GB,2022,208,22.0,22.0
GB,2022,209,22.0,22.0
GB,2022,210,22.0,22.0
GB,2022,211,22.0,22.0
GB,2022,212,22.0,22.0
GB,2022,213,22.0,22.0
GB,2022,214,22.0,22.0
GB,2022,215,22.0,22.0
GB,2022,216,22.0,22.0
GB,2022,217,22.0,22.0
GB,2022,218,22.0,22.0
GB,2022,219,22.0,22.0
GB,2022,220,22.0,22.0
GB,2022,221,22.0,22.0
GB,2022,222,22.0,22.0
GB,2022,223,22.0,22.0
GB,2022,224,22.0,22.0
GB,2022,225,22.0,22.0
GB,2022,226,22.0,22.0
GB,2022,227,22.0,22.0
GB,2022,228,22.0,22.0
GB,2022,229,22.0,22.0
GB,2022,230,22.0,22.0
GB,2022,231,22.0,22.0
GB,2022,232,22.0,22.0
GB,2022,233,22.0,22.0
GB,2022,234,22.0,22.0
GB,2022,235,22.0,22.0
GB,2022,236,22.0,22.0
GB,2022,237,22.0,22.0
GB,2022,238,22.0,22.0
GB,2022,239,22.0,22.0
GB,2022,240,22.0,22.0
GB,2022,241,22.0,22.0
GB,2022,242,22.0,22.0
GB,2022,243,22.0,22.0
GB,2022,244,22.0,22.0
GB,2022,245,22.0,22.0
GB,2022,246,22.0,22.0
GB,2022,247,22.0,22.0
GB,2022,248,22.0,22.0
GB,2022,249,22.0,22.0
GB,2022,250,22.0,22.0
GB,2022,251,22.0,22.0
GB,2022,252,22.0,22.0
GB,2022,253,22.0,22.0
GB,2022,254,22.0,22.0
GB,2022,255,22.0,22.0
GB,2022,256,22.0,22.0
GB,2022,257,22.0,22.0
GB,2022,258,22.0,22.0
GB,2022,259,22.0,22.0
GB,2022,260,22.0,22.0
GB,2022,261,22.0,22.0
GB,2022,262,22.0,22.0
GB,2022,263,22.0,22.0
GB,2022,264,22.0,22.0
GB,2022,265,22.0,22.0
GB,2022,266,22.0,22.0
GB,2022,267,22.0,22.0
GB,2022,268,22.0,22.0
GB,2022,269,26.0,26.0
GB,2022,270,26.0,26.0
GB,2022,271,26.0,26.0
GB,2022,272,26.0,26.0
GB,2022,273,26.0,26.0
GB,2022,274,26.0,26.0
GB,2022,275,26.0,26.0
GB,2022,276,26.0,26.0
GB,2022,277,26.0,26.0
GB,2022,278,28.0,28.0
GB,2022,279,32.0,32.0
GB,2022,280,33.0,33.0
GB,2022,281,33.0,33.0
GB,2022,282,33.0,33.0
GB,2022,283,33.0,33.0
GB,2022,284,33.0,33.0
GB,2022,285,33.0,33.0
GB,2022,286,33.0,33.0
GB,2022,287,33.0,33.0
GB,2022,288,33.0,33.0
GB,2022,289,33.0,33.0
GB,2022,290,33.0,33.0
GB,2022,291,33.0,33.0
GB,2022,292,33.0,33.0
GB,2022,293,33.0,33.0
GB,2022,294,33.0,33.0
GB,2022,295,33.0,33.0
GB,2022,296,33.0,33.0
GB,2022,297,33.0,33.0
GB,2022,298,33.0,33.0
GB,2022,299,33.0,33.0
GB,2022,300,33.0,33.0
GB,2022,301,33.0,33.0
GB,2022,302,33.0,33.0
GB,2022,303,33.0,33.0
GB,2022,304,33.0,33.0
GB,2022,305,33.0,33.0
GB,2022,306,36.0,36.0
GB,2022,307,36.0,36.0
GB,2022,308,36.0,36.0
GB,2022,309,36.0,36.0
GB,2022,310,36.0,36.0
GB,2022,311,36.0,36.0
GB,2022,312,36.0,36.0
GB,2022,313,36.0,36.0
GB,2022,314,42.0,42.0
GB,2022,315,47.0,47.0
GB,2022,316,47.0,47.0
GB,2022,317,47.0,47.0
GB,2022,318,47.0,47.0
GB,2022,319,47.0,47.0
GB,2022,320,47.0,47.0
GB,2022,321,47.0,47.0
GB,2022,322,47.0,47.0
GB,2022,323,47.0,47.0
GB,2022,324,47.0,47.0
GB,2022,325,47.0,47.0
GB,2022,326,47.0,47.0
GB,2022,327,47.0,47.0
GB,2022,328,47.0,47.0
GB,2022,329,47.0,47.0
GB,2022,330,47.0,47.0
GB,2022,331,47.0,47.0
GB,2022,332,47.0,47.0
GB,2022,333,47.0,47.0
GB,2022,334,47.0,47.0
GB,2022,335,47.0,47.0
GB,2022,336,47.0,47.0
GB,2022,337,47.0,47.0
GB,2022,338,47.0,47.0
GB,2022,339,47.0,47.0
GB,2022,340,47.0,47.0
GB,2022,341,47.0,47.0
GB,2022,342,47.0,47.0
GB,2022,343,47.0,47.0
GB,2022,344,47.0,47.0
GB,2022,345,47.0,47.0
GB,2022,346,47.0,47.0
GB,2022,347,47.0,47.0
GB,2022,348,47.0,47.0
GB,2022,349,47.0,47.0
GB,2022,350,47.0,47.0
GB,2022,351,47.0,47.0
GB,2022,352,47.0,47.0
GB,2022,353,47.0,47.0
GB,2022,354,47.0,47.0
GB,2022,355,47.0,47.0
GB,2022,356,47.0,47.0
GB,2022,357,47.0,47.0
GB,2022,358,47.0,47.0
GB,2022,359,47.0,47.0
GB,2022,360,48.0,48.0
GB,2022,361,48.0,48.0
GB,2022,362,55.0,55.0
GB,2022,363,58.0,58.0
GB,2022,364,65.0,65.0
GB,2022,365,67.0,67.0
GB,2022,366,,
GB,2023,1,6.0,5.0
GB,2023,2,6.0,5.0
GB,2023,3,6.0,5.0
GB,2023,4,10.0,9.0
GB,2023,5,10.0,9.0
GB,2023,6,10.0,9.0
GB,2023,7,13.0,12.0
GB,2023,8,13.0,12.0
GB,2023,9,13.0,12.0
GB,2023,10,14.0,13.0
GB,2023,11,17.0,16.0
GB,2023,12,17.0,16.0
GB,2023,13,17.0,16.0
GB,2023,14,17.0,16.0
GB,2023,15,17.0,16.0
GB,2023,16,17.0,16.0
GB,2023,17,17.0,16.0
GB,2023,18,17.0,16.0
GB,2023,19,17.0,16.0
GB,2023,20,17.0,16.0
GB,2023,21,17.0,16.0
GB,2023,22,17.0,16.0
GB,2023,23,17.0,16.0
GB,2023,24,17.0,16.0
GB,2023,25,17.0,16.0
GB,2023,26,17.0,16.0
GB,2023,27,17.0,16.0
GB,2023,28,17.0,16.0
GB,2023,29,17.0,16.0
GB,2023,30,17.0,16.0
GB,2023,31,17.0,16.0
GB,2023,32,17.0,16.0
GB,2023,33,17.0,16.0
GB,2023,34,17.0,16.0
GB,2023,35,17.0,16.0
GB,2023,36,17.0,16.0
GB,2023,37,17.0,16.0
GB,2023,38,17.0,16.0
GB,2023,39,17.0,16.0
GB,2023,40,17.0,16.0
GB,2023,41,17.0,16.0
GB,2023,42,17.0,16.0
GB,2023,43,17.0,16.0
GB,2023,44,17.0,16.0
GB,2023,45,17.0,16.0
GB,2023,46,17.0,16.0
GB,2023,47,17.0,16.0
GB,2023,48,17.0,16.0
GB,2023,49,17.0,16.0
GB,2023,50,17.0,16.0
GB,2023,51,17.0,16.0
GB,2023,52,17.0,16.0
GB,2023,53,17.0,16.0
GB,2023,54,17.0,16.0
GB,2023,55,17.0,16.0
GB,2023,56,17.0,16.0
GB,2023,57,17.0,16.0
GB,2023,58,17.0,16.0
GB,2023,59,17.0,16.0
GB,2023,60,17.0,16.0
GB,2023,61,17.0,16.0
GB,2023,62,17.0,16.0
GB,2023,63,17.0,16.0
GB,2023,64,17.0,16.0
GB,2023,65,17.0,16.0
GB,2023,66,17.0,16.0
GB,2023,67,17.0,16.0
GB,2023,68,17.0,16.0
GB,2023,69,17.0,16.0
GB,2023,70,17.0,16.0
GB,2023,71,17.0,16.0
GB,2023,72,19.0,16.0
GB,2023,73,19.0,16.0
GB,2023,74,19.0,16.0
GB,2023,75,19.0,16.0
GB,2023,76,19.0,16.0
GB,2023,77,19.0,16.0
GB,2023,78,19.0,16.0
GB,2023,79,19.0,16.0
GB,2023,80,19.0,16.0
GB,2023,81,19.0,16.0
GB,2023,82,20.0,17.0
GB,2023,83,21.0,18.0
GB,2023,84,30.0,27.0
GB,2023,85,30.0,27.0
GB,2023,86,30.0,27.0
GB,2023,87,30.0,27.0
GB,2023,88,30.0,27.0
GB,2023,89,30.0,27.0
GB,2023,90,30.0,27.0
GB,2023,91,30.0,27.0
GB,2023,92,30.0,27.0
GB,2023,93,30.0,27.0
GB,2023,94,30.0,27.0
GB,2023,95,30.0,27.0
GB,2023,96,30.0,27.0
GB,2023,97,30.0,27.0
GB,2023,98,30.0,27.0
GB,2023,99,30.0,27.0
GB,2023,100,36.0,33.0
GB,2023,101,38.0,35.0
GB,2023,102,38.0,35.0
GB,2023,103,38.0,35.0
GB,2023,104,38.0,35.0
GB,2023,105,38.0,35.0
GB,2023,106,38.0,35.0
GB,2023,107,38.0,35.0
GB,2023,108,38.0,35.0
GB,2023,109,38.0,35.0
GB,2023,110,38.0,35.0
GB,2023,111,38.0,35.0
GB,2023,112,38.0,35.0
GB,2023,113,38.0,35.0
GB,2023,114,38.0,35.0
GB,2023,115,38.0,35.0
GB,2023,116,38.0,35.0
GB,2023,117,38.0,35.0
GB,2023,118,38.0,35.0
GB,2023,119,38.0,35.0
GB,2023,120,38.0,35.0
GB,2023,121,38.0,35.0
GB,2023,122,38.0,35.0
GB,2023,123,38.0,35.0
GB,2023,124,38.0,35.0
GB,2023,125,38.0,35.0
GB,2023,126,38.0,35.0
GB,2023,127,38.0,35.0
GB,2023,128,38.0,35.0
GB,2023,129,38.0,35.0
GB,2023,130,38.0,35.0
GB,2023,131,38.0,35.0
GB,2023,132,38.0,35.0
GB,2023,133,38.0,35.0
GB,2023,134,38.0,35.0
GB,2023,135,38.0,35.0
GB,2023,136,38.0,35.0
GB,2023,137,38.0,35.0
GB,2023,138,38.0,35.0
GB,2023,139,38.0,35.0
GB,2023,140,38.0,35.0
GB,2023,141,38.0,35.0
GB,2023,142,38.0,35.0
GB,2023,143,38.0,35.0
GB,2023,144,38.0,35.0
GB,2023,145,38.0,35.0
GB,2023,146,38.0,35.0
GB,2023,147,43.0,40.0
GB,2023,148,44.0,41.0
GB,2023,149,46.0,43.0
GB,2023,150,46.0,43.0
GB,2023,151,46.0,43.0
GB,2023,152,46.0,43.0
GB,2023,153,46.0,43.0
GB,2023,154,46.0,43.0
GB,2023,155,46.0,43.0
GB,2023,156,46.0,43.0
GB,2023,157,46.0,43.0
GB,2023,158,46.0,43.0
GB,2023,159,46.0,43.0
GB,2023,160,46.0,43.0
GB,2023,161,46.0,43.0
GB,2023,162,46.0,43.0
GB,2023,163,46.0,43.0
GB,2023,164,46.0,43.0
GB,2023,165,46.0,43.0
GB,2023,166,46.0,43.0
GB,2023,167,46.0,43.0
GB,2023,168,46.0,43.0
GB,2023,169,46.0,43.0
GB,2023,170,46.0,43.0
GB,2023,171,46.0,43.0
GB,2023,172,46.0,43.0
GB,2023,173,46.0,43.0
GB,2023,174,46.0,43.0
GB,2023,175,46.0,43.0
GB,2023,176,46.0,43.0
GB,2023,177,46.0,43.0
GB,2023,178,46.0,43.0
GB,2023,179,46.0,43.0
GB,2023,180,46.0,43.0
GB,2023,181,46.0,43.0
GB,2023,182,58.0,55.0
GB,2023,183,69.0,66.0
GB,2023,184,73.0,70.0
GB,2023,185,73.0,70.0
GB,2023,186,73.0,70.0
GB,2023,187,73.0,70.0
GB,2023,188,73.0,70.0
GB,2023,189,73.0,70.0
GB,2023,190,73.0,70.0
GB,2023,191,73.0,70.0
GB,2023,192,73.0,70.0
GB,2023,193,73.0,70.0
GB,2023,194,73.0,70.0
GB,2023,195,73.0,70.0
GB,2023,196,77.0,74.0
GB,2023,197,85.0,82.0
GB,2023,198,85.0,82.0
GB,2023,199,85.0,82.0
GB,2023,200,85.0,82.0
GB,2023,201,85.0,82.0
GB,2023,202,85.0,82.0
GB,2023,203,85.0,82.0
GB,2023,204,95.0,92.0
GB,2023,205,95.0,92.0
GB,2023,206,95.0,92.0
GB,2023,207,95.0,92.0
GB,2023,208,95.0,92.0
GB,2023,209,95.0,92.0
GB,2023,210,95.0,92.0
GB,2023,211,97.0,94.0
GB,2023,212,97.0,94.0
GB,2023,213,97.0,94.0
GB,2023,214,97.0,94.0
GB,2023,215,97.0,94.0
GB,2023,216,97.0,94.0
GB,2023,217,97.0,94.0
GB,2023,218,97.0,94.0
GB,2023,219,97.0,94.0
GB,2023,220,97.0,94.0
GB,2023,221,97.0,94.0
GB,2023,222,97.0,94.0
GB,2023,223,97.0,94.0
GB,2023,224,98.0,94.0
GB,2023,225,98.0,94.0
GB,2023,226,98.0,94.0
GB,2023,227,98.0,94.0
GB,2023,228,98.0,94.0
GB,2023,229,98.0,94.0
GB,2023,230,98.0,94.0
GB,2023,231,103.0,99.0
GB,2023,232,103.0,99.0
GB,2023,233,103.0,99.0
GB,2023,234,103.0,99.0
GB,2023,235,103.0,99.0
GB,2023,236,103.0,99.0
GB,2023,237,103.0,99.0
GB,2023,238,103.0,99.0
GB,2023,239,103.0,99.0
GB,2023,240,103.0,99.0
GB,2023,241,103.0,99.0
GB,2023,242,103.0,99.0
GB,2023,243,103.0,99.0
GB,2023,244,103.0,99.0
GB,2023,245,103.0,99.0
GB,2023,246,103.0,99.0
GB,2023,247,103.0,99.0
GB,2023,248,103.0,99.0
GB,2023,249,103.0,99.0
GB,2023,250,103.0,99.0
GB,2023,251,103.0,99.0
GB,2023,252,103.0,99.0
GB,2023,253,103.0,99.0
GB,2023,254,103.0,99.0
GB,2023,255,103.0,99.0
GB,2023,256,103.0,99.0
GB,2023,257,103.0,99.0
GB,2023,258,103.0,99.0
GB,2023,259,103.0,99.0
GB,2023,260,103.0,99.0
GB,2023,261,103.0,99.0
GB,2023,262,104.0,100.0
GB,2023,263,108.0,104.0
GB,2023,264,108.0,104.0
GB,2023,265,108.0,104.0
GB,2023,266,108.0,104.0
GB,2023,267,123.0,118.0
GB,2023,268,128.0,123.0
GB,2023,269,128.0,123.0
GB,2023,270,130.0,125.0
GB,2023,271,130.0,125.0
GB,2023,272,130.0,125.0
GB,2023,273,130.0,125.0
GB,2023,274,130.0,125.0
GB,2023,275,130.0,125.0
GB,2023,276,132.0,127.0
GB,2023,277,132.0,127.0
GB,2023,278,133.0,128.0
GB,2023,279,138.0,133.0
GB,2023,280,138.0,133.0
GB,2023,281,138.0,133.0
GB,2023,282,138.0,133.0
GB,2023,283,138.0,133.0
GB,2023,284,142.0,137.0
GB,2023,285,142.0,137.0
GB,2023,286,142.0,137.0
GB,2023,287,148.0,143.0
GB,2023,288,148.0,143.0
GB,2023,289,148.0,143.0
GB,2023,290,148.0,143.0
GB,2023,291,148.0,143.0
GB,2023,292,148.0,143.0
GB,2023,293,149.0,143.0
GB,2023,294,149.0,143.0
GB,2023,295,149.0,143.0
GB,2023,296,149.0,143.0
GB,2023,297,149.0,143.0
GB,2023,298,149.0,143.0
GB,2023,299,149.0,143.0
GB,2023,300,149.0,143.0
GB,2023,301,149.0,143.0
GB,2023,302,151.0,145.0
GB,2023,303,153.0,146.0
GB,2023,304,153.0,146.0
GB,2023,305,153.0,146.0
GB,2023,306,153.0,146.0
GB,2023,307,153.0,146.0
GB,2023,308,153.0,146.0
GB,2023,309,153.0,146.0
GB,2023,310,153.0,146.0
GB,2023,311,153.0,146.0
GB,2023,312,153.0,146.0
GB,2023,313,153.0,146.0
GB,2023,314,153.0,146.0
GB,2023,315,153.0,146.0
GB,2023,316,153.0,146.0
GB,2023,317,153.0,146.0
GB,2023,318,153.0,146.0
GB,2023,319,153.0,146.0
GB,2023,320,153.0,146.0
GB,2023,321,153.0,146.0
GB,2023,322,153.0,146.0
GB,2023,323,159.0,152.0
GB,2023,324,159.0,152.0
GB,2023,325,159.0,152.0
GB,2023,326,159.0,152.0
GB,2023,327,159.0,152.0
GB,2023,328,163.0,156.0
GB,2023,329,163.0,156.0
GB,2023,330,163.0,156.0
GB,2023,331,163.0,156.0
GB,2023,332,163.0,156.0
GB,2023,333,163.0,156.0
GB,2023,334,163.0,156.0
GB,2023,335,163.0,156.0
GB,2023,336,163.0,156.0
GB,2023,337,163.0,156.0
GB,2023,338,163.0,156.0
GB,2023,339,163.0,156.0
GB,2023,340,163.0,156.0
GB,2023,341,163.0,156.0
GB,2023,342,163.0,156.0
GB,2023,343,163.0,156.0
GB,2023,344,163.0,156.0
GB,2023,345,163.0,156.0
GB,2023,346,163.0,156.0
GB,2023,347,163.0,156.0
GB,2023,348,163.0,156.0
GB,2023,349,163.0,156.0
GB,2023,350,163.0,156.0
GB,2023,351,163.0,156.0
GB,2023,352,163.0,156.0
GB,2023,353,163.0,156.0
GB,2023,354,164.0,157.0
GB,2023,355,164.0,157.0
GB,2023,356,166.0,159.0
GB,2023,357,170.0,163.0
GB,2023,358,179.0,171.0
GB,2023,359,190.0,182.0
GB,2023,360,197.0,189.0
GB,2023,361,198.0,190.0
GB,2023,362,205.0,197.0
GB,2023,363,208.0,200.0
GB,2023,364,208.0,200.0
GB,2023,365,213.0,205.0
GB,2023,366,,
GB,2024,1,1.0,1.0
GB,2024,2,5.0,5.0
GB,2024,3,5.0,5.0
GB,2024,4,5.0,5.0
GB,2024,5,5.0,5.0
GB,2024,6,5.0,5.0
GB,2024,7,5.0,5.0
GB,2024,8,5.0,5.0
GB,2024,9,5.0,5.0
GB,2024,10,5.0,5.0
GB,2024,11,5.0,5.0
GB,2024,12,5.0,5.0
GB,2024,13,5.0,5.0
GB,2024,14,5.0,5.0
GB,2024,15,5.0,5.0
GB,2024,16,5.0,5.0
GB,2024,17,5.0,5.0
GB,2024,18,5.0,5.0
GB,2024,19,5.0,5.0
GB,2024,20,5.0,5.0
GB,2024,21,5.0,5.0
GB,2024,22,5.0,5.0
GB,2024,23,5.0,5.0
GB,2024,24,5.0,5.0
GB,2024,25,5.0,5.0
GB,2024,26,5.0,5.0
GB,2024,27,5.0,5.0
GB,2024,28,5.0,5.0
GB,2024,29,5.0,5.0
GB,2024,30,5.0,5.0
GB,2024,31,5.0,5.0
GB,2024,32,5.0,5.0
GB,2024,33,5.0,5.0
GB,2024,34,5.0,5.0
GB,2024,35,8.0,8.0
GB,2024,36,11.0,11.0
GB,2024,37,11.0,11.0
GB,2024,38,11.0,11.0
GB,2024,39,11.0,11.0
GB,2024,40,11.0,11.0
GB,2024,41,11.0,11.0
GB,2024,42,11.0,11.0
GB,2024,43,11.0,11.0
GB,2024,44,11.0,11.0
GB,2024,45,11.0,11.0
GB,2024,46,11.0,11.0
GB,2024,47,11.0,11.0
GB,2024,48,11.0,11.0
GB,2024,49,11.0,11.0
GB,2024,50,11.0,11.0
GB,2024,51,11.0,11.0
GB,2024,52,11.0,11.0
GB,2024,53,11.0,11.0
GB,2024,54,11.0,11.0
GB,2024,55,11.0,11.0
GB,2024,56,11.0,11.0
GB,2024,57,11.0,11.0
GB,2024,58,11.0,11.0
GB,2024,59,11.0,11.0
GB,2024,60,11.0,11.0
GB,2024,61,11.0,11.0
GB,2024,62,11.0,11.0
GB,2024,63,11.0,11.0
GB,2024,64,11.0,11.0
GB,2024,65,11.0,11.0
GB,2024,66,11.0,11.0
GB,2024,67,11.0,11.0
GB,2024,68,11.0,11.0
GB,2024,69,11.0,11.0
GB,2024,70,11.0,11.0
GB,2024,71,11.0,11.0
GB,2024,72,11.0,11.0
GB,2024,73,11.0,11.0
GB,2024,74,11.0,11.0
GB,2024,75,11.0,11.0
GB,2024,76,11.0,11.0
GB,2024,77,11.0,11.0
GB,2024,78,11.0,11.0
GB,2024,79,11.0,11.0
GB,2024,80,11.0,11.0
GB,2024,81,11.0,11.0
GB,2024,82,11.0,11.0
GB,2024,83,22.0,21.0
GB,2024,84,30.0,28.0
GB,2024,85,30.0,28.0
GB,2024,86,30.0,28.0
GB,2024,87,30.0,28.0
GB,2024,88,30.0,28.0
GB,2024,89,30.0,28.0
GB,2024,90,30.0,28.0
GB,2024,91,30.0,28.0
GB,2024,92,30.0,28.0
GB,2024,93,30.0,28.0
GB,2024,94,30.0,28.0
GB,2024,95,30.0,28.0
GB,2024,96,30.0,28.0
GB,2024,97,39.0,37.0
GB,2024,98,54.0,50.0
GB,2024,99,54.0,50.0
GB,2024,100,55.0,50.0
GB,2024,101,55.0,50.0
GB,2024,102,56.0,51.0
GB,2024,103,62.0,56.0
GB,2024,104,69.0,63.0
GB,2024,105,80.0,74.0
GB,2024,106,84.0,78.0
GB,2024,107,85.0,79.0
GB,2024,108,85.0,79.0
GB,2024,109,85.0,79.0
GB,2024,110,86.0,80.0
GB,2024,111,86.0,80.0
GB,2024,112,86.0,80.0
GB,2024,113,86.0,80.0
GB,2024,114,86.0,80.0
GB,2024,115,86.0,80.0
GB,2024,116,86.0,80.0
GB,2024,117,86.0,80.0
GB,2024,118,86.0,80.0
GB,2024,119,86.0,80.0
GB,2024,120,86.0,80.0
GB,2024,121,86.0,80.0
GB,2024,122,86.0,80.0
GB,2024,123,86.0,80.0
GB,2024,124,86.0,80.0
GB,2024,125,86.0,80.0
GB,2024,126,86.0,80.0
GB,2024,127,86.0,80.0
GB,2024,128,86.0,80.0
GB,2024,129,86.0,80.0
GB,2024,130,86.0,80.0
GB,2024,131,86.0,80.0
GB,2024,132,88.0,82.0
GB,2024,133,93.0,87.0
GB,2024,134,93.0,87.0
GB,2024,135,93.0,87.0
GB,2024,136,93.0,87.0
GB,2024,137,93.0,87.0
GB,2024,138,93.0,87.0
GB,2024,139,93.0,87.0
GB,2024,140,93.0,87.0
GB,2024,141,93.0,87.0
GB,2024,142,93.0,87.0
GB,2024,143,93.0,87.0
GB,2024,144,93.0,87.0
GB,2024,145,93.0,87.0
GB,2024,146,93.0,87.0
GB,2024,147,93.0,87.0
GB,2024,148,93.0,87.0
GB,2024,149,93.0,87.0
GB,2024,150,93.0,87.0
GB,2024,151,93.0,87.0
GB,2024,152,93.0,87.0
GB,2024,153,93.0,87.0
GB,2024,154,93.0,87.0
GB,2024,155,93.0,87.0
GB,2024,156,93.0,87.0
GB,2024,157,97.0,91.0
GB,2024,158,97.0,91.0
GB,2024,159,97.0,91.0
GB,2024,160,100.0,94.0
GB,2024,161,110.0,103.0
GB,2024,162,111.0,104.0
GB,2024,163,111.0,104.0
GB,2024,164,111.0,104.0
GB,2024,165,111.0,104.0
GB,2024,166,111.0,104.0
GB,2024,167,111.0,104.0
GB,2024,168,118.0,111.0
GB,2024,169,118.0,111.0
GB,2024,170,118.0,111.0
GB,2024,171,118.0,111.0
GB,2024,172,118.0,111.0
GB,2024,173,118.0,111.0
GB,2024,174,118.0,111.0
GB,2024,175,118.0,111.0
GB,2024,176,118.0,111.0
GB,2024,177,118.0,111.0
GB,2024,178,118.0,111.0
GB,2024,179,119.0,112.0
GB,2024,180,123.0,116.0
GB,2024,181,123.0,116.0
GB,2024,182,123.0,116.0
GB,2024,183,123.0,116.0
GB,2024,184,123.0,116.0
GB,2024,185,123.0,116.0
GB,2024,186,130.0,122.0
GB,2024,187,135.0,125.0
GB,2024,188,135.0,125.0
GB,2024,189,135.0,125.0
GB,2024,190,135.0,125.0
GB,2024,191,135.0,125.0
GB,2024,192,135.0,125.0
GB,2024,193,135.0,125.0
GB,2024,194,135.0,125.0
GB,2024,195,135.0,125.0
GB,2024,196,135.0,125.0
GB,2024,197,135.0,125.0
GB,2024,198,135.0,125.0
GB,2024,199,135.0,125.0
GB,2024,200,135.0,125.0
GB,2024,201,135.0,125.0
GB,2024,202,135.0,125.0
GB,2024,203,135.0,125.0
GB,2024,204,135.0,125.0
GB,2024,205,135.0,125.0
GB,2024,206,135.0,125.0
GB,2024,207,135.0,125.0
GB,2024,208,135.0,125.0
GB,2024,209,135.0,125.0
GB,2024,210,135.0,125.0
GB,2024,211,135.0,125.0
GB,2024,212,135.0,125.0
GB,2024,213,135.0,125.0
GB,2024,214,135.0,125.0
GB,2024,215,135.0,125.0
GB,2024,216,135.0,125.0
GB,2024,217,135.0,125.0
GB,2024,218,135.0,125.0
GB,2024,219,135.0,125.0
GB,2024,220,135.0,125.0
GB,2024,221,135.0,125.0
GB,2024,222,142.0,132.0
GB,2024,223,154.0,143.0
GB,2024,224,155.0,144.0
GB,2024,225,159.0,148.0
GB,2024,226,159.0,148.0
GB,2024,227,159.0,148.0
GB,2024,228,163.0,152.0
GB,2024,229,163.0,152.0
GB,2024,230,163.0,152.0
GB,2024,231,163.0,152.0
GB,2024,232,163.0,152.0
GB,2024,233,163.0,152.0
GB,2024,234,172.0,160.0
GB,2024,235,187.0,175.0
GB,2024,236,195.0,183.0
GB,2024,237,196.0,184.0
GB,2024,238,206.0,193.0
GB,2024,239,206.0,193.0
GB,2024,240,209.0,196.0
GB,2024,241,209.0,196.0
GB,2024,242,209.0,196.0
GB,2024,243,209.0,196.0
GB,2024,244,209.0,196.0
GB,2024,245,209.0,196.0
GB,2024,246,209.0,196.0
GB,2024,247,209.0,196.0
GB,2024,248,209.0,196.0
GB,2024,249,209.0,196.0
GB,2024,250,209.0,196.0
GB,2024,251,209.0,196.0
GB,2024,252,209.0,196.0
GB,2024,253,209.0,196.0
GB,2024,254,210.0,197.0
GB,2024,255,214.0,201.0
GB,2024,256,214.0,201.0
GB,2024,257,214.0,201.0
GB,2024,258,220.0,207.0
GB,2024,259,220.0,207.0
GB,2024,260,220.0,207.0
GB,2024,261,220.0,207.0
GB,2024,262,220.0,207.0
GB,2024,263,220.0,207.0
GB,2024,264,220.0,207.0
GB,2024,265,220.0,207.0
GB,2024,266,220.0,207.0
GB,2024,267,220.0,207.0
GB,2024,268,220.0,207.0
GB,2024,269,220.0,207.0
GB,2024,270,221.0,208.0
GB,2024,271,226.0,213.0
GB,2024,272,226.0,213.0
GB,2024,273,227.0,213.0
GB,2024,274,228.0,214.0
GB,2024,275,228.0,214.0
GB,2024,276,228.0,214.0
GB,2024,277,228.0,214.0
GB,2024,278,228.0,214.0
GB,2024,279,228.0,214.0
GB,2024,280,228.0,214.0
GB,2024,281,228.0,214.0
GB,2024,282,228.0,214.0
GB,2024,283,228.0,214.0
GB,2024,284,228.0,214.0
GB,2024,285,228.0,214.0
GB,2024,286,228.0,214.0
GB,2024,287,228.0,214.0
GB,2024,288,228.0,214.0
GB,2024,289,228.0,214.0
GB,2024,290,228.0,214.0
GB,2024,291,228.0,214.0
GB,2024,292,228.0,214.0
GB,2024,293,228.0,214.0
GB,2024,294,232.0,218.0
GB,2024,295,237.0,223.0
GB,2024,296,237.0,223.0
GB,2024,297,237.0,223.0
GB,2024,298,237.0,223.0
GB,2024,299,237.0,223.0
GB,2024,300,237.0,223.0
GB,2024,301,237.0,223.0
GB,2024,302,237.0,223.0
GB,2024,303,237.0,223.0
GB,2024,304,237.0,223.0
GB,2024,305,237.0,223.0
GB,2024,306,237.0,223.0
GB,2024,307,237.0,223.0
GB,2024,308,237.0,223.0
GB,2024,309,237.0,223.0
GB,2024,310,237.0,223.0
GB,2024,311,237.0,223.0
GB,2024,312,237.0,223.0
GB,2024,313,237.0,223.0
GB,2024,314,237.0,223.0
GB,2024,315,237.0,223.0
GB,2024,316,237.0,223.0
GB,2024,317,237.0,223.0
GB,2024,318,237.0,223.0
GB,2024,319,237.0,223.0
GB,2024,320,237.0,223.0
GB,2024,321,237.0,223.0
GB,2024,322,237.0,223.0
GB,2024,323,237.0,223.0
GB,2024,324,237.0,223.0
GB,2024,325,237.0,223.0
GB,2024,326,237.0,223.0
GB,2024,327,237.0,223.0
GB,2024,328,237.0,223.0
GB,2024,329,237.0,223.0
GB,2024,330,239.0,224.0
GB,2024,331,239.0,224.0
GB,2024,332,239.0,224.0
GB,2024,333,239.0,224.0
GB,2024,334,239.0,224.0
GB,2024,335,239.0,224.0
GB,2024,336,239.0,224.0
GB,2024,337,239.0,224.0
GB,2024,338,239.0,224.0
GB,2024,339,239.0,224.0
GB,2024,340,239.0,224.0
GB,2024,341,239.0,224.0
GB,2024,342,239.0,224.0
GB,2024,343,239.0,224.0
GB,2024,344,239.0,224.0
GB,2024,345,239.0,224.0
GB,2024,346,239.0,224.0
GB,2024,347,239.0,224.0
GB,2024,348,239.0,224.0
GB,2024,349,239.0,224.0
GB,2024,350,239.0,224.0
GB,2024,351,239.0,224.0
GB,2024,352,239.0,224.0
GB,2024,353,239.0,224.0
GB,2024,354,242.0,227.0
GB,2024,355,242.0,227.0
GB,2024,356,243.0,228.0
GB,2024,357,248.0,232.0
GB,2024,358,248.0,232.0
GB,2024,359,248.0,232.0
GB,2024,360,248.0,232.0
GB,2024,361,248.0,232.0
GB,2024,362,248.0,232.0
GB,2024,363,248.0,232.0
GB,2024,364,248.0,232.0
GB,2024,365,248.0,232.0
GB,2024,366,251.0,235.0
GB,2025,1,3.0,3.0
GB,2025,2,3.0,3.0
GB,2025,3,3.0,3.0
GB,2025,4,3.0,3.0
GB,2025,5,3.0,3.0
GB,2025,6,3.0,3.0
GB,2025,7,3.0,3.0
GB,2025,8,3.0,3.0
GB,2025,9,3.0,3.0
GB,2025,10,3.0,3.0
GB,2025,11,3.0,3.0
GB,2025,12,3.0,3.0
GB,2025,13,3.0,3.0
GB,2025,14,3.0,3.0
GB,2025,15,3.0,3.0
GB,2025,16,3.0,3.0
GB,2025,17,3.0,3.0
GB,2025,18,3.0,3.0
GB,2025,19,3.0,3.0
GB,2025,20,3.0,3.0
GB,2025,21,3.0,3.0
GB,2025,22,3.0,3.0
GB,2025,23,3.0,3.0
GB,2025,24,3.0,3.0
GB,2025,25,3.0,3.0
GB,2025,26,3.0,3.0
GB,2025,27,3.0,3.0
GB,2025,28,3.0,3.0
GB,2025,29,3.0,3.0
GB,2025,30,3.0,3.0
GB,2025,31,3.0,3.0
GB,2025,32,3.0,3.0
GB,2025,33,3.0,3.0
GB,2025,34,3.0,3.0
GB,2025,35,3.0,3.0
GB,2025,36,3.0,3.0
GB,2025,37,3.0,3.0
GB,2025,38,3.0,3.0
GB,2025,39,3.0,3.0
GB,2025,40,3.0,3.0
GB,2025,41,3.0,3.0
GB,2025,42,3.0,3.0
GB,2025,43,3.0,3.0
GB,2025,44,3.0,3.0
GB,2025,45,3.0,3.0
GB,2025,46,3.0,3.0
GB,2025,47,3.0,3.0
GB,2025,48,3.0,3.0
GB,2025,49,3.0,3.0
GB,2025,50,3.0,3.0
GB,2025,51,3.0,3.0
GB,2025,52,3.0,3.0
GB,2025,53,3.0,3.0
GB,2025,54,3.0,3.0
GB,2025,55,3.0,3.0
GB,2025,56,3.0,3.0
GB,2025,57,3.0,3.0
GB,2025,58,3.0,3.0
GB,2025,59,3.0,3.0
GB,2025,60,3.0,3.0
GB,2025,61,3.0,3.0
GB,2025,62,3.0,3.0
GB,2025,63,3.0,3.0
GB,2025,64,3.0,3.0
GB,2025,65,3.0,3.0
GB,2025,66,3.0,3.0
GB,2025,67,3.0,3.0
GB,2025,68,3.0,3.0
GB,2025,69,3.0,3.0
GB,2025,70,3.0,3.0
GB,2025,71,3.0,3.0
GB,2025,72,3.0,3.0
GB,2025,73,3.0,3.0
GB,2025,74,3.0,3.0
GB,2025,75,3.0,3.0
GB,2025,76,3.0,3.0
GB,2025,77,3.0,3.0
GB,2025,78,3.0,3.0
GB,2025,79,3.0,3.0
GB,2025,80,3.0,3.0
GB,2025,81,3.0,3.0
GB,2025,82,3.0,3.0
GB,2025,83,3.0,3.0
GB,2025,84,3.0,3.0
GB,2025,85,3.0,3.0
GB,2025,86,3.0,3.0
GB,2025,87,5.0,3.0
GB,2025,88,8.0,6.0
GB,2025,89,18.0,15.0
GB,2025,90,18.0,15.0
GB,2025,91,19.0,15.0
GB,2025,92,27.0,22.0
GB,2025,93,27.0,22.0
GB,2025,94,27.0,22.0
GB,2025,95,34.0,29.0
GB,2025,96,38.0,32.0
GB,2025,97,38.0,32.0
GB,2025,98,38.0,32.0
GB,2025,99,38.0,32.0
GB,2025,100,38.0,32.0
GB,2025,101,38.0,32.0
GB,2025,102,39.0,33.0
GB,2025,103,39.0,33.0
GB,2025,104,39.0,33.0
GB,2025,105,39.0,33.0
GB,2025,106,39.0,33.0
GB,2025,107,39.0,33.0
GB,2025,108,39.0,33.0
GB,2025,109,39.0,33.0
GB,2025,110,39.0,33.0
GB,2025,111,39.0,33.0
GB,2025,112,39.0,33.0
GB,2025,113,39.0,33.0
GB,2025,114,39.0,33.0
GB,2025,115,39.0,33.0
GB,2025,116,39.0,33.0
GB,2025,117,45.0,39.0
GB,2025,118,45.0,39.0
GB,2025,119,45.0,39.0
GB,2025,120,45.0,39.0
GB,2025,121,45.0,39.0
GB,2025,122,45.0,39.0
GB,2025,123,45.0,39.0
GB,2025,124,53.0,45.0
GB,2025,125,53.0,45.0
GB,2025,126,53.0,45.0
GB,2025,127,53.0,45.0
GB,2025,128,53.0,45.0
GB,2025,129,53.0,45.0
GB,2025,130,53.0,45.0
GB,2025,131,53.0,45.0
GB,2025,132,53.0,45.0
GB,2025,133,53.0,45.0
GB,2025,134,53.0,45.0
GB,2025,135,53.0,45.0
GB,2025,136,53.0,45.0
GB,2025,137,54.0,45.0
GB,2025,138,54.0,45.0
GB,2025,139,54.0,45.0
GB,2025,140,54.0,45.0
GB,2025,141,54.0,45.0
GB,2025,142,54.0,45.0
GB,2025,143,54.0,45.0
GB,2025,144,60.0,51.0
GB,2025,145,72.0,63.0
GB,2025,146,77.0,67.0
GB,2025,147,77.0,67.0
GB,2025,148,77.0,67.0
GB,2025,149,83.0,73.0
GB,2025,150,83.0,73.0
GB,2025,151,86.0,74.0
GB,2025,152,91.0,79.0
GB,2025,153,92.0,80.0
GB,2025,154,105.0,92.0
GB,2025,155,105.0,92.0
GB,2025,156,105.0,92.0
GB,2025,157,105.0,92.0
GB,2025,158,105.0,92.0
GB,2025,159,114.0,101.0
GB,2025,160,114.0,101.0
GB,2025,161,114.0,101.0
GB,2025,162,114.0,101.0
GB,2025,163,114.0,101.0
GB,2025,164,114.0,101.0
GB,2025,165,119.0,106.0
GB,2025,166,119.0,106.0
GB,2025,167,119.0,106.0
GB,2025,168,119.0,106.0
GB,2025,169,119.0,106.0
GB,2025,170,119.0,106.0
GB,2025,171,119.0,106.0
GB,2025,172,119.0,106.0
GB,2025,173,130.0,117.0
GB,2025,174,132.0,119.0
GB,2025,175,132.0,119.0
GB,2025,176,132.0,119.0
GB,2025,177,135.0,121.0
GB,2025,178,135.0,121.0
GB,2025,179,147.0,133.0
GB,2025,180,147.0,133.0
GB,2025,181,147.0,133.0
GB,2025,182,147.0,133.0
GB,2025,183,147.0,133.0
GB,2025,184,147.0,133.0
GB,2025,185,152.0,138.0
GB,2025,186,159.0,145.0
GB,2025,187,159.0,145.0
GB,2025,188,159.0,145.0
GB,2025,189,159.0,145.0
GB,2025,190,159.0,145.0
GB,2025,191,159.0,145.0
GB,2025,192,159.0,145.0
GB,2025,193,159.0,145.0
GB,2025,194,159.0,145.0
GB,2025,195,159.0,145.0
GB,2025,196,159.0,145.0
GB,2025,197,159.0,145.0
GB,2025,198,159.0,145.0
GB,2025,199,159.0,145.0
GB,2025,200,159.0,145.0
GB,2025,201,159.0,145.0
GB,2025,202,159.0,145.0
GB,2025,203,159.0,145.0
GB,2025,204,159.0,145.0
GB,2025,205,159.0,145.0
GB,2025,206,159.0,145.0
GB,2025,207,159.0,145.0
GB,2025,208,159.0,145.0
GB,2025,209,159.0,145.0
GB,2025,210,159.0,145.0
GB,2025,211,159.0,145.0
GB,2025,212,159.0,145.0
GB,2025,213,159.0,145.0
GB,2025,214,159.0,145.0
GB,2025,215,159.0,145.0
GB,2025,216,163.0,149.0
GB,2025,217,171.0,156.0
GB,2025,218,171.0,156.0
GB,2025,219,175.0,160.0
GB,2025,220,175.0,160.0
GB,2025,221,180.0,165.0
GB,2025,222,180.0,165.0
GB,2025,223,180.0,165.0
GB,2025,224,180.0,165.0
GB,2025,225,180.0,165.0
GB,2025,226,180.0,165.0
GB,2025,227,180.0,165.0
GB,2025,228,180.0,165.0
GB,2025,229,180.0,165.0
GB,2025,230,180.0,165.0
GB,2025,231,180.0,165.0
GB,2025,232,180.0,165.0
GB,2025,233,180.0,165.0
GB,2025,234,180.0,165.0
GB,2025,235,180.0,165.0
GB,2025,236,180.0,165.0
GB,2025,237,180.0,165.0
GB,2025,238,180.0,165.0
GB,2025,239,180.0,165.0
GB,2025,240,180.0,165.0
GB,2025,241,180.0,165.0
GB,2025,242,183.0,167.0
GB,2025,243,193.0,176.0
GB,2025,244,193.0,176.0
GB,2025,245,193.0,176.0
GB,2025,246,193.0,176.0
GB,2025,247,193.0,176.0
GB,2025,248,193.0,176.0
GB,2025,249,203.0,186.0
GB,2025,250,204.0,187.0
GB,2025,251,204.0,187.0
GB,2025,252,204.0,187.0
GB,2025,253,206.0,189.0
GB,2025,254,216.0,197.0
GB,2025,255,227.0,208.0
GB,2025,256,233.0,214.0
GB,2025,257,233.0,214.0
GB,2025,258,234.0,215.0
GB,2025,259,238.0,219.0
GB,2025,260,238.0,219.0
GB,2025,261,238.0,219.0
GB,2025,262,239.0,220.0
GB,2025,263,239.0,220.0
GB,2025,264,243.0,224.0
GB,2025,265,243.0,224.0
GB,2025,266,243.0,224.0
GB,2025,267,243.0,224.0
GB,2025,268,243.0,224.0
GB,2025,269,243.0,224.0
GB,2025,270,243.0,224.0
GB,2025,271,243.0,224.0
GB,2025,272,243.0,224.0
GB,2025,273,243.0,224.0
GB,2025,274,243.0,224.0
GB,2025,275,243.0,224.0
GB,2025,276,243.0,224.0
GB,2025,277,245.0,226.0
GB,2025,278,245.0,226.0
GB,2025,279,245.0,226.0
GB,2025,280,245.0,226.0
GB,2025,281,245.0,226.0
GB,2025,282,245.0,226.0
GB,2025,283,245.0,226.0
GB,2025,284,245.0,226.0
GB,2025,285,245.0,226.0
GB,2025,286,245.0,226.0
GB,2025,287,245.0,226.0
GB,2025,288,245.0,226.0
GB,2025,289,245.0,226.0
GB,2025,290,245.0,226.0
GB,2025,291,245.0,226.0
GB,2025,292,245.0,226.0
GB,2025,293,245.0,226.0
GB,2025,294,245.0,226.0
GB,2025,295,245.0,226.0
GB,2025,296,246.0,226.0
GB,2025,297,250.0,230.0
GB,2025,298,250.0,230.0
GB,2025,299,254.0,233.0
GB,2025,300,259.0,238.0
GB,2025,301,259.0,238.0
GB,2025,302,259.0,238.0
GB,2025,303,259.0,238.0
GB,2025,304,259.0,238.0
GB,2025,305,259.0,238.0
GB,2025,306,259.0,238.0
GB,2025,307,259.0,238.0
GB,2025,308,259.0,238.0
GB,2025,309,259.0,238.0
GB,2025,310,259.0,238.0
GB,2025,311,259.0,238.0
GB,2025,312,259.0,238.0
GB,2025,313,259.0,238.0
GB,2025,314,259.0,238.0
GB,2025,315,259.0,238.0
GB,2025,316,259.0,238.0
GB,2025,317,259.0,238.0
GB,2025,318,259.0,238.0
GB,2025,319,259.0,238.0
GB,2025,320,259.0,238.0
GB,2025,321,259.0,238.0
GB,2025,322,259.0,238.0
GB,2025,323,259.0,238.0
GB,2025,324,259.0,238.0
GB,2025,325,259.0,238.0
GB,2025,326,259.0,238.0
GB,2025,327,259.0,238.0
GB,2025,328,259.0,238.0
GB,2025,329,259.0,238.0
GB,2025,330,259.0,238.0
GB,2025,331,259.0,238.0
GB,2025,332,259.0,238.0
GB,2025,333,259.0,238.0
GB,2025,334,259.0,238.0
GB,2025,335,259.0,238.0
GB,2025,336,259.0,238.0
GB,2025,337,259.0,238.0
GB,2025,338,259.0,238.0
GB,2025,339,259.0,238.0
GB,2025,340,259.0,238.0
GB,2025,341,259.0,238.0
GB,2025,342,259.0,238.0
GB,2025,343,259.0,238.0
GB,2025,344,259.0,238.0
GB,2025,345,259.0,238.0
GB,2025,346,259.0,238.0
GB,2025,347,259.0,238.0
GB,2025,348,259.0,238.0
GB,2025,349,259.0,238.0
GB,2025,350,259.0,238.0
GB,2025,351,259.0,238.0
GB,2025,352,259.0,238.0
GB,2025,353,259.0,238.0
GB,2025,354,259.0,238.0
GB,2025,355,259.0,238.0
GB,2025,356,259.0,238.0
GB,2025,357,259.0,238.0
GB,2025,358,259.0,238.0
GB,2025,359,259.0,238.0
GB,2025,360,259.0,238.0
GB,2025,361,259.0,238.0
GB,2025,362,259.0,238.0
GB,2025,363,259.0,238.0
GB,2025,364,259.0,238.0
GB,2025,365,259.0,238.0
GB,2025,366,,
GB,2026,1,0.0,0.0
GB,2026,2,0.0,0.0
GB,2026,3,0.0,0.0
GB,2026,4,0.0,0.0
GB,2026,5,0.0,0.0
GB,2026,6,0.0,0.0
GB,2026,7,0.0,0.0
GB,2026,8,0.0,0.0
GB,2026,9,0.0,0.0
GB,2026,10,0.0,0.0
GB,2026,11,0.0,0.0
GB,2026,12,0.0,0.0
GB,2026,13,0.0,0.0
GB,2026,14,0.0,0.0
GB,2026,15,0.0,0.0
GB,2026,16,0.0,0.0
GB,2026,17,0.0,0.0
GB,2026,18,0.0,0.0
GB,2026,19,0.0,0.0
GB,2026,20,0.0,0.0
GB,2026,21,0.0,0.0
GB,2026,22,0.0,0.0
GB,2026,23,0.0,0.0
GB,2026,24,0.0,0.0
GB,2026,25,0.0,0.0
GB,2026,26,0.0,0.0
GB,2026,27,0.0,0.0
GB,2026,28,0.0,0.0
GB,2026,29,0.0,0.0
GB,2026,30,0.0,0.0
GB,2026,31,0.0,0.0
GB,2026,32,0.0,0.0
GB,2026,33,0.0,0.0
GB,2026,34,0.0,0.0
GB,2026,35,0.0,0.0
GB,2026,36,0.0,0.0
GB,2026,37,0.0,0.0
GB,2026,38,0.0,0.0
GB,2026,39,0.0,0.0
GB,2026,40,0.0,0.0
GB,2026,41,0.0,0.0
GB,2026,42,0.0,0.0
GB,2026,43,0.0,0.0
GB,2026,44,0.0,0.0
GB,2026,45,0.0,0.0
GB,2026,46,0.0,0.0
GB,2026,47,0.0,0.0
GB,2026,48,0.0,0.0
GB,2026,49,0.0,0.0
GB,2026,50,0.0,0.0
GB,2026,51,0.0,0.0
GB,2026,52,0.0,0.0
GB,2026,53,0.0,0.0
GB,2026,54,2.0,2.0
GB,2026,55,2.0,2.0
GB,2026,56,2.0,2.0
GB,2026,57,2.0,2.0
GB,2026,58,2.0,2.0
GB,2026,59,2.0,2.0
GB,2026,60,5.0,3.0
GB,2026,61,5.0,3.0
GB,2026,62,5.0,3.0
GB,2026,63,5.0,3.0
GB,2026,64,5.0,3.0
GB,2026,65,5.0,3.0
GB,2026,66,5.0,3.0
GB,2026,67,5.0,3.0
GB,2026,68,5.0,3.0
GB,2026,69,5.0,3.0
GB,2026,70,5.0,3.0
GB,2026,71,5.0,3.0
GB,2026,72,10.0,5.0
GB,2026,73,10.0,5.0
GB,2026,74,14.0,9.0
GB,2026,75,14.0,9.0
GB,2026,76,14.0,9.0
GB,2026,77,14.0,9.0
GB,2026,78,14.0,9.0
GB,2026,79,14.0,9.0
GB,2026,80,14.0,9.0
GB,2026,81,14.0,9.0
GB,2026,82,14.0,9.0
GB,2026,83,15.0,10.0
GB,2026,84,20.0,14.0
GB,2026,85,20.0,14.0
GB,2026,86,20.0,14.0
GB,2026,87,25.0,19.0
GB,2026,88,25.0,19.0
GB,2026,89,26.0,19.0
GB,2026,90,26.0,19.0
GB,2026,91,26.0,19.0
GB,2026,92,26.0,19.0
GB,2026,93,27.0,20.0
GB,2026,94,27.0,20.0
GB,2026,95,33.0,26.0
GB,2026,96,37.0,30.0
GB,2026,97,42.0,35.0
GB,2026,98,42.0,35.0
GB,2026,99,42.0,35.0
GB,2026,100,42.0,35.0
GB,2026,101,53.0,46.0
GB,2026,102,53.0,46.0
GB,2026,103,53.0,46.0
GB,2026,104,53.0,46.0
GB,2026,105,53.0,46.0
GB,2026,106,53.0,46.0
GB,2026,107,53.0,46.0
GB,2026,108,53.0,46.0
GB,2026,109,53.0,46.0
GB,2026,110,53.0,46.0
GB,2026,111,53.0,46.0
GB,2026,112,58.0,51.0
GB,2026,113,58.0,51.0
GB,2026,114,58.0,51.0
GB,2026,115,58.0,51.0
GB,2026,116,58.0,51.0
GB,2026,117,58.0,51.0
GB,2026,118,58.0,51.0
GB,2026,119,58.0,51.0
GB,2026,120,64.0,57.0
GB,2026,121,64.0,57.0
GB,2026,122,64.0,57.0
GB,2026,123,64.0,57.0
GB,2026,124,64.0,57.0
GB,2026,125,64.0,57.0
GB,2026,126,64.0,57.0
GB,2026,127,64.0,57.0
GB,2026,128,64.0,57.0
GB,2026,129,64.0,57.0
GB,2026,130,64.0,57.0
GB,2026,131,64.0,57.0
GB,2026,132,64.0,57.0
GB,2026,133,64.0,57.0
GB,2026,134,64.0,57.0
GB,2026,135,64.0,57.0
GB,2026,136,64.0,57.0
GB,2026,137,64.0,57.0
GB,2026,138,64.0,57.0
GB,2026,139,64.0,57.0
GB,2026,140,64.0,57.0
GB,2026,141,64.0,57.0
GB,2026,142,64.0,57.0
GB,2026,143,64.0,57.0
GB,2026,144,64.0,57.0
GB,2026,145,64.0,57.0
GB,2026,146,64.0,57.0
GB,2026,147,64.0,57.0
GB,2026,148,64.0,57.0
GB,2026,149,64.0,57.0
GB,2026,150,64.0,57.0
GB,2026,151,64.0,57.0
GB,2026,152,64.0,57.0
GB,2026,153,64.0,57.0
GB,2026,154,64.0,57.0
GB,2026,155,68.0,61.0
GB,2026,156,68.0,61.0
GB,2026,157,68.0,61.0
GB,2026,158,78.0,70.0
GB,2026,159,78.0,70.0
GB,2026,160,78.0,70.0
GB,2026,161,78.0,70.0
GB,2026,162,78.0,70.0
GB,2026,163,80.0,72.0
GB,2026,164,88.0,80.0
GB,2026,165,93.0,85.0
GB,2026,166,93.0,85.0
GB,2026,167,93.0,85.0
GB,2026,168,93.0,85.0
GB,2026,169,93.0,85.0
GB,2026,170,93.0,85.0
GB,2026,171,93.0,85.0
GB,2026,172,93.0,85.0
GB,2026,173,93.0,85.0
GB,2026,174,93.0,85.0
GB,2026,175,93.0,85.0
GB,2026,176,93.0,85.0
GB,2026,177,93.0,85.0
GB,2026,178,93.0,85.0
GB,2026,179,99.0,91.0
GB,2026,180,99.0,91.0
GB,2026,181,99.0,91.0
GB,2026,182,99.0,91.0
GB,2026,183,107.0,99.0
GB,2026,184,107.0,99.0
GB,2026,185,115.0,105.0
GB,2026,186,115.0,105.0
GB,2026,187,119.0,109.0
GB,2026,188,119.0,109.0
GB,2026,189,119.0,109.0
GB,2026,190,119.0,109.0
GB,2026,191,119.0,109.0
GB,2026,192,119.0,109.0
GB,2026,193,124.0,114.0
GB,2026,194,124.0,114.0
GB,2026,195,124.0,114.0
GB,2026,196,124.0,114.0
GB,2026,197,124.0,114.0
GB,2026,198,124.0,114.0
GB,2026,199,124.0,114.0
GB,2026,200,124.0,114.0
GB,2026,201,124.0,114.0
GB,2026,202,124.0,114.0
GB,2026,203,124.0,114.0
GB,2026,204,124.0,114.0
GB,2026,205,124.0,114.0
GB,2026,206,129.0,119.0
GB,2026,207,137.0,127.0
GB,2026,208,137.0,127.0
GB,2026,209,137.0,127.0
GB,2026,210,137.0,127.0
GB,2026,211,137.0,127.0
GB,2026,212,137.0,127.0
GB,2026,213,137.0,127.0
GB,2026,214,137.0,127.0
GB,2026,215,137.0,127.0
GB,2026,216,137.0,127.0
GB,2026,217,137.0,127.0
GB,2026,218,137.0,127.0
GB,2026,219,137.0,127.0
GB,2026,220,142.0,132.0
GB,2026,221,142.0,132.0
GB,2026,222,142.0,132.0
GB,2026,223,142.0,132.0
GB,2026,224,142.0,132.0
GB,2026,225,142.0,132.0
GB,2026,226,142.0,132.0
GB,2026,227,142.0,132.0
GB,2026,228,142.0,132.0
GB,2026,229,142.0,132.0
GB,2026,230,142.0,132.0
GB,2026,231,142.0,132.0
GB,2026,232,142.0,132.0
GB,2026,233,142.0,132.0
GB,2026,234,142.0,132.0
GB,2026,235,142.0,132.0
GB,2026,236,142.0,132.0
GB,2026,237,142.0,132.0
GB,2026,238,142.0,132.0
GB,2026,239,142.0,132.0
GB,2026,240,142.0,132.0
GB,2026,241,142.0,132.0
GB,2026,242,142.0,132.0
GB,2026,243,142.0,132.0
GB,2026,244,142.0,132.0
GB,2026,245,142.0,132.0
GB,2026,246,142.0,132.0
GB,2026,247,143.0,133.0
GB,2026,248,149.0,139.0
GB,2026,249,,
GB,2026,250,,
GB,2026,251,,
GB,2026,252,,
GB,2026,253,,
GB,2026,254,,
GB,2026,255,,
GB,2026,256,,
GB,2026,257,,
GB,2026,258,,
GB,2026,259,,
GB,2026,260,,
GB,2026,261,,
GB,2026,262,,
GB,2026,263,,
GB,2026,264,,
GB,2026,265,,
GB,2026,266,,
GB,2026,267,,
GB,2026,268,,
GB,2026,269,,
GB,2026,270,,
GB,2026,271,,
GB,2026,272,,
GB,2026,273,,
GB,2026,274,,
GB,2026,275,,
GB,2026,276,,
GB,2026,277,,
GB,2026,278,,
GB,2026,279,,
GB,2026,280,,
GB,2026,281,,
GB,2026,282,,
GB,2026,283,,
GB,2026,284,,
GB,2026,285,,
GB,2026,286,,
GB,2026,287,,
GB,2026,288,,
GB,2026,289,,
GB,2026,290,,
GB,2026,291,,
GB,2026,292,,
GB,2026,293,,
GB,2026,294,,
GB,2026,295,,
GB,2026,296,,
GB,2026,297,,
GB,2026,298,,
GB,2026,299,,
GB,2026,300,,
GB,2026,301,,
GB,2026,302,,
GB,2026,303,,
GB,2026,304,,
GB,2026,305,,
GB,2026,306,,
GB,2026,307,,
GB,2026,308,,
GB,2026,309,,
GB,2026,310,,
GB,2026,311,,
GB,2026,312,,
GB,2026,313,,
GB,2026,314,,
GB,2026,315,,
GB,2026,316,,
GB,2026,317,,
GB,2026,318,,
GB,2026,319,,
GB,2026,320,,
GB,2026,321,,
GB,2026,322,,
GB,2026,323,,
GB,2026,324,,
GB,2026,325,,
GB,2026,326,,
GB,2026,327,,
GB,2026,328,,
GB,2026,329,,
GB,2026,330,,
GB,2026,331,,
GB,2026,332,,
GB,2026,333,,
GB,2026,334,,
GB,2026,335,,
GB,2026,336,,
GB,2026,337,,
GB,2026,338,,
GB,2026,339,,
GB,2026,340,,
GB,2026,341,,
GB,2026,342,,
GB,2026,343,,
GB,2026,344,,
GB,2026,345,,
GB,2026,346,,
GB,2026,347,,
GB,2026,348,,
GB,2026,349,,
GB,2026,350,,
GB,2026,351,,
GB,2026,352,,
GB,2026,353,,
GB,2026,354,,
GB,2026,355,,
GB,2026,356,,
GB,2026,357,,
GB,2026,358,,
GB,2026,359,,
GB,2026,360,,
GB,2026,361,,
GB,2026,362,,
GB,2026,363,,
GB,2026,364,,
GB,2026,365,,
GB,2026,366,,
IT,2019,1,0.0,0.0
IT,2019,2,0.0,0.0
IT,2019,3,0.0,0.0
IT,2019,4,0.0,0.0
IT,2019,5,0.0,0.0
IT,2019,6,0.0,0.0
IT,2019,7,0.0,0.0
IT,2019,8,0.0,0.0
IT,2019,9,0.0,0.0
IT,2019,10,0.0,0.0
IT,2019,11,0.0,0.0
IT,2019,12,0.0,0.0
IT,2019,13,0.0,0.0
IT,2019,14,0.0,0.0
IT,2019,15,0.0,0.0
IT,2019,16,0.0,0.0
IT,2019,17,0.0,0.0
IT,2019,18,0.0,0.0
IT,2019,19,0.0,0.0
IT,2019,20,0.0,0.0
IT,2019,21,0.0,0.0
IT,2019,22,0.0,0.0
IT,2019,23,0.0,0.0
IT,2019,24,0.0,0.0
IT,2019,25,0.0,0.0
IT,2019,26,0.0,0.0
IT,2019,27,0.0,0.0
IT,2019,28,0.0,0.0
IT,2019,29,0.0,0.0
IT,2019,30,0.0,0.0
IT,2019,31,0.0,0.0
IT,2019,32,0.0,0.0
IT,2019,33,0.0,0.0
IT,2019,34,0.0,0.0
IT,2019,35,0.0,0.0
IT,2019,36,0.0,0.0
IT,2019,37,0.0,0.0
IT,2019,38,0.0,0.0
IT,2019,39,0.0,0.0
IT,2019,40,0.0,0.0
IT,2019,41,0.0,0.0
IT,2019,42,0.0,0.0
IT,2019,43,0.0,0.0
IT,2019,44,0.0,0.0
IT,2019,45,0.0,0.0
IT,2019,46,0.0,0.0
IT,2019,47,0.0,0.0
IT,2019,48,0.0,0.0
IT,2019,49,0.0,0.0
IT,2019,50,0.0,0.0
IT,2019,51,0.0,0.0
IT,2019,52,0.0,0.0
IT,2019,53,0.0,0.0
IT,2019,54,0.0,0.0
IT,2019,55,0.0,0.0
IT,2019,56,0.0,0.0
IT,2019,57,0.0,0.0
IT,2019,58,0.0,0.0
IT,2019,59,0.0,0.0
IT,2019,60,0.0,0.0
IT,2019,61,0.0,0.0
IT,2019,62,0.0,0.0
IT,2019,63,0.0,0.0
IT,2019,64,0.0,0.0
IT,2019,65,0.0,0.0
IT,2019,66,0.0,0.0
IT,2019,67,0.0,0.0
IT,2019,68,0.0,0.0
IT,2019,69,0.0,0.0
IT,2019,70,0.0,0.0
IT,2019,71,0.0,0.0
IT,2019,72,0.0,0.0
IT,2019,73,0.0,0.0
IT,2019,74,0.0,0.0
IT,2019,75,0.0,0.0
IT,2019,76,0.0,0.0
IT,2019,77,0.0,0.0
IT,2019,78,0.0,0.0
IT,2019,79,0.0,0.0
IT,2019,80,0.0,0.0
IT,2019,81,0.0,0.0
IT,2019,82,0.0,0.0
IT,2019,83,0.0,0.0
IT,2019,84,0.0,0.0
IT,2019,85,0.0,0.0
IT,2019,86,0.0,0.0
IT,2019,87,0.0,0.0
IT,2019,88,0.0,0.0
IT,2019,89,0.0,0.0
IT,2019,90,0.0,0.0
IT,2019,91,0.0,0.0
IT,2019,92,0.0,0.0
IT,2019,93,0.0,0.0
IT,2019,94,0.0,0.0
IT,2019,95,0.0,0.0
IT,2019,96,0.0,0.0
IT,2019,97,0.0,0.0
IT,2019,98,0.0,0.0
IT,2019,99,0.0,0.0
IT,2019,100,0.0,0.0
IT,2019,101,0.0,0.0
IT,2019,102,0.0,0.0
IT,2019,103,0.0,0.0
IT,2019,104,0.0,0.0
IT,2019,105,0.0,0.0
IT,2019,106,0.0,0.0
IT,2019,107,0.0,0.0
IT,2019,108,0.0,0.0
IT,2019,109,0.0,0.0
IT,2019,110,0.0,0.0
IT,2019,111,0.0,0.0
IT,2019,112,0.0,0.0
IT,2019,113,0.0,0.0
IT,2019,114,0.0,0.0
IT,2019,115,0.0,0.0
IT,2019,116,0.0,0.0
IT,2019,117,0.0,0.0
IT,2019,118,0.0,0.0
IT,2019,119,0.0,0.0
IT,2019,120,0.0,0.0
IT,2019,121,0.0,0.0
IT,2019,122,0.0,0.0
IT,2019,123,0.0,0.0
IT,2019,124,0.0,0.0
IT,2019,125,0.0,0.0
IT,2019,126,0.0,0.0
IT,2019,127,0.0,0.0
IT,2019,128,0.0,0.0
IT,2019,129,0.0,0.0
IT,2019,130,0.0,0.0
IT,2019,131,0.0,0.0
IT,2019,132,0.0,0.0
IT,2019,133,0.0,0.0
IT,2019,134,0.0,0.0
IT,2019,135,0.0,0.0
IT,2019,136,0.0,0.0
IT,2019,137,0.0,0.0
IT,2019,138,0.0,0.0
IT,2019,139,0.0,0.0
IT,2019,140,0.0,0.0
IT,2019,141,0.0,0.0
IT,2019,142,0.0,0.0
IT,2019,143,0.0,0.0
IT,2019,144,0.0,0.0
IT,2019,145,0.0,0.0
IT,2019,146,0.0,0.0
IT,2019,147,0.0,0.0
IT,2019,148,0.0,0.0
IT,2019,149,0.0,0.0
IT,2019,150,0.0,0.0
IT,2019,151,0.0,0.0
IT,2019,152,0.0,0.0
IT,2019,153,0.0,0.0
IT,2019,154,0.0,0.0
IT,2019,155,0.0,0.0
IT,2019,156,0.0,0.0
IT,2019,157,0.0,0.0
IT,2019,158,0.0,0.0
IT,2019,159,0.0,0.0
IT,2019,160,0.0,0.0
IT,2019,161,0.0,0.0
IT,2019,162,0.0,0.0
IT,2019,163,0.0,0.0
IT,2019,164,0.0,0.0
IT,2019,165,0.0,0.0
IT,2019,166,0.0,0.0
IT,2019,167,0.0,0.0
IT,2019,168,0.0,0.0
IT,2019,169,0.0,0.0
IT,2019,170,0.0,0.0
IT,2019,171,0.0,0.0
IT,2019,172,0.0,0.0
IT,2019,173,0.0,0.0
IT,2019,174,0.0,0.0
IT,2019,175,0.0,0.0
IT,2019,176,0.0,0.0
IT,2019,177,0.0,0.0
IT,2019,178,0.0,0.0
IT,2019,179,0.0,0.0
IT,2019,180,0.0,0.0
IT,2019,181,0.0,0.0
IT,2019,182,0.0,0.0
IT,2019,183,0.0,0.0
IT,2019,184,0.0,0.0
IT,2019,185,0.0,0.0
IT,2019,186,0.0,0.0
IT,2019,187,0.0,0.0
IT,2019,188,0.0,0.0
IT,2019,189,0.0,0.0
IT,2019,190,0.0,0.0
IT,2019,191,0.0,0.0
IT,2019,192,0.0,0.0
IT,2019,193,0.0,0.0
IT,2019,194,0.0,0.0
IT,2019,195,0.0,0.0
IT,2019,196,0.0,0.0
IT,2019,197,0.0,0.0
IT,2019,198,0.0,0.0
IT,2019,199,0.0,0.0
IT,2019,200,0.0,0.0
IT,2019,201,0.0,0.0
IT,2019,202,0.0,0.0
IT,2019,203,0.0,0.0
IT,2019,204,0.0,0.0
IT,2019,205,0.0,0.0
IT,2019,206,0.0,0.0
IT,2019,207,0.0,0.0
IT,2019,208,0.0,0.0
IT,2019,209,0.0,0.0
IT,2019,210,0.0,0.0
IT,2019,211,0.0,0.0
IT,2019,212,0.0,0.0
IT,2019,213,0.0,0.0
IT,2019,214,0.0,0.0
IT,2019,215,0.0,0.0
IT,2019,216,0.0,0.0
IT,2019,217,0.0,0.0
IT,2019,218,0.0,0.0
IT,2019,219,0.0,0.0
IT,2019,220,0.0,0.0
IT,2019,221,0.0,0.0
IT,2019,222,0.0,0.0
IT,2019,223,0.0,0.0
IT,2019,224,0.0,0.0
IT,2019,225,0.0,0.0
IT,2019,226,0.0,0.0
IT,2019,227,0.0,0.0
IT,2019,228,0.0,0.0
IT,2019,229,0.0,0.0
IT,2019,230,0.0,0.0
IT,2019,231,0.0,0.0
IT,2019,232,0.0,0.0
IT,2019,233,0.0,0.0
IT,2019,234,0.0,0.0
IT,2019,235,0.0,0.0
IT,2019,236,0.0,0.0
IT,2019,237,0.0,0.0
IT,2019,238,0.0,0.0
IT,2019,239,0.0,0.0
IT,2019,240,0.0,0.0
IT,2019,241,0.0,0.0
IT,2019,242,0.0,0.0
IT,2019,243,0.0,0.0
IT,2019,244,0.0,0.0
IT,2019,245,0.0,0.0
IT,2019,246,0.0,0.0
IT,2019,247,0.0,0.0
IT,2019,248,0.0,0.0
IT,2019,249,0.0,0.0
IT,2019,250,0.0,0.0
IT,2019,251,0.0,0.0
IT,2019,252,0.0,0.0
IT,2019,253,0.0,0.0
IT,2019,254,0.0,0.0
IT,2019,255,0.0,0.0
IT,2019,256,0.0,0.0
IT,2019,257,0.0,0.0
IT,2019,258,0.0,0.0
IT,2019,259,0.0,0.0
IT,2019,260,0.0,0.0
IT,2019,261,0.0,0.0
IT,2019,262,0.0,0.0
IT,2019,263,0.0,0.0
IT,2019,264,0.0,0.0
IT,2019,265,0.0,0.0
IT,2019,266,0.0,0.0
IT,2019,267,0.0,0.0
IT,2019,268,0.0,0.0
IT,2019,269,0.0,0.0
IT,2019,270,0.0,0.0
IT,2019,271,0.0,0.0
IT,2019,272,0.0,0.0
IT,2019,273,0.0,0.0
IT,2019,274,0.0,0.0
IT,2019,275,0.0,0.0
IT,2019,276,0.0,0.0
IT,2019,277,0.0,0.0
IT,2019,278,0.0,0.0
IT,2019,279,0.0,0.0
IT,2019,280,0.0,0.0
IT,2019,281,0.0,0.0
IT,2019,282,0.0,0.0
IT,2019,283,0.0,0.0
IT,2019,284,0.0,0.0
IT,2019,285,0.0,0.0
IT,2019,286,0.0,0.0
IT,2019,287,0.0,0.0
IT,2019,288,0.0,0.0
IT,2019,289,0.0,0.0
IT,2019,290,0.0,0.0
IT,2019,291,0.0,0.0
IT,2019,292,0.0,0.0
IT,2019,293,0.0,0.0
IT,2019,294,0.0,0.0
IT,2019,295,0.0,0.0
IT,2019,296,0.0,0.0
IT,2019,297,0.0,0.0
IT,2019,298,0.0,0.0
IT,2019,299,0.0,0.0
IT,2019,300,0.0,0.0
IT,2019,301,0.0,0.0
IT,2019,302,0.0,0.0
IT,2019,303,0.0,0.0
IT,2019,304,0.0,0.0
IT,2019,305,0.0,0.0
IT,2019,306,0.0,0.0
IT,2019,307,0.0,0.0
IT,2019,308,0.0,0.0
IT,2019,309,0.0,0.0
IT,2019,310,0.0,0.0
IT,2019,311,0.0,0.0
IT,2019,312,0.0,0.0
IT,2019,313,0.0,0.0
IT,2019,314,0.0,0.0
IT,2019,315,0.0,0.0
IT,2019,316,0.0,0.0
IT,2019,317,0.0,0.0
IT,2019,318,0.0,0.0
IT,2019,319,0.0,0.0
IT,2019,320,0.0,0.0
IT,2019,321,0.0,0.0
IT,2019,322,0.0,0.0
IT,2019,323,0.0,0.0
IT,2019,324,0.0,0.0
IT,2019,325,0.0,0.0
IT,2019,326,0.0,0.0
IT,2019,327,0.0,0.0
IT,2019,328,0.0,0.0
IT,2019,329,0.0,0.0
IT,2019,330,0.0,0.0
IT,2019,331,0.0,0.0
IT,2019,332,0.0,0.0
IT,2019,333,0.0,0.0
IT,2019,334,0.0,0.0
IT,2019,335,0.0,0.0
IT,2019,336,0.0,0.0
IT,2019,337,0.0,0.0
IT,2019,338,0.0,0.0
IT,2019,339,0.0,0.0
IT,2019,340,0.0,0.0
IT,2019,341,0.0,0.0
IT,2019,342,0.0,0.0
IT,2019,343,0.0,0.0
IT,2019,344,0.0,0.0
IT,2019,345,0.0,0.0
IT,2019,346,0.0,0.0
IT,2019,347,0.0,0.0
IT,2019,348,0.0,0.0
IT,2019,349,0.0,0.0
IT,2019,350,0.0,0.0
IT,2019,351,0.0,0.0
IT,2019,352,0.0,0.0
IT,2019,353,0.0,0.0
IT,2019,354,0.0,0.0
IT,2019,355,0.0,0.0
IT,2019,356,0.0,0.0
IT,2019,357,0.0,0.0
IT,2019,358,0.0,0.0
IT,2019,359,0.0,0.0
IT,2019,360,0.0,0.0
IT,2019,361,0.0,0.0
IT,2019,362,0.0,0.0
IT,2019,363,0.0,0.0
IT,2019,364,0.0,0.0
IT,2019,365,0.0,0.0
IT,2019,366,,
IT,2020,1,0.0,0.0
IT,2020,2,0.0,0.0
IT,2020,3,0.0,0.0
IT,2020,4,0.0,0.0
IT,2020,5,0.0,0.0
IT,2020,6,0.0,0.0
IT,2020,7,0.0,0.0
IT,2020,8,0.0,0.0
IT,2020,9,0.0,0.0
IT,2020,10,0.0,0.0
IT,2020,11,0.0,0.0
IT,2020,12,0.0,0.0
IT,2020,13,0.0,0.0
IT,2020,14,0.0,0.0
IT,2020,15,0.0,0.0
IT,2020,16,0.0,0.0
IT,2020,17,0.0,0.0
IT,2020,18,0.0,0.0
IT,2020,19,0.0,0.0
IT,2020,20,0.0,0.0
IT,2020,21,0.0,0.0
IT,2020,22,0.0,0.0
IT,2020,23,0.0,0.0
IT,2020,24,0.0,0.0
IT,2020,25,0.0,0.0
IT,2020,26,0.0,0.0
IT,2020,27,0.0,0.0
IT,2020,28,0.0,0.0
IT,2020,29,0.0,0.0
IT,2020,30,0.0,0.0
IT,2020,31,0.0,0.0
IT,2020,32,0.0,0.0
IT,2020,33,0.0,0.0
IT,2020,34,0.0,0.0
IT,2020,35,0.0,0.0
IT,2020,36,0.0,0.0
IT,2020,37,0.0,0.0
IT,2020,38,0.0,0.0
IT,2020,39,0.0,0.0
IT,2020,40,0.0,0.0
IT,2020,41,0.0,0.0
IT,2020,42,0.0,0.0
IT,2020,43,0.0,0.0
IT,2020,44,0.0,0.0
IT,2020,45,0.0,0.0
IT,2020,46,0.0,0.0
IT,2020,47,0.0,0.0
IT,2020,48,0.0,0.0
IT,2020,49,0.0,0.0
IT,2020,50,0.0,0.0
IT,2020,51,0.0,0.0
IT,2020,52,0.0,0.0
IT,2020,53,0.0,0.0
IT,2020,54,0.0,0.0
IT,2020,55,0.0,0.0
IT,2020,56,0.0,0.0
IT,2020,57,0.0,0.0
IT,2020,58,0.0,0.0
IT,2020,59,0.0,0.0
IT,2020,60,0.0,0.0
IT,2020,61,0.0,0.0
IT,2020,62,0.0,0.0
IT,2020,63,0.0,0.0
IT,2020,64,0.0,0.0
IT,2020,65,0.0,0.0
IT,2020,66,0.0,0.0
IT,2020,67,0.0,0.0
IT,2020,68,0.0,0.0
IT,2020,69,0.0,0.0
IT,2020,70,0.0,0.0
IT,2020,71,0.0,0.0
IT,2020,72,0.0,0.0
IT,2020,73,0.0,0.0
IT,2020,74,0.0,0.0
IT,2020,75,0.0,0.0
IT,2020,76,0.0,0.0
IT,2020,77,0.0,0.0
IT,2020,78,0.0,0.0
IT,2020,79,0.0,0.0
IT,2020,80,0.0,0.0
IT,2020,81,0.0,0.0
IT,2020,82,0.0,0.0
IT,2020,83,0.0,0.0
IT,2020,84,0.0,0.0
IT,2020,85,0.0,0.0
IT,2020,86,0.0,0.0
IT,2020,87,0.0,0.0
IT,2020,88,0.0,0.0
IT,2020,89,0.0,0.0
IT,2020,90,0.0,0.0
IT,2020,91,0.0,0.0
IT,2020,92,0.0,0.0
IT,2020,93,0.0,0.0
IT,2020,94,0.0,0.0
IT,2020,95,0.0,0.0
IT,2020,96,1.0,0.0
IT,2020,97,1.0,0.0
IT,2020,98,1.0,0.0
IT,2020,99,1.0,0.0
IT,2020,100,1.0,0.0
IT,2020,101,1.0,0.0
IT,2020,102,1.0,0.0
IT,2020,103,4.0,0.0
IT,2020,104,8.0,0.0
IT,2020,105,8.0,0.0
IT,2020,106,8.0,0.0
IT,2020,107,8.0,0.0
IT,2020,108,8.0,0.0
IT,2020,109,8.0,0.0
IT,2020,110,8.0,0.0
IT,2020,111,8.0,0.0
IT,2020,112,8.0,0.0
IT,2020,113,8.0,0.0
IT,2020,114,8.0,0.0
IT,2020,115,8.0,0.0
IT,2020,116,10.0,0.0
IT,2020,117,10.0,0.0
IT,2020,118,10.0,0.0
IT,2020,119,10.0,0.0
IT,2020,120,10.0,0.0
IT,2020,121,10.0,0.0
IT,2020,122,11.0,0.0
IT,2020,123,11.0,0.0
IT,2020,124,11.0,0.0
IT,2020,125,11.0,0.0
IT,2020,126,11.0,0.0
IT,2020,127,11.0,0.0
IT,2020,128,11.0,0.0
IT,2020,129,11.0,0.0
IT,2020,130,11.0,0.0
IT,2020,131,11.0,0.0
IT,2020,132,11.0,0.0
IT,2020,133,11.0,0.0
IT,2020,134,11.0,0.0
IT,2020,135,11.0,0.0
IT,2020,136,11.0,0.0
IT,2020,137,11.0,0.0
IT,2020,138,11.0,0.0
IT,2020,139,11.0,0.0
IT,2020,140,11.0,0.0
IT,2020,141,11.0,0.0
IT,2020,142,11.0,0.0
IT,2020,143,11.0,0.0
IT,2020,144,11.0,0.0
IT,2020,145,11.0,0.0
IT,2020,146,11.0,0.0
IT,2020,147,11.0,0.0
IT,2020,148,11.0,0.0
IT,2020,149,11.0,0.0
IT,2020,150,11.0,0.0
IT,2020,151,11.0,0.0
IT,2020,152,11.0,0.0
IT,2020,153,11.0,0.0
IT,2020,154,11.0,0.0
IT,2020,155,11.0,0.0
IT,2020,156,11.0,0.0
IT,2020,157,11.0,0.0
IT,2020,158,11.0,0.0
IT,2020,159,11.0,0.0
IT,2020,160,11.0,0.0
IT,2020,161,11.0,0.0
IT,2020,162,11.0,0.0
IT,2020,163,11.0,0.0
IT,2020,164,11.0,0.0
IT,2020,165,11.0,0.0
IT,2020,166,11.0,0.0
IT,2020,167,11.0,0.0
IT,2020,168,11.0,0.0
IT,2020,169,11.0,0.0
IT,2020,170,11.0,0.0
IT,2020,171,11.0,0.0
IT,2020,172,11.0,0.0
IT,2020,173,11.0,0.0
IT,2020,174,11.0,0.0
IT,2020,175,11.0,0.0
IT,2020,176,11.0,0.0
IT,2020,177,11.0,0.0
IT,2020,178,11.0,0.0
IT,2020,179,11.0,0.0
IT,2020,180,11.0,0.0
IT,2020,181,11.0,0.0
IT,2020,182,11.0,0.0
IT,2020,183,11.0,0.0
IT,2020,184,11.0,0.0
IT,2020,185,11.0,0.0
IT,2020,186,11.0,0.0
IT,2020,187,11.0,0.0
IT,2020,188,11.0,0.0
IT,2020,189,11.0,0.0
IT,2020,190,11.0,0.0
IT,2020,191,11.0,0.0
IT,2020,192,11.0,0.0
IT,2020,193,11.0,0.0
IT,2020,194,11.0,0.0
IT,2020,195,11.0,0.0
IT,2020,196,11.0,0.0
IT,2020,197,11.0,0.0
IT,2020,198,11.0,0.0
IT,2020,199,11.0,0.0
IT,2020,200,11.0,0.0
IT,2020,201,11.0,0.0
IT,2020,202,11.0,0.0
IT,2020,203,11.0,0.0
IT,2020,204,11.0,0.0
IT,2020,205,11.0,0.0
IT,2020,206,11.0,0.0
IT,2020,207,11.0,0.0
IT,2020,208,11.0,0.0
IT,2020,209,11.0,0.0
IT,2020,210,11.0,0.0
IT,2020,211,11.0,0.0
IT,2020,212,11.0,0.0
IT,2020,213,11.0,0.0
IT,2020,214,11.0,0.0
IT,2020,215,11.0,0.0
IT,2020,216,11.0,0.0
IT,2020,217,11.0,0.0
IT,2020,218,11.0,0.0
IT,2020,219,11.0,0.0
IT,2020,220,11.0,0.0
IT,2020,221,11.0,0.0
IT,2020,222,11.0,0.0
IT,2020,223,11.0,0.0
IT,2020,224,11.0,0.0
IT,2020,225,11.0,0.0
IT,2020,226,11.0,0.0
IT,2020,227,11.0,0.0
IT,2020,228,11.0,0.0
IT,2020,229,11.0,0.0
IT,2020,230,11.0,0.0
IT,2020,231,11.0,0.0
IT,2020,232,11.0,0.0
IT,2020,233,11.0,0.0
IT,2020,234,11.0,0.0
IT,2020,235,11.0,0.0
IT,2020,236,11.0,0.0
IT,2020,237,11.0,0.0
IT,2020,238,11.0,0.0
IT,2020,239,11.0,0.0
IT,2020,240,11.0,0.0
IT,2020,241,11.0,0.0
IT,2020,242,11.0,0.0
IT,2020,243,11.0,0.0
IT,2020,244,11.0,0.0
IT,2020,245,11.0,0.0
IT,2020,246,11.0,0.0
IT,2020,247,11.0,0.0
IT,2020,248,11.0,0.0
IT,2020,249,11.0,0.0
IT,2020,250,11.0,0.0
IT,2020,251,11.0,0.0
IT,2020,252,11.0,0.0
IT,2020,253,11.0,0.0
IT,2020,254,11.0,0.0
IT,2020,255,11.0,0.0
IT,2020,256,11.0,0.0
IT,2020,257,11.0,0.0
IT,2020,258,11.0,0.0
IT,2020,259,11.0,0.0
IT,2020,260,11.0,0.0
IT,2020,261,11.0,0.0
IT,2020,262,11.0,0.0
IT,2020,263,11.0,0.0
IT,2020,264,11.0,0.0
IT,2020,265,11.0,0.0
IT,2020,266,11.0,0.0
IT,2020,267,11.0,0.0
IT,2020,268,11.0,0.0
IT,2020,269,11.0,0.0
IT,2020,270,11.0,0.0
IT,2020,271,11.0,0.0
IT,2020,272,11.0,0.0
IT,2020,273,11.0,0.0
IT,2020,274,11.0,0.0
IT,2020,275,11.0,0.0
IT,2020,276,11.0,0.0
IT,2020,277,11.0,0.0
IT,2020,278,11.0,0.0
IT,2020,279,11.0,0.0
IT,2020,280,11.0,0.0
IT,2020,281,11.0,0.0
IT,2020,282,11.0,0.0
IT,2020,283,11.0,0.0
IT,2020,284,11.0,0.0
IT,2020,285,11.0,0.0
IT,2020,286,11.0,0.0
IT,2020,287,11.0,0.0
IT,2020,288,11.0,0.0
IT,2020,289,11.0,0.0
IT,2020,290,11.0,0.0
IT,2020,291,11.0,0.0
IT,2020,292,11.0,0.0
IT,2020,293,11.0,0.0
IT,2020,294,11.0,0.0
IT,2020,295,11.0,0.0
IT,2020,296,11.0,0.0
IT,2020,297,11.0,0.0
IT,2020,298,11.0,0.0
IT,2020,299,11.0,0.0
IT,2020,300,11.0,0.0
IT,2020,301,11.0,0.0
IT,2020,302,11.0,0.0
IT,2020,303,11.0,0.0
IT,2020,304,11.0,0.0
IT,2020,305,11.0,0.0
IT,2020,306,11.0,0.0
IT,2020,307,11.0,0.0
IT,2020,308,11.0,0.0
IT,2020,309,11.0,0.0
IT,2020,310,11.0,0.0
IT,2020,311,11.0,0.0
IT,2020,312,11.0,0.0
IT,2020,313,11.0,0.0
IT,2020,314,11.0,0.0
IT,2020,315,11.0,0.0
IT,2020,316,11.0,0.0
IT,2020,317,11.0,0.0
IT,2020,318,11.0,0.0
IT,2020,319,11.0,0.0
IT,2020,320,11.0,0.0
IT,2020,321,11.0,0.0
IT,2020,322,11.0,0.0
IT,2020,323,11.0,0.0
IT,2020,324,11.0,0.0
IT,2020,325,11.0,0.0
IT,2020,326,11.0,0.0
IT,2020,327,11.0,0.0
IT,2020,328,11.0,0.0
IT,2020,329,11.0,0.0
IT,2020,330,11.0,0.0
IT,2020,331,11.0,0.0
IT,2020,332,11.0,0.0
IT,2020,333,11.0,0.0
IT,2020,334,11.0,0.0
IT,2020,335,11.0,0.0
IT,2020,336,11.0,0.0
IT,2020,337,11.0,0.0
IT,2020,338,11.0,0.0
IT,2020,339,11.0,0.0
IT,2020,340,11.0,0.0
IT,2020,341,11.0,0.0
IT,2020,342,11.0,0.0
IT,2020,343,11.0,0.0
IT,2020,344,11.0,0.0
IT,2020,345,11.0,0.0
IT,2020,346,11.0,0.0
IT,2020,347,11.0,0.0
IT,2020,348,11.0,0.0
IT,2020,349,11.0,0.0
IT,2020,350,11.0,0.0
IT,2020,351,11.0,0.0
IT,2020,352,11.0,0.0
IT,2020,353,11.0,0.0
IT,2020,354,11.0,0.0
IT,2020,355,11.0,0.0
IT,2020,356,11.0,0.0
IT,2020,357,11.0,0.0
IT,2020,358,11.0,0.0
IT,2020,359,11.0,0.0
IT,2020,360,11.0,0.0
IT,2020,361,11.0,0.0
IT,2020,362,11.0,0.0
IT,2020,363,11.0,0.0
IT,2020,364,11.0,0.0
IT,2020,365,11.0,0.0
IT,2020,366,11.0,0.0
IT,2021,1,0.0,0.0
IT,2021,2,0.0,0.0
IT,2021,3,0.0,0.0
IT,2021,4,0.0,0.0
IT,2021,5,0.0,0.0
IT,2021,6,0.0,0.0
IT,2021,7,0.0,0.0
IT,2021,8,0.0,0.0
IT,2021,9,0.0,0.0
IT,2021,10,0.0,0.0
IT,2021,11,0.0,0.0
IT,2021,12,0.0,0.0
IT,2021,13,0.0,0.0
IT,2021,14,0.0,0.0
IT,2021,15,0.0,0.0
IT,2021,16,0.0,0.0
IT,2021,17,0.0,0.0
IT,2021,18,0.0,0.0
IT,2021,19,0.0,0.0
IT,2021,20,0.0,0.0
IT,2021,21,0.0,0.0
IT,2021,22,0.0,0.0
IT,2021,23,0.0,0.0
IT,2021,24,0.0,0.0
IT,2021,25,0.0,0.0
IT,2021,26,0.0,0.0
IT,2021,27,0.0,0.0
IT,2021,28,0.0,0.0
IT,2021,29,0.0,0.0
IT,2021,30,0.0,0.0
IT,2021,31,0.0,0.0
IT,2021,32,0.0,0.0
IT,2021,33,0.0,0.0
IT,2021,34,0.0,0.0
IT,2021,35,0.0,0.0
IT,2021,36,0.0,0.0
IT,2021,37,0.0,0.0
IT,2021,38,0.0,0.0
IT,2021,39,0.0,0.0
IT,2021,40,0.0,0.0
IT,2021,41,0.0,0.0
IT,2021,42,0.0,0.0
IT,2021,43,0.0,0.0
IT,2021,44,0.0,0.0
IT,2021,45,0.0,0.0
IT,2021,46,0.0,0.0
IT,2021,47,0.0,0.0
IT,2021,48,0.0,0.0
IT,2021,49,0.0,0.0
IT,2021,50,0.0,0.0
IT,2021,51,0.0,0.0
IT,2021,52,0.0,0.0
IT,2021,53,0.0,0.0
IT,2021,54,0.0,0.0
IT,2021,55,0.0,0.0
IT,2021,56,0.0,0.0
IT,2021,57,0.0,0.0
IT,2021,58,0.0,0.0
IT,2021,59,0.0,0.0
IT,2021,60,0.0,0.0
IT,2021,61,0.0,0.0
IT,2021,62,0.0,0.0
IT,2021,63,0.0,0.0
IT,2021,64,0.0,0.0
IT,2021,65,0.0,0.0
IT,2021,66,0.0,0.0
IT,2021,67,0.0,0.0
IT,2021,68,0.0,0.0
IT,2021,69,0.0,0.0
IT,2021,70,0.0,0.0
IT,2021,71,0.0,0.0
IT,2021,72,0.0,0.0
IT,2021,73,0.0,0.0
IT,2021,74,0.0,0.0
IT,2021,75,0.0,0.0
IT,2021,76,0.0,0.0
IT,2021,77,0.0,0.0
IT,2021,78,0.0,0.0
IT,2021,79,0.0,0.0
IT,2021,80,0.0,0.0
IT,2021,81,0.0,0.0
IT,2021,82,0.0,0.0
IT,2021,83,0.0,0.0
IT,2021,84,0.0,0.0
IT,2021,85,0.0,0.0
IT,2021,86,0.0,0.0
IT,2021,87,0.0,0.0
IT,2021,88,0.0,0.0
IT,2021,89,0.0,0.0
IT,2021,90,0.0,0.0
IT,2021,91,0.0,0.0
IT,2021,92,0.0,0.0
IT,2021,93,0.0,0.0
IT,2021,94,0.0,0.0
IT,2021,95,0.0,0.0
IT,2021,96,0.0,0.0
IT,2021,97,0.0,0.0
IT,2021,98,0.0,0.0
IT,2021,99,0.0,0.0
IT,2021,100,0.0,0.0
IT,2021,101,0.0,0.0
IT,2021,102,0.0,0.0
IT,2021,103,0.0,0.0
IT,2021,104,0.0,0.0
IT,2021,105,0.0,0.0
IT,2021,106,0.0,0.0
IT,2021,107,0.0,0.0
IT,2021,108,0.0,0.0
IT,2021,109,0.0,0.0
IT,2021,110,0.0,0.0
IT,2021,111,0.0,0.0
IT,2021,112,0.0,0.0
IT,2021,113,0.0,0.0
IT,2021,114,0.0,0.0
IT,2021,115,0.0,0.0
IT,2021,116,0.0,0.0
IT,2021,117,0.0,0.0
IT,2021,118,0.0,0.0
IT,2021,119,0.0,0.0
IT,2021,120,0.0,0.0
IT,2021,121,0.0,0.0
IT,2021,122,0.0,0.0
IT,2021,123,0.0,0.0
IT,2021,124,0.0,0.0
IT,2021,125,0.0,0.0
IT,2021,126,0.0,0.0
IT,2021,127,0.0,0.0
IT,2021,128,0.0,0.0
IT,2021,129,0.0,0.0
IT,2021,130,0.0,0.0
IT,2021,131,0.0,0.0
IT,2021,132,0.0,0.0
IT,2021,133,0.0,0.0
IT,2021,134,0.0,0.0
IT,2021,135,0.0,0.0
IT,2021,136,0.0,0.0
IT,2021,137,0.0,0.0
IT,2021,138,0.0,0.0
IT,2021,139,0.0,0.0
IT,2021,140,0.0,0.0
IT,2021,141,0.0,0.0
IT,2021,142,0.0,0.0
IT,2021,143,0.0,0.0
IT,2021,144,0.0,0.0
IT,2021,145,0.0,0.0
IT,2021,146,0.0,0.0
IT,2021,147,0.0,0.0
IT,2021,148,0.0,0.0
IT,2021,149,0.0,0.0
IT,2021,150,0.0,0.0
IT,2021,151,0.0,0.0
IT,2021,152,0.0,0.0
IT,2021,153,0.0,0.0
IT,2021,154,0.0,0.0
IT,2021,155,0.0,0.0
IT,2021,156,0.0,0.0
IT,2021,157,0.0,0.0
IT,2021,158,0.0,0.0
IT,2021,159,0.0,0.0
IT,2021,160,0.0,0.0
IT,2021,161,0.0,0.0
IT,2021,162,0.0,0.0
IT,2021,163,0.0,0.0
IT,2021,164,0.0,0.0
IT,2021,165,0.0,0.0
IT,2021,166,0.0,0.0
IT,2021,167,0.0,0.0
IT,2021,168,0.0,0.0
IT,2021,169,0.0,0.0
IT,2021,170,0.0,0.0
IT,2021,171,0.0,0.0
IT,2021,172,0.0,0.0
IT,2021,173,0.0,0.0
IT,2021,174,0.0,0.0
IT,2021,175,0.0,0.0
IT,2021,176,0.0,0.0
IT,2021,177,0.0,0.0
IT,2021,178,0.0,0.0
IT,2021,179,0.0,0.0
IT,2021,180,0.0,0.0
IT,2021,181,0.0,0.0
IT,2021,182,0.0,0.0
IT,2021,183,0.0,0.0
IT,2021,184,0.0,0.0
IT,2021,185,0.0,0.0
IT,2021,186,0.0,0.0
IT,2021,187,0.0,0.0
IT,2021,188,0.0,0.0
IT,2021,189,0.0,0.0
IT,2021,190,0.0,0.0
IT,2021,191,0.0,0.0
IT,2021,192,0.0,0.0
IT,2021,193,0.0,0.0
IT,2021,194,0.0,0.0
IT,2021,195,0.0,0.0
IT,2021,196,0.0,0.0
IT,2021,197,0.0,0.0
IT,2021,198,0.0,0.0
IT,2021,199,0.0,0.0
IT,2021,200,0.0,0.0
IT,2021,201,0.0,0.0
IT,2021,202,0.0,0.0
IT,2021,203,0.0,0.0
IT,2021,204,0.0,0.0
IT,2021,205,0.0,0.0
IT,2021,206,0.0,0.0
IT,2021,207,0.0,0.0
IT,2021,208,0.0,0.0
IT,2021,209,0.0,0.0
IT,2021,210,0.0,0.0
IT,2021,211,0.0,0.0
IT,2021,212,0.0,0.0
IT,2021,213,0.0,0.0
IT,2021,214,0.0,0.0
IT,2021,215,0.0,0.0
IT,2021,216,0.0,0.0
IT,2021,217,0.0,0.0
IT,2021,218,0.0,0.0
IT,2021,219,0.0,0.0
IT,2021,220,0.0,0.0
IT,2021,221,0.0,0.0
IT,2021,222,0.0,0.0
IT,2021,223,0.0,0.0
IT,2021,224,0.0,0.0
IT,2021,225,0.0,0.0
IT,2021,226,0.0,0.0
IT,2021,227,0.0,0.0
IT,2021,228,0.0,0.0
IT,2021,229,0.0,0.0
IT,2021,230,0.0,0.0
IT,2021,231,0.0,0.0
IT,2021,232,0.0,0.0
IT,2021,233,0.0,0.0
IT,2021,234,0.0,0.0
IT,2021,235,0.0,0.0
IT,2021,236,0.0,0.0
IT,2021,237,0.0,0.0
IT,2021,238,0.0,0.0
IT,2021,239,0.0,0.0
IT,2021,240,0.0,0.0
IT,2021,241,0.0,0.0
IT,2021,242,0.0,0.0
IT,2021,243,0.0,0.0
IT,2021,244,0.0,0.0
IT,2021,245,0.0,0.0
IT,2021,246,0.0,0.0
IT,2021,247,0.0,0.0
IT,2021,248,0.0,0.0
IT,2021,249,0.0,0.0
IT,2021,250,0.0,0.0
IT,2021,251,0.0,0.0
IT,2021,252,0.0,0.0
IT,2021,253,0.0,0.0
IT,2021,254,0.0,0.0
IT,2021,255,0.0,0.0
IT,2021,256,0.0,0.0
IT,2021,257,0.0,0.0
IT,2021,258,0.0,0.0
IT,2021,259,0.0,0.0
IT,2021,260,0.0,0.0
IT,2021,261,0.0,0.0
IT,2021,262,0.0,0.0
IT,2021,263,0.0,0.0
IT,2021,264,0.0,0.0
IT,2021,265,0.0,0.0
IT,2021,266,0.0,0.0
IT,2021,267,0.0,0.0
IT,2021,268,0.0,0.0
IT,2021,269,0.0,0.0
IT,2021,270,0.0,0.0
IT,2021,271,0.0,0.0
IT,2021,272,0.0,0.0
IT,2021,273,0.0,0.0
IT,2021,274,0.0,0.0
IT,2021,275,0.0,0.0
IT,2021,276,0.0,0.0
IT,2021,277,0.0,0.0
IT,2021,278,0.0,0.0
IT,2021,279,0.0,0.0
IT,2021,280,0.0,0.0
IT,2021,281,0.0,0.0
IT,2021,282,0.0,0.0
IT,2021,283,0.0,0.0
IT,2021,284,0.0,0.0
IT,2021,285,0.0,0.0
IT,2021,286,0.0,0.0
IT,2021,287,0.0,0.0
IT,2021,288,0.0,0.0
IT,2021,289,0.0,0.0
IT,2021,290,0.0,0.0
IT,2021,291,0.0,0.0
IT,2021,292,0.0,0.0
IT,2021,293,0.0,0.0
IT,2021,294,0.0,0.0
IT,2021,295,0.0,0.0
IT,2021,296,0.0,0.0
IT,2021,297,0.0,0.0
IT,2021,298,0.0,0.0
IT,2021,299,0.0,0.0
IT,2021,300,0.0,0.0
IT,2021,301,0.0,0.0
IT,2021,302,0.0,0.0
IT,2021,303,0.0,0.0
IT,2021,304,0.0,0.0
IT,2021,305,0.0,0.0
IT,2021,306,0.0,0.0
IT,2021,307,0.0,0.0
IT,2021,308,0.0,0.0
IT,2021,309,0.0,0.0
IT,2021,310,0.0,0.0
IT,2021,311,0.0,0.0
IT,2021,312,0.0,0.0
IT,2021,313,0.0,0.0
IT,2021,314,0.0,0.0
IT,2021,315,0.0,0.0
IT,2021,316,0.0,0.0
IT,2021,317,0.0,0.0
IT,2021,318,0.0,0.0
IT,2021,319,0.0,0.0
IT,2021,320,0.0,0.0
IT,2021,321,0.0,0.0
IT,2021,322,0.0,0.0
IT,2021,323,0.0,0.0
IT,2021,324,0.0,0.0
IT,2021,325,0.0,0.0
IT,2021,326,0.0,0.0
IT,2021,327,0.0,0.0
IT,2021,328,0.0,0.0
IT,2021,329,0.0,0.0
IT,2021,330,0.0,0.0
IT,2021,331,0.0,0.0
IT,2021,332,0.0,0.0
IT,2021,333,0.0,0.0
IT,2021,334,0.0,0.0
IT,2021,335,0.0,0.0
IT,2021,336,0.0,0.0
IT,2021,337,0.0,0.0
IT,2021,338,0.0,0.0
IT,2021,339,0.0,0.0
IT,2021,340,0.0,0.0
IT,2021,341,0.0,0.0
IT,2021,342,0.0,0.0
IT,2021,343,0.0,0.0
IT,2021,344,0.0,0.0
IT,2021,345,0.0,0.0
IT,2021,346,0.0,0.0
IT,2021,347,0.0,0.0
IT,2021,348,0.0,0.0
IT,2021,349,0.0,0.0
IT,2021,350,0.0,0.0
IT,2021,351,0.0,0.0
IT,2021,352,0.0,0.0
IT,2021,353,0.0,0.0
IT,2021,354,0.0,0.0
IT,2021,355,0.0,0.0
IT,2021,356,0.0,0.0
IT,2021,357,0.0,0.0
IT,2021,358,0.0,0.0
IT,2021,359,0.0,0.0
IT,2021,360,0.0,0.0
IT,2021,361,0.0,0.0
IT,2021,362,0.0,0.0
IT,2021,363,0.0,0.0
IT,2021,364,0.0,0.0
IT,2021,365,0.0,0.0
IT,2021,366,,
IT,2022,1,0.0,0.0
IT,2022,2,0.0,0.0
IT,2022,3,0.0,0.0
IT,2022,4,0.0,0.0
IT,2022,5,0.0,0.0
IT,2022,6,0.0,0.0
IT,2022,7,0.0,0.0
IT,2022,8,0.0,0.0
IT,2022,9,0.0,0.0
IT,2022,10,0.0,0.0
IT,2022,11,0.0,0.0
IT,2022,12,0.0,0.0
IT,2022,13,0.0,0.0
IT,2022,14,0.0,0.0
IT,2022,15,0.0,0.0
IT,2022,16,0.0,0.0
IT,2022,17,0.0,0.0
IT,2022,18,0.0,0.0
IT,2022,19,0.0,0.0
IT,2022,20,0.0,0.0
IT,2022,21,0.0,0.0
IT,2022,22,0.0,0.0
IT,2022,23,0.0,0.0
IT,2022,24,0.0,0.0
IT,2022,25,0.0,0.0
IT,2022,26,0.0,0.0
IT,2022,27,0.0,0.0
IT,2022,28,0.0,0.0
IT,2022,29,0.0,0.0
IT,2022,30,0.0,0.0
IT,2022,31,0.0,0.0
IT,2022,32,0.0,0.0
IT,2022,33,0.0,0.0
IT,2022,34,0.0,0.0
IT,2022,35,0.0,0.0
IT,2022,36,0.0,0.0
IT,2022,37,0.0,0.0
IT,2022,38,0.0,0.0
IT,2022,39,0.0,0.0
IT,2022,40,0.0,0.0
IT,2022,41,0.0,0.0
IT,2022,42,0.0,0.0
IT,2022,43,0.0,0.0
IT,2022,44,0.0,0.0
IT,2022,45,0.0,0.0
IT,2022,46,0.0,0.0
IT,2022,47,0.0,0.0
IT,2022,48,0.0,0.0
IT,2022,49,0.0,0.0
IT,2022,50,0.0,0.0
IT,2022,51,0.0,0.0
IT,2022,52,0.0,0.0
IT,2022,53,0.0,0.0
IT,2022,54,0.0,0.0
IT,2022,55,0.0,0.0
IT,2022,56,0.0,0.0
IT,2022,57,0.0,0.0
IT,2022,58,0.0,0.0
IT,2022,59,0.0,0.0
IT,2022,60,0.0,0.0
IT,2022,61,0.0,0.0
IT,2022,62,0.0,0.0
IT,2022,63,0.0,0.0
IT,2022,64,0.0,0.0
IT,2022,65,0.0,0.0
IT,2022,66,0.0,0.0
IT,2022,67,0.0,0.0
IT,2022,68,0.0,0.0
IT,2022,69,0.0,0.0
IT,2022,70,0.0,0.0
IT,2022,71,0.0,0.0
IT,2022,72,0.0,0.0
IT,2022,73,0.0,0.0
IT,2022,74,0.0,0.0
IT,2022,75,0.0,0.0
IT,2022,76,0.0,0.0
IT,2022,77,0.0,0.0
IT,2022,78,0.0,0.0
IT,2022,79,0.0,0.0
IT,2022,80,0.0,0.0
IT,2022,81,0.0,0.0
IT,2022,82,0.0,0.0
IT,2022,83,0.0,0.0
IT,2022,84,0.0,0.0
IT,2022,85,0.0,0.0
IT,2022,86,0.0,0.0
IT,2022,87,0.0,0.0
IT,2022,88,0.0,0.0
IT,2022,89,0.0,0.0
IT,2022,90,0.0,0.0
IT,2022,91,0.0,0.0
IT,2022,92,0.0,0.0
IT,2022,93,0.0,0.0
IT,2022,94,0.0,0.0
IT,2022,95,0.0,0.0
IT,2022,96,0.0,0.0
IT,2022,97,0.0,0.0
IT,2022,98,0.0,0.0
IT,2022,99,0.0,0.0
IT,2022,100,0.0,0.0
IT,2022,101,0.0,0.0
IT,2022,102,0.0,0.0
IT,2022,103,0.0,0.0
IT,2022,104,0.0,0.0
IT,2022,105,0.0,0.0
IT,2022,106,0.0,0.0
IT,2022,107,0.0,0.0
IT,2022,108,0.0,0.0
IT,2022,109,0.0,0.0
IT,2022,110,0.0,0.0
IT,2022,111,0.0,0.0
IT,2022,112,0.0,0.0
IT,2022,113,0.0,0.0
IT,2022,114,0.0,0.0
IT,2022,115,0.0,0.0
IT,2022,116,0.0,0.0
IT,2022,117,0.0,0.0
IT,2022,118,0.0,0.0
IT,2022,119,0.0,0.0
IT,2022,120,0.0,0.0
IT,2022,121,0.0,0.0
IT,2022,122,0.0,0.0
IT,2022,123,0.0,0.0
IT,2022,124,0.0,0.0
IT,2022,125,0.0,0.0
IT,2022,126,0.0,0.0
IT,2022,127,0.0,0.0
IT,2022,128,0.0,0.0
IT,2022,129,0.0,0.0
IT,2022,130,0.0,0.0
IT,2022,131,0.0,0.0
IT,2022,132,0.0,0.0
IT,2022,133,0.0,0.0
IT,2022,134,0.0,0.0
IT,2022,135,0.0,0.0
IT,2022,136,0.0,0.0
IT,2022,137,0.0,0.0
IT,2022,138,0.0,0.0
IT,2022,139,0.0,0.0
IT,2022,140,0.0,0.0
IT,2022,141,0.0,0.0
IT,2022,142,0.0,0.0
IT,2022,143,0.0,0.0
IT,2022,144,0.0,0.0
IT,2022,145,0.0,0.0
IT,2022,146,0.0,0.0
IT,2022,147,0.0,0.0
IT,2022,148,0.0,0.0
IT,2022,149,0.0,0.0
IT,2022,150,0.0,0.0
IT,2022,151,0.0,0.0
IT,2022,152,0.0,0.0
IT,2022,153,0.0,0.0
IT,2022,154,0.0,0.0
IT,2022,155,0.0,0.0
IT,2022,156,0.0,0.0
IT,2022,157,0.0,0.0
IT,2022,158,0.0,0.0
IT,2022,159,0.0,0.0
IT,2022,160,0.0,0.0
IT,2022,161,0.0,0.0
IT,2022,162,0.0,0.0
IT,2022,163,0.0,0.0
IT,2022,164,0.0,0.0
IT,2022,165,0.0,0.0
IT,2022,166,0.0,0.0
IT,2022,167,0.0,0.0
IT,2022,168,0.0,0.0
IT,2022,169,0.0,0.0
IT,2022,170,0.0,0.0
IT,2022,171,0.0,0.0
IT,2022,172,0.0,0.0
IT,2022,173,0.0,0.0
IT,2022,174,0.0,0.0
IT,2022,175,0.0,0.0
IT,2022,176,0.0,0.0
IT,2022,177,0.0,0.0
IT,2022,178,0.0,0.0
IT,2022,179,0.0,0.0
IT,2022,180,0.0,0.0
IT,2022,181,0.0,0.0
IT,2022,182,0.0,0.0
IT,2022,183,0.0,0.0
IT,2022,184,0.0,0.0
IT,2022,185,0.0,0.0
IT,2022,186,0.0,0.0
IT,2022,187,0.0,0.0
IT,2022,188,0.0,0.0
IT,2022,189,0.0,0.0
IT,2022,190,0.0,0.0
IT,2022,191,0.0,0.0
IT,2022,192,0.0,0.0
IT,2022,193,0.0,0.0
IT,2022,194,0.0,0.0
IT,2022,195,0.0,0.0
IT,2022,196,0.0,0.0
IT,2022,197,0.0,0.0
IT,2022,198,0.0,0.0
IT,2022,199,0.0,0.0
IT,2022,200,0.0,0.0
IT,2022,201,0.0,0.0
IT,2022,202,0.0,0.0
IT,2022,203,0.0,0.0
IT,2022,204,0.0,0.0
IT,2022,205,0.0,0.0
IT,2022,206,0.0,0.0
IT,2022,207,0.0,0.0
IT,2022,208,0.0,0.0
IT,2022,209,0.0,0.0
IT,2022,210,0.0,0.0
IT,2022,211,0.0,0.0
IT,2022,212,0.0,0.0
IT,2022,213,0.0,0.0
IT,2022,214,0.0,0.0
IT,2022,215,0.0,0.0
IT,2022,216,0.0,0.0
IT,2022,217,0.0,0.0
IT,2022,218,0.0,0.0
IT,2022,219,0.0,0.0
IT,2022,220,0.0,0.0
IT,2022,221,0.0,0.0
IT,2022,222,0.0,0.0
IT,2022,223,0.0,0.0
IT,2022,224,0.0,0.0
IT,2022,225,0.0,0.0
IT,2022,226,0.0,0.0
IT,2022,227,0.0,0.0
IT,2022,228,0.0,0.0
IT,2022,229,0.0,0.0
IT,2022,230,0.0,0.0
IT,2022,231,0.0,0.0
IT,2022,232,0.0,0.0
IT,2022,233,0.0,0.0
IT,2022,234,0.0,0.0
IT,2022,235,0.0,0.0
IT,2022,236,0.0,0.0
IT,2022,237,0.0,0.0
IT,2022,238,0.0,0.0
IT,2022,239,0.0,0.0
IT,2022,240,0.0,0.0
IT,2022,241,0.0,0.0
IT,2022,242,0.0,0.0
IT,2022,243,0.0,0.0
IT,2022,244,0.0,0.0
IT,2022,245,0.0,0.0
IT,2022,246,0.0,0.0
IT,2022,247,0.0,0.0
IT,2022,248,0.0,0.0
IT,2022,249,0.0,0.0
IT,2022,250,0.0,0.0
IT,2022,251,0.0,0.0
IT,2022,252,0.0,0.0
IT,2022,253,0.0,0.0
IT,2022,254,0.0,0.0
IT,2022,255,0.0,0.0
IT,2022,256,0.0,0.0
IT,2022,257,0.0,0.0
IT,2022,258,0.0,0.0
IT,2022,259,0.0,0.0
IT,2022,260,0.0,0.0
IT,2022,261,0.0,0.0
IT,2022,262,0.0,0.0
IT,2022,263,0.0,0.0
IT,2022,264,0.0,0.0
IT,2022,265,0.0,0.0
IT,2022,266,0.0,0.0
IT,2022,267,0.0,0.0
IT,2022,268,0.0,0.0
IT,2022,269,0.0,0.0
IT,2022,270,0.0,0.0
IT,2022,271,0.0,0.0
IT,2022,272,0.0,0.0
IT,2022,273,0.0,0.0
IT,2022,274,0.0,0.0
IT,2022,275,0.0,0.0
IT,2022,276,0.0,0.0
IT,2022,277,0.0,0.0
IT,2022,278,0.0,0.0
IT,2022,279,0.0,0.0
IT,2022,280,0.0,0.0
IT,2022,281,0.0,0.0
IT,2022,282,0.0,0.0
IT,2022,283,0.0,0.0
IT,2022,284,0.0,0.0
IT,2022,285,0.0,0.0
IT,2022,286,0.0,0.0
IT,2022,287,0.0,0.0
IT,2022,288,0.0,0.0
IT,2022,289,0.0,0.0
IT,2022,290,0.0,0.0
IT,2022,291,0.0,0.0
IT,2022,292,0.0,0.0
IT,2022,293,0.0,0.0
IT,2022,294,0.0,0.0
IT,2022,295,0.0,0.0
IT,2022,296,0.0,0.0
IT,2022,297,0.0,0.0
IT,2022,298,0.0,0.0
IT,2022,299,0.0,0.0
IT,2022,300,0.0,0.0
IT,2022,301,0.0,0.0
IT,2022,302,0.0,0.0
IT,2022,303,0.0,0.0
IT,2022,304,0.0,0.0
IT,2022,305,0.0,0.0
IT,2022,306,0.0,0.0
IT,2022,307,0.0,0.0
IT,2022,308,0.0,0.0
IT,2022,309,0.0,0.0
IT,2022,310,0.0,0.0
IT,2022,311,0.0,0.0
IT,2022,312,0.0,0.0
IT,2022,313,0.0,0.0
IT,2022,314,0.0,0.0
IT,2022,315,0.0,0.0
IT,2022,316,0.0,0.0
IT,2022,317,0.0,0.0
IT,2022,318,0.0,0.0
IT,2022,319,0.0,0.0
IT,2022,320,0.0,0.0
IT,2022,321,0.0,0.0
IT,2022,322,0.0,0.0
IT,2022,323,0.0,0.0
IT,2022,324,0.0,0.0
IT,2022,325,0.0,0.0
IT,2022,326,0.0,0.0
IT,2022,327,0.0,0.0
IT,2022,328,0.0,0.0
IT,2022,329,0.0,0.0
IT,2022,330,0.0,0.0
IT,2022,331,0.0,0.0
IT,2022,332,0.0,0.0
IT,2022,333,0.0,0.0
IT,2022,334,0.0,0.0
IT,2022,335,0.0,0.0
IT,2022,336,0.0,0.0
IT,2022,337,0.0,0.0
IT,2022,338,0.0,0.0
IT,2022,339,0.0,0.0
IT,2022,340,0.0,0.0
IT,2022,341,0.0,0.0
IT,2022,342,0.0,0.0
IT,2022,343,0.0,0.0
IT,2022,344,0.0,0.0
IT,2022,345,0.0,0.0
IT,2022,346,0.0,0.0
IT,2022,347,0.0,0.0
IT,2022,348,0.0,0.0
IT,2022,349,0.0,0.0
IT,2022,350,0.0,0.0
IT,2022,351,0.0,0.0
IT,2022,352,0.0,0.0
IT,2022,353,0.0,0.0
IT,2022,354,0.0,0.0
IT,2022,355,0.0,0.0
IT,2022,356,0.0,0.0
IT,2022,357,0.0,0.0
IT,2022,358,0.0,0.0
IT,2022,359,0.0,0.0
IT,2022,360,0.0,0.0
IT,2022,361,0.0,0.0
IT,2022,362,0.0,0.0
IT,2022,363,0.0,0.0
IT,2022,364,0.0,0.0
IT,2022,365,0.0,0.0
IT,2022,366,,
IT,2023,1,0.0,0.0
IT,2023,2,0.0,0.0
IT,2023,3,0.0,0.0
IT,2023,4,0.0,0.0
IT,2023,5,0.0,0.0
IT,2023,6,0.0,0.0
IT,2023,7,0.0,0.0
IT,2023,8,0.0,0.0
IT,2023,9,0.0,0.0
IT,2023,10,0.0,0.0
IT,2023,11,0.0,0.0
IT,2023,12,0.0,0.0
IT,2023,13,0.0,0.0
IT,2023,14,0.0,0.0
IT,2023,15,0.0,0.0
IT,2023,16,0.0,0.0
IT,2023,17,0.0,0.0
IT,2023,18,0.0,0.0
IT,2023,19,0.0,0.0
IT,2023,20,0.0,0.0
IT,2023,21,0.0,0.0
IT,2023,22,0.0,0.0
IT,2023,23,0.0,0.0
IT,2023,24,0.0,0.0
IT,2023,25,0.0,0.0
IT,2023,26,0.0,0.0
IT,2023,27,0.0,0.0
IT,2023,28,0.0,0.0
IT,2023,29,0.0,0.0
IT,2023,30,0.0,0.0
IT,2023,31,0.0,0.0
IT,2023,32,0.0,0.0
IT,2023,33,0.0,0.0
IT,2023,34,0.0,0.0
IT,2023,35,0.0,0.0
IT,2023,36,0.0,0.0
IT,2023,37,0.0,0.0
IT,2023,38,0.0,0.0
IT,2023,39,0.0,0.0
IT,2023,40,0.0,0.0
IT,2023,41,0.0,0.0
IT,2023,42,0.0,0.0
IT,2023,43,0.0,0.0
IT,2023,44,0.0,0.0
IT,2023,45,0.0,0.0
IT,2023,46,0.0,0.0
IT,2023,47,0.0,0.0
IT,2023,48,0.0,0.0
IT,2023,49,0.0,0.0
IT,2023,50,0.0,0.0
IT,2023,51,0.0,0.0
IT,2023,52,0.0,0.0
IT,2023,53,0.0,0.0
IT,2023,54,0.0,0.0
IT,2023,55,0.0,0.0
IT,2023,56,0.0,0.0
IT,2023,57,0.0,0.0
IT,2023,58,0.0,0.0
IT,2023,59,0.0,0.0
IT,2023,60,0.0,0.0
IT,2023,61,0.0,0.0
IT,2023,62,0.0,0.0
IT,2023,63,0.0,0.0
IT,2023,64,0.0,0.0
IT,2023,65,0.0,0.0
IT,2023,66,0.0,0.0
IT,2023,67,0.0,0.0
IT,2023,68,0.0,0.0
IT,2023,69,0.0,0.0
IT,2023,70,0.0,0.0
IT,2023,71,0.0,0.0
IT,2023,72,0.0,0.0
IT,2023,73,0.0,0.0
IT,2023,74,0.0,0.0
IT,2023,75,0.0,0.0
IT,2023,76,0.0,0.0
IT,2023,77,0.0,0.0
IT,2023,78,0.0,0.0
IT,2023,79,0.0,0.0
IT,2023,80,0.0,0.0
IT,2023,81,0.0,0.0
IT,2023,82,0.0,0.0
IT,2023,83,0.0,0.0
IT,2023,84,0.0,0.0
IT,2023,85,0.0,0.0
IT,2023,86,0.0,0.0
IT,2023,87,0.0,0.0
IT,2023,88,0.0,0.0
IT,2023,89,0.0,0.0
IT,2023,90,0.0,0.0
IT,2023,91,0.0,0.0
IT,2023,92,0.0,0.0
IT,2023,93,0.0,0.0
IT,2023,94,0.0,0.0
IT,2023,95,0.0,0.0
IT,2023,96,0.0,0.0
IT,2023,97,0.0,0.0
IT,2023,98,0.0,0.0
IT,2023,99,0.0,0.0
IT,2023,100,0.0,0.0
IT,2023,101,0.0,0.0
IT,2023,102,0.0,0.0
IT,2023,103,0.0,0.0
IT,2023,104,0.0,0.0
IT,2023,105,0.0,0.0
IT,2023,106,0.0,0.0
IT,2023,107,0.0,0.0
IT,2023,108,0.0,0.0
IT,2023,109,0.0,0.0
IT,2023,110,0.0,0.0
IT,2023,111,0.0,0.0
IT,2023,112,0.0,0.0
IT,2023,113,0.0,0.0
IT,2023,114,0.0,0.0
IT,2023,115,0.0,0.0
IT,2023,116,0.0,0.0
IT,2023,117,0.0,0.0
IT,2023,118,0.0,0.0
IT,2023,119,0.0,0.0
IT,2023,120,0.0,0.0
IT,2023,121,0.0,0.0
IT,2023,122,0.0,0.0
IT,2023,123,0.0,0.0
IT,2023,124,0.0,0.0
IT,2023,125,0.0,0.0
IT,2023,126,0.0,0.0
IT,2023,127,0.0,0.0
IT,2023,128,0.0,0.0
IT,2023,129,0.0,0.0
IT,2023,130,0.0,0.0
IT,2023,131,0.0,0.0
IT,2023,132,0.0,0.0
IT,2023,133,0.0,0.0
IT,2023,134,0.0,0.0
IT,2023,135,0.0,0.0
IT,2023,136,0.0,0.0
IT,2023,137,0.0,0.0
IT,2023,138,0.0,0.0
IT,2023,139,0.0,0.0
IT,2023,140,0.0,0.0
IT,2023,141,0.0,0.0
IT,2023,142,0.0,0.0
IT,2023,143,0.0,0.0
IT,2023,144,0.0,0.0
IT,2023,145,0.0,0.0
IT,2023,146,0.0,0.0
IT,2023,147,0.0,0.0
IT,2023,148,0.0,0.0
IT,2023,149,0.0,0.0
IT,2023,150,0.0,0.0
IT,2023,151,0.0,0.0
IT,2023,152,0.0,0.0
IT,2023,153,0.0,0.0
IT,2023,154,0.0,0.0
IT,2023,155,0.0,0.0
IT,2023,156,0.0,0.0
IT,2023,157,0.0,0.0
IT,2023,158,0.0,0.0
IT,2023,159,0.0,0.0
IT,2023,160,0.0,0.0
IT,2023,161,0.0,0.0
IT,2023,162,0.0,0.0
IT,2023,163,0.0,0.0
IT,2023,164,0.0,0.0
IT,2023,165,0.0,0.0
IT,2023,166,0.0,0.0
IT,2023,167,0.0,0.0
IT,2023,168,0.0,0.0
IT,2023,169,0.0,0.0
IT,2023,170,0.0,0.0
IT,2023,171,0.0,0.0
IT,2023,172,0.0,0.0
IT,2023,173,0.0,0.0
IT,2023,174,0.0,0.0
IT,2023,175,0.0,0.0
IT,2023,176,0.0,0.0
IT,2023,177,0.0,0.0
IT,2023,178,0.0,0.0
IT,2023,179,0.0,0.0
IT,2023,180,0.0,0.0
IT,2023,181,0.0,0.0
IT,2023,182,0.0,0.0
IT,2023,183,0.0,0.0
IT,2023,184,0.0,0.0
IT,2023,185,0.0,0.0
IT,2023,186,0.0,0.0
IT,2023,187,0.0,0.0
IT,2023,188,0.0,0.0
IT,2023,189,0.0,0.0
IT,2023,190,0.0,0.0
IT,2023,191,0.0,0.0
IT,2023,192,0.0,0.0
IT,2023,193,0.0,0.0
IT,2023,194,0.0,0.0
IT,2023,195,0.0,0.0
IT,2023,196,0.0,0.0
IT,2023,197,0.0,0.0
IT,2023,198,0.0,0.0
IT,2023,199,0.0,0.0
IT,2023,200,0.0,0.0
IT,2023,201,0.0,0.0
IT,2023,202,0.0,0.0
IT,2023,203,0.0,0.0
IT,2023,204,0.0,0.0
IT,2023,205,0.0,0.0
IT,2023,206,0.0,0.0
IT,2023,207,0.0,0.0
IT,2023,208,0.0,0.0
IT,2023,209,0.0,0.0
IT,2023,210,0.0,0.0
IT,2023,211,0.0,0.0
IT,2023,212,0.0,0.0
IT,2023,213,0.0,0.0
IT,2023,214,0.0,0.0
IT,2023,215,0.0,0.0
IT,2023,216,0.0,0.0
IT,2023,217,0.0,0.0
IT,2023,218,0.0,0.0
IT,2023,219,0.0,0.0
IT,2023,220,0.0,0.0
IT,2023,221,0.0,0.0
IT,2023,222,0.0,0.0
IT,2023,223,0.0,0.0
IT,2023,224,0.0,0.0
IT,2023,225,0.0,0.0
IT,2023,226,0.0,0.0
IT,2023,227,0.0,0.0
IT,2023,228,0.0,0.0
IT,2023,229,0.0,0.0
IT,2023,230,0.0,0.0
IT,2023,231,0.0,0.0
IT,2023,232,0.0,0.0
IT,2023,233,0.0,0.0
IT,2023,234,0.0,0.0
IT,2023,235,0.0,0.0
IT,2023,236,0.0,0.0
IT,2023,237,0.0,0.0
IT,2023,238,0.0,0.0
IT,2023,239,0.0,0.0
IT,2023,240,0.0,0.0
IT,2023,241,0.0,0.0
IT,2023,242,0.0,0.0
IT,2023,243,0.0,0.0
IT,2023,244,0.0,0.0
IT,2023,245,0.0,0.0
IT,2023,246,0.0,0.0
IT,2023,247,0.0,0.0
IT,2023,248,0.0,0.0
IT,2023,249,0.0,0.0
IT,2023,250,0.0,0.0
IT,2023,251,0.0,0.0
IT,2023,252,0.0,0.0
IT,2023,253,0.0,0.0
IT,2023,254,0.0,0.0
IT,2023,255,0.0,0.0
IT,2023,256,0.0,0.0
IT,2023,257,0.0,0.0
IT,2023,258,0.0,0.0
IT,2023,259,0.0,0.0
IT,2023,260,0.0,0.0
IT,2023,261,0.0,0.0
IT,2023,262,0.0,0.0
IT,2023,263,0.0,0.0
IT,2023,264,0.0,0.0
IT,2023,265,0.0,0.0
IT,2023,266,0.0,0.0
IT,2023,267,0.0,0.0
IT,2023,268,0.0,0.0
IT,2023,269,0.0,0.0
IT,2023,270,0.0,0.0
IT,2023,271,0.0,0.0
IT,2023,272,0.0,0.0
IT,2023,273,0.0,0.0
IT,2023,274,0.0,0.0
IT,2023,275,0.0,0.0
IT,2023,276,0.0,0.0
IT,2023,277,0.0,0.0
IT,2023,278,0.0,0.0
IT,2023,279,0.0,0.0
IT,2023,280,0.0,0.0
IT,2023,281,0.0,0.0
IT,2023,282,0.0,0.0
IT,2023,283,0.0,0.0
IT,2023,284,0.0,0.0
IT,2023,285,0.0,0.0
IT,2023,286,0.0,0.0
IT,2023,287,0.0,0.0
IT,2023,288,0.0,0.0
IT,2023,289,0.0,0.0
IT,2023,290,0.0,0.0
IT,2023,291,0.0,0.0
IT,2023,292,0.0,0.0
IT,2023,293,0.0,0.0
IT,2023,294,0.0,0.0
IT,2023,295,0.0,0.0
IT,2023,296,0.0,0.0
IT,2023,297,0.0,0.0
IT,2023,298,0.0,0.0
IT,2023,299,0.0,0.0
IT,2023,300,0.0,0.0
IT,2023,301,0.0,0.0
IT,2023,302,0.0,0.0
IT,2023,303,0.0,0.0
IT,2023,304,0.0,0.0
IT,2023,305,0.0,0.0
IT,2023,306,0.0,0.0
IT,2023,307,0.0,0.0
IT,2023,308,0.0,0.0
IT,2023,309,0.0,0.0
IT,2023,310,0.0,0.0
IT,2023,311,0.0,0.0
IT,2023,312,0.0,0.0
IT,2023,313,0.0,0.0
IT,2023,314,0.0,0.0
IT,2023,315,0.0,0.0
IT,2023,316,0.0,0.0
IT,2023,317,0.0,0.0
IT,2023,318,0.0,0.0
IT,2023,319,0.0,0.0
IT,2023,320,0.0,0.0
IT,2023,321,0.0,0.0
IT,2023,322,0.0,0.0
IT,2023,323,0.0,0.0
IT,2023,324,0.0,0.0
IT,2023,325,0.0,0.0
IT,2023,326,0.0,0.0
IT,2023,327,0.0,0.0
IT,2023,328,0.0,0.0
IT,2023,329,0.0,0.0
IT,2023,330,0.0,0.0
IT,2023,331,0.0,0.0
IT,2023,332,0.0,0.0
IT,2023,333,0.0,0.0
IT,2023,334,0.0,0.0
IT,2023,335,0.0,0.0
IT,2023,336,0.0,0.0
IT,2023,337,0.0,0.0
IT,2023,338,0.0,0.0
IT,2023,339,0.0,0.0
IT,2023,340,0.0,0.0
IT,2023,341,0.0,0.0
IT,2023,342,0.0,0.0
IT,2023,343,0.0,0.0
IT,2023,344,0.0,0.0
IT,2023,345,0.0,0.0
IT,2023,346,0.0,0.0
IT,2023,347,0.0,0.0
IT,2023,348,0.0,0.0
IT,2023,349,0.0,0.0
IT,2023,350,0.0,0.0
IT,2023,351,0.0,0.0
IT,2023,352,0.0,0.0
IT,2023,353,0.0,0.0
IT,2023,354,0.0,0.0
IT,2023,355,0.0,0.0
IT,2023,356,0.0,0.0
IT,2023,357,0.0,0.0
IT,2023,358,0.0,0.0
IT,2023,359,0.0,0.0
IT,2023,360,0.0,0.0
IT,2023,361,0.0,0.0
IT,2023,362,0.0,0.0
IT,2023,363,0.0,0.0
IT,2023,364,0.0,0.0
IT,2023,365,0.0,0.0
IT,2023,366,,
IT,2024,1,0.0,0.0
IT,2024,2,0.0,0.0
IT,2024,3,0.0,0.0
IT,2024,4,0.0,0.0
IT,2024,5,0.0,0.0
IT,2024,6,0.0,0.0
IT,2024,7,0.0,0.0
IT,2024,8,0.0,0.0
IT,2024,9,0.0,0.0
IT,2024,10,0.0,0.0
IT,2024,11,0.0,0.0
IT,2024,12,0.0,0.0
IT,2024,13,0.0,0.0
IT,2024,14,0.0,0.0
IT,2024,15,0.0,0.0
IT,2024,16,0.0,0.0
IT,2024,17,0.0,0.0
IT,2024,18,0.0,0.0
IT,2024,19,0.0,0.0
IT,2024,20,0.0,0.0
IT,2024,21,0.0,0.0
IT,2024,22,0.0,0.0
IT,2024,23,0.0,0.0
IT,2024,24,0.0,0.0
IT,2024,25,0.0,0.0
IT,2024,26,0.0,0.0
IT,2024,27,0.0,0.0
IT,2024,28,0.0,0.0
IT,2024,29,0.0,0.0
IT,2024,30,0.0,0.0
IT,2024,31,0.0,0.0
IT,2024,32,0.0,0.0
IT,2024,33,0.0,0.0
IT,2024,34,0.0,0.0
IT,2024,35,0.0,0.0
IT,2024,36,0.0,0.0
IT,2024,37,0.0,0.0
IT,2024,38,0.0,0.0
IT,2024,39,0.0,0.0
IT,2024,40,0.0,0.0
IT,2024,41,0.0,0.0
IT,2024,42,0.0,0.0
IT,2024,43,0.0,0.0
IT,2024,44,0.0,0.0
IT,2024,45,0.0,0.0
IT,2024,46,0.0,0.0
IT,2024,47,0.0,0.0
IT,2024,48,0.0,0.0
IT,2024,49,0.0,0.0
IT,2024,50,0.0,0.0
IT,2024,51,0.0,0.0
IT,2024,52,0.0,0.0
IT,2024,53,0.0,0.0
IT,2024,54,0.0,0.0
IT,2024,55,0.0,0.0
IT,2024,56,0.0,0.0
IT,2024,57,0.0,0.0
IT,2024,58,0.0,0.0
IT,2024,59,0.0,0.0
IT,2024,60,0.0,0.0
IT,2024,61,0.0,0.0
IT,2024,62,0.0,0.0
IT,2024,63,0.0,0.0
IT,2024,64,0.0,0.0
IT,2024,65,0.0,0.0
IT,2024,66,0.0,0.0
IT,2024,67,0.0,0.0
IT,2024,68,0.0,0.0
IT,2024,69,0.0,0.0
IT,2024,70,0.0,0.0
IT,2024,71,0.0,0.0
IT,2024,72,0.0,0.0
IT,2024,73,0.0,0.0
IT,2024,74,0.0,0.0
IT,2024,75,0.0,0.0
IT,2024,76,0.0,0.0
IT,2024,77,0.0,0.0
IT,2024,78,0.0,0.0
IT,2024,79,0.0,0.0
IT,2024,80,0.0,0.0
IT,2024,81,0.0,0.0
IT,2024,82,0.0,0.0
IT,2024,83,0.0,0.0
IT,2024,84,1.0,0.0
IT,2024,85,1.0,0.0
IT,2024,86,1.0,0.0
IT,2024,87,1.0,0.0
IT,2024,88,1.0,0.0
IT,2024,89,1.0,0.0
IT,2024,90,1.0,0.0
IT,2024,91,1.0,0.0
IT,2024,92,2.0,0.0
IT,2024,93,2.0,0.0
IT,2024,94,2.0,0.0
IT,2024,95,2.0,0.0
IT,2024,96,2.0,0.0
IT,2024,97,2.0,0.0
IT,2024,98,3.0,0.0
IT,2024,99,3.0,0.0
IT,2024,100,3.0,0.0
IT,2024,101,3.0,0.0
IT,2024,102,3.0,0.0
IT,2024,103,3.0,0.0
IT,2024,104,3.0,0.0
IT,2024,105,3.0,0.0
IT,2024,106,3.0,0.0
IT,2024,107,3.0,0.0
IT,2024,108,3.0,0.0
IT,2024,109,3.0,0.0
IT,2024,110,3.0,0.0
IT,2024,111,3.0,0.0
IT,2024,112,3.0,0.0
IT,2024,113,3.0,0.0
IT,2024,114,3.0,0.0
IT,2024,115,3.0,0.0
IT,2024,116,3.0,0.0
IT,2024,117,3.0,0.0
IT,2024,118,3.0,0.0
IT,2024,119,3.0,0.0
IT,2024,120,3.0,0.0
IT,2024,121,3.0,0.0
IT,2024,122,3.0,0.0
IT,2024,123,3.0,0.0
IT,2024,124,3.0,0.0
IT,2024,125,3.0,0.0
IT,2024,126,3.0,0.0
IT,2024,127,3.0,0.0
IT,2024,128,3.0,0.0
IT,2024,129,3.0,0.0
IT,2024,130,3.0,0.0
IT,2024,131,3.0,0.0
IT,2024,132,3.0,0.0
IT,2024,133,3.0,0.0
IT,2024,134,3.0,0.0
IT,2024,135,3.0,0.0
IT,2024,136,3.0,0.0
IT,2024,137,3.0,0.0
IT,2024,138,3.0,0.0
IT,2024,139,3.0,0.0
IT,2024,140,3.0,0.0
IT,2024,141,3.0,0.0
IT,2024,142,3.0,0.0
IT,2024,143,3.0,0.0
IT,2024,144,3.0,0.0
IT,2024,145,3.0,0.0
IT,2024,146,3.0,0.0
IT,2024,147,3.0,0.0
IT,2024,148,3.0,0.0
IT,2024,149,3.0,0.0
IT,2024,150,3.0,0.0
IT,2024,151,3.0,0.0
IT,2024,152,3.0,0.0
IT,2024,153,3.0,0.0
IT,2024,154,3.0,0.0
IT,2024,155,3.0,0.0
IT,2024,156,3.0,0.0
IT,2024,157,3.0,0.0
IT,2024,158,3.0,0.0
IT,2024,159,3.0,0.0
IT,2024,160,3.0,0.0
IT,2024,161,3.0,0.0
IT,2024,162,3.0,0.0
IT,2024,163,3.0,0.0
IT,2024,164,3.0,0.0
IT,2024,165,3.0,0.0
IT,2024,166,3.0,0.0
IT,2024,167,3.0,0.0
IT,2024,168,3.0,0.0
IT,2024,169,3.0,0.0
IT,2024,170,3.0,0.0
IT,2024,171,3.0,0.0
IT,2024,172,3.0,0.0
IT,2024,173,3.0,0.0
IT,2024,174,3.0,0.0
IT,2024,175,3.0,0.0
IT,2024,176,3.0,0.0
IT,2024,177,3.0,0.0
IT,2024,178,3.0,0.0
IT,2024,179,3.0,0.0
IT,2024,180,3.0,0.0
IT,2024,181,3.0,0.0
IT,2024,182,3.0,0.0
IT,2024,183,3.0,0.0
IT,2024,184,3.0,0.0
IT,2024,185,3.0,0.0
IT,2024,186,3.0,0.0
IT,2024,187,3.0,0.0
IT,2024,188,3.0,0.0
IT,2024,189,3.0,0.0
IT,2024,190,3.0,0.0
IT,2024,191,3.0,0.0
IT,2024,192,3.0,0.0
IT,2024,193,3.0,0.0
IT,2024,194,3.0,0.0
IT,2024,195,3.0,0.0
IT,2024,196,3.0,0.0
IT,2024,197,3.0,0.0
IT,2024,198,3.0,0.0
IT,2024,199,3.0,0.0
IT,2024,200,3.0,0.0
IT,2024,201,3.0,0.0
IT,2024,202,3.0,0.0
IT,2024,203,3.0,0.0
IT,2024,204,3.0,0.0
IT,2024,205,3.0,0.0
IT,2024,206,3.0,0.0
IT,2024,207,3.0,0.0
IT,2024,208,3.0,0.0
IT,2024,209,3.0,0.0
IT,2024,210,3.0,0.0
IT,2024,211,3.0,0.0
IT,2024,212,3.0,0.0
IT,2024,213,3.0,0.0
IT,2024,214,3.0,0.0
IT,2024,215,3.0,0.0
IT,2024,216,3.0,0.0
IT,2024,217,3.0,0.0
IT,2024,218,3.0,0.0
IT,2024,219,3.0,0.0
IT,2024,220,3.0,0.0
IT,2024,221,3.0,0.0
IT,2024,222,3.0,0.0
IT,2024,223,3.0,0.0
IT,2024,224,3.0,0.0
IT,2024,225,3.0,0.0
IT,2024,226,3.0,0.0
IT,2024,227,3.0,0.0
IT,2024,228,3.0,0.0
IT,2024,229,3.0,0.0
IT,2024,230,3.0,0.0
IT,2024,231,3.0,0.0
IT,2024,232,3.0,0.0
IT,2024,233,3.0,0.0
IT,2024,234,3.0,0.0
IT,2024,235,3.0,0.0
IT,2024,236,3.0,0.0
IT,2024,237,3.0,0.0
IT,2024,238,3.0,0.0
IT,2024,239,3.0,0.0
IT,2024,240,3.0,0.0
IT,2024,241,3.0,0.0
IT,2024,242,3.0,0.0
IT,2024,243,3.0,0.0
IT,2024,244,3.0,0.0
IT,2024,245,3.0,0.0
IT,2024,246,3.0,0.0
IT,2024,247,3.0,0.0
IT,2024,248,3.0,0.0
IT,2024,249,3.0,0.0
IT,2024,250,3.0,0.0
IT,2024,251,3.0,0.0
IT,2024,252,3.0,0.0
IT,2024,253,3.0,0.0
IT,2024,254,3.0,0.0
IT,2024,255,3.0,0.0
IT,2024,256,3.0,0.0
IT,2024,257,3.0,0.0
IT,2024,258,3.0,0.0
IT,2024,259,3.0,0.0
IT,2024,260,3.0,0.0
IT,2024,261,3.0,0.0
IT,2024,262,3.0,0.0
IT,2024,263,3.0,0.0
IT,2024,264,3.0,0.0
IT,2024,265,3.0,0.0
IT,2024,266,3.0,0.0
IT,2024,267,3.0,0.0
IT,2024,268,3.0,0.0
IT,2024,269,3.0,0.0
IT,2024,270,3.0,0.0
IT,2024,271,3.0,0.0
IT,2024,272,3.0,0.0
IT,2024,273,4.0,0.0
IT,2024,274,4.0,0.0
IT,2024,275,4.0,0.0
IT,2024,276,4.0,0.0
IT,2024,277,4.0,0.0
IT,2024,278,4.0,0.0
IT,2024,279,4.0,0.0
IT,2024,280,4.0,0.0
IT,2024,281,4.0,0.0
IT,2024,282,4.0,0.0
IT,2024,283,4.0,0.0
IT,2024,284,4.0,0.0
IT,2024,285,4.0,0.0
IT,2024,286,4.0,0.0
IT,2024,287,4.0,0.0
IT,2024,288,4.0,0.0
IT,2024,289,4.0,0.0
IT,2024,290,4.0,0.0
IT,2024,291,4.0,0.0
IT,2024,292,4.0,0.0
IT,2024,293,4.0,0.0
IT,2024,294,4.0,0.0
IT,2024,295,4.0,0.0
IT,2024,296,4.0,0.0
IT,2024,297,4.0,0.0
IT,2024,298,4.0,0.0
IT,2024,299,4.0,0.0
IT,2024,300,4.0,0.0
IT,2024,301,4.0,0.0
IT,2024,302,4.0,0.0
IT,2024,303,4.0,0.0
IT,2024,304,4.0,0.0
IT,2024,305,4.0,0.0
IT,2024,306,4.0,0.0
IT,2024,307,4.0,0.0
IT,2024,308,4.0,0.0
IT,2024,309,4.0,0.0
IT,2024,310,4.0,0.0
IT,2024,311,4.0,0.0
IT,2024,312,4.0,0.0
IT,2024,313,4.0,0.0
IT,2024,314,4.0,0.0
IT,2024,315,4.0,0.0
IT,2024,316,4.0,0.0
IT,2024,317,4.0,0.0
IT,2024,318,4.0,0.0
IT,2024,319,4.0,0.0
IT,2024,320,4.0,0.0
IT,2024,321,4.0,0.0
IT,2024,322,4.0,0.0
IT,2024,323,4.0,0.0
IT,2024,324,4.0,0.0
IT,2024,325,4.0,0.0
IT,2024,326,4.0,0.0
IT,2024,327,4.0,0.0
IT,2024,328,4.0,0.0
IT,2024,329,4.0,0.0
IT,2024,330,4.0,0.0
IT,2024,331,4.0,0.0
IT,2024,332,4.0,0.0
IT,2024,333,4.0,0.0
IT,2024,334,4.0,0.0
IT,2024,335,4.0,0.0
IT,2024,336,4.0,0.0
IT,2024,337,4.0,0.0
IT,2024,338,4.0,0.0
IT,2024,339,4.0,0.0
IT,2024,340,4.0,0.0
IT,2024,341,4.0,0.0
IT,2024,342,4.0,0.0
IT,2024,343,4.0,0.0
IT,2024,344,4.0,0.0
IT,2024,345,4.0,0.0
IT,2024,346,4.0,0.0
IT,2024,347,4.0,0.0
IT,2024,348,4.0,0.0
IT,2024,349,4.0,0.0
IT,2024,350,4.0,0.0
IT,2024,351,4.0,0.0
IT,2024,352,4.0,0.0
IT,2024,353,4.0,0.0
IT,2024,354,4.0,0.0
IT,2024,355,4.0,0.0
IT,2024,356,4.0,0.0
IT,2024,357,4.0,0.0
IT,2024,358,4.0,0.0
IT,2024,359,4.0,0.0
IT,2024,360,4.0,0.0
IT,2024,361,4.0,0.0
IT,2024,362,4.0,0.0
IT,2024,363,4.0,0.0
IT,2024,364,4.0,0.0
IT,2024,365,4.0,0.0
IT,2024,366,4.0,0.0
IT,2025,1,0.0,0.0
IT,2025,2,0.0,0.0
IT,2025,3,0.0,0.0
IT,2025,4,0.0,0.0
IT,2025,5,0.0,0.0
IT,2025,6,0.0,0.0
IT,2025,7,0.0,0.0
IT,2025,8,0.0,0.0
IT,2025,9,0.0,0.0
IT,2025,10,0.0,0.0
IT,2025,11,0.0,0.0
IT,2025,12,0.0,0.0
IT,2025,13,0.0,0.0
IT,2025,14,0.0,0.0
IT,2025,15,0.0,0.0
IT,2025,16,0.0,0.0
IT,2025,17,0.0,0.0
IT,2025,18,0.0,0.0
IT,2025,19,0.0,0.0
IT,2025,20,0.0,0.0
IT,2025,21,0.0,0.0
IT,2025,22,0.0,0.0
IT,2025,23,0.0,0.0
IT,2025,24,0.0,0.0
IT,2025,25,0.0,0.0
IT,2025,26,0.0,0.0
IT,2025,27,0.0,0.0
IT,2025,28,0.0,0.0
IT,2025,29,0.0,0.0
IT,2025,30,0.0,0.0
IT,2025,31,0.0,0.0
IT,2025,32,0.0,0.0
IT,2025,33,0.0,0.0
IT,2025,34,0.0,0.0
IT,2025,35,0.0,0.0
IT,2025,36,0.0,0.0
IT,2025,37,0.0,0.0
IT,2025,38,0.0,0.0
IT,2025,39,0.0,0.0
IT,2025,40,0.0,0.0
IT,2025,41,0.0,0.0
IT,2025,42,0.0,0.0
IT,2025,43,0.0,0.0
IT,2025,44,0.0,0.0
IT,2025,45,0.0,0.0
IT,2025,46,0.0,0.0
IT,2025,47,0.0,0.0
IT,2025,48,0.0,0.0
IT,2025,49,0.0,0.0
IT,2025,50,0.0,0.0
IT,2025,51,0.0,0.0
IT,2025,52,0.0,0.0
IT,2025,53,0.0,0.0
IT,2025,54,0.0,0.0
IT,2025,55,0.0,0.0
IT,2025,56,0.0,0.0
IT,2025,57,0.0,0.0
IT,2025,58,0.0,0.0
IT,2025,59,0.0,0.0
IT,2025,60,0.0,0.0
IT,2025,61,0.0,0.0
IT,2025,62,0.0,0.0
IT,2025,63,0.0,0.0
IT,2025,64,0.0,0.0
IT,2025,65,0.0,0.0
IT,2025,66,0.0,0.0
IT,2025,67,0.0,0.0
IT,2025,68,0.0,0.0
IT,2025,69,0.0,0.0
IT,2025,70,0.0,0.0
IT,2025,71,0.0,0.0
IT,2025,72,0.0,0.0
IT,2025,73,0.0,0.0
IT,2025,74,0.0,0.0
IT,2025,75,0.0,0.0
IT,2025,76,0.0,0.0
IT,2025,77,0.0,0.0
IT,2025,78,0.0,0.0
IT,2025,79,0.0,0.0
IT,2025,80,0.0,0.0
IT,2025,81,0.0,0.0
IT,2025,82,0.0,0.0
IT,2025,83,0.0,0.0
IT,2025,84,0.0,0.0
IT,2025,85,0.0,0.0
IT,2025,86,0.0,0.0
IT,2025,87,0.0,0.0
IT,2025,88,0.0,0.0
IT,2025,89,0.0,0.0
IT,2025,90,0.0,0.0
IT,2025,91,0.0,0.0
IT,2025,92,0.0,0.0
IT,2025,93,0.0,0.0
IT,2025,94,0.0,0.0
IT,2025,95,0.0,0.0
IT,2025,96,0.0,0.0
IT,2025,97,0.0,0.0
IT,2025,98,0.0,0.0
IT,2025,99,0.0,0.0
IT,2025,100,0.0,0.0
IT,2025,101,0.0,0.0
IT,2025,102,0.0,0.0
IT,2025,103,0.0,0.0
IT,2025,104,0.0,0.0
IT,2025,105,0.0,0.0
IT,2025,106,0.0,0.0
IT,2025,107,0.0,0.0
IT,2025,108,0.0,0.0
IT,2025,109,0.0,0.0
IT,2025,110,0.0,0.0
IT,2025,111,0.0,0.0
IT,2025,112,0.0,0.0
IT,2025,113,0.0,0.0
IT,2025,114,0.0,0.0
IT,2025,115,0.0,0.0
IT,2025,116,0.0,0.0
IT,2025,117,0.0,0.0
IT,2025,118,0.0,0.0
IT,2025,119,0.0,0.0
IT,2025,120,0.0,0.0
IT,2025,121,3.0,0.0
IT,2025,122,3.0,0.0
IT,2025,123,3.0,0.0
IT,2025,124,3.0,0.0
IT,2025,125,3.0,0.0
IT,2025,126,3.0,0.0
IT,2025,127,3.0,0.0
IT,2025,128,3.0,0.0
IT,2025,129,3.0,0.0
IT,2025,130,3.0,0.0
IT,2025,131,3.0,0.0
IT,2025,132,3.0,0.0
IT,2025,133,3.0,0.0
IT,2025,134,3.0,0.0
IT,2025,135,3.0,0.0
IT,2025,136,3.0,0.0
IT,2025,137,3.0,0.0
IT,2025,138,6.0,0.0
IT,2025,139,6.0,0.0
IT,2025,140,6.0,0.0
IT,2025,141,6.0,0.0
IT,2025,142,6.0,0.0
IT,2025,143,6.0,0.0
IT,2025,144,6.0,0.0
IT,2025,145,13.0,0.0
IT,2025,146,13.0,0.0
IT,2025,147,13.0,0.0
IT,2025,148,13.0,0.0
IT,2025,149,13.0,0.0
IT,2025,150,13.0,0.0
IT,2025,151,13.0,0.0
IT,2025,152,13.0,0.0
IT,2025,153,13.0,0.0
IT,2025,154,13.0,0.0
IT,2025,155,13.0,0.0
IT,2025,156,13.0,0.0
IT,2025,157,13.0,0.0
IT,2025,158,13.0,0.0
IT,2025,159,13.0,0.0
IT,2025,160,13.0,0.0
IT,2025,161,13.0,0.0
IT,2025,162,13.0,0.0
IT,2025,163,13.0,0.0
IT,2025,164,13.0,0.0
IT,2025,165,13.0,0.0
IT,2025,166,13.0,0.0
IT,2025,167,13.0,0.0
IT,2025,168,13.0,0.0
IT,2025,169,13.0,0.0
IT,2025,170,13.0,0.0
IT,2025,171,13.0,0.0
IT,2025,172,13.0,0.0
IT,2025,173,13.0,0.0
IT,2025,174,13.0,0.0
IT,2025,175,13.0,0.0
IT,2025,176,13.0,0.0
IT,2025,177,13.0,0.0
IT,2025,178,13.0,0.0
IT,2025,179,13.0,0.0
IT,2025,180,13.0,0.0
IT,2025,181,13.0,0.0
IT,2025,182,13.0,0.0
IT,2025,183,13.0,0.0
IT,2025,184,13.0,0.0
IT,2025,185,13.0,0.0
IT,2025,186,13.0,0.0
IT,2025,187,13.0,0.0
IT,2025,188,13.0,0.0
IT,2025,189,13.0,0.0
IT,2025,190,13.0,0.0
IT,2025,191,13.0,0.0
IT,2025,192,13.0,0.0
IT,2025,193,13.0,0.0
IT,2025,194,13.0,0.0
IT,2025,195,13.0,0.0
IT,2025,196,13.0,0.0
IT,2025,197,13.0,0.0
IT,2025,198,13.0,0.0
IT,2025,199,13.0,0.0
IT,2025,200,13.0,0.0
IT,2025,201,13.0,0.0
IT,2025,202,13.0,0.0
IT,2025,203,13.0,0.0
IT,2025,204,13.0,0.0
IT,2025,205,13.0,0.0
IT,2025,206,13.0,0.0
IT,2025,207,13.0,0.0
IT,2025,208,13.0,0.0
IT,2025,209,13.0,0.0
IT,2025,210,13.0,0.0
IT,2025,211,13.0,0.0
IT,2025,212,13.0,0.0
IT,2025,213,13.0,0.0
IT,2025,214,13.0,0.0
IT,2025,215,13.0,0.0
IT,2025,216,13.0,0.0
IT,2025,217,13.0,0.0
IT,2025,218,13.0,0.0
IT,2025,219,13.0,0.0
IT,2025,220,13.0,0.0
IT,2025,221,13.0,0.0
IT,2025,222,13.0,0.0
IT,2025,223,13.0,0.0
IT,2025,224,13.0,0.0
IT,2025,225,13.0,0.0
IT,2025,226,13.0,0.0
IT,2025,227,13.0,0.0
IT,2025,228,13.0,0.0
IT,2025,229,13.0,0.0
IT,2025,230,13.0,0.0
IT,2025,231,13.0,0.0
IT,2025,232,13.0,0.0
IT,2025,233,13.0,0.0
IT,2025,234,13.0,0.0
IT,2025,235,13.0,0.0
IT,2025,236,13.0,0.0
IT,2025,237,13.0,0.0
IT,2025,238,13.0,0.0
IT,2025,239,13.0,0.0
IT,2025,240,13.0,0.0
IT,2025,241,13.0,0.0
IT,2025,242,13.0,0.0
IT,2025,243,13.0,0.0
IT,2025,244,13.0,0.0
IT,2025,245,13.0,0.0
IT,2025,246,13.0,0.0
IT,2025,247,13.0,0.0
IT,2025,248,13.0,0.0
IT,2025,249,13.0,0.0
IT,2025,250,13.0,0.0
IT,2025,251,13.0,0.0
IT,2025,252,13.0,0.0
IT,2025,253,13.0,0.0
IT,2025,254,13.0,0.0
IT,2025,255,13.0,0.0
IT,2025,256,13.0,0.0
IT,2025,257,13.0,0.0
IT,2025,258,13.0,0.0
IT,2025,259,13.0,0.0
IT,2025,260,13.0,0.0
IT,2025,261,13.0,0.0
IT,2025,262,13.0,0.0
IT,2025,263,13.0,0.0
IT,2025,264,13.0,0.0
IT,2025,265,13.0,0.0
IT,2025,266,13.0,0.0
IT,2025,267,13.0,0.0
IT,2025,268,13.0,0.0
IT,2025,269,13.0,0.0
IT,2025,270,13.0,0.0
IT,2025,271,13.0,0.0
IT,2025,272,13.0,0.0
IT,2025,273,13.0,0.0
IT,2025,274,13.0,0.0
IT,2025,275,13.0,0.0
IT,2025,276,13.0,0.0
IT,2025,277,13.0,0.0
IT,2025,278,13.0,0.0
IT,2025,279,13.0,0.0
IT,2025,280,13.0,0.0
IT,2025,281,13.0,0.0
IT,2025,282,13.0,0.0
IT,2025,283,13.0,0.0
IT,2025,284,13.0,0.0
IT,2025,285,13.0,0.0
IT,2025,286,13.0,0.0
IT,2025,287,13.0,0.0
IT,2025,288,13.0,0.0
IT,2025,289,13.0,0.0
IT,2025,290,13.0,0.0
IT,2025,291,13.0,0.0
IT,2025,292,13.0,0.0
IT,2025,293,13.0,0.0
IT,2025,294,13.0,0.0
IT,2025,295,13.0,0.0
IT,2025,296,13.0,0.0
IT,2025,297,13.0,0.0
IT,2025,298,13.0,0.0
IT,2025,299,13.0,0.0
IT,2025,300,13.0,0.0
IT,2025,301,13.0,0.0
IT,2025,302,13.0,0.0
IT,2025,303,13.0,0.0
IT,2025,304,13.0,0.0
IT,2025,305,13.0,0.0
IT,2025,306,13.0,0.0
IT,2025,307,13.0,0.0
IT,2025,308,13.0,0.0
IT,2025,309,13.0,0.0
IT,2025,310,13.0,0.0
IT,2025,311,13.0,0.0
IT,2025,312,13.0,0.0
IT,2025,313,13.0,0.0
IT,2025,314,13.0,0.0
IT,2025,315,13.0,0.0
IT,2025,316,13.0,0.0
IT,2025,317,13.0,0.0
IT,2025,318,13.0,0.0
IT,2025,319,13.0,0.0
IT,2025,320,13.0,0.0
IT,2025,321,13.0,0.0
IT,2025,322,13.0,0.0
IT,2025,323,13.0,0.0
IT,2025,324,13.0,0.0
IT,2025,325,13.0,0.0
IT,2025,326,13.0,0.0
IT,2025,327,13.0,0.0
IT,2025,328,13.0,0.0
IT,2025,329,13.0,0.0
IT,2025,330,13.0,0.0
IT,2025,331,13.0,0.0
IT,2025,332,13.0,0.0
IT,2025,333,13.0,0.0
IT,2025,334,13.0,0.0
IT,2025,335,13.0,0.0
IT,2025,336,13.0,0.0
IT,2025,337,13.0,0.0
IT,2025,338,13.0,0.0
IT,2025,339,13.0,0.0
IT,2025,340,13.0,0.0
IT,2025,341,13.0,0.0
IT,2025,342,13.0,0.0
IT,2025,343,13.0,0.0
IT,2025,344,13.0,0.0
IT,2025,345,13.0,0.0
IT,2025,346,13.0,0.0
IT,2025,347,13.0,0.0
IT,2025,348,13.0,0.0
IT,2025,349,13.0,0.0
IT,2025,350,13.0,0.0
IT,2025,351,13.0,0.0
IT,2025,352,13.0,0.0
IT,2025,353,13.0,0.0
IT,2025,354,13.0,0.0
IT,2025,355,13.0,0.0
IT,2025,356,13.0,0.0
IT,2025,357,13.0,0.0
IT,2025,358,13.0,0.0
IT,2025,359,13.0,0.0
IT,2025,360,13.0,0.0
IT,2025,361,13.0,0.0
IT,2025,362,13.0,0.0
IT,2025,363,13.0,0.0
IT,2025,364,13.0,0.0
IT,2025,365,13.0,0.0
IT,2025,366,,
IT,2026,1,0.0,0.0
IT,2026,2,0.0,0.0
IT,2026,3,0.0,0.0
IT,2026,4,0.0,0.0
IT,2026,5,0.0,0.0
IT,2026,6,0.0,0.0
IT,2026,7,0.0,0.0
IT,2026,8,0.0,0.0
IT,2026,9,0.0,0.0
IT,2026,10,0.0,0.0
IT,2026,11,0.0,0.0
IT,2026,12,0.0,0.0
IT,2026,13,0.0,0.0
IT,2026,14,0.0,0.0
IT,2026,15,0.0,0.0
IT,2026,16,0.0,0.0
IT,2026,17,0.0,0.0
IT,2026,18,0.0,0.0
IT,2026,19,0.0,0.0
IT,2026,20,0.0,0.0
IT,2026,21,0.0,0.0
IT,2026,22,0.0,0.0
IT,2026,23,0.0,0.0
IT,2026,24,0.0,0.0
IT,2026,25,0.0,0.0
IT,2026,26,0.0,0.0
IT,2026,27,0.0,0.0
IT,2026,28,0.0,0.0
IT,2026,29,0.0,0.0
IT,2026,30,0.0,0.0
IT,2026,31,0.0,0.0
IT,2026,32,0.0,0.0
IT,2026,33,0.0,0.0
IT,2026,34,0.0,0.0
IT,2026,35,0.0,0.0
IT,2026,36,0.0,0.0
IT,2026,37,0.0,0.0
IT,2026,38,0.0,0.0
IT,2026,39,0.0,0.0
IT,2026,40,0.0,0.0
IT,2026,41,0.0,0.0
IT,2026,42,0.0,0.0
IT,2026,43,0.0,0.0
IT,2026,44,0.0,0.0
IT,2026,45,0.0,0.0
IT,2026,46,0.0,0.0
IT,2026,47,0.0,0.0
IT,2026,48,0.0,0.0
IT,2026,49,0.0,0.0
IT,2026,50,0.0,0.0
IT,2026,51,0.0,0.0
IT,2026,52,0.0,0.0
IT,2026,53,0.0,0.0
IT,2026,54,0.0,0.0
IT,2026,55,0.0,0.0
IT,2026,56,0.0,0.0
IT,2026,57,0.0,0.0
IT,2026,58,0.0,0.0
IT,2026,59,0.0,0.0
IT,2026,60,0.0,0.0
IT,2026,61,0.0,0.0
IT,2026,62,0.0,0.0
IT,2026,63,0.0,0.0
IT,2026,64,0.0,0.0
IT,2026,65,0.0,0.0
IT,2026,66,0.0,0.0
IT,2026,67,0.0,0.0
IT,2026,68,0.0,0.0
IT,2026,69,0.0,0.0
IT,2026,70,0.0,0.0
IT,2026,71,0.0,0.0
IT,2026,72,0.0,0.0
IT,2026,73,0.0,0.0
IT,2026,74,0.0,0.0
IT,2026,75,0.0,0.0
IT,2026,76,0.0,0.0
IT,2026,77,0.0,0.0
IT,2026,78,0.0,0.0
IT,2026,79,0.0,0.0
IT,2026,80,0.0,0.0
IT,2026,81,0.0,0.0
IT,2026,82,0.0,0.0
IT,2026,83,0.0,0.0
IT,2026,84,0.0,0.0
IT,2026,85,0.0,0.0
IT,2026,86,0.0,0.0
IT,2026,87,0.0,0.0
IT,2026,88,0.0,0.0
IT,2026,89,0.0,0.0
IT,2026,90,0.0,0.0
IT,2026,91,0.0,0.0
IT,2026,92,0.0,0.0
IT,2026,93,0.0,0.0
IT,2026,94,0.0,0.0
IT,2026,95,1.0,0.0
IT,2026,96,1.0,0.0
IT,2026,97,1.0,0.0
IT,2026,98,1.0,0.0
IT,2026,99,1.0,0.0
IT,2026,100,1.0,0.0
IT,2026,101,1.0,0.0
IT,2026,102,1.0,0.0
IT,2026,103,1.0,0.0
IT,2026,104,1.0,0.0
IT,2026,105,1.0,0.0
IT,2026,106,1.0,0.0
IT,2026,107,1.0,0.0
IT,2026,108,1.0,0.0
IT,2026,109,1.0,0.0
IT,2026,110,1.0,0.0
IT,2026,111,1.0,0.0
IT,2026,112,1.0,0.0
IT,2026,113,1.0,0.0
IT,2026,114,1.0,0.0
IT,2026,115,1.0,0.0
IT,2026,116,1.0,0.0
IT,2026,117,1.0,0.0
IT,2026,118,1.0,0.0
IT,2026,119,1.0,0.0
IT,2026,120,1.0,0.0
IT,2026,121,8.0,0.0
IT,2026,122,12.0,0.0
IT,2026,123,13.0,0.0
IT,2026,124,13.0,0.0
IT,2026,125,13.0,0.0
IT,2026,126,13.0,0.0
IT,2026,127,13.0,0.0
IT,2026,128,13.0,0.0
IT,2026,129,13.0,0.0
IT,2026,130,13.0,0.0
IT,2026,131,13.0,0.0
IT,2026,132,13.0,0.0
IT,2026,133,13.0,0.0
IT,2026,134,13.0,0.0
IT,2026,135,13.0,0.0
IT,2026,136,13.0,0.0
IT,2026,137,13.0,0.0
IT,2026,138,13.0,0.0
IT,2026,139,13.0,0.0
IT,2026,140,13.0,0.0
IT,2026,141,13.0,0.0
IT,2026,142,13.0,0.0
IT,2026,143,13.0,0.0
IT,2026,144,18.0,0.0
IT,2026,145,18.0,0.0
IT,2026,146,18.0,0.0
IT,2026,147,18.0,0.0
IT,2026,148,18.0,0.0
IT,2026,149,18.0,0.0
IT,2026,150,18.0,0.0
IT,2026,151,18.0,0.0
IT,2026,152,18.0,0.0
IT,2026,153,18.0,0.0
IT,2026,154,18.0,0.0
IT,2026,155,18.0,0.0
IT,2026,156,18.0,0.0
IT,2026,157,18.0,0.0
IT,2026,158,18.0,0.0
IT,2026,159,18.0,0.0
IT,2026,160,18.0,0.0
IT,2026,161,18.0,0.0
IT,2026,162,18.0,0.0
IT,2026,163,18.0,0.0
IT,2026,164,18.0,0.0
IT,2026,165,19.0,0.0
IT,2026,166,19.0,0.0
IT,2026,167,19.0,0.0
IT,2026,168,19.0,0.0
IT,2026,169,19.0,0.0
IT,2026,170,19.0,0.0
IT,2026,171,19.0,0.0
IT,2026,172,19.0,0.0
IT,2026,173,19.0,0.0
IT,2026,174,19.0,0.0
IT,2026,175,19.0,0.0
IT,2026,176,19.0,0.0
IT,2026,177,19.0,0.0
IT,2026,178,19.0,0.0
IT,2026,179,19.0,0.0
IT,2026,180,19.0,0.0
IT,2026,181,19.0,0.0
IT,2026,182,19.0,0.0
IT,2026,183,19.0,0.0
IT,2026,184,19.0,0.0
IT,2026,185,20.0,0.0
IT,2026,186,24.0,0.0
IT,2026,187,24.0,0.0
IT,2026,188,24.0,0.0
IT,2026,189,24.0,0.0
IT,2026,190,24.0,0.0
IT,2026,191,24.0,0.0
IT,2026,192,24.0,0.0
IT,2026,193,24.0,0.0
IT,2026,194,24.0,0.0
IT,2026,195,24.0,0.0
IT,2026,196,24.0,0.0
IT,2026,197,24.0,0.0
IT,2026,198,24.0,0.0
IT,2026,199,24.0,0.0
IT,2026,200,24.0,0.0
IT,2026,201,24.0,0.0
IT,2026,202,24.0,0.0
IT,2026,203,24.0,0.0
IT,2026,204,24.0,0.0
IT,2026,205,24.0,0.0
IT,2026,206,24.0,0.0
IT,2026,207,24.0,0.0
IT,2026,208,24.0,0.0
IT,2026,209,24.0,0.0
IT,2026,210,24.0,0.0
IT,2026,211,24.0,0.0
IT,2026,212,24.0,0.0
IT,2026,213,24.0,0.0
IT,2026,214,24.0,0.0
IT,2026,215,24.0,0.0
IT,2026,216,24.0,0.0
IT,2026,217,24.0,0.0
IT,2026,218,24.0,0.0
IT,2026,219,24.0,0.0
IT,2026,220,24.0,0.0
IT,2026,221,24.0,0.0
IT,2026,222,24.0,0.0
IT,2026,223,24.0,0.0
IT,2026,224,24.0,0.0
IT,2026,225,24.0,0.0
IT,2026,226,24.0,0.0
IT,2026,227,24.0,0.0
IT,2026,228,24.0,0.0
IT,2026,229,24.0,0.0
IT,2026,230,24.0,0.0
IT,2026,231,24.0,0.0
IT,2026,232,24.0,0.0
IT,2026,233,24.0,0.0
IT,2026,234,24.0,0.0
IT,2026,235,24.0,0.0
IT,2026,236,24.0,0.0
IT,2026,237,24.0,0.0
IT,2026,238,24.0,0.0
IT,2026,239,24.0,0.0
IT,2026,240,24.0,0.0
IT,2026,241,24.0,0.0
IT,2026,242,24.0,0.0
IT,2026,243,24.0,0.0
IT,2026,244,24.0,0.0
IT,2026,245,24.0,0.0
IT,2026,246,24.0,0.0
IT,2026,247,24.0,0.0
IT,2026,248,24.0,0.0
IT,2026,249,,
IT,2026,250,,
IT,2026,251,,
IT,2026,252,,
IT,2026,253,,
IT,2026,254,,
IT,2026,255,,
IT,2026,256,,
IT,2026,257,,
IT,2026,258,,
IT,2026,259,,
IT,2026,260,,
IT,2026,261,,
IT,2026,262,,
IT,2026,263,,
IT,2026,264,,
IT,2026,265,,
IT,2026,266,,
IT,2026,267,,
IT,2026,268,,
IT,2026,269,,
IT,2026,270,,
IT,2026,271,,
IT,2026,272,,
IT,2026,273,,
IT,2026,274,,
IT,2026,275,,
IT,2026,276,,
IT,2026,277,,
IT,2026,278,,
IT,2026,279,,
IT,2026,280,,
IT,2026,281,,
IT,2026,282,,
IT,2026,283,,
IT,2026,284,,
IT,2026,285,,
IT,2026,286,,
IT,2026,287,,
IT,2026,288,,
IT,2026,289,,
IT,2026,290,,
IT,2026,291,,
IT,2026,292,,
IT,2026,293,,
IT,2026,294,,
IT,2026,295,,
IT,2026,296,,
IT,2026,297,,
IT,2026,298,,
IT,2026,299,,
IT,2026,300,,
IT,2026,301,,
IT,2026,302,,
IT,2026,303,,
IT,2026,304,,
IT,2026,305,,
IT,2026,306,,
IT,2026,307,,
IT,2026,308,,
IT,2026,309,,
IT,2026,310,,
IT,2026,311,,
IT,2026,312,,
IT,2026,313,,
IT,2026,314,,
IT,2026,315,,
IT,2026,316,,
IT,2026,317,,
IT,2026,318,,
IT,2026,319,,
IT,2026,320,,
IT,2026,321,,
IT,2026,322,,
IT,2026,323,,
IT,2026,324,,
IT,2026,325,,
IT,2026,326,,
IT,2026,327,,
IT,2026,328,,
IT,2026,329,,
IT,2026,330,,
IT,2026,331,,
IT,2026,332,,
IT,2026,333,,
IT,2026,334,,
IT,2026,335,,
IT,2026,336,,
IT,2026,337,,
IT,2026,338,,
IT,2026,339,,
IT,2026,340,,
IT,2026,341,,
IT,2026,342,,
IT,2026,343,,
IT,2026,344,,
IT,2026,345,,
IT,2026,346,,
IT,2026,347,,
IT,2026,348,,
IT,2026,349,,
IT,2026,350,,
IT,2026,351,,
IT,2026,352,,
IT,2026,353,,
IT,2026,354,,
IT,2026,355,,
IT,2026,356,,
IT,2026,357,,
IT,2026,358,,
IT,2026,359,,
IT,2026,360,,
IT,2026,361,,
IT,2026,362,,
IT,2026,363,,
IT,2026,364,,
IT,2026,365,,
IT,2026,366,,
PT,2019,1,0.0,0.0
PT,2019,2,0.0,0.0
PT,2019,3,0.0,0.0
PT,2019,4,0.0,0.0
PT,2019,5,0.0,0.0
PT,2019,6,0.0,0.0
PT,2019,7,0.0,0.0
PT,2019,8,0.0,0.0
PT,2019,9,0.0,0.0
PT,2019,10,0.0,0.0
PT,2019,11,0.0,0.0
PT,2019,12,0.0,0.0
PT,2019,13,0.0,0.0
PT,2019,14,0.0,0.0
PT,2019,15,0.0,0.0
PT,2019,16,0.0,0.0
PT,2019,17,0.0,0.0
PT,2019,18,0.0,0.0
PT,2019,19,0.0,0.0
PT,2019,20,0.0,0.0
PT,2019,21,0.0,0.0
PT,2019,22,0.0,0.0
PT,2019,23,0.0,0.0
PT,2019,24,0.0,0.0
PT,2019,25,0.0,0.0
PT,2019,26,0.0,0.0
PT,2019,27,0.0,0.0
PT,2019,28,0.0,0.0
PT,2019,29,0.0,0.0
PT,2019,30,0.0,0.0
PT,2019,31,0.0,0.0
PT,2019,32,0.0,0.0
PT,2019,33,0.0,0.0
PT,2019,34,0.0,0.0
PT,2019,35,0.0,0.0
PT,2019,36,0.0,0.0
PT,2019,37,0.0,0.0
PT,2019,38,0.0,0.0
PT,2019,39,0.0,0.0
PT,2019,40,0.0,0.0
PT,2019,41,0.0,0.0
PT,2019,42,0.0,0.0
PT,2019,43,0.0,0.0
PT,2019,44,0.0,0.0
PT,2019,45,0.0,0.0
PT,2019,46,0.0,0.0
PT,2019,47,0.0,0.0
PT,2019,48,0.0,0.0
PT,2019,49,0.0,0.0
PT,2019,50,0.0,0.0
PT,2019,51,0.0,0.0
PT,2019,52,0.0,0.0
PT,2019,53,0.0,0.0
PT,2019,54,0.0,0.0
PT,2019,55,0.0,0.0
PT,2019,56,0.0,0.0
PT,2019,57,0.0,0.0
PT,2019,58,0.0,0.0
PT,2019,59,0.0,0.0
PT,2019,60,0.0,0.0
PT,2019,61,0.0,0.0
PT,2019,62,0.0,0.0
PT,2019,63,0.0,0.0
PT,2019,64,0.0,0.0
PT,2019,65,0.0,0.0
PT,2019,66,0.0,0.0
PT,2019,67,0.0,0.0
PT,2019,68,0.0,0.0
PT,2019,69,0.0,0.0
PT,2019,70,0.0,0.0
PT,2019,71,0.0,0.0
PT,2019,72,0.0,0.0
PT,2019,73,0.0,0.0
PT,2019,74,0.0,0.0
PT,2019,75,0.0,0.0
PT,2019,76,0.0,0.0
PT,2019,77,0.0,0.0
PT,2019,78,0.0,0.0
PT,2019,79,0.0,0.0
PT,2019,80,0.0,0.0
PT,2019,81,0.0,0.0
PT,2019,82,0.0,0.0
PT,2019,83,0.0,0.0
PT,2019,84,0.0,0.0
PT,2019,85,0.0,0.0
PT,2019,86,0.0,0.0
PT,2019,87,0.0,0.0
PT,2019,88,0.0,0.0
PT,2019,89,0.0,0.0
PT,2019,90,0.0,0.0
PT,2019,91,0.0,0.0
PT,2019,92,0.0,0.0
PT,2019,93,0.0,0.0
PT,2019,94,0.0,0.0
PT,2019,95,0.0,0.0
PT,2019,96,0.0,0.0
PT,2019,97,0.0,0.0
PT,2019,98,0.0,0.0
PT,2019,99,0.0,0.0
PT,2019,100,0.0,0.0
PT,2019,101,0.0,0.0
PT,2019,102,0.0,0.0
PT,2019,103,0.0,0.0
PT,2019,104,0.0,0.0
PT,2019,105,0.0,0.0
PT,2019,106,0.0,0.0
PT,2019,107,0.0,0.0
PT,2019,108,0.0,0.0
PT,2019,109,0.0,0.0
PT,2019,110,0.0,0.0
PT,2019,111,0.0,0.0
PT,2019,112,0.0,0.0
PT,2019,113,0.0,0.0
PT,2019,114,0.0,0.0
PT,2019,115,0.0,0.0
PT,2019,116,0.0,0.0
PT,2019,117,0.0,0.0
PT,2019,118,0.0,0.0
PT,2019,119,0.0,0.0
PT,2019,120,0.0,0.0
PT,2019,121,0.0,0.0
PT,2019,122,0.0,0.0
PT,2019,123,0.0,0.0
PT,2019,124,0.0,0.0
PT,2019,125,0.0,0.0
PT,2019,126,0.0,0.0
PT,2019,127,0.0,0.0
PT,2019,128,0.0,0.0
PT,2019,129,0.0,0.0
PT,2019,130,0.0,0.0
PT,2019,131,0.0,0.0
PT,2019,132,0.0,0.0
PT,2019,133,0.0,0.0
PT,2019,134,0.0,0.0
PT,2019,135,0.0,0.0
PT,2019,136,0.0,0.0
PT,2019,137,0.0,0.0
PT,2019,138,0.0,0.0
PT,2019,139,0.0,0.0
PT,2019,140,0.0,0.0
PT,2019,141,0.0,0.0
PT,2019,142,0.0,0.0
PT,2019,143,0.0,0.0
PT,2019,144,0.0,0.0
PT,2019,145,0.0,0.0
PT,2019,146,0.0,0.0
PT,2019,147,0.0,0.0
PT,2019,148,0.0,0.0
PT,2019,149,0.0,0.0
PT,2019,150,0.0,0.0
PT,2019,151,0.0,0.0
PT,2019,152,0.0,0.0
PT,2019,153,0.0,0.0
PT,2019,154,0.0,0.0
PT,2019,155,0.0,0.0
PT,2019,156,0.0,0.0
PT,2019,157,0.0,0.0
PT,2019,158,0.0,0.0
PT,2019,159,0.0,0.0
PT,2019,160,0.0,0.0
PT,2019,161,0.0,0.0
PT,2019,162,0.0,0.0
PT,2019,163,0.0,0.0
PT,2019,164,0.0,0.0
PT,2019,165,0.0,0.0
PT,2019,166,0.0,0.0
PT,2019,167,0.0,0.0
PT,2019,168,0.0,0.0
PT,2019,169,0.0,0.0
PT,2019,170,0.0,0.0
PT,2019,171,0.0,0.0
PT,2019,172,0.0,0.0
PT,2019,173,0.0,0.0
PT,2019,174,0.0,0.0
PT,2019,175,0.0,0.0
PT,2019,176,0.0,0.0
PT,2019,177,0.0,0.0
PT,2019,178,0.0,0.0
PT,2019,179,0.0,0.0
PT,2019,180,0.0,0.0
PT,2019,181,0.0,0.0
PT,2019,182,0.0,0.0
PT,2019,183,0.0,0.0
PT,2019,184,0.0,0.0
PT,2019,185,0.0,0.0
PT,2019,186,0.0,0.0
PT,2019,187,0.0,0.0
PT,2019,188,0.0,0.0
PT,2019,189,0.0,0.0
PT,2019,190,0.0,0.0
PT,2019,191,0.0,0.0
PT,2019,192,0.0,0.0
PT,2019,193,0.0,0.0
PT,2019,194,0.0,0.0
PT,2019,195,0.0,0.0
PT,2019,196,0.0,0.0
PT,2019,197,0.0,0.0
PT,2019,198,0.0,0.0
PT,2019,199,0.0,0.0
PT,2019,200,0.0,0.0
PT,2019,201,0.0,0.0
PT,2019,202,0.0,0.0
PT,2019,203,0.0,0.0
PT,2019,204,0.0,0.0
PT,2019,205,0.0,0.0
PT,2019,206,0.0,0.0
PT,2019,207,0.0,0.0
PT,2019,208,0.0,0.0
PT,2019,209,0.0,0.0
PT,2019,210,0.0,0.0
PT,2019,211,0.0,0.0
PT,2019,212,0.0,0.0
PT,2019,213,0.0,0.0
PT,2019,214,0.0,0.0
PT,2019,215,0.0,0.0
PT,2019,216,0.0,0.0
PT,2019,217,0.0,0.0
PT,2019,218,0.0,0.0
PT,2019,219,0.0,0.0
PT,2019,220,0.0,0.0
PT,2019,221,0.0,0.0
PT,2019,222,0.0,0.0
PT,2019,223,0.0,0.0
PT,2019,224,0.0,0.0
PT,2019,225,0.0,0.0
PT,2019,226,0.0,0.0
PT,2019,227,0.0,0.0
PT,2019,228,0.0,0.0
PT,2019,229,0.0,0.0
PT,2019,230,0.0,0.0
PT,2019,231,0.0,0.0
PT,2019,232,0.0,0.0
PT,2019,233,0.0,0.0
PT,2019,234,0.0,0.0
PT,2019,235,0.0,0.0
PT,2019,236,0.0,0.0
PT,2019,237,0.0,0.0
PT,2019,238,0.0,0.0
PT,2019,239,0.0,0.0
PT,2019,240,0.0,0.0
PT,2019,241,0.0,0.0
PT,2019,242,0.0,0.0
PT,2019,243,0.0,0.0
PT,2019,244,0.0,0.0
PT,2019,245,0.0,0.0
PT,2019,246,0.0,0.0
PT,2019,247,0.0,0.0
PT,2019,248,0.0,0.0
PT,2019,249,0.0,0.0
PT,2019,250,0.0,0.0
PT,2019,251,0.0,0.0
PT,2019,252,0.0,0.0
PT,2019,253,0.0,0.0
PT,2019,254,0.0,0.0
PT,2019,255,0.0,0.0
PT,2019,256,0.0,0.0
PT,2019,257,0.0,0.0
PT,2019,258,0.0,0.0
PT,2019,259,0.0,0.0
PT,2019,260,0.0,0.0
PT,2019,261,0.0,0.0
PT,2019,262,0.0,0.0
PT,2019,263,0.0,0.0
PT,2019,264,0.0,0.0
PT,2019,265,0.0,0.0
PT,2019,266,0.0,0.0
PT,2019,267,0.0,0.0
PT,2019,268,0.0,0.0
PT,2019,269,0.0,0.0
PT,2019,270,0.0,0.0
PT,2019,271,0.0,0.0
PT,2019,272,0.0,0.0
PT,2019,273,0.0,0.0
PT,2019,274,0.0,0.0
PT,2019,275,0.0,0.0
PT,2019,276,0.0,0.0
PT,2019,277,0.0,0.0
PT,2019,278,0.0,0.0
PT,2019,279,0.0,0.0
PT,2019,280,0.0,0.0
PT,2019,281,0.0,0.0
PT,2019,282,0.0,0.0
PT,2019,283,0.0,0.0
PT,2019,284,0.0,0.0
PT,2019,285,0.0,0.0
PT,2019,286,0.0,0.0
PT,2019,287,0.0,0.0
PT,2019,288,0.0,0.0
PT,2019,289,0.0,0.0
PT,2019,290,0.0,0.0
PT,2019,291,0.0,0.0
PT,2019,292,0.0,0.0
PT,2019,293,0.0,0.0
PT,2019,294,0.0,0.0
PT,2019,295,0.0,0.0
PT,2019,296,0.0,0.0
PT,2019,297,0.0,0.0
PT,2019,298,0.0,0.0
PT,2019,299,0.0,0.0
PT,2019,300,0.0,0.0
PT,2019,301,0.0,0.0
PT,2019,302,0.0,0.0
PT,2019,303,0.0,0.0
PT,2019,304,0.0,0.0
PT,2019,305,0.0,0.0
PT,2019,306,0.0,0.0
PT,2019,307,0.0,0.0
PT,2019,308,0.0,0.0
PT,2019,309,0.0,0.0
PT,2019,310,0.0,0.0
PT,2019,311,0.0,0.0
PT,2019,312,0.0,0.0
PT,2019,313,0.0,0.0
PT,2019,314,0.0,0.0
PT,2019,315,0.0,0.0
PT,2019,316,0.0,0.0
PT,2019,317,0.0,0.0
PT,2019,318,0.0,0.0
PT,2019,319,0.0,0.0
PT,2019,320,0.0,0.0
PT,2019,321,0.0,0.0
PT,2019,322,0.0,0.0
PT,2019,323,0.0,0.0
PT,2019,324,0.0,0.0
PT,2019,325,0.0,0.0
PT,2019,326,0.0,0.0
PT,2019,327,0.0,0.0
PT,2019,328,0.0,0.0
PT,2019,329,0.0,0.0
PT,2019,330,0.0,0.0
PT,2019,331,0.0,0.0
PT,2019,332,0.0,0.0
PT,2019,333,0.0,0.0
PT,2019,334,0.0,0.0
PT,2019,335,0.0,0.0
PT,2019,336,0.0,0.0
PT,2019,337,0.0,0.0
PT,2019,338,0.0,0.0
PT,2019,339,0.0,0.0
PT,2019,340,0.0,0.0
PT,2019,341,0.0,0.0
PT,2019,342,0.0,0.0
PT,2019,343,0.0,0.0
PT,2019,344,0.0,0.0
PT,2019,345,0.0,0.0
PT,2019,346,0.0,0.0
PT,2019,347,0.0,0.0
PT,2019,348,0.0,0.0
PT,2019,349,0.0,0.0
PT,2019,350,0.0,0.0
PT,2019,351,0.0,0.0
PT,2019,352,0.0,0.0
PT,2019,353,0.0,0.0
PT,2019,354,0.0,0.0
PT,2019,355,6.0,0.0
PT,2019,356,16.0,0.0
PT,2019,357,16.0,0.0
PT,2019,358,17.0,0.0
PT,2019,359,17.0,0.0
PT,2019,360,17.0,0.0
PT,2019,361,17.0,0.0
PT,2019,362,17.0,0.0
PT,2019,363,17.0,0.0
PT,2019,364,17.0,0.0
PT,2019,365,17.0,0.0
PT,2019,366,,
PT,2020,1,0.0,0.0
PT,2020,2,0.0,0.0
PT,2020,3,0.0,0.0
PT,2020,4,0.0,0.0
PT,2020,5,0.0,0.0
PT,2020,6,0.0,0.0
PT,2020,7,0.0,0.0
PT,2020,8,0.0,0.0
PT,2020,9,0.0,0.0
PT,2020,10,0.0,0.0
PT,2020,11,0.0,0.0
PT,2020,12,0.0,0.0
PT,2020,13,0.0,0.0
PT,2020,14,0.0,0.0
PT,2020,15,0.0,0.0
PT,2020,16,0.0,0.0
PT,2020,17,0.0,0.0
PT,2020,18,0.0,0.0
PT,2020,19,0.0,0.0
PT,2020,20,0.0,0.0
PT,2020,21,0.0,0.0
PT,2020,22,0.0,0.0
PT,2020,23,0.0,0.0
PT,2020,24,0.0,0.0
PT,2020,25,0.0,0.0
PT,2020,26,0.0,0.0
PT,2020,27,0.0,0.0
PT,2020,28,0.0,0.0
PT,2020,29,0.0,0.0
PT,2020,30,0.0,0.0
PT,2020,31,0.0,0.0
PT,2020,32,0.0,0.0
PT,2020,33,0.0,0.0
PT,2020,34,0.0,0.0
PT,2020,35,0.0,0.0
PT,2020,36,0.0,0.0
PT,2020,37,0.0,0.0
PT,2020,38,0.0,0.0
PT,2020,39,0.0,0.0
PT,2020,40,0.0,0.0
PT,2020,41,0.0,0.0
PT,2020,42,0.0,0.0
PT,2020,43,0.0,0.0
PT,2020,44,0.0,0.0
PT,2020,45,0.0,0.0
PT,2020,46,0.0,0.0
PT,2020,47,0.0,0.0
PT,2020,48,0.0,0.0
PT,2020,49,0.0,0.0
PT,2020,50,0.0,0.0
PT,2020,51,0.0,0.0
PT,2020,52,0.0,0.0
PT,2020,53,0.0,0.0
PT,2020,54,0.0,0.0
PT,2020,55,0.0,0.0
PT,2020,56,0.0,0.0
PT,2020,57,0.0,0.0
PT,2020,58,0.0,0.0
PT,2020,59,0.0,0.0
PT,2020,60,0.0,0.0
PT,2020,61,0.0,0.0
PT,2020,62,0.0,0.0
PT,2020,63,0.0,0.0
PT,2020,64,0.0,0.0
PT,2020,65,0.0,0.0
PT,2020,66,0.0,0.0
PT,2020,67,0.0,0.0
PT,2020,68,0.0,0.0
PT,2020,69,0.0,0.0
PT,2020,70,0.0,0.0
PT,2020,71,0.0,0.0
PT,2020,72,0.0,0.0
PT,2020,73,0.0,0.0
PT,2020,74,0.0,0.0
PT,2020,75,0.0,0.0
PT,2020,76,0.0,0.0
PT,2020,77,0.0,0.0
PT,2020,78,0.0,0.0
PT,2020,79,0.0,0.0
PT,2020,80,0.0,0.0
PT,2020,81,0.0,0.0
PT,2020,82,0.0,0.0
PT,2020,83,0.0,0.0
PT,2020,84,0.0,0.0
PT,2020,85,0.0,0.0
PT,2020,86,0.0,0.0
PT,2020,87,0.0,0.0
PT,2020,88,0.0,0.0
PT,2020,89,0.0,0.0
PT,2020,90,0.0,0.0
PT,2020,91,0.0,0.0
PT,2020,92,0.0,0.0
PT,2020,93,0.0,0.0
PT,2020,94,0.0,0.0
PT,2020,95,0.0,0.0
PT,2020,96,0.0,0.0
PT,2020,97,0.0,0.0
PT,2020,98,0.0,0.0
PT,2020,99,0.0,0.0
PT,2020,100,0.0,0.0
PT,2020,101,0.0,0.0
PT,2020,102,0.0,0.0
PT,2020,103,0.0,0.0
PT,2020,104,0.0,0.0
PT,2020,105,0.0,0.0
PT,2020,106,0.0,0.0
PT,2020,107,0.0,0.0
PT,2020,108,0.0,0.0
PT,2020,109,0.0,0.0
PT,2020,110,0.0,0.0
PT,2020,111,0.0,0.0
PT,2020,112,0.0,0.0
PT,2020,113,0.0,0.0
PT,2020,114,0.0,0.0
PT,2020,115,0.0,0.0
PT,2020,116,0.0,0.0
PT,2020,117,0.0,0.0
PT,2020,118,0.0,0.0
PT,2020,119,0.0,0.0
PT,2020,120,0.0,0.0
PT,2020,121,0.0,0.0
PT,2020,122,0.0,0.0
PT,2020,123,0.0,0.0
PT,2020,124,0.0,0.0
PT,2020,125,0.0,0.0
PT,2020,126,0.0,0.0
PT,2020,127,0.0,0.0
PT,2020,128,0.0,0.0
PT,2020,129,0.0,0.0
PT,2020,130,0.0,0.0
PT,2020,131,0.0,0.0
PT,2020,132,0.0,0.0
PT,2020,133,0.0,0.0
PT,2020,134,0.0,0.0
PT,2020,135,0.0,0.0
PT,2020,136,0.0,0.0
PT,2020,137,0.0,0.0
PT,2020,138,0.0,0.0
PT,2020,139,0.0,0.0
PT,2020,140,0.0,0.0
PT,2020,141,0.0,0.0
PT,2020,142,0.0,0.0
PT,2020,143,0.0,0.0
PT,2020,144,0.0,0.0
PT,2020,145,0.0,0.0
PT,2020,146,0.0,0.0
PT,2020,147,0.0,0.0
PT,2020,148,0.0,0.0
PT,2020,149,0.0,0.0
PT,2020,150,0.0,0.0
PT,2020,151,0.0,0.0
PT,2020,152,0.0,0.0
PT,2020,153,0.0,0.0
PT,2020,154,0.0,0.0
PT,2020,155,0.0,0.0
PT,2020,156,0.0,0.0
PT,2020,157,0.0,0.0
PT,2020,158,0.0,0.0
PT,2020,159,0.0,0.0
PT,2020,160,0.0,0.0
PT,2020,161,0.0,0.0
PT,2020,162,0.0,0.0
PT,2020,163,0.0,0.0
PT,2020,164,0.0,0.0
PT,2020,165,0.0,0.0
PT,2020,166,0.0,0.0
PT,2020,167,0.0,0.0
PT,2020,168,0.0,0.0
PT,2020,169,0.0,0.0
PT,2020,170,0.0,0.0
PT,2020,171,0.0,0.0
PT,2020,172,0.0,0.0
PT,2020,173,0.0,0.0
PT,2020,174,0.0,0.0
PT,2020,175,0.0,0.0
PT,2020,176,0.0,0.0
PT,2020,177,0.0,0.0
PT,2020,178,0.0,0.0
PT,2020,179,0.0,0.0
PT,2020,180,0.0,0.0
PT,2020,181,0.0,0.0
PT,2020,182,0.0,0.0
PT,2020,183,0.0,0.0
PT,2020,184,0.0,0.0
PT,2020,185,0.0,0.0
PT,2020,186,0.0,0.0
PT,2020,187,0.0,0.0
PT,2020,188,0.0,0.0
PT,2020,189,0.0,0.0
PT,2020,190,0.0,0.0
PT,2020,191,0.0,0.0
PT,2020,192,0.0,0.0
PT,2020,193,0.0,0.0
PT,2020,194,0.0,0.0
PT,2020,195,0.0,0.0
PT,2020,196,0.0,0.0
PT,2020,197,0.0,0.0
PT,2020,198,0.0,0.0
PT,2020,199,0.0,0.0
PT,2020,200,0.0,0.0
PT,2020,201,0.0,0.0
PT,2020,202,0.0,0.0
PT,2020,203,0.0,0.0
PT,2020,204,0.0,0.0
PT,2020,205,0.0,0.0
PT,2020,206,0.0,0.0
PT,2020,207,0.0,0.0
PT,2020,208,0.0,0.0
PT,2020,209,0.0,0.0
PT,2020,210,0.0,0.0
PT,2020,211,0.0,0.0
PT,2020,212,0.0,0.0
PT,2020,213,0.0,0.0
PT,2020,214,0.0,0.0
PT,2020,215,0.0,0.0
PT,2020,216,0.0,0.0
PT,2020,217,0.0,0.0
PT,2020,218,0.0,0.0
PT,2020,219,0.0,0.0
PT,2020,220,0.0,0.0
PT,2020,221,0.0,0.0
PT,2020,222,0.0,0.0
PT,2020,223,0.0,0.0
PT,2020,224,0.0,0.0
PT,2020,225,0.0,0.0
PT,2020,226,0.0,0.0
PT,2020,227,0.0,0.0
PT,2020,228,0.0,0.0
PT,2020,229,0.0,0.0
PT,2020,230,0.0,0.0
PT,2020,231,0.0,0.0
PT,2020,232,0.0,0.0
PT,2020,233,0.0,0.0
PT,2020,234,0.0,0.0
PT,2020,235,0.0,0.0
PT,2020,236,0.0,0.0
PT,2020,237,0.0,0.0
PT,2020,238,0.0,0.0
PT,2020,239,0.0,0.0
PT,2020,240,0.0,0.0
PT,2020,241,0.0,0.0
PT,2020,242,0.0,0.0
PT,2020,243,0.0,0.0
PT,2020,244,0.0,0.0
PT,2020,245,0.0,0.0
PT,2020,246,0.0,0.0
PT,2020,247,0.0,0.0
PT,2020,248,0.0,0.0
PT,2020,249,0.0,0.0
PT,2020,250,0.0,0.0
PT,2020,251,0.0,0.0
PT,2020,252,0.0,0.0
PT,2020,253,0.0,0.0
PT,2020,254,0.0,0.0
PT,2020,255,0.0,0.0
PT,2020,256,0.0,0.0
PT,2020,257,0.0,0.0
PT,2020,258,0.0,0.0
PT,2020,259,0.0,0.0
PT,2020,260,0.0,0.0
PT,2020,261,0.0,0.0
PT,2020,262,0.0,0.0
PT,2020,263,0.0,0.0
PT,2020,264,0.0,0.0
PT,2020,265,0.0,0.0
PT,2020,266,0.0,0.0
PT,2020,267,0.0,0.0
PT,2020,268,0.0,0.0
PT,2020,269,0.0,0.0
PT,2020,270,0.0,0.0
PT,2020,271,0.0,0.0
PT,2020,272,0.0,0.0
PT,2020,273,0.0,0.0
PT,2020,274,0.0,0.0
PT,2020,275,0.0,0.0
PT,2020,276,0.0,0.0
PT,2020,277,0.0,0.0
PT,2020,278,0.0,0.0
PT,2020,279,0.0,0.0
PT,2020,280,0.0,0.0
PT,2020,281,0.0,0.0
PT,2020,282,0.0,0.0
PT,2020,283,0.0,0.0
PT,2020,284,0.0,0.0
PT,2020,285,0.0,0.0
PT,2020,286,0.0,0.0
PT,2020,287,0.0,0.0
PT,2020,288,0.0,0.0
PT,2020,289,0.0,0.0
PT,2020,290,0.0,0.0
PT,2020,291,0.0,0.0
PT,2020,292,0.0,0.0
PT,2020,293,0.0,0.0
PT,2020,294,0.0,0.0
PT,2020,295,0.0,0.0
PT,2020,296,0.0,0.0
PT,2020,297,0.0,0.0
PT,2020,298,0.0,0.0
PT,2020,299,0.0,0.0
PT,2020,300,0.0,0.0
PT,2020,301,0.0,0.0
PT,2020,302,0.0,0.0
PT,2020,303,0.0,0.0
PT,2020,304,0.0,0.0
PT,2020,305,0.0,0.0
PT,2020,306,0.0,0.0
PT,2020,307,0.0,0.0
PT,2020,308,0.0,0.0
PT,2020,309,0.0,0.0
PT,2020,310,0.0,0.0
PT,2020,311,0.0,0.0
PT,2020,312,0.0,0.0
PT,2020,313,0.0,0.0
PT,2020,314,0.0,0.0
PT,2020,315,0.0,0.0
PT,2020,316,0.0,0.0
PT,2020,317,0.0,0.0
PT,2020,318,0.0,0.0
PT,2020,319,0.0,0.0
PT,2020,320,0.0,0.0
PT,2020,321,0.0,0.0
PT,2020,322,0.0,0.0
PT,2020,323,0.0,0.0
PT,2020,324,0.0,0.0
PT,2020,325,0.0,0.0
PT,2020,326,0.0,0.0
PT,2020,327,0.0,0.0
PT,2020,328,0.0,0.0
PT,2020,329,0.0,0.0
PT,2020,330,0.0,0.0
PT,2020,331,0.0,0.0
PT,2020,332,0.0,0.0
PT,2020,333,0.0,0.0
PT,2020,334,0.0,0.0
PT,2020,335,0.0,0.0
PT,2020,336,0.0,0.0
PT,2020,337,0.0,0.0
PT,2020,338,0.0,0.0
PT,2020,339,0.0,0.0
PT,2020,340,0.0,0.0
PT,2020,341,0.0,0.0
PT,2020,342,0.0,0.0
PT,2020,343,0.0,0.0
PT,2020,344,0.0,0.0
PT,2020,345,0.0,0.0
PT,2020,346,0.0,0.0
PT,2020,347,0.0,0.0
PT,2020,348,0.0,0.0
PT,2020,349,0.0,0.0
PT,2020,350,0.0,0.0
PT,2020,351,0.0,0.0
PT,2020,352,0.0,0.0
PT,2020,353,0.0,0.0
PT,2020,354,0.0,0.0
PT,2020,355,0.0,0.0
PT,2020,356,0.0,0.0
PT,2020,357,0.0,0.0
PT,2020,358,0.0,0.0
PT,2020,359,0.0,0.0
PT,2020,360,0.0,0.0
PT,2020,361,0.0,0.0
PT,2020,362,0.0,0.0
PT,2020,363,0.0,0.0
PT,2020,364,0.0,0.0
PT,2020,365,0.0,0.0
PT,2020,366,0.0,0.0
PT,2021,1,0.0,0.0
PT,2021,2,0.0,0.0
PT,2021,3,0.0,0.0
PT,2021,4,0.0,0.0
PT,2021,5,0.0,0.0
PT,2021,6,0.0,0.0
PT,2021,7,0.0,0.0
PT,2021,8,0.0,0.0
PT,2021,9,0.0,0.0
PT,2021,10,0.0,0.0
PT,2021,11,0.0,0.0
PT,2021,12,0.0,0.0
PT,2021,13,0.0,0.0
PT,2021,14,0.0,0.0
PT,2021,15,0.0,0.0
PT,2021,16,0.0,0.0
PT,2021,17,0.0,0.0
PT,2021,18,0.0,0.0
PT,2021,19,0.0,0.0
PT,2021,20,0.0,0.0
PT,2021,21,0.0,0.0
PT,2021,22,0.0,0.0
PT,2021,23,0.0,0.0
PT,2021,24,0.0,0.0
PT,2021,25,0.0,0.0
PT,2021,26,0.0,0.0
PT,2021,27,0.0,0.0
PT,2021,28,0.0,0.0
PT,2021,29,0.0,0.0
PT,2021,30,0.0,0.0
PT,2021,31,6.0,0.0
PT,2021,32,10.0,0.0
PT,2021,33,10.0,0.0
PT,2021,34,10.0,0.0
PT,2021,35,10.0,0.0
PT,2021,36,10.0,0.0
PT,2021,37,10.0,0.0
PT,2021,38,14.0,0.0
PT,2021,39,14.0,0.0
PT,2021,40,15.0,0.0
PT,2021,41,18.0,0.0
PT,2021,42,18.0,0.0
PT,2021,43,18.0,0.0
PT,2021,44,18.0,0.0
PT,2021,45,18.0,0.0
PT,2021,46,21.0,0.0
PT,2021,47,21.0,0.0
PT,2021,48,21.0,0.0
PT,2021,49,21.0,0.0
PT,2021,50,21.0,0.0
PT,2021,51,34.0,0.0
PT,2021,52,34.0,0.0
PT,2021,53,34.0,0.0
PT,2021,54,34.0,0.0
PT,2021,55,34.0,0.0
PT,2021,56,34.0,0.0
PT,2021,57,34.0,0.0
PT,2021,58,34.0,0.0
PT,2021,59,34.0,0.0
PT,2021,60,34.0,0.0
PT,2021,61,34.0,0.0
PT,2021,62,34.0,0.0
PT,2021,63,34.0,0.0
PT,2021,64,34.0,0.0
PT,2021,65,34.0,0.0
PT,2021,66,34.0,0.0
PT,2021,67,34.0,0.0
PT,2021,68,34.0,0.0
PT,2021,69,34.0,0.0
PT,2021,70,34.0,0.0
PT,2021,71,34.0,0.0
PT,2021,72,34.0,0.0
PT,2021,73,34.0,0.0
PT,2021,74,34.0,0.0
PT,2021,75,34.0,0.0
PT,2021,76,34.0,0.0
PT,2021,77,34.0,0.0
PT,2021,78,34.0,0.0
PT,2021,79,34.0,0.0
PT,2021,80,34.0,0.0
PT,2021,81,34.0,0.0
PT,2021,82,34.0,0.0
PT,2021,83,34.0,0.0
PT,2021,84,34.0,0.0
PT,2021,85,34.0,0.0
PT,2021,86,34.0,0.0
PT,2021,87,34.0,0.0
PT,2021,88,34.0,0.0
PT,2021,89,34.0,0.0
PT,2021,90,34.0,0.0
PT,2021,91,34.0,0.0
PT,2021,92,34.0,0.0
PT,2021,93,34.0,0.0
PT,2021,94,35.0,0.0
PT,2021,95,35.0,0.0
PT,2021,96,35.0,0.0
PT,2021,97,35.0,0.0
PT,2021,98,35.0,0.0
PT,2021,99,35.0,0.0
PT,2021,100,35.0,0.0
PT,2021,101,35.0,0.0
PT,2021,102,35.0,0.0
PT,2021,103,35.0,0.0
PT,2021,104,35.0,0.0
PT,2021,105,35.0,0.0
PT,2021,106,35.0,0.0
PT,2021,107,35.0,0.0
PT,2021,108,35.0,0.0
PT,2021,109,35.0,0.0
PT,2021,110,35.0,0.0
PT,2021,111,35.0,0.0
PT,2021,112,35.0,0.0
PT,2021,113,35.0,0.0
PT,2021,114,35.0,0.0
PT,2021,115,35.0,0.0
PT,2021,116,35.0,0.0
PT,2021,117,35.0,0.0
PT,2021,118,35.0,0.0
PT,2021,119,35.0,0.0
PT,2021,120,35.0,0.0
PT,2021,121,35.0,0.0
PT,2021,122,35.0,0.0
PT,2021,123,35.0,0.0
PT,2021,124,35.0,0.0
PT,2021,125,35.0,0.0
PT,2021,126,35.0,0.0
PT,2021,127,35.0,0.0
PT,2021,128,35.0,0.0
PT,2021,129,43.0,0.0
PT,2021,130,43.0,0.0
PT,2021,131,43.0,0.0
PT,2021,132,43.0,0.0
PT,2021,133,43.0,0.0
PT,2021,134,43.0,0.0
PT,2021,135,43.0,0.0
PT,2021,136,43.0,0.0
PT,2021,137,43.0,0.0
PT,2021,138,43.0,0.0
PT,2021,139,43.0,0.0
PT,2021,140,43.0,0.0
PT,2021,141,43.0,0.0
PT,2021,142,43.0,0.0
PT,2021,143,43.0,0.0
PT,2021,144,43.0,0.0
PT,2021,145,43.0,0.0
PT,2021,146,43.0,0.0
PT,2021,147,43.0,0.0
PT,2021,148,43.0,0.0
PT,2021,149,43.0,0.0
PT,2021,150,43.0,0.0
PT,2021,151,43.0,0.0
PT,2021,152,43.0,0.0
PT,2021,153,43.0,0.0
PT,2021,154,43.0,0.0
PT,2021,155,43.0,0.0
PT,2021,156,43.0,0.0
PT,2021,157,43.0,0.0
PT,2021,158,43.0,0.0
PT,2021,159,43.0,0.0
PT,2021,160,43.0,0.0
PT,2021,161,43.0,0.0
PT,2021,162,43.0,0.0
PT,2021,163,43.0,0.0
PT,2021,164,43.0,0.0
PT,2021,165,43.0,0.0
PT,2021,166,43.0,0.0
PT,2021,167,43.0,0.0
PT,2021,168,43.0,0.0
PT,2021,169,43.0,0.0
PT,2021,170,43.0,0.0
PT,2021,171,43.0,0.0
PT,2021,172,43.0,0.0
PT,2021,173,43.0,0.0
PT,2021,174,43.0,0.0
PT,2021,175,43.0,0.0
PT,2021,176,43.0,0.0
PT,2021,177,43.0,0.0
PT,2021,178,43.0,0.0
PT,2021,179,43.0,0.0
PT,2021,180,43.0,0.0
PT,2021,181,43.0,0.0
PT,2021,182,43.0,0.0
PT,2021,183,43.0,0.0
PT,2021,184,43.0,0.0
PT,2021,185,43.0,0.0
PT,2021,186,43.0,0.0
PT,2021,187,43.0,0.0
PT,2021,188,43.0,0.0
PT,2021,189,43.0,0.0
PT,2021,190,43.0,0.0
PT,2021,191,43.0,0.0
PT,2021,192,43.0,0.0
PT,2021,193,43.0,0.0
PT,2021,194,43.0,0.0
PT,2021,195,43.0,0.0
PT,2021,196,43.0,0.0
PT,2021,197,43.0,0.0
PT,2021,198,43.0,0.0
PT,2021,199,43.0,0.0
PT,2021,200,43.0,0.0
PT,2021,201,43.0,0.0
PT,2021,202,43.0,0.0
PT,2021,203,43.0,0.0
PT,2021,204,43.0,0.0
PT,2021,205,43.0,0.0
PT,2021,206,43.0,0.0
PT,2021,207,43.0,0.0
PT,2021,208,43.0,0.0
PT,2021,209,43.0,0.0
PT,2021,210,43.0,0.0
PT,2021,211,43.0,0.0
PT,2021,212,43.0,0.0
PT,2021,213,43.0,0.0
PT,2021,214,43.0,0.0
PT,2021,215,43.0,0.0
PT,2021,216,43.0,0.0
PT,2021,217,43.0,0.0
PT,2021,218,43.0,0.0
PT,2021,219,44.0,0.0
PT,2021,220,44.0,0.0
PT,2021,221,44.0,0.0
PT,2021,222,44.0,0.0
PT,2021,223,44.0,0.0
PT,2021,224,44.0,0.0
PT,2021,225,44.0,0.0
PT,2021,226,44.0,0.0
PT,2021,227,44.0,0.0
PT,2021,228,44.0,0.0
PT,2021,229,44.0,0.0
PT,2021,230,44.0,0.0
PT,2021,231,44.0,0.0
PT,2021,232,44.0,0.0
PT,2021,233,44.0,0.0
PT,2021,234,44.0,0.0
PT,2021,235,44.0,0.0
PT,2021,236,44.0,0.0
PT,2021,237,44.0,0.0
PT,2021,238,44.0,0.0
PT,2021,239,44.0,0.0
PT,2021,240,44.0,0.0
PT,2021,241,44.0,0.0
PT,2021,242,44.0,0.0
PT,2021,243,44.0,0.0
PT,2021,244,44.0,0.0
PT,2021,245,44.0,0.0
PT,2021,246,44.0,0.0
PT,2021,247,44.0,0.0
PT,2021,248,44.0,0.0
PT,2021,249,44.0,0.0
PT,2021,250,44.0,0.0
PT,2021,251,44.0,0.0
PT,2021,252,44.0,0.0
PT,2021,253,44.0,0.0
PT,2021,254,44.0,0.0
PT,2021,255,44.0,0.0
PT,2021,256,44.0,0.0
PT,2021,257,44.0,0.0
PT,2021,258,44.0,0.0
PT,2021,259,44.0,0.0
PT,2021,260,44.0,0.0
PT,2021,261,44.0,0.0
PT,2021,262,44.0,0.0
PT,2021,263,44.0,0.0
PT,2021,264,44.0,0.0
PT,2021,265,44.0,0.0
PT,2021,266,44.0,0.0
PT,2021,267,44.0,0.0
PT,2021,268,44.0,0.0
PT,2021,269,44.0,0.0
PT,2021,270,44.0,0.0
PT,2021,271,44.0,0.0
PT,2021,272,44.0,0.0
PT,2021,273,44.0,0.0
PT,2021,274,44.0,0.0
PT,2021,275,44.0,0.0
PT,2021,276,44.0,0.0
PT,2021,277,44.0,0.0
PT,2021,278,44.0,0.0
PT,2021,279,44.0,0.0
PT,2021,280,44.0,0.0
PT,2021,281,44.0,0.0
PT,2021,282,44.0,0.0
PT,2021,283,44.0,0.0
PT,2021,284,44.0,0.0
PT,2021,285,44.0,0.0
PT,2021,286,44.0,0.0
PT,2021,287,44.0,0.0
PT,2021,288,44.0,0.0
PT,2021,289,44.0,0.0
PT,2021,290,44.0,0.0
PT,2021,291,44.0,0.0
PT,2021,292,44.0,0.0
PT,2021,293,44.0,0.0
PT,2021,294,44.0,0.0
PT,2021,295,44.0,0.0
PT,2021,296,44.0,0.0
PT,2021,297,44.0,0.0
PT,2021,298,44.0,0.0
PT,2021,299,44.0,0.0
PT,2021,300,44.0,0.0
PT,2021,301,44.0,0.0
PT,2021,302,44.0,0.0
PT,2021,303,44.0,0.0
PT,2021,304,44.0,0.0
PT,2021,305,44.0,0.0
PT,2021,306,44.0,0.0
PT,2021,307,44.0,0.0
PT,2021,308,44.0,0.0
PT,2021,309,44.0,0.0
PT,2021,310,44.0,0.0
PT,2021,311,44.0,0.0
PT,2021,312,44.0,0.0
PT,2021,313,44.0,0.0
PT,2021,314,44.0,0.0
PT,2021,315,44.0,0.0
PT,2021,316,44.0,0.0
PT,2021,317,44.0,0.0
PT,2021,318,44.0,0.0
PT,2021,319,44.0,0.0
PT,2021,320,44.0,0.0
PT,2021,321,44.0,0.0
PT,2021,322,44.0,0.0
PT,2021,323,44.0,0.0
PT,2021,324,44.0,0.0
PT,2021,325,44.0,0.0
PT,2021,326,44.0,0.0
PT,2021,327,44.0,0.0
PT,2021,328,44.0,0.0
PT,2021,329,44.0,0.0
PT,2021,330,44.0,0.0
PT,2021,331,44.0,0.0
PT,2021,332,44.0,0.0
PT,2021,333,44.0,0.0
PT,2021,334,44.0,0.0
PT,2021,335,44.0,0.0
PT,2021,336,44.0,0.0
PT,2021,337,44.0,0.0
PT,2021,338,44.0,0.0
PT,2021,339,44.0,0.0
PT,2021,340,44.0,0.0
PT,2021,341,44.0,0.0
PT,2021,342,44.0,0.0
PT,2021,343,44.0,0.0
PT,2021,344,44.0,0.0
PT,2021,345,44.0,0.0
PT,2021,346,44.0,0.0
PT,2021,347,44.0,0.0
PT,2021,348,44.0,0.0
PT,2021,349,44.0,0.0
PT,2021,350,44.0,0.0
PT,2021,351,44.0,0.0
PT,2021,352,44.0,0.0
PT,2021,353,44.0,0.0
PT,2021,354,44.0,0.0
PT,2021,355,44.0,0.0
PT,2021,356,44.0,0.0
PT,2021,357,44.0,0.0
PT,2021,358,44.0,0.0
PT,2021,359,44.0,0.0
PT,2021,360,44.0,0.0
PT,2021,361,44.0,0.0
PT,2021,362,44.0,0.0
PT,2021,363,44.0,0.0
PT,2021,364,44.0,0.0
PT,2021,365,44.0,0.0
PT,2021,366,,
PT,2022,1,0.0,0.0
PT,2022,2,0.0,0.0
PT,2022,3,0.0,0.0
PT,2022,4,0.0,0.0
PT,2022,5,0.0,0.0
PT,2022,6,0.0,0.0
PT,2022,7,0.0,0.0
PT,2022,8,0.0,0.0
PT,2022,9,0.0,0.0
PT,2022,10,0.0,0.0
PT,2022,11,0.0,0.0
PT,2022,12,0.0,0.0
PT,2022,13,0.0,0.0
PT,2022,14,0.0,0.0
PT,2022,15,0.0,0.0
PT,2022,16,0.0,0.0
PT,2022,17,0.0,0.0
PT,2022,18,0.0,0.0
PT,2022,19,0.0,0.0
PT,2022,20,0.0,0.0
PT,2022,21,0.0,0.0
PT,2022,22,0.0,0.0
PT,2022,23,0.0,0.0
PT,2022,24,0.0,0.0
PT,2022,25,0.0,0.0
PT,2022,26,0.0,0.0
PT,2022,27,0.0,0.0
PT,2022,28,0.0,0.0
PT,2022,29,0.0,0.0
PT,2022,30,0.0,0.0
PT,2022,31,0.0,0.0
PT,2022,32,0.0,0.0
PT,2022,33,0.0,0.0
PT,2022,34,0.0,0.0
PT,2022,35,0.0,0.0
PT,2022,36,0.0,0.0
PT,2022,37,0.0,0.0
PT,2022,38,0.0,0.0
PT,2022,39,0.0,0.0
PT,2022,40,0.0,0.0
PT,2022,41,0.0,0.0
PT,2022,42,0.0,0.0
PT,2022,43,0.0,0.0
PT,2022,44,0.0,0.0
PT,2022,45,0.0,0.0
PT,2022,46,0.0,0.0
PT,2022,47,0.0,0.0
PT,2022,48,0.0,0.0
PT,2022,49,0.0,0.0
PT,2022,50,0.0,0.0
PT,2022,51,0.0,0.0
PT,2022,52,0.0,0.0
PT,2022,53,0.0,0.0
PT,2022,54,0.0,0.0
PT,2022,55,0.0,0.0
PT,2022,56,0.0,0.0
PT,2022,57,0.0,0.0
PT,2022,58,0.0,0.0
PT,2022,59,0.0,0.0
PT,2022,60,0.0,0.0
PT,2022,61,0.0,0.0
PT,2022,62,0.0,0.0
PT,2022,63,0.0,0.0
PT,2022,64,0.0,0.0
PT,2022,65,0.0,0.0
PT,2022,66,0.0,0.0
PT,2022,67,0.0,0.0
PT,2022,68,0.0,0.0
PT,2022,69,0.0,0.0
PT,2022,70,0.0,0.0
PT,2022,71,0.0,0.0
PT,2022,72,0.0,0.0
PT,2022,73,0.0,0.0
PT,2022,74,0.0,0.0
PT,2022,75,0.0,0.0
PT,2022,76,0.0,0.0
PT,2022,77,0.0,0.0
PT,2022,78,0.0,0.0
PT,2022,79,0.0,0.0
PT,2022,80,0.0,0.0
PT,2022,81,0.0,0.0
PT,2022,82,0.0,0.0
PT,2022,83,0.0,0.0
PT,2022,84,0.0,0.0
PT,2022,85,0.0,0.0
PT,2022,86,0.0,0.0
PT,2022,87,0.0,0.0
PT,2022,88,0.0,0.0
PT,2022,89,0.0,0.0
PT,2022,90,0.0,0.0
PT,2022,91,0.0,0.0
PT,2022,92,0.0,0.0
PT,2022,93,0.0,0.0
PT,2022,94,0.0,0.0
PT,2022,95,0.0,0.0
PT,2022,96,0.0,0.0
PT,2022,97,0.0,0.0
PT,2022,98,0.0,0.0
PT,2022,99,0.0,0.0
PT,2022,100,0.0,0.0
PT,2022,101,0.0,0.0
PT,2022,102,0.0,0.0
PT,2022,103,0.0,0.0
PT,2022,104,0.0,0.0
PT,2022,105,0.0,0.0
PT,2022,106,0.0,0.0
PT,2022,107,0.0,0.0
PT,2022,108,0.0,0.0
PT,2022,109,0.0,0.0
PT,2022,110,0.0,0.0
PT,2022,111,0.0,0.0
PT,2022,112,0.0,0.0
PT,2022,113,0.0,0.0
PT,2022,114,0.0,0.0
PT,2022,115,0.0,0.0
PT,2022,116,0.0,0.0
PT,2022,117,0.0,0.0
PT,2022,118,0.0,0.0
PT,2022,119,0.0,0.0
PT,2022,120,0.0,0.0
PT,2022,121,0.0,0.0
PT,2022,122,0.0,0.0
PT,2022,123,0.0,0.0
PT,2022,124,0.0,0.0
PT,2022,125,0.0,0.0
PT,2022,126,0.0,0.0
PT,2022,127,0.0,0.0
PT,2022,128,0.0,0.0
PT,2022,129,0.0,0.0
PT,2022,130,0.0,0.0
PT,2022,131,0.0,0.0
PT,2022,132,0.0,0.0
PT,2022,133,0.0,0.0
PT,2022,134,0.0,0.0
PT,2022,135,0.0,0.0
PT,2022,136,0.0,0.0
PT,2022,137,0.0,0.0
PT,2022,138,0.0,0.0
PT,2022,139,0.0,0.0
PT,2022,140,0.0,0.0
PT,2022,141,0.0,0.0
PT,2022,142,0.0,0.0
PT,2022,143,0.0,0.0
PT,2022,144,0.0,0.0
PT,2022,145,0.0,0.0
PT,2022,146,0.0,0.0
PT,2022,147,0.0,0.0
PT,2022,148,0.0,0.0
PT,2022,149,0.0,0.0
PT,2022,150,0.0,0.0
PT,2022,151,0.0,0.0
PT,2022,152,0.0,0.0
PT,2022,153,0.0,0.0
PT,2022,154,0.0,0.0
PT,2022,155,0.0,0.0
PT,2022,156,0.0,0.0
PT,2022,157,0.0,0.0
PT,2022,158,0.0,0.0
PT,2022,159,0.0,0.0
PT,2022,160,0.0,0.0
PT,2022,161,0.0,0.0
PT,2022,162,0.0,0.0
PT,2022,163,0.0,0.0
PT,2022,164,0.0,0.0
PT,2022,165,0.0,0.0
PT,2022,166,0.0,0.0
PT,2022,167,0.0,0.0
PT,2022,168,0.0,0.0
PT,2022,169,0.0,0.0
PT,2022,170,0.0,0.0
PT,2022,171,0.0,0.0
PT,2022,172,0.0,0.0
PT,2022,173,0.0,0.0
PT,2022,174,0.0,0.0
PT,2022,175,0.0,0.0
PT,2022,176,0.0,0.0
PT,2022,177,0.0,0.0
PT,2022,178,0.0,0.0
PT,2022,179,0.0,0.0
PT,2022,180,0.0,0.0
PT,2022,181,0.0,0.0
PT,2022,182,0.0,0.0
PT,2022,183,0.0,0.0
PT,2022,184,0.0,0.0
PT,2022,185,0.0,0.0
PT,2022,186,0.0,0.0
PT,2022,187,0.0,0.0
PT,2022,188,0.0,0.0
PT,2022,189,0.0,0.0
PT,2022,190,0.0,0.0
PT,2022,191,0.0,0.0
PT,2022,192,0.0,0.0
PT,2022,193,0.0,0.0
PT,2022,194,0.0,0.0
PT,2022,195,0.0,0.0
PT,2022,196,0.0,0.0
PT,2022,197,0.0,0.0
PT,2022,198,0.0,0.0
PT,2022,199,0.0,0.0
PT,2022,200,0.0,0.0
PT,2022,201,0.0,0.0
PT,2022,202,0.0,0.0
PT,2022,203,0.0,0.0
PT,2022,204,0.0,0.0
PT,2022,205,0.0,0.0
PT,2022,206,0.0,0.0
PT,2022,207,0.0,0.0
PT,2022,208,0.0,0.0
PT,2022,209,0.0,0.0
PT,2022,210,0.0,0.0
PT,2022,211,0.0,0.0
PT,2022,212,0.0,0.0
PT,2022,213,0.0,0.0
PT,2022,214,0.0,0.0
PT,2022,215,0.0,0.0
PT,2022,216,0.0,0.0
PT,2022,217,0.0,0.0
PT,2022,218,0.0,0.0
PT,2022,219,0.0,0.0
PT,2022,220,0.0,0.0
PT,2022,221,0.0,0.0
PT,2022,222,0.0,0.0
PT,2022,223,0.0,0.0
PT,2022,224,0.0,0.0
PT,2022,225,0.0,0.0
PT,2022,226,0.0,0.0
PT,2022,227,0.0,0.0
PT,2022,228,0.0,0.0
PT,2022,229,0.0,0.0
PT,2022,230,0.0,0.0
PT,2022,231,0.0,0.0
PT,2022,232,0.0,0.0
PT,2022,233,0.0,0.0
PT,2022,234,0.0,0.0
PT,2022,235,0.0,0.0
PT,2022,236,0.0,0.0
PT,2022,237,0.0,0.0
PT,2022,238,0.0,0.0
PT,2022,239,0.0,0.0
PT,2022,240,0.0,0.0
PT,2022,241,0.0,0.0
PT,2022,242,0.0,0.0
PT,2022,243,0.0,0.0
PT,2022,244,0.0,0.0
PT,2022,245,0.0,0.0
PT,2022,246,0.0,0.0
PT,2022,247,0.0,0.0
PT,2022,248,0.0,0.0
PT,2022,249,0.0,0.0
PT,2022,250,0.0,0.0
PT,2022,251,0.0,0.0
PT,2022,252,0.0,0.0
PT,2022,253,0.0,0.0
PT,2022,254,0.0,0.0
PT,2022,255,0.0,0.0
PT,2022,256,0.0,0.0
PT,2022,257,0.0,0.0
PT,2022,258,0.0,0.0
PT,2022,259,0.0,0.0
PT,2022,260,0.0,0.0
PT,2022,261,0.0,0.0
PT,2022,262,0.0,0.0
PT,2022,263,0.0,0.0
PT,2022,264,0.0,0.0
PT,2022,265,0.0,0.0
PT,2022,266,0.0,0.0
PT,2022,267,0.0,0.0
PT,2022,268,0.0,0.0
PT,2022,269,0.0,0.0
PT,2022,270,0.0,0.0
PT,2022,271,0.0,0.0
PT,2022,272,0.0,0.0
PT,2022,273,0.0,0.0
PT,2022,274,0.0,0.0
PT,2022,275,0.0,0.0
PT,2022,276,0.0,0.0
PT,2022,277,0.0,0.0
PT,2022,278,0.0,0.0
PT,2022,279,0.0,0.0
PT,2022,280,0.0,0.0
PT,2022,281,0.0,0.0
PT,2022,282,0.0,0.0
PT,2022,283,0.0,0.0
PT,2022,284,0.0,0.0
PT,2022,285,0.0,0.0
PT,2022,286,0.0,0.0
PT,2022,287,0.0,0.0
PT,2022,288,0.0,0.0
PT,2022,289,0.0,0.0
PT,2022,290,0.0,0.0
PT,2022,291,0.0,0.0
PT,2022,292,0.0,0.0
PT,2022,293,0.0,0.0
PT,2022,294,0.0,0.0
PT,2022,295,0.0,0.0
PT,2022,296,0.0,0.0
PT,2022,297,0.0,0.0
PT,2022,298,0.0,0.0
PT,2022,299,0.0,0.0
PT,2022,300,0.0,0.0
PT,2022,301,0.0,0.0
PT,2022,302,0.0,0.0
PT,2022,303,0.0,0.0
PT,2022,304,0.0,0.0
PT,2022,305,0.0,0.0
PT,2022,306,0.0,0.0
PT,2022,307,0.0,0.0
PT,2022,308,0.0,0.0
PT,2022,309,0.0,0.0
PT,2022,310,0.0,0.0
PT,2022,311,0.0,0.0
PT,2022,312,0.0,0.0
PT,2022,313,0.0,0.0
PT,2022,314,0.0,0.0
PT,2022,315,0.0,0.0
PT,2022,316,0.0,0.0
PT,2022,317,0.0,0.0
PT,2022,318,0.0,0.0
PT,2022,319,0.0,0.0
PT,2022,320,0.0,0.0
PT,2022,321,0.0,0.0
PT,2022,322,0.0,0.0
PT,2022,323,0.0,0.0
PT,2022,324,0.0,0.0
PT,2022,325,0.0,0.0
PT,2022,326,0.0,0.0
PT,2022,327,0.0,0.0
PT,2022,328,0.0,0.0
PT,2022,329,0.0,0.0
PT,2022,330,0.0,0.0
PT,2022,331,0.0,0.0
PT,2022,332,0.0,0.0
PT,2022,333,0.0,0.0
PT,2022,334,0.0,0.0
PT,2022,335,0.0,0.0
PT,2022,336,0.0,0.0
PT,2022,337,0.0,0.0
PT,2022,338,0.0,0.0
PT,2022,339,0.0,0.0
PT,2022,340,0.0,0.0
PT,2022,341,0.0,0.0
PT,2022,342,0.0,0.0
PT,2022,343,0.0,0.0
PT,2022,344,0.0,0.0
PT,2022,345,0.0,0.0
PT,2022,346,0.0,0.0
PT,2022,347,0.0,0.0
PT,2022,348,0.0,0.0
PT,2022,349,0.0,0.0
PT,2022,350,0.0,0.0
PT,2022,351,0.0,0.0
PT,2022,352,0.0,0.0
PT,2022,353,0.0,0.0
PT,2022,354,0.0,0.0
PT,2022,355,0.0,0.0
PT,2022,356,0.0,0.0
PT,2022,357,0.0,0.0
PT,2022,358,0.0,0.0
PT,2022,359,0.0,0.0
PT,2022,360,0.0,0.0
PT,2022,361,0.0,0.0
PT,2022,362,0.0,0.0
PT,2022,363,4.0,0.0
PT,2022,364,6.0,0.0
PT,2022,365,23.0,0.0
PT,2022,366,,
PT,2023,1,15.0,0.0
PT,2023,2,15.0,0.0
PT,2023,3,15.0,0.0
PT,2023,4,15.0,0.0
PT,2023,5,15.0,0.0
PT,2023,6,15.0,0.0
PT,2023,7,15.0,0.0
PT,2023,8,15.0,0.0
PT,2023,9,15.0,0.0
PT,2023,10,15.0,0.0
PT,2023,11,15.0,0.0
PT,2023,12,15.0,0.0
PT,2023,13,15.0,0.0
PT,2023,14,15.0,0.0
PT,2023,15,15.0,0.0
PT,2023,16,15.0,0.0
PT,2023,17,16.0,0.0
PT,2023,18,21.0,0.0
PT,2023,19,21.0,0.0
PT,2023,20,21.0,0.0
PT,2023,21,21.0,0.0
PT,2023,22,21.0,0.0
PT,2023,23,21.0,0.0
PT,2023,24,21.0,0.0
PT,2023,25,21.0,0.0
PT,2023,26,21.0,0.0
PT,2023,27,21.0,0.0
PT,2023,28,21.0,0.0
PT,2023,29,21.0,0.0
PT,2023,30,21.0,0.0
PT,2023,31,21.0,0.0
PT,2023,32,21.0,0.0
PT,2023,33,21.0,0.0
PT,2023,34,21.0,0.0
PT,2023,35,21.0,0.0
PT,2023,36,21.0,0.0
PT,2023,37,21.0,0.0
PT,2023,38,21.0,0.0
PT,2023,39,21.0,0.0
PT,2023,40,21.0,0.0
PT,2023,41,21.0,0.0
PT,2023,42,21.0,0.0
PT,2023,43,21.0,0.0
PT,2023,44,21.0,0.0
PT,2023,45,21.0,0.0
PT,2023,46,21.0,0.0
PT,2023,47,21.0,0.0
PT,2023,48,21.0,0.0
PT,2023,49,21.0,0.0
PT,2023,50,21.0,0.0
PT,2023,51,21.0,0.0
PT,2023,52,21.0,0.0
PT,2023,53,21.0,0.0
PT,2023,54,21.0,0.0
PT,2023,55,21.0,0.0
PT,2023,56,21.0,0.0
PT,2023,57,21.0,0.0
PT,2023,58,21.0,0.0
PT,2023,59,21.0,0.0
PT,2023,60,21.0,0.0
PT,2023,61,21.0,0.0
PT,2023,62,21.0,0.0
PT,2023,63,21.0,0.0
PT,2023,64,21.0,0.0
PT,2023,65,21.0,0.0
PT,2023,66,21.0,0.0
PT,2023,67,21.0,0.0
PT,2023,68,21.0,0.0
PT,2023,69,21.0,0.0
PT,2023,70,21.0,0.0
PT,2023,71,21.0,0.0
PT,2023,72,21.0,0.0
PT,2023,73,21.0,0.0
PT,2023,74,21.0,0.0
PT,2023,75,21.0,0.0
PT,2023,76,21.0,0.0
PT,2023,77,21.0,0.0
PT,2023,78,21.0,0.0
PT,2023,79,21.0,0.0
PT,2023,80,21.0,0.0
PT,2023,81,21.0,0.0
PT,2023,82,21.0,0.0
PT,2023,83,21.0,0.0
PT,2023,84,21.0,0.0
PT,2023,85,29.0,0.0
PT,2023,86,29.0,0.0
PT,2023,87,29.0,0.0
PT,2023,88,29.0,0.0
PT,2023,89,32.0,0.0
PT,2023,90,34.0,0.0
PT,2023,91,34.0,0.0
PT,2023,92,40.0,0.0
PT,2023,93,40.0,0.0
PT,2023,94,40.0,0.0
PT,2023,95,40.0,0.0
PT,2023,96,40.0,0.0
PT,2023,97,40.0,0.0
PT,2023,98,40.0,0.0
PT,2023,99,41.0,0.0
PT,2023,100,43.0,0.0
PT,2023,101,43.0,0.0
PT,2023,102,43.0,0.0
PT,2023,103,45.0,0.0
PT,2023,104,45.0,0.0
PT,2023,105,48.0,0.0
PT,2023,106,48.0,0.0
PT,2023,107,48.0,0.0
PT,2023,108,48.0,0.0
PT,2023,109,48.0,0.0
PT,2023,110,48.0,0.0
PT,2023,111,48.0,0.0
PT,2023,112,48.0,0.0
PT,2023,113,55.0,0.0
PT,2023,114,55.0,0.0
PT,2023,115,55.0,0.0
PT,2023,116,55.0,0.0
PT,2023,117,55.0,0.0
PT,2023,118,55.0,0.0
PT,2023,119,55.0,0.0
PT,2023,120,55.0,0.0
PT,2023,121,55.0,0.0
PT,2023,122,55.0,0.0
PT,2023,123,55.0,0.0
PT,2023,124,55.0,0.0
PT,2023,125,55.0,0.0
PT,2023,126,55.0,0.0
PT,2023,127,55.0,0.0
PT,2023,128,55.0,0.0
PT,2023,129,55.0,0.0
PT,2023,130,55.0,0.0
PT,2023,131,55.0,0.0
PT,2023,132,55.0,0.0
PT,2023,133,55.0,0.0
PT,2023,134,58.0,0.0
PT,2023,135,58.0,0.0
PT,2023,136,58.0,0.0
PT,2023,137,58.0,0.0
PT,2023,138,58.0,0.0
PT,2023,139,58.0,0.0
PT,2023,140,58.0,0.0
PT,2023,141,58.0,0.0
PT,2023,142,58.0,0.0
PT,2023,143,58.0,0.0
PT,2023,144,58.0,0.0
PT,2023,145,58.0,0.0
PT,2023,146,58.0,0.0
PT,2023,147,58.0,0.0
PT,2023,148,58.0,0.0
PT,2023,149,58.0,0.0
PT,2023,150,58.0,0.0
PT,2023,151,58.0,0.0
PT,2023,152,58.0,0.0
PT,2023,153,58.0,0.0
PT,2023,154,58.0,0.0
PT,2023,155,58.0,0.0
PT,2023,156,58.0,0.0
PT,2023,157,58.0,0.0
PT,2023,158,58.0,0.0
PT,2023,159,58.0,0.0
PT,2023,160,58.0,0.0
PT,2023,161,58.0,0.0
PT,2023,162,58.0,0.0
PT,2023,163,58.0,0.0
PT,2023,164,58.0,0.0
PT,2023,165,58.0,0.0
PT,2023,166,58.0,0.0
PT,2023,167,58.0,0.0
PT,2023,168,58.0,0.0
PT,2023,169,58.0,0.0
PT,2023,170,58.0,0.0
PT,2023,171,58.0,0.0
PT,2023,172,58.0,0.0
PT,2023,173,58.0,0.0
PT,2023,174,58.0,0.0
PT,2023,175,58.0,0.0
PT,2023,176,58.0,0.0
PT,2023,177,58.0,0.0
PT,2023,178,58.0,0.0
PT,2023,179,58.0,0.0
PT,2023,180,58.0,0.0
PT,2023,181,58.0,0.0
PT,2023,182,58.0,0.0
PT,2023,183,58.0,0.0
PT,2023,184,58.0,0.0
PT,2023,185,58.0,0.0
PT,2023,186,58.0,0.0
PT,2023,187,58.0,0.0
PT,2023,188,58.0,0.0
PT,2023,189,58.0,0.0
PT,2023,190,58.0,0.0
PT,2023,191,58.0,0.0
PT,2023,192,58.0,0.0
PT,2023,193,58.0,0.0
PT,2023,194,58.0,0.0
PT,2023,195,58.0,0.0
PT,2023,196,58.0,0.0
PT,2023,197,58.0,0.0
PT,2023,198,58.0,0.0
PT,2023,199,58.0,0.0
PT,2023,200,58.0,0.0
PT,2023,201,58.0,0.0
PT,2023,202,58.0,0.0
PT,2023,203,58.0,0.0
PT,2023,204,59.0,0.0
PT,2023,205,59.0,0.0
PT,2023,206,59.0,0.0
PT,2023,207,59.0,0.0
PT,2023,208,59.0,0.0
PT,2023,209,59.0,0.0
PT,2023,210,59.0,0.0
PT,2023,211,59.0,0.0
PT,2023,212,59.0,0.0
PT,2023,213,59.0,0.0
PT,2023,214,59.0,0.0
PT,2023,215,59.0,0.0
PT,2023,216,59.0,0.0
PT,2023,217,59.0,0.0
PT,2023,218,59.0,0.0
PT,2023,219,59.0,0.0
PT,2023,220,59.0,0.0
PT,2023,221,59.0,0.0
PT,2023,222,59.0,0.0
PT,2023,223,59.0,0.0
PT,2023,224,59.0,0.0
PT,2023,225,59.0,0.0
PT,2023,226,59.0,0.0
PT,2023,227,59.0,0.0
PT,2023,228,59.0,0.0
PT,2023,229,59.0,0.0
PT,2023,230,59.0,0.0
PT,2023,231,59.0,0.0
PT,2023,232,59.0,0.0
PT,2023,233,59.0,0.0
PT,2023,234,59.0,0.0
PT,2023,235,59.0,0.0
PT,2023,236,59.0,0.0
PT,2023,237,59.0,0.0
PT,2023,238,59.0,0.0
PT,2023,239,66.0,0.0
PT,2023,240,66.0,0.0
PT,2023,241,66.0,0.0
PT,2023,242,66.0,0.0
PT,2023,243,66.0,0.0
PT,2023,244,66.0,0.0
PT,2023,245,66.0,0.0
PT,2023,246,66.0,0.0
PT,2023,247,66.0,0.0
PT,2023,248,66.0,0.0
PT,2023,249,66.0,0.0
PT,2023,250,66.0,0.0
PT,2023,251,66.0,0.0
PT,2023,252,66.0,0.0
PT,2023,253,66.0,0.0
PT,2023,254,66.0,0.0
PT,2023,255,66.0,0.0
PT,2023,256,66.0,0.0
PT,2023,257,66.0,0.0
PT,2023,258,66.0,0.0
PT,2023,259,66.0,0.0
PT,2023,260,66.0,0.0
PT,2023,261,66.0,0.0
PT,2023,262,66.0,0.0
PT,2023,263,66.0,0.0
PT,2023,264,66.0,0.0
PT,2023,265,66.0,0.0
PT,2023,266,66.0,0.0
PT,2023,267,66.0,0.0
PT,2023,268,66.0,0.0
PT,2023,269,66.0,0.0
PT,2023,270,66.0,0.0
PT,2023,271,66.0,0.0
PT,2023,272,66.0,0.0
PT,2023,273,66.0,0.0
PT,2023,274,66.0,0.0
PT,2023,275,66.0,0.0
PT,2023,276,66.0,0.0
PT,2023,277,66.0,0.0
PT,2023,278,66.0,0.0
PT,2023,279,66.0,0.0
PT,2023,280,66.0,0.0
PT,2023,281,66.0,0.0
PT,2023,282,66.0,0.0
PT,2023,283,66.0,0.0
PT,2023,284,66.0,0.0
PT,2023,285,66.0,0.0
PT,2023,286,66.0,0.0
PT,2023,287,66.0,0.0
PT,2023,288,66.0,0.0
PT,2023,289,66.0,0.0
PT,2023,290,66.0,0.0
PT,2023,291,66.0,0.0
PT,2023,292,66.0,0.0
PT,2023,293,66.0,0.0
PT,2023,294,66.0,0.0
PT,2023,295,66.0,0.0
PT,2023,296,66.0,0.0
PT,2023,297,66.0,0.0
PT,2023,298,66.0,0.0
PT,2023,299,66.0,0.0
PT,2023,300,66.0,0.0
PT,2023,301,69.0,0.0
PT,2023,302,81.0,0.0
PT,2023,303,81.0,0.0
PT,2023,304,81.0,0.0
PT,2023,305,86.0,0.0
PT,2023,306,89.0,0.0
PT,2023,307,93.0,0.0
PT,2023,308,102.0,0.0
PT,2023,309,118.0,0.0
PT,2023,310,118.0,0.0
PT,2023,311,118.0,0.0
PT,2023,312,118.0,0.0
PT,2023,313,118.0,0.0
PT,2023,314,118.0,0.0
PT,2023,315,118.0,0.0
PT,2023,316,118.0,0.0
PT,2023,317,118.0,0.0
PT,2023,318,118.0,0.0
PT,2023,319,118.0,0.0
PT,2023,320,118.0,0.0
PT,2023,321,118.0,0.0
PT,2023,322,118.0,0.0
PT,2023,323,118.0,0.0
PT,2023,324,118.0,0.0
PT,2023,325,118.0,0.0
PT,2023,326,118.0,0.0
PT,2023,327,118.0,0.0
PT,2023,328,118.0,0.0
PT,2023,329,118.0,0.0
PT,2023,330,118.0,0.0
PT,2023,331,118.0,0.0
PT,2023,332,118.0,0.0
PT,2023,333,118.0,0.0
PT,2023,334,118.0,0.0
PT,2023,335,118.0,0.0
PT,2023,336,118.0,0.0
PT,2023,337,118.0,0.0
PT,2023,338,118.0,0.0
PT,2023,339,118.0,0.0
PT,2023,340,118.0,0.0
PT,2023,341,118.0,0.0
PT,2023,342,118.0,0.0
PT,2023,343,118.0,0.0
PT,2023,344,118.0,0.0
PT,2023,345,118.0,0.0
PT,2023,346,118.0,0.0
PT,2023,347,118.0,0.0
PT,2023,348,118.0,0.0
PT,2023,349,118.0,0.0
PT,2023,350,118.0,0.0
PT,2023,351,118.0,0.0
PT,2023,352,118.0,0.0
PT,2023,353,118.0,0.0
PT,2023,354,118.0,0.0
PT,2023,355,118.0,0.0
PT,2023,356,118.0,0.0
PT,2023,357,118.0,0.0
PT,2023,358,118.0,0.0
PT,2023,359,118.0,0.0
PT,2023,360,118.0,0.0
PT,2023,361,118.0,0.0
PT,2023,362,118.0,0.0
PT,2023,363,118.0,0.0
PT,2023,364,118.0,0.0
PT,2023,365,122.0,0.0
PT,2023,366,,
PT,2024,1,0.0,0.0
PT,2024,2,0.0,0.0
PT,2024,3,0.0,0.0
PT,2024,4,0.0,0.0
PT,2024,5,0.0,0.0
PT,2024,6,0.0,0.0
PT,2024,7,0.0,0.0
PT,2024,8,0.0,0.0
PT,2024,9,0.0,0.0
PT,2024,10,0.0,0.0
PT,2024,11,0.0,0.0
PT,2024,12,0.0,0.0
PT,2024,13,0.0,0.0
PT,2024,14,0.0,0.0
PT,2024,15,0.0,0.0
PT,2024,16,0.0,0.0
PT,2024,17,0.0,0.0
PT,2024,18,2.0,0.0
PT,2024,19,2.0,0.0
PT,2024,20,2.0,0.0
PT,2024,21,2.0,0.0
PT,2024,22,2.0,0.0
PT,2024,23,2.0,0.0
PT,2024,24,2.0,0.0
PT,2024,25,2.0,0.0
PT,2024,26,2.0,0.0
PT,2024,27,2.0,0.0
PT,2024,28,2.0,0.0
PT,2024,29,2.0,0.0
PT,2024,30,2.0,0.0
PT,2024,31,2.0,0.0
PT,2024,32,2.0,0.0
PT,2024,33,2.0,0.0
PT,2024,34,2.0,0.0
PT,2024,35,2.0,0.0
PT,2024,36,2.0,0.0
PT,2024,37,2.0,0.0
PT,2024,38,2.0,0.0
PT,2024,39,2.0,0.0
PT,2024,40,2.0,0.0
PT,2024,41,10.0,0.0
PT,2024,42,10.0,0.0
PT,2024,43,10.0,0.0
PT,2024,44,10.0,0.0
PT,2024,45,10.0,0.0
PT,2024,46,10.0,0.0
PT,2024,47,10.0,0.0
PT,2024,48,10.0,0.0
PT,2024,49,10.0,0.0
PT,2024,50,10.0,0.0
PT,2024,51,10.0,0.0
PT,2024,52,10.0,0.0
PT,2024,53,10.0,0.0
PT,2024,54,14.0,0.0
PT,2024,55,20.0,0.0
PT,2024,56,25.0,0.0
PT,2024,57,33.0,0.0
PT,2024,58,44.0,0.0
PT,2024,59,51.0,0.0
PT,2024,60,58.0,0.0
PT,2024,61,71.0,0.0
PT,2024,62,81.0,0.0
PT,2024,63,98.0,0.0
PT,2024,64,98.0,0.0
PT,2024,65,98.0,0.0
PT,2024,66,98.0,0.0
PT,2024,67,102.0,0.0
PT,2024,68,116.0,0.0
PT,2024,69,136.0,0.0
PT,2024,70,156.0,0.0
PT,2024,71,170.0,0.0
PT,2024,72,176.0,0.0
PT,2024,73,176.0,0.0
PT,2024,74,176.0,0.0
PT,2024,75,176.0,0.0
PT,2024,76,177.0,0.0
PT,2024,77,182.0,0.0
PT,2024,78,182.0,0.0
PT,2024,79,182.0,0.0
PT,2024,80,182.0,0.0
PT,2024,81,182.0,0.0
PT,2024,82,182.0,0.0
PT,2024,83,194.0,0.0
PT,2024,84,211.0,0.0
PT,2024,85,211.0,0.0
PT,2024,86,221.0,0.0
PT,2024,87,241.0,0.0
PT,2024,88,259.0,0.0
PT,2024,89,271.0,0.0
PT,2024,90,278.0,0.0
PT,2024,91,297.0,0.0
PT,2024,92,314.0,0.0
PT,2024,93,321.0,0.0
PT,2024,94,331.0,0.0
PT,2024,95,342.0,0.0
PT,2024,96,365.0,2.0
PT,2024,97,385.0,10.0
PT,2024,98,404.0,14.0
PT,2024,99,425.0,15.0
PT,2024,100,443.0,22.0
PT,2024,101,456.0,31.0
PT,2024,102,469.0,38.0
PT,2024,103,478.0,42.0
PT,2024,104,488.0,50.0
PT,2024,105,498.0,59.0
PT,2024,106,513.0,65.0
PT,2024,107,529.0,74.0
PT,2024,108,540.0,81.0
PT,2024,109,549.0,82.0
PT,2024,110,554.0,82.0
PT,2024,111,563.0,84.0
PT,2024,112,574.0,92.0
PT,2024,113,586.0,99.0
PT,2024,114,596.0,99.0
PT,2024,115,603.0,99.0
PT,2024,116,603.0,99.0
PT,2024,117,603.0,99.0
PT,2024,118,610.0,99.0
PT,2024,119,618.0,100.0
PT,2024,120,618.0,100.0
PT,2024,121,618.0,100.0
PT,2024,122,628.0,108.0
PT,2024,123,631.0,108.0
PT,2024,124,632.0,108.0
PT,2024,125,641.0,108.0
PT,2024,126,648.0,111.0
PT,2024,127,648.0,111.0
PT,2024,128,650.0,111.0
PT,2024,129,650.0,111.0
PT,2024,130,650.0,111.0
PT,2024,131,652.0,111.0
PT,2024,132,659.0,113.0
PT,2024,133,663.0,113.0
PT,2024,134,668.0,113.0
PT,2024,135,679.0,116.0
PT,2024,136,687.0,116.0
PT,2024,137,687.0,116.0
PT,2024,138,687.0,116.0
PT,2024,139,693.0,116.0
PT,2024,140,701.0,118.0
PT,2024,141,702.0,118.0
PT,2024,142,702.0,118.0
PT,2024,143,702.0,118.0
PT,2024,144,702.0,118.0
PT,2024,145,702.0,118.0
PT,2024,146,707.0,118.0
PT,2024,147,717.0,124.0
PT,2024,148,717.0,124.0
PT,2024,149,719.0,124.0
PT,2024,150,719.0,124.0
PT,2024,151,724.0,124.0
PT,2024,152,735.0,127.0
PT,2024,153,748.0,136.0
PT,2024,154,760.0,146.0
PT,2024,155,760.0,146.0
PT,2024,156,760.0,146.0
PT,2024,157,760.0,146.0
PT,2024,158,760.0,146.0
PT,2024,159,760.0,146.0
PT,2024,160,760.0,146.0
PT,2024,161,769.0,148.0
PT,2024,162,769.0,148.0
PT,2024,163,769.0,148.0
PT,2024,164,769.0,148.0
PT,2024,165,769.0,148.0
PT,2024,166,775.0,148.0
PT,2024,167,785.0,156.0
PT,2024,168,794.0,163.0
PT,2024,169,797.0,163.0
PT,2024,170,797.0,163.0
PT,2024,171,797.0,163.0
PT,2024,172,797.0,163.0
PT,2024,173,797.0,163.0
PT,2024,174,798.0,163.0
PT,2024,175,808.0,168.0
PT,2024,176,808.0,168.0
PT,2024,177,808.0,168.0
PT,2024,178,808.0,168.0
PT,2024,179,808.0,168.0
PT,2024,180,808.0,168.0
PT,2024,181,808.0,168.0
PT,2024,182,809.0,168.0
PT,2024,183,809.0,168.0
PT,2024,184,809.0,168.0
PT,2024,185,809.0,168.0
PT,2024,186,809.0,168.0
PT,2024,187,809.0,168.0
PT,2024,188,820.0,176.0
PT,2024,189,829.0,184.0
PT,2024,190,829.0,184.0
PT,2024,191,829.0,184.0
PT,2024,192,829.0,184.0
PT,2024,193,829.0,184.0
PT,2024,194,829.0,184.0
PT,2024,195,833.0,184.0
PT,2024,196,842.0,187.0
PT,2024,197,842.0,187.0
PT,2024,198,842.0,187.0
PT,2024,199,842.0,187.0
PT,2024,200,842.0,187.0
PT,2024,201,842.0,187.0
PT,2024,202,848.0,188.0
PT,2024,203,858.0,190.0
PT,2024,204,858.0,190.0
PT,2024,205,858.0,190.0
PT,2024,206,858.0,190.0
PT,2024,207,858.0,190.0
PT,2024,208,858.0,190.0
PT,2024,209,858.0,190.0
PT,2024,210,866.0,190.0
PT,2024,211,866.0,190.0
PT,2024,212,866.0,190.0
PT,2024,213,866.0,190.0
PT,2024,214,866.0,190.0
PT,2024,215,866.0,190.0
PT,2024,216,866.0,190.0
PT,2024,217,867.0,190.0
PT,2024,218,867.0,190.0
PT,2024,219,867.0,190.0
PT,2024,220,867.0,190.0
PT,2024,221,867.0,190.0
PT,2024,222,867.0,190.0
PT,2024,223,871.0,190.0
PT,2024,224,878.0,190.0
PT,2024,225,878.0,190.0
PT,2024,226,878.0,190.0
PT,2024,227,878.0,190.0
PT,2024,228,885.0,190.0
PT,2024,229,885.0,190.0
PT,2024,230,885.0,190.0
PT,2024,231,893.0,190.0
PT,2024,232,893.0,190.0
PT,2024,233,893.0,190.0
PT,2024,234,893.0,190.0
PT,2024,235,893.0,190.0
PT,2024,236,893.0,190.0
PT,2024,237,898.0,190.0
PT,2024,238,907.0,193.0
PT,2024,239,907.0,193.0
PT,2024,240,907.0,193.0
PT,2024,241,907.0,193.0
PT,2024,242,907.0,193.0
PT,2024,243,907.0,193.0
PT,2024,244,907.0,193.0
PT,2024,245,907.0,193.0
PT,2024,246,907.0,193.0
PT,2024,247,907.0,193.0
PT,2024,248,907.0,193.0
PT,2024,249,907.0,193.0
PT,2024,250,907.0,193.0
PT,2024,251,907.0,193.0
PT,2024,252,914.0,193.0
PT,2024,253,914.0,193.0
PT,2024,254,914.0,193.0
PT,2024,255,914.0,193.0
PT,2024,256,914.0,193.0
PT,2024,257,921.0,193.0
PT,2024,258,927.0,193.0
PT,2024,259,936.0,193.0
PT,2024,260,942.0,193.0
PT,2024,261,949.0,193.0
PT,2024,262,949.0,193.0
PT,2024,263,949.0,193.0
PT,2024,264,949.0,193.0
PT,2024,265,949.0,193.0
PT,2024,266,951.0,193.0
PT,2024,267,951.0,193.0
PT,2024,268,951.0,193.0
PT,2024,269,951.0,193.0
PT,2024,270,957.0,193.0
PT,2024,271,965.0,193.0
PT,2024,272,972.0,193.0
PT,2024,273,980.0,193.0
PT,2024,274,980.0,193.0
PT,2024,275,980.0,193.0
PT,2024,276,980.0,193.0
PT,2024,277,980.0,193.0
PT,2024,278,980.0,193.0
PT,2024,279,985.0,193.0
PT,2024,280,992.0,196.0
PT,2024,281,992.0,196.0
PT,2024,282,996.0,196.0
PT,2024,283,998.0,196.0
PT,2024,284,998.0,196.0
PT,2024,285,998.0,196.0
PT,2024,286,998.0,196.0
PT,2024,287,1001.0,196.0
PT,2024,288,1001.0,196.0
PT,2024,289,1001.0,196.0
PT,2024,290,1001.0,196.0
PT,2024,291,1003.0,196.0
PT,2024,292,1003.0,196.0
PT,2024,293,1003.0,196.0
PT,2024,294,1007.0,196.0
PT,2024,295,1007.0,196.0
PT,2024,296,1007.0,196.0
PT,2024,297,1007.0,196.0
PT,2024,298,1007.0,196.0
PT,2024,299,1007.0,196.0
PT,2024,300,1007.0,196.0
PT,2024,301,1007.0,196.0
PT,2024,302,1007.0,196.0
PT,2024,303,1007.0,196.0
PT,2024,304,1007.0,196.0
PT,2024,305,1007.0,196.0
PT,2024,306,1007.0,196.0
PT,2024,307,1007.0,196.0
PT,2024,308,1007.0,196.0
PT,2024,309,1007.0,196.0
PT,2024,310,1007.0,196.0
PT,2024,311,1007.0,196.0
PT,2024,312,1007.0,196.0
PT,2024,313,1007.0,196.0
PT,2024,314,1007.0,196.0
PT,2024,315,1007.0,196.0
PT,2024,316,1007.0,196.0
PT,2024,317,1007.0,196.0
PT,2024,318,1007.0,196.0
PT,2024,319,1007.0,196.0
PT,2024,320,1007.0,196.0
PT,2024,321,1007.0,196.0
PT,2024,322,1007.0,196.0
PT,2024,323,1007.0,196.0
PT,2024,324,1007.0,196.0
PT,2024,325,1007.0,196.0
PT,2024,326,1007.0,196.0
PT,2024,327,1007.0,196.0
PT,2024,328,1007.0,196.0
PT,2024,329,1007.0,196.0
PT,2024,330,1007.0,196.0
PT,2024,331,1007.0,196.0
PT,2024,332,1007.0,196.0
PT,2024,333,1007.0,196.0
PT,2024,334,1007.0,196.0
PT,2024,335,1007.0,196.0
PT,2024,336,1007.0,196.0
PT,2024,337,1007.0,196.0
PT,2024,338,1007.0,196.0
PT,2024,339,1007.0,196.0
PT,2024,340,1007.0,196.0
PT,2024,341,1007.0,196.0
PT,2024,342,1007.0,196.0
PT,2024,343,1012.0,196.0
PT,2024,344,1012.0,196.0
PT,2024,345,1012.0,196.0
PT,2024,346,1012.0,196.0
PT,2024,347,1012.0,196.0
PT,2024,348,1012.0,196.0
PT,2024,349,1012.0,196.0
PT,2024,350,1012.0,196.0
PT,2024,351,1012.0,196.0
PT,2024,352,1012.0,196.0
PT,2024,353,1012.0,196.0
PT,2024,354,1012.0,196.0
PT,2024,355,1012.0,196.0
PT,2024,356,1012.0,196.0
PT,2024,357,1012.0,196.0
PT,2024,358,1012.0,196.0
PT,2024,359,1012.0,196.0
PT,2024,360,1012.0,196.0
PT,2024,361,1012.0,196.0
PT,2024,362,1012.0,196.0
PT,2024,363,1012.0,196.0
PT,2024,364,1012.0,196.0
PT,2024,365,1012.0,196.0
PT,2024,366,1012.0,196.0
PT,2025,1,0.0,0.0
PT,2025,2,0.0,0.0
PT,2025,3,0.0,0.0
PT,2025,4,0.0,0.0
PT,2025,5,0.0,0.0
PT,2025,6,0.0,0.0
PT,2025,7,0.0,0.0
PT,2025,8,0.0,0.0
PT,2025,9,0.0,0.0
PT,2025,10,0.0,0.0
PT,2025,11,0.0,0.0
PT,2025,12,0.0,0.0
PT,2025,13,0.0,0.0
PT,2025,14,0.0,0.0
PT,2025,15,0.0,0.0
PT,2025,16,0.0,0.0
PT,2025,17,0.0,0.0
PT,2025,18,0.0,0.0
PT,2025,19,0.0,0.0
PT,2025,20,0.0,0.0
PT,2025,21,0.0,0.0
PT,2025,22,0.0,0.0
PT,2025,23,0.0,0.0
PT,2025,24,0.0,0.0
PT,2025,25,0.0,0.0
PT,2025,26,0.0,0.0
PT,2025,27,1.0,0.0
PT,2025,28,9.0,0.0
PT,2025,29,9.0,0.0
PT,2025,30,13.0,0.0
PT,2025,31,13.0,0.0
PT,2025,32,13.0,0.0
PT,2025,33,13.0,0.0
PT,2025,34,13.0,0.0
PT,2025,35,13.0,0.0
PT,2025,36,13.0,0.0
PT,2025,37,13.0,0.0
PT,2025,38,13.0,0.0
PT,2025,39,13.0,0.0
PT,2025,40,13.0,0.0
PT,2025,41,13.0,0.0
PT,2025,42,13.0,0.0
PT,2025,43,13.0,0.0
PT,2025,44,13.0,0.0
PT,2025,45,13.0,0.0
PT,2025,46,13.0,0.0
PT,2025,47,13.0,0.0
PT,2025,48,13.0,0.0
PT,2025,49,13.0,0.0
PT,2025,50,13.0,0.0
PT,2025,51,13.0,0.0
PT,2025,52,13.0,0.0
PT,2025,53,13.0,0.0
PT,2025,54,13.0,0.0
PT,2025,55,13.0,0.0
PT,2025,56,13.0,0.0
PT,2025,57,13.0,0.0
PT,2025,58,13.0,0.0
PT,2025,59,13.0,0.0
PT,2025,60,13.0,0.0
PT,2025,61,13.0,0.0
PT,2025,62,13.0,0.0
PT,2025,63,13.0,0.0
PT,2025,64,13.0,0.0
PT,2025,65,13.0,0.0
PT,2025,66,13.0,0.0
PT,2025,67,16.0,0.0
PT,2025,68,16.0,0.0
PT,2025,69,16.0,0.0
PT,2025,70,16.0,0.0
PT,2025,71,16.0,0.0
PT,2025,72,16.0,0.0
PT,2025,73,16.0,0.0
PT,2025,74,22.0,0.0
PT,2025,75,22.0,0.0
PT,2025,76,22.0,0.0
PT,2025,77,22.0,0.0
PT,2025,78,28.0,0.0
PT,2025,79,30.0,0.0
PT,2025,80,35.0,0.0
PT,2025,81,49.0,1.0
PT,2025,82,56.0,1.0
PT,2025,83,58.0,1.0
PT,2025,84,62.0,1.0
PT,2025,85,71.0,1.0
PT,2025,86,79.0,1.0
PT,2025,87,88.0,5.0
PT,2025,88,98.0,6.0
PT,2025,89,116.0,16.0
PT,2025,90,128.0,21.0
PT,2025,91,128.0,21.0
PT,2025,92,134.0,24.0
PT,2025,93,138.0,24.0
PT,2025,94,145.0,27.0
PT,2025,95,153.0,33.0
PT,2025,96,162.0,41.0
PT,2025,97,166.0,41.0
PT,2025,98,175.0,48.0
PT,2025,99,182.0,54.0
PT,2025,100,189.0,56.0
PT,2025,101,194.0,57.0
PT,2025,102,197.0,57.0
PT,2025,103,204.0,61.0
PT,2025,104,210.0,61.0
PT,2025,105,216.0,64.0
PT,2025,106,225.0,66.0
PT,2025,107,231.0,66.0
PT,2025,108,239.0,72.0
PT,2025,109,250.0,81.0
PT,2025,110,259.0,89.0
PT,2025,111,259.0,89.0
PT,2025,112,259.0,89.0
PT,2025,113,265.0,89.0
PT,2025,114,272.0,89.0
PT,2025,115,280.0,93.0
PT,2025,116,291.0,102.0
PT,2025,117,302.0,111.0
PT,2025,118,311.0,118.0
PT,2025,119,321.0,125.0
PT,2025,120,321.0,125.0
PT,2025,121,321.0,125.0
PT,2025,122,321.0,125.0
PT,2025,123,323.0,125.0
PT,2025,124,323.0,125.0
PT,2025,125,323.0,125.0
PT,2025,126,323.0,125.0
PT,2025,127,323.0,125.0
PT,2025,128,323.0,125.0
PT,2025,129,323.0,125.0
PT,2025,130,328.0,125.0
PT,2025,131,334.0,125.0
PT,2025,132,334.0,125.0
PT,2025,133,334.0,125.0
PT,2025,134,334.0,125.0
PT,2025,135,334.0,125.0
PT,2025,136,335.0,125.0
PT,2025,137,335.0,125.0
PT,2025,138,342.0,129.0
PT,2025,139,342.0,129.0
PT,2025,140,342.0,129.0
PT,2025,141,342.0,129.0
PT,2025,142,343.0,129.0
PT,2025,143,343.0,129.0
PT,2025,144,343.0,129.0
PT,2025,145,349.0,129.0
PT,2025,146,349.0,129.0
PT,2025,147,349.0,129.0
PT,2025,148,349.0,129.0
PT,2025,149,349.0,129.0
PT,2025,150,349.0,129.0
PT,2025,151,349.0,129.0
PT,2025,152,349.0,129.0
PT,2025,153,349.0,129.0
PT,2025,154,349.0,129.0
PT,2025,155,349.0,129.0
PT,2025,156,349.0,129.0
PT,2025,157,349.0,129.0
PT,2025,158,354.0,131.0
PT,2025,159,356.0,131.0
PT,2025,160,356.0,131.0
PT,2025,161,356.0,131.0
PT,2025,162,356.0,131.0
PT,2025,163,356.0,131.0
PT,2025,164,356.0,131.0
PT,2025,165,359.0,132.0
PT,2025,166,363.0,132.0
PT,2025,167,363.0,132.0
PT,2025,168,363.0,132.0
PT,2025,169,363.0,132.0
PT,2025,170,363.0,132.0
PT,2025,171,363.0,132.0
PT,2025,172,368.0,132.0
PT,2025,173,377.0,139.0
PT,2025,174,377.0,139.0
PT,2025,175,377.0,139.0
PT,2025,176,377.0,139.0
PT,2025,177,377.0,139.0
PT,2025,178,377.0,139.0
PT,2025,179,377.0,139.0
PT,2025,180,379.0,139.0
PT,2025,181,379.0,139.0
PT,2025,182,379.0,139.0
PT,2025,183,379.0,139.0
PT,2025,184,379.0,139.0
PT,2025,185,379.0,139.0
PT,2025,186,379.0,139.0
PT,2025,187,383.0,139.0
PT,2025,188,383.0,139.0
PT,2025,189,383.0,139.0
PT,2025,190,383.0,139.0
PT,2025,191,383.0,139.0
PT,2025,192,383.0,139.0
PT,2025,193,384.0,139.0
PT,2025,194,389.0,139.0
PT,2025,195,389.0,139.0
PT,2025,196,389.0,139.0
PT,2025,197,389.0,139.0
PT,2025,198,389.0,139.0
PT,2025,199,389.0,139.0
PT,2025,200,396.0,139.0
PT,2025,201,406.0,145.0
PT,2025,202,406.0,145.0
PT,2025,203,406.0,145.0
PT,2025,204,406.0,145.0
PT,2025,205,406.0,145.0
PT,2025,206,410.0,145.0
PT,2025,207,419.0,145.0
PT,2025,208,428.0,152.0
PT,2025,209,433.0,152.0
PT,2025,210,439.0,152.0
PT,2025,211,439.0,152.0
PT,2025,212,439.0,152.0
PT,2025,213,439.0,152.0
PT,2025,214,446.0,152.0
PT,2025,215,456.0,157.0
PT,2025,216,456.0,157.0
PT,2025,217,459.0,157.0
PT,2025,218,459.0,157.0
PT,2025,219,459.0,157.0
PT,2025,220,459.0,157.0
PT,2025,221,466.0,157.0
PT,2025,222,474.0,164.0
PT,2025,223,474.0,164.0
PT,2025,224,474.0,164.0
PT,2025,225,474.0,164.0
PT,2025,226,474.0,164.0
PT,2025,227,477.0,164.0
PT,2025,228,478.0,164.0
PT,2025,229,482.0,164.0
PT,2025,230,482.0,164.0
PT,2025,231,482.0,164.0
PT,2025,232,482.0,164.0
PT,2025,233,482.0,164.0
PT,2025,234,482.0,164.0
PT,2025,235,483.0,164.0
PT,2025,236,490.0,168.0
PT,2025,237,490.0,168.0
PT,2025,238,490.0,168.0
PT,2025,239,490.0,168.0
PT,2025,240,493.0,168.0
PT,2025,241,500.0,168.0
PT,2025,242,506.0,169.0
PT,2025,243,515.0,176.0
PT,2025,244,522.0,176.0
PT,2025,245,522.0,176.0
PT,2025,246,528.0,176.0
PT,2025,247,528.0,176.0
PT,2025,248,528.0,176.0
PT,2025,249,536.0,181.0
PT,2025,250,542.0,181.0
PT,2025,251,542.0,181.0
PT,2025,252,542.0,181.0
PT,2025,253,548.0,181.0
PT,2025,254,553.0,181.0
PT,2025,255,553.0,181.0
PT,2025,256,559.0,181.0
PT,2025,257,565.0,182.0
PT,2025,258,565.0,182.0
PT,2025,259,565.0,182.0
PT,2025,260,565.0,182.0
PT,2025,261,565.0,182.0
PT,2025,262,565.0,182.0
PT,2025,263,566.0,182.0
PT,2025,264,573.0,186.0
PT,2025,265,580.0,190.0
PT,2025,266,583.0,190.0
PT,2025,267,584.0,190.0
PT,2025,268,584.0,190.0
PT,2025,269,584.0,190.0
PT,2025,270,584.0,190.0
PT,2025,271,584.0,190.0
PT,2025,272,584.0,190.0
PT,2025,273,584.0,190.0
PT,2025,274,584.0,190.0
PT,2025,275,584.0,190.0
PT,2025,276,584.0,190.0
PT,2025,277,591.0,192.0
PT,2025,278,599.0,200.0
PT,2025,279,599.0,200.0
PT,2025,280,599.0,200.0
PT,2025,281,599.0,200.0
PT,2025,282,599.0,200.0
PT,2025,283,599.0,200.0
PT,2025,284,599.0,200.0
PT,2025,285,600.0,200.0
PT,2025,286,600.0,200.0
PT,2025,287,600.0,200.0
PT,2025,288,600.0,200.0
PT,2025,289,600.0,200.0
PT,2025,290,600.0,200.0
PT,2025,291,600.0,200.0
PT,2025,292,605.0,200.0
PT,2025,293,606.0,200.0
PT,2025,294,606.0,200.0
PT,2025,295,610.0,200.0
PT,2025,296,615.0,200.0
PT,2025,297,615.0,200.0
PT,2025,298,615.0,200.0
PT,2025,299,615.0,200.0
PT,2025,300,615.0,200.0
PT,2025,301,615.0,200.0
PT,2025,302,615.0,200.0
PT,2025,303,615.0,200.0
PT,2025,304,615.0,200.0
PT,2025,305,615.0,200.0
PT,2025,306,621.0,200.0
PT,2025,307,621.0,200.0
PT,2025,308,621.0,200.0
PT,2025,309,621.0,200.0
PT,2025,310,621.0,200.0
PT,2025,311,621.0,200.0
PT,2025,312,621.0,200.0
PT,2025,313,623.0,200.0
PT,2025,314,623.0,200.0
PT,2025,315,623.0,200.0
PT,2025,316,625.0,200.0
PT,2025,317,625.0,200.0
PT,2025,318,625.0,200.0
PT,2025,319,625.0,200.0
PT,2025,320,629.0,200.0
PT,2025,321,629.0,200.0
PT,2025,322,629.0,200.0
PT,2025,323,629.0,200.0
PT,2025,324,629.0,200.0
PT,2025,325,631.0,200.0
PT,2025,326,635.0,200.0
PT,2025,327,640.0,200.0
PT,2025,328,640.0,200.0
PT,2025,329,643.0,200.0
PT,2025,330,643.0,200.0
PT,2025,331,643.0,200.0
PT,2025,332,643.0,200.0
PT,2025,333,643.0,200.0
PT,2025,334,643.0,200.0
PT,2025,335,643.0,200.0
PT,2025,336,643.0,200.0
PT,2025,337,643.0,200.0
PT,2025,338,643.0,200.0
PT,2025,339,643.0,200.0
PT,2025,340,643.0,200.0
PT,2025,341,646.0,200.0
PT,2025,342,646.0,200.0
PT,2025,343,646.0,200.0
PT,2025,344,646.0,200.0
PT,2025,345,646.0,200.0
PT,2025,346,646.0,200.0
PT,2025,347,646.0,200.0
PT,2025,348,646.0,200.0
PT,2025,349,646.0,200.0
PT,2025,350,646.0,200.0
PT,2025,351,646.0,200.0
PT,2025,352,646.0,200.0
PT,2025,353,646.0,200.0
PT,2025,354,646.0,200.0
PT,2025,355,646.0,200.0
PT,2025,356,646.0,200.0
PT,2025,357,646.0,200.0
PT,2025,358,646.0,200.0
PT,2025,359,646.0,200.0
PT,2025,360,646.0,200.0
PT,2025,361,646.0,200.0
PT,2025,362,646.0,200.0
PT,2025,363,646.0,200.0
PT,2025,364,646.0,200.0
PT,2025,365,646.0,200.0
PT,2025,366,,
PT,2026,1,0.0,0.0
PT,2026,2,0.0,0.0
PT,2026,3,0.0,0.0
PT,2026,4,0.0,0.0
PT,2026,5,0.0,0.0
PT,2026,6,0.0,0.0
PT,2026,7,0.0,0.0
PT,2026,8,0.0,0.0
PT,2026,9,0.0,0.0
PT,2026,10,0.0,0.0
PT,2026,11,0.0,0.0
PT,2026,12,0.0,0.0
PT,2026,13,0.0,0.0
PT,2026,14,0.0,0.0
PT,2026,15,0.0,0.0
PT,2026,16,0.0,0.0
PT,2026,17,0.0,0.0
PT,2026,18,0.0,0.0
PT,2026,19,0.0,0.0
PT,2026,20,0.0,0.0
PT,2026,21,0.0,0.0
PT,2026,22,0.0,0.0
PT,2026,23,2.0,0.0
PT,2026,24,2.0,0.0
PT,2026,25,8.0,0.0
PT,2026,26,8.0,0.0
PT,2026,27,8.0,0.0
PT,2026,28,8.0,0.0
PT,2026,29,8.0,0.0
PT,2026,30,18.0,0.0
PT,2026,31,35.0,15.0
PT,2026,32,47.0,16.0
PT,2026,33,65.0,24.0
PT,2026,34,79.0,25.0
PT,2026,35,85.0,26.0
PT,2026,36,102.0,35.0
PT,2026,37,116.0,43.0
PT,2026,38,135.0,53.0
PT,2026,39,153.0,67.0
PT,2026,40,166.0,70.0
PT,2026,41,181.0,70.0
PT,2026,42,203.0,75.0
PT,2026,43,218.0,80.0
PT,2026,44,236.0,83.0
PT,2026,45,253.0,99.0
PT,2026,46,272.0,108.0
PT,2026,47,288.0,115.0
PT,2026,48,297.0,115.0
PT,2026,49,302.0,115.0
PT,2026,50,312.0,115.0
PT,2026,51,312.0,115.0
PT,2026,52,318.0,115.0
PT,2026,53,325.0,115.0
PT,2026,54,325.0,115.0
PT,2026,55,331.0,115.0
PT,2026,56,331.0,115.0
PT,2026,57,331.0,115.0
PT,2026,58,331.0,115.0
PT,2026,59,338.0,115.0
PT,2026,60,346.0,123.0
PT,2026,61,351.0,123.0
PT,2026,62,352.0,123.0
PT,2026,63,352.0,123.0
PT,2026,64,352.0,123.0
PT,2026,65,352.0,123.0
PT,2026,66,352.0,123.0
PT,2026,67,352.0,123.0
PT,2026,68,352.0,123.0
PT,2026,69,352.0,123.0
PT,2026,70,352.0,123.0
PT,2026,71,356.0,125.0
PT,2026,72,362.0,129.0
PT,2026,73,369.0,130.0
PT,2026,74,381.0,139.0
PT,2026,75,389.0,146.0
PT,2026,76,396.0,153.0
PT,2026,77,402.0,155.0
PT,2026,78,409.0,159.0
PT,2026,79,409.0,159.0
PT,2026,80,409.0,159.0
PT,2026,81,417.0,166.0
PT,2026,82,424.0,170.0
PT,2026,83,431.0,174.0
PT,2026,84,439.0,181.0
PT,2026,85,449.0,190.0
PT,2026,86,458.0,199.0
PT,2026,87,469.0,209.0
PT,2026,88,481.0,219.0
PT,2026,89,490.0,227.0
PT,2026,90,499.0,236.0
PT,2026,91,508.0,245.0
PT,2026,92,518.0,254.0
PT,2026,93,528.0,263.0
PT,2026,94,537.0,271.0
PT,2026,95,546.0,280.0
PT,2026,96,555.0,288.0
PT,2026,97,561.0,288.0
PT,2026,98,561.0,288.0
PT,2026,99,568.0,294.0
PT,2026,100,573.0,294.0
PT,2026,101,580.0,299.0
PT,2026,102,588.0,304.0
PT,2026,103,595.0,308.0
PT,2026,104,595.0,308.0
PT,2026,105,595.0,308.0
PT,2026,106,597.0,308.0
PT,2026,107,602.0,308.0
PT,2026,108,609.0,315.0
PT,2026,109,618.0,323.0
PT,2026,110,622.0,323.0
PT,2026,111,629.0,328.0
PT,2026,112,636.0,333.0
PT,2026,113,638.0,333.0
PT,2026,114,638.0,333.0
PT,2026,115,645.0,338.0
PT,2026,116,654.0,346.0
PT,2026,117,661.0,352.0
PT,2026,118,664.0,352.0
PT,2026,119,664.0,352.0
PT,2026,120,665.0,352.0
PT,2026,121,673.0,358.0
PT,2026,122,678.0,360.0
PT,2026,123,684.0,364.0
PT,2026,124,690.0,364.0
PT,2026,125,695.0,364.0
PT,2026,126,695.0,364.0
PT,2026,127,695.0,364.0
PT,2026,128,699.0,364.0
PT,2026,129,705.0,364.0
PT,2026,130,714.0,371.0
PT,2026,131,716.0,371.0
PT,2026,132,716.0,371.0
PT,2026,133,722.0,373.0
PT,2026,134,730.0,375.0
PT,2026,135,738.0,377.0
PT,2026,136,748.0,382.0
PT,2026,137,756.0,383.0
PT,2026,138,763.0,383.0
PT,2026,139,769.0,383.0
PT,2026,140,775.0,383.0
PT,2026,141,783.0,383.0
PT,2026,142,791.0,387.0
PT,2026,143,799.0,395.0
PT,2026,144,808.0,404.0
PT,2026,145,816.0,412.0
PT,2026,146,823.0,416.0
PT,2026,147,829.0,418.0
PT,2026,148,834.0,418.0
PT,2026,149,837.0,418.0
PT,2026,150,843.0,421.0
PT,2026,151,851.0,428.0
PT,2026,152,851.0,428.0
PT,2026,153,859.0,433.0
PT,2026,154,865.0,437.0
PT,2026,155,874.0,444.0
PT,2026,156,877.0,444.0
PT,2026,157,883.0,444.0
PT,2026,158,893.0,447.0
PT,2026,159,895.0,447.0
PT,2026,160,899.0,449.0
PT,2026,161,908.0,457.0
PT,2026,162,914.0,461.0
PT,2026,163,920.0,466.0
PT,2026,164,929.0,473.0
PT,2026,165,938.0,481.0
PT,2026,166,940.0,481.0
PT,2026,167,940.0,481.0
PT,2026,168,940.0,481.0
PT,2026,169,940.0,481.0
PT,2026,170,940.0,481.0
PT,2026,171,943.0,483.0
PT,2026,172,952.0,491.0
PT,2026,173,952.0,491.0
PT,2026,174,952.0,491.0
PT,2026,175,952.0,491.0
PT,2026,176,952.0,491.0
PT,2026,177,952.0,491.0
PT,2026,178,959.0,494.0
PT,2026,179,966.0,494.0
PT,2026,180,966.0,494.0
PT,2026,181,966.0,494.0
PT,2026,182,972.0,494.0
PT,2026,183,981.0,500.0
PT,2026,184,991.0,504.0
PT,2026,185,1000.0,512.0
PT,2026,186,1009.0,518.0
PT,2026,187,1009.0,518.0
PT,2026,188,1009.0,518.0
PT,2026,189,1009.0,518.0
PT,2026,190,1009.0,518.0
PT,2026,191,1009.0,518.0
PT,2026,192,1014.0,520.0
PT,2026,193,1021.0,524.0
PT,2026,194,1021.0,524.0
PT,2026,195,1021.0,524.0
PT,2026,196,1021.0,524.0
PT,2026,197,1021.0,524.0
PT,2026,198,1021.0,524.0
PT,2026,199,1026.0,524.0
PT,2026,200,1034.0,528.0
PT,2026,201,1034.0,528.0
PT,2026,202,1034.0,528.0
PT,2026,203,1034.0,528.0
PT,2026,204,1034.0,528.0
PT,2026,205,1038.0,528.0
PT,2026,206,1047.0,536.0
PT,2026,207,1057.0,546.0
PT,2026,208,1057.0,546.0
PT,2026,209,1057.0,546.0
PT,2026,210,1057.0,546.0
PT,2026,211,1057.0,546.0
PT,2026,212,1057.0,546.0
PT,2026,213,1062.0,546.0
PT,2026,214,1069.0,551.0
PT,2026,215,1069.0,551.0
PT,2026,216,1069.0,551.0
PT,2026,217,1069.0,551.0
PT,2026,218,1069.0,551.0
PT,2026,219,1069.0,551.0
PT,2026,220,1074.0,551.0
PT,2026,221,1080.0,554.0
PT,2026,222,1080.0,554.0
PT,2026,223,1080.0,554.0
PT,2026,224,1080.0,554.0
PT,2026,225,1080.0,554.0
PT,2026,226,1080.0,554.0
PT,2026,227,1080.0,554.0
PT,2026,228,1085.0,554.0
PT,2026,229,1085.0,554.0
PT,2026,230,1085.0,554.0
PT,2026,231,1085.0,554.0
PT,2026,232,1085.0,554.0
PT,2026,233,1085.0,554.0
PT,2026,234,1092.0,560.0
PT,2026,235,1100.0,568.0
PT,2026,236,1104.0,568.0
PT,2026,237,1104.0,568.0
PT,2026,238,1109.0,568.0
PT,2026,239,1112.0,568.0
PT,2026,240,1118.0,568.0
PT,2026,241,1126.0,576.0
PT,2026,242,1134.0,584.0
PT,2026,243,1141.0,584.0
PT,2026,244,1141.0,584.0
PT,2026,245,1141.0,584.0
PT,2026,246,1141.0,584.0
PT,2026,247,1141.0,584.0
PT,2026,248,1141.0,584.0
PT,2026,249,,
PT,2026,250,,
PT,2026,251,,
PT,2026,252,,
PT,2026,253,,
PT,2026,254,,
PT,2026,255,,
PT,2026,256,,
PT,2026,257,,
PT,2026,258,,
PT,2026,259,,
PT,2026,260,,
PT,2026,261,,
PT,2026,262,,
PT,2026,263,,
PT,2026,264,,
PT,2026,265,,
PT,2026,266,,
PT,2026,267,,
PT,2026,268,,
PT,2026,269,,
PT,2026,270,,
PT,2026,271,,
PT,2026,272,,
PT,2026,273,,
PT,2026,274,,
PT,2026,275,,
PT,2026,276,,
PT,2026,277,,
PT,2026,278,,
PT,2026,279,,
PT,2026,280,,
PT,2026,281,,
PT,2026,282,,
PT,2026,283,,
PT,2026,284,,
PT,2026,285,,
PT,2026,286,,
PT,2026,287,,
PT,2026,288,,
PT,2026,289,,
PT,2026,290,,
PT,2026,291,,
PT,2026,292,,
PT,2026,293,,
PT,2026,294,,
PT,2026,295,,
PT,2026,296,,
PT,2026,297,,
PT,2026,298,,
PT,2026,299,,
PT,2026,300,,
PT,2026,301,,
PT,2026,302,,
PT,2026,303,,
PT,2026,304,,
PT,2026,305,,
PT,2026,306,,
PT,2026,307,,
PT,2026,308,,
PT,2026,309,,
PT,2026,310,,
PT,2026,311,,
PT,2026,312,,
PT,2026,313,,
PT,2026,314,,
PT,2026,315,,
PT,2026,316,,
PT,2026,317,,
PT,2026,318,,
PT,2026,319,,
PT,2026,320,,
PT,2026,321,,
PT,2026,322,,
PT,2026,323,,
PT,2026,324,,
PT,2026,325,,
PT,2026,326,,
PT,2026,327,,
PT,2026,328,,
PT,2026,329,,
PT,2026,330,,
PT,2026,331,,
PT,2026,332,,
PT,2026,333,,
PT,2026,334,,
PT,2026,335,,
PT,2026,336,,
PT,2026,337,,
PT,2026,338,,
PT,2026,339,,
PT,2026,340,,
PT,2026,341,,
PT,2026,342,,
PT,2026,343,,
PT,2026,344,,
PT,2026,345,,
PT,2026,346,,
PT,2026,347,,
PT,2026,348,,
PT,2026,349,,
PT,2026,350,,
PT,2026,351,,
PT,2026,352,,
PT,2026,353,,
PT,2026,354,,
PT,2026,355,,
PT,2026,356,,
PT,2026,357,,
PT,2026,358,,
PT,2026,359,,
PT,2026,360,,
PT,2026,361,,
PT,2026,362,,
PT,2026,363,,
PT,2026,364,,
PT,2026,365,,
PT,2026,366,,
