country,year,date,min_price,max_price,mean_price,spread
DE,2019,2019-01-01,-33.57,10.07,-6.876,43.64
DE,2019,2019-01-02,-48.93,62.11,29.104,111.04
DE,2019,2019-01-03,43.88,69.55,58.042,25.67
DE,2019,2019-01-04,26.9,55.78,48.917,28.88
DE,2019,2019-01-05,18.37,61.64,43.155,43.27
DE,2019,2019-01-06,44.23,67.37,54.368,23.14
DE,2019,2019-01-07,1.84,74.93,50.642,73.09
DE,2019,2019-01-08,7.78,46.93,34.584,39.15
DE,2019,2019-01-09,3.43,55.94,41.103,52.51
DE,2019,2019-01-10,47.11,85.15,67.729,38.04
DE,2019,2019-01-11,42.2,62.92,49.893,20.72
DE,2019,2019-01-12,23.35,46.29,39.806,22.94
DE,2019,2019-01-13,-7.28,30.81,13.997,38.09
DE,2019,2019-01-14,-15.04,51.66,34.208,66.7
DE,2019,2019-01-15,29.23,58.38,45.2,29.15
DE,2019,2019-01-16,26.35,55.73,45.079,29.38
DE,2019,2019-01-17,22.77,58.72,43.5,35.95
DE,2019,2019-01-18,40.91,76.86,62.158,35.95
DE,2019,2019-01-19,47.74,68.91,55.191,21.17
DE,2019,2019-01-20,46.69,69.75,54.217,23.06
DE,2019,2019-01-21,51.14,88.5,69.844,37.36
DE,2019,2019-01-22,51.96,80.23,62.958,28.27
DE,2019,2019-01-23,51.02,93.76,75.445,42.74
DE,2019,2019-01-24,56.37,121.46,85.91,65.09
DE,2019,2019-01-25,42.9,97.0,65.655,54.1
DE,2019,2019-01-26,28.42,59.18,48.425,30.76
DE,2019,2019-01-27,3.65,52.96,36.022,49.31
DE,2019,2019-01-28,37.8,64.88,50.505,27.08
DE,2019,2019-01-29,44.59,72.82,60.257,28.23
DE,2019,2019-01-30,42.74,68.17,53.1,25.43
DE,2019,2019-01-31,43.55,78.49,59.692,34.94
DE,2019,2019-02-01,41.1,69.98,55.746,28.88
DE,2019,2019-02-02,42.6,59.5,49.975,16.9
DE,2019,2019-02-03,38.47,59.54,46.678,21.07
DE,2019,2019-02-04,32.51,60.67,43.668,28.16
DE,2019,2019-02-05,36.71,65.79,54.135,29.08
DE,2019,2019-02-06,40.4,62.4,51.461,22.0
DE,2019,2019-02-07,32.73,53.29,43.985,20.56
DE,2019,2019-02-08,0.02,57.94,40.253,57.92
DE,2019,2019-02-09,-4.09,36.17,7.76,40.26
DE,2019,2019-02-10,-0.01,49.48,27.072,49.49
DE,2019,2019-02-11,-3.95,49.41,33.524,53.36
DE,2019,2019-02-12,29.71,60.47,46.604,30.76
DE,2019,2019-02-13,33.31,56.55,45.658,23.24
DE,2019,2019-02-14,38.47,63.67,49.216,25.2
DE,2019,2019-02-15,35.42,61.73,47.271,26.31
DE,2019,2019-02-16,31.09,52.06,39.226,20.97
DE,2019,2019-02-17,35.09,50.07,39.211,14.98
DE,2019,2019-02-18,35.87,57.37,46.259,21.5
DE,2019,2019-02-19,35.26,54.09,41.279,18.83
DE,2019,2019-02-20,32.95,54.66,45.68,21.71
DE,2019,2019-02-21,35.36,53.1,43.414,17.74
DE,2019,2019-02-22,38.04,57.95,47.059,19.91
DE,2019,2019-02-23,35.32,51.57,40.13,16.25
DE,2019,2019-02-24,34.54,51.47,40.028,16.93
DE,2019,2019-02-25,36.06,56.88,44.347,20.82
DE,2019,2019-02-26,35.88,58.17,44.764,22.29
DE,2019,2019-02-27,29.78,58.71,43.744,28.93
DE,2019,2019-02-28,27.61,50.97,40.661,23.36
DE,2019,2019-03-01,36.27,52.59,46.05,16.32
DE,2019,2019-03-02,22.77,48.6,40.357,25.83
DE,2019,2019-03-03,-2.81,38.49,9.272,41.3
DE,2019,2019-03-04,-7.0,43.02,13.308,50.02
DE,2019,2019-03-05,-4.95,55.23,32.845,60.18
DE,2019,2019-03-06,25.05,47.46,34.31,22.41
DE,2019,2019-03-07,7.01,45.01,28.499,38.0
DE,2019,2019-03-08,-4.97,50.95,27.02,55.92
DE,2019,2019-03-09,-23.04,25.08,5.865,48.12
DE,2019,2019-03-10,-12.55,40.92,19.377,53.47
DE,2019,2019-03-11,16.21,57.9,39.468,41.69
DE,2019,2019-03-12,0.36,52.05,35.174,51.69
DE,2019,2019-03-13,-0.07,39.91,18.76,39.98
DE,2019,2019-03-14,11.91,42.6,32.034,30.69
DE,2019,2019-03-15,-1.0,42.59,24.669,43.59
DE,2019,2019-03-16,-2.68,34.18,17.165,36.86
DE,2019,2019-03-17,-20.23,36.66,1.257,56.89
DE,2019,2019-03-18,6.03,48.44,32.817,42.41
DE,2019,2019-03-19,36.42,60.73,45.302,24.31
DE,2019,2019-03-20,34.33,55.55,41.381,21.22
DE,2019,2019-03-21,33.04,55.0,39.939,21.96
DE,2019,2019-03-22,34.3,50.98,40.426,16.68
DE,2019,2019-03-23,28.25,44.99,35.76,16.74
DE,2019,2019-03-24,23.79,42.6,32.847,18.81
DE,2019,2019-03-25,20.89,46.45,32.657,25.56
DE,2019,2019-03-26,30.01,49.4,36.639,19.39
DE,2019,2019-03-27,32.73,47.91,40.03,15.18
DE,2019,2019-03-28,33.12,52.77,42.597,19.65
DE,2019,2019-03-29,32.4,49.54,39.778,17.14
DE,2019,2019-03-30,25.45,45.96,35.151,20.51
DE,2019,2019-03-31,1.02,41.8,28.306,40.78
DE,2019,2019-04-01,26.93,56.95,37.8,30.02
DE,2019,2019-04-02,25.16,43.78,34.158,18.62
DE,2019,2019-04-03,31.08,54.72,42.543,23.64
DE,2019,2019-04-04,32.59,59.86,42.021,27.27
DE,2019,2019-04-05,33.76,58.67,42.728,24.91
DE,2019,2019-04-06,31.02,46.51,38.009,15.49
DE,2019,2019-04-07,28.03,49.65,38.097,21.62
DE,2019,2019-04-08,34.69,60.0,44.106,25.31
DE,2019,2019-04-09,34.96,55.32,42.212,20.36
DE,2019,2019-04-10,35.78,58.02,42.812,22.24
DE,2019,2019-04-11,36.52,59.24,44.909,22.72
DE,2019,2019-04-12,37.22,60.08,45.306,22.86
DE,2019,2019-04-13,35.08,47.28,40.732,12.2
DE,2019,2019-04-14,28.97,46.74,37.283,17.77
DE,2019,2019-04-15,30.43,60.33,41.842,29.9
DE,2019,2019-04-16,32.95,52.95,41.344,20.0
DE,2019,2019-04-17,34.09,52.23,41.172,18.14
DE,2019,2019-04-18,27.12,55.31,40.558,28.19
DE,2019,2019-04-19,5.02,44.09,33.715,39.07
DE,2019,2019-04-20,21.03,46.92,34.747,25.89
DE,2019,2019-04-21,6.27,46.23,30.598,39.96
DE,2019,2019-04-22,-83.01,17.03,-16.327,100.04
DE,2019,2019-04-23,-11.03,41.11,17.177,52.14
DE,2019,2019-04-24,17.95,46.15,34.896,28.2
DE,2019,2019-04-25,27.22,59.9,40.052,32.68
DE,2019,2019-04-26,30.1,56.38,43.13,26.28
DE,2019,2019-04-27,24.95,39.92,31.911,14.97
DE,2019,2019-04-28,29.0,47.76,35.695,18.76
DE,2019,2019-04-29,34.0,56.71,42.958,22.71
DE,2019,2019-04-30,34.44,60.0,42.999,25.56
DE,2019,2019-05-01,-2.82,37.25,24.873,40.07
DE,2019,2019-05-02,25.71,47.38,38.331,21.67
DE,2019,2019-05-03,32.48,50.1,41.041,17.62
DE,2019,2019-05-04,32.02,45.92,39.127,13.9
DE,2019,2019-05-05,15.71,42.34,30.724,26.63
DE,2019,2019-05-06,33.07,56.14,44.721,23.07
DE,2019,2019-05-07,39.03,68.61,50.465,29.58
DE,2019,2019-05-08,32.01,49.44,38.753,17.43
DE,2019,2019-05-09,30.26,55.24,45.795,24.98
DE,2019,2019-05-10,37.06,56.17,45.008,19.11
DE,2019,2019-05-11,29.56,43.0,36.828,13.44
DE,2019,2019-05-12,-22.96,41.92,19.428,64.88
DE,2019,2019-05-13,29.37,53.01,39.599,23.64
DE,2019,2019-05-14,33.84,55.53,40.948,21.69
DE,2019,2019-05-15,34.28,55.07,40.693,20.79
DE,2019,2019-05-16,32.07,49.3,39.806,17.23
DE,2019,2019-05-17,33.79,52.92,42.989,19.13
DE,2019,2019-05-18,32.36,45.17,37.353,12.81
DE,2019,2019-05-19,27.41,43.33,35.221,15.92
DE,2019,2019-05-20,33.77,63.22,46.18,29.45
DE,2019,2019-05-21,31.49,57.61,43.101,26.12
DE,2019,2019-05-22,29.0,50.35,40.25,21.35
DE,2019,2019-05-23,31.85,55.18,40.922,23.33
DE,2019,2019-05-24,34.79,50.95,40.628,16.16
DE,2019,2019-05-25,31.35,44.71,36.272,13.36
DE,2019,2019-05-26,-13.95,37.16,20.019,51.11
DE,2019,2019-05-27,12.2,50.59,36.85,38.39
DE,2019,2019-05-28,33.07,64.59,43.332,31.52
DE,2019,2019-05-29,28.41,53.92,41.466,25.51
DE,2019,2019-05-30,0.03,40.34,16.136,40.31
DE,2019,2019-05-31,27.08,48.23,35.936,21.15
DE,2019,2019-06-01,18.33,41.8,29.666,23.47
DE,2019,2019-06-02,-9.02,38.13,21.55,47.15
DE,2019,2019-06-03,19.64,50.5,37.645,30.86
DE,2019,2019-06-04,26.06,55.43,38.401,29.37
DE,2019,2019-06-05,24.54,56.52,37.99,31.98
DE,2019,2019-06-06,24.03,59.09,37.295,35.06
DE,2019,2019-06-07,-19.95,73.75,33.67,93.7
DE,2019,2019-06-08,-90.01,27.31,-39.745,117.32
DE,2019,2019-06-09,5.28,50.53,23.429,45.25
DE,2019,2019-06-10,25.83,40.83,31.249,15.0
DE,2019,2019-06-11,25.92,59.93,45.253,34.01
DE,2019,2019-06-12,28.34,62.61,43.368,34.27
DE,2019,2019-06-13,27.38,76.5,38.724,49.12
DE,2019,2019-06-14,28.24,64.69,41.682,36.45
DE,2019,2019-06-15,23.54,40.2,30.281,16.66
DE,2019,2019-06-16,23.1,51.6,31.385,28.5
DE,2019,2019-06-17,29.48,70.1,41.762,40.62
DE,2019,2019-06-18,30.05,67.12,42.345,37.07
DE,2019,2019-06-19,30.23,58.64,40.934,28.41
DE,2019,2019-06-20,28.54,51.96,36.617,23.42
DE,2019,2019-06-21,31.91,49.91,38.73,18.0
DE,2019,2019-06-22,26.76,37.91,31.105,11.15
DE,2019,2019-06-23,-5.34,36.35,20.828,41.69
DE,2019,2019-06-24,22.22,56.78,34.516,34.56
DE,2019,2019-06-25,22.86,74.8,41.227,51.94
DE,2019,2019-06-26,26.53,60.08,37.89,33.55
DE,2019,2019-06-27,25.03,54.11,35.832,29.08
DE,2019,2019-06-28,31.63,66.53,43.608,34.9
DE,2019,2019-06-29,25.06,56.23,32.852,31.17
DE,2019,2019-06-30,-39.97,43.19,15.045,83.16
DE,2019,2019-07-01,24.94,53.1,32.99,28.16
DE,2019,2019-07-02,24.75,50.96,33.482,26.21
DE,2019,2019-07-03,27.37,48.39,34.652,21.02
DE,2019,2019-07-04,28.06,44.98,33.984,16.92
DE,2019,2019-07-05,27.64,45.92,35.814,18.28
DE,2019,2019-07-06,24.94,32.12,29.015,7.18
DE,2019,2019-07-07,6.77,37.02,25.115,30.25
DE,2019,2019-07-08,29.55,42.9,35.555,13.35
DE,2019,2019-07-09,29.43,47.9,37.708,18.47
DE,2019,2019-07-10,32.92,53.19,41.597,20.27
DE,2019,2019-07-11,35.0,53.99,46.093,18.99
DE,2019,2019-07-12,37.33,58.4,45.352,21.07
DE,2019,2019-07-13,33.51,41.2,36.888,7.69
DE,2019,2019-07-14,32.04,43.72,35.76,11.68
DE,2019,2019-07-15,34.93,50.06,41.502,15.13
DE,2019,2019-07-16,33.13,52.64,43.133,19.51
DE,2019,2019-07-17,37.28,55.03,45.908,17.75
DE,2019,2019-07-18,37.06,54.79,43.744,17.73
DE,2019,2019-07-19,36.66,57.0,44.99,20.34
DE,2019,2019-07-20,27.79,39.2,34.569,11.41
DE,2019,2019-07-21,9.75,46.62,31.764,36.87
DE,2019,2019-07-22,34.16,53.94,42.773,19.78
DE,2019,2019-07-23,36.32,63.41,46.839,27.09
DE,2019,2019-07-24,37.94,74.06,50.881,36.12
DE,2019,2019-07-25,37.73,69.58,49.758,31.85
DE,2019,2019-07-26,36.37,55.89,44.512,19.52
DE,2019,2019-07-27,30.02,39.43,35.514,9.41
DE,2019,2019-07-28,25.6,41.46,32.453,15.86
DE,2019,2019-07-29,32.46,60.74,45.808,28.28
DE,2019,2019-07-30,37.54,56.16,44.461,18.62
DE,2019,2019-07-31,35.78,69.95,48.488,34.17
DE,2019,2019-08-01,36.64,68.07,44.78,31.43
DE,2019,2019-08-02,36.94,50.47,43.575,13.53
DE,2019,2019-08-03,30.1,41.96,36.232,11.86
DE,2019,2019-08-04,28.26,47.0,35.197,18.74
DE,2019,2019-08-05,34.92,56.04,46.352,21.12
DE,2019,2019-08-06,33.69,53.87,41.939,20.18
DE,2019,2019-08-07,31.35,44.98,40.52,13.63
DE,2019,2019-08-08,27.97,43.63,34.943,15.66
DE,2019,2019-08-09,29.09,53.92,38.402,24.83
DE,2019,2019-08-10,-49.62,31.83,11.643,81.45
DE,2019,2019-08-11,-35.75,48.71,14.93,84.46
DE,2019,2019-08-12,27.5,71.5,41.723,44.0
DE,2019,2019-08-13,29.34,52.96,37.779,23.62
DE,2019,2019-08-14,27.12,67.93,38.495,40.81
DE,2019,2019-08-15,23.18,40.91,30.539,17.73
DE,2019,2019-08-16,25.65,57.91,35.572,32.26
DE,2019,2019-08-17,12.21,39.68,26.475,27.47
DE,2019,2019-08-18,8.53,36.97,27.505,28.44
DE,2019,2019-08-19,26.86,52.19,34.641,25.33
DE,2019,2019-08-20,28.67,54.28,40.012,25.61
DE,2019,2019-08-21,31.23,68.91,41.646,37.68
DE,2019,2019-08-22,29.41,55.36,36.108,25.95
DE,2019,2019-08-23,30.03,59.56,37.555,29.53
DE,2019,2019-08-24,26.83,42.39,31.946,15.56
DE,2019,2019-08-25,25.01,47.13,31.006,22.12
DE,2019,2019-08-26,32.06,69.32,45.947,37.26
DE,2019,2019-08-27,34.67,63.43,46.418,28.76
DE,2019,2019-08-28,34.84,80.01,50.89,45.17
DE,2019,2019-08-29,33.1,61.97,44.169,28.87
DE,2019,2019-08-30,32.25,52.49,41.454,20.24
DE,2019,2019-08-31,26.7,47.21,32.987,20.51
DE,2019,2019-09-01,25.29,39.67,30.204,14.38
DE,2019,2019-09-02,25.0,61.67,39.332,36.67
DE,2019,2019-09-03,24.1,53.36,35.416,29.26
DE,2019,2019-09-04,25.96,45.29,33.74,19.33
DE,2019,2019-09-05,24.09,40.92,31.632,16.83
DE,2019,2019-09-06,24.36,40.07,32.868,15.71
DE,2019,2019-09-07,29.19,48.01,36.15,18.82
DE,2019,2019-09-08,31.92,54.34,37.096,22.42
DE,2019,2019-09-09,32.09,71.36,45.217,39.27
DE,2019,2019-09-10,29.9,51.59,36.654,21.69
DE,2019,2019-09-11,27.21,43.25,33.661,16.04
DE,2019,2019-09-12,26.89,55.55,37.916,28.66
DE,2019,2019-09-13,26.24,52.07,39.594,25.83
DE,2019,2019-09-14,28.02,50.85,35.794,22.83
DE,2019,2019-09-15,-7.45,48.9,23.862,56.35
DE,2019,2019-09-16,30.43,60.91,47.354,30.48
DE,2019,2019-09-17,17.88,52.03,33.235,34.15
DE,2019,2019-09-18,26.09,53.17,36.887,27.08
DE,2019,2019-09-19,30.36,71.47,44.152,41.11
DE,2019,2019-09-20,30.01,60.73,42.265,30.72
DE,2019,2019-09-21,26.7,50.0,34.346,23.3
DE,2019,2019-09-22,24.9,40.97,29.603,16.07
DE,2019,2019-09-23,27.24,64.98,44.833,37.74
DE,2019,2019-09-24,33.17,65.19,47.265,32.02
DE,2019,2019-09-25,32.92,62.08,46.729,29.16
DE,2019,2019-09-26,27.95,51.51,41.145,23.56
DE,2019,2019-09-27,24.5,50.31,38.188,25.81
DE,2019,2019-09-28,-2.97,43.69,21.904,46.66
DE,2019,2019-09-29,-12.77,28.0,11.178,40.77
DE,2019,2019-09-30,-37.29,64.37,24.748,101.66
DE,2019,2019-10-01,30.04,54.99,42.581,24.95
DE,2019,2019-10-02,26.21,52.79,40.327,26.58
DE,2019,2019-10-03,25.3,55.06,40.893,29.76
DE,2019,2019-10-04,28.3,53.52,43.185,25.22
DE,2019,2019-10-05,27.33,52.09,37.007,24.76
DE,2019,2019-10-06,27.0,43.35,31.699,16.35
DE,2019,2019-10-07,27.0,61.76,44.73,34.76
DE,2019,2019-10-08,22.02,50.15,34.415,28.13
DE,2019,2019-10-09,19.44,51.44,35.145,32.0
DE,2019,2019-10-10,18.26,47.79,30.44,29.53
DE,2019,2019-10-11,0.03,40.84,24.074,40.81
DE,2019,2019-10-12,-4.91,44.65,22.089,49.56
DE,2019,2019-10-13,-8.25,30.0,19.553,38.25
DE,2019,2019-10-14,9.31,52.79,37.929,43.48
DE,2019,2019-10-15,24.27,67.95,44.302,43.68
DE,2019,2019-10-16,27.65,51.3,38.959,23.65
DE,2019,2019-10-17,26.34,63.96,44.118,37.62
DE,2019,2019-10-18,27.04,51.46,34.955,24.42
DE,2019,2019-10-19,23.9,47.9,33.144,24.0
DE,2019,2019-10-20,26.3,51.06,34.89,24.76
DE,2019,2019-10-21,25.7,66.51,44.482,40.81
DE,2019,2019-10-22,31.84,65.47,46.505,33.63
DE,2019,2019-10-23,30.09,59.77,43.378,29.68
DE,2019,2019-10-24,25.27,54.11,38.052,28.84
DE,2019,2019-10-25,18.84,51.52,35.744,32.68
DE,2019,2019-10-26,-34.57,37.37,17.0,71.94
DE,2019,2019-10-27,-29.97,45.9,24.166,75.87
DE,2019,2019-10-28,26.6,63.62,42.887,37.02
DE,2019,2019-10-29,35.17,66.18,48.152,31.01
DE,2019,2019-10-30,35.58,66.7,47.95,31.12
DE,2019,2019-10-31,33.16,56.01,42.624,22.85
DE,2019,2019-11-01,25.79,38.94,31.843,13.15
DE,2019,2019-11-02,15.1,39.44,27.03,24.34
DE,2019,2019-11-03,1.4,42.83,27.171,41.43
DE,2019,2019-11-04,22.28,52.92,38.694,30.64
DE,2019,2019-11-05,24.99,62.89,43.138,37.9
DE,2019,2019-11-06,33.79,87.12,51.878,53.33
DE,2019,2019-11-07,32.67,51.29,42.455,18.62
DE,2019,2019-11-08,31.82,66.47,47.532,34.65
DE,2019,2019-11-09,36.13,51.0,41.482,14.87
DE,2019,2019-11-10,33.86,53.09,40.893,19.23
DE,2019,2019-11-11,26.09,51.0,40.908,24.91
DE,2019,2019-11-12,29.1,59.21,42.33,30.11
DE,2019,2019-11-13,34.83,67.2,47.23,32.37
DE,2019,2019-11-14,29.65,58.5,44.992,28.85
DE,2019,2019-11-15,25.16,51.12,38.205,25.96
DE,2019,2019-11-16,29.06,43.13,37.768,14.07
DE,2019,2019-11-17,24.76,45.44,36.639,20.68
DE,2019,2019-11-18,26.31,55.0,41.486,28.69
DE,2019,2019-11-19,24.29,80.1,46.947,55.81
DE,2019,2019-11-20,38.61,71.05,53.247,32.44
DE,2019,2019-11-21,35.3,63.38,49.948,28.08
DE,2019,2019-11-22,32.31,52.79,43.455,20.48
DE,2019,2019-11-23,13.15,40.43,29.78,27.28
DE,2019,2019-11-24,7.57,51.77,34.513,44.2
DE,2019,2019-11-25,35.38,63.45,51.156,28.07
DE,2019,2019-11-26,35.91,54.79,47.245,18.88
DE,2019,2019-11-27,25.24,50.68,39.043,25.44
DE,2019,2019-11-28,1.94,40.58,30.433,38.64
DE,2019,2019-11-29,11.79,55.36,40.595,43.57
DE,2019,2019-11-30,35.39,53.1,42.106,17.71
DE,2019,2019-12-01,35.86,52.4,42.343,16.54
DE,2019,2019-12-02,34.46,57.23,46.354,22.77
DE,2019,2019-12-03,35.0,76.47,51.14,41.47
DE,2019,2019-12-04,35.0,70.6,47.992,35.6
DE,2019,2019-12-05,24.94,59.59,41.359,34.65
DE,2019,2019-12-06,13.6,40.25,30.657,26.65
DE,2019,2019-12-07,-7.17,42.68,24.362,49.85
DE,2019,2019-12-08,-50.43,15.23,-16.902,65.66
DE,2019,2019-12-09,-16.09,40.68,24.912,56.77
DE,2019,2019-12-10,17.85,56.38,39.833,38.53
DE,2019,2019-12-11,0.09,60.23,38.918,60.14
DE,2019,2019-12-12,28.64,61.6,44.269,32.96
DE,2019,2019-12-13,11.27,50.88,36.772,39.61
DE,2019,2019-12-14,0.32,31.97,21.81,31.65
DE,2019,2019-12-15,-5.12,35.63,13.895,40.75
DE,2019,2019-12-16,29.19,52.01,40.974,22.82
DE,2019,2019-12-17,21.95,49.5,36.268,27.55
DE,2019,2019-12-18,25.39,54.19,40.501,28.8
DE,2019,2019-12-19,24.8,42.95,34.54,18.15
DE,2019,2019-12-20,18.11,37.48,29.054,19.37
DE,2019,2019-12-21,7.82,42.2,28.121,34.38
DE,2019,2019-12-22,4.25,40.0,25.995,35.75
DE,2019,2019-12-23,-6.75,40.93,24.226,47.68
DE,2019,2019-12-24,-7.45,40.0,21.455,47.45
DE,2019,2019-12-25,10.07,37.37,27.457,27.3
DE,2019,2019-12-26,25.58,42.64,33.762,17.06
DE,2019,2019-12-27,28.67,49.38,37.775,20.71
DE,2019,2019-12-28,27.4,43.75,34.31,16.35
DE,2019,2019-12-29,11.07,41.16,29.353,30.09
DE,2019,2019-12-30,1.4,39.35,26.112,37.95
DE,2019,2019-12-31,4.97,47.73,33.474,42.76
DE,2020,2020-01-01,30.0,44.05,34.694,14.05
DE,2020,2020-01-02,21.47,46.72,38.289,25.25
DE,2020,2020-01-03,0.14,41.35,26.171,41.21
DE,2020,2020-01-04,0.07,39.75,20.748,39.68
DE,2020,2020-01-05,29.16,46.16,35.388,17.0
DE,2020,2020-01-06,27.03,48.91,38.2,21.88
DE,2020,2020-01-07,18.95,51.12,40.032,32.17
DE,2020,2020-01-08,0.1,55.92,34.212,55.82
DE,2020,2020-01-09,26.94,47.92,35.951,20.98
DE,2020,2020-01-10,25.81,47.4,35.136,21.59
DE,2020,2020-01-11,20.96,40.56,31.348,19.6
DE,2020,2020-01-12,17.39,27.1,22.596,9.71
DE,2020,2020-01-13,22.59,52.93,37.712,30.34
DE,2020,2020-01-14,1.52,38.0,23.087,36.48
DE,2020,2020-01-15,0.11,36.56,25.47,36.45
DE,2020,2020-01-16,27.36,52.4,38.128,25.04
DE,2020,2020-01-17,22.15,46.0,36.678,23.85
DE,2020,2020-01-18,22.24,43.04,32.304,20.8
DE,2020,2020-01-19,27.26,44.24,33.94,16.98
DE,2020,2020-01-20,31.5,60.0,44.489,28.5
DE,2020,2020-01-21,32.28,55.81,41.661,23.53
DE,2020,2020-01-22,32.42,65.09,46.127,32.67
DE,2020,2020-01-23,36.23,68.64,51.376,32.41
DE,2020,2020-01-24,35.1,66.74,50.242,31.64
DE,2020,2020-01-25,33.01,49.99,40.275,16.98
DE,2020,2020-01-26,27.5,42.0,33.627,14.5
DE,2020,2020-01-27,21.98,51.21,37.465,29.23
DE,2020,2020-01-28,20.08,44.94,31.314,24.86
DE,2020,2020-01-29,19.16,45.1,33.58,25.94
DE,2020,2020-01-30,-0.04,44.12,31.612,44.16
DE,2020,2020-01-31,-8.77,39.59,22.488,48.36
DE,2020,2020-02-01,-11.16,16.97,6.625,28.13
DE,2020,2020-02-02,-16.95,40.73,17.858,57.68
DE,2020,2020-02-03,9.32,39.97,27.861,30.65
DE,2020,2020-02-04,12.96,41.3,28.069,28.34
DE,2020,2020-02-05,23.63,49.16,36.244,25.53
DE,2020,2020-02-06,24.44,47.21,37.203,22.77
DE,2020,2020-02-07,25.21,56.96,36.349,31.75
DE,2020,2020-02-08,20.12,41.3,27.961,21.18
DE,2020,2020-02-09,-16.95,14.93,0.398,31.88
DE,2020,2020-02-10,-16.16,25.69,8.545,41.85
DE,2020,2020-02-11,-1.86,24.55,11.293,26.41
DE,2020,2020-02-12,0.07,37.45,20.395,37.38
DE,2020,2020-02-13,22.8,58.88,37.665,36.08
DE,2020,2020-02-14,25.03,56.74,36.07,31.71
DE,2020,2020-02-15,-5.9,31.49,19.015,37.39
DE,2020,2020-02-16,-32.14,0.74,-9.072,32.88
DE,2020,2020-02-17,-27.53,36.95,20.15,64.48
DE,2020,2020-02-18,8.58,38.88,21.965,30.3
DE,2020,2020-02-19,19.48,44.65,31.055,25.17
DE,2020,2020-02-20,8.03,40.21,27.936,32.18
DE,2020,2020-02-21,7.08,39.13,24.301,32.05
DE,2020,2020-02-22,-10.93,8.76,-2.046,19.69
DE,2020,2020-02-23,-4.89,23.57,7.152,28.46
DE,2020,2020-02-24,0.09,47.96,28.902,47.87
DE,2020,2020-02-25,7.03,39.49,24.753,32.46
DE,2020,2020-02-26,23.53,42.17,31.922,18.64
DE,2020,2020-02-27,25.17,59.98,38.358,34.81
DE,2020,2020-02-28,0.4,43.88,29.826,43.48
DE,2020,2020-02-29,-4.92,14.01,8.689,18.93
DE,2020,2020-03-01,-7.85,36.12,8.358,43.97
DE,2020,2020-03-02,19.15,49.5,33.251,30.35
DE,2020,2020-03-03,24.1,56.9,36.418,32.8
DE,2020,2020-03-04,26.8,64.7,39.617,37.9
DE,2020,2020-03-05,24.55,54.64,35.835,30.09
DE,2020,2020-03-06,19.99,38.04,30.747,18.05
DE,2020,2020-03-07,20.8,39.95,28.663,19.15
DE,2020,2020-03-08,8.43,34.86,17.282,26.43
DE,2020,2020-03-09,24.06,58.98,37.073,34.92
DE,2020,2020-03-10,-0.05,31.77,22.245,31.82
DE,2020,2020-03-11,0.07,37.99,22.997,37.92
DE,2020,2020-03-12,-1.58,39.63,12.245,41.21
DE,2020,2020-03-13,0.01,42.5,17.65,42.49
DE,2020,2020-03-14,14.23,38.53,29.431,24.3
DE,2020,2020-03-15,-33.8,30.18,4.889,63.98
DE,2020,2020-03-16,19.92,61.96,31.421,42.04
DE,2020,2020-03-17,22.02,38.23,28.036,16.21
DE,2020,2020-03-18,20.34,41.07,26.612,20.73
DE,2020,2020-03-19,22.16,44.42,28.629,22.26
DE,2020,2020-03-20,18.23,35.0,24.846,16.77
DE,2020,2020-03-21,0.39,20.12,10.29,19.73
DE,2020,2020-03-22,-55.05,22.93,-0.757,77.98
DE,2020,2020-03-23,9.28,33.14,17.173,23.86
DE,2020,2020-03-24,13.0,33.8,20.562,20.8
DE,2020,2020-03-25,17.57,34.88,23.078,17.31
DE,2020,2020-03-26,15.32,34.64,22.295,19.32
DE,2020,2020-03-27,15.64,30.0,21.576,14.36
DE,2020,2020-03-28,-0.72,21.93,13.818,22.65
DE,2020,2020-03-29,-15.8,20.59,5.053,36.39
DE,2020,2020-03-30,15.5,38.93,23.619,23.43
DE,2020,2020-03-31,17.5,42.66,25.145,25.16
DE,2020,2020-04-01,17.3,34.97,23.554,17.67
DE,2020,2020-04-02,4.62,27.8,19.681,23.18
DE,2020,2020-04-03,17.03,33.54,22.844,16.51
DE,2020,2020-04-04,9.88,36.75,19.366,26.87
DE,2020,2020-04-05,-50.26,19.9,1.913,70.16
DE,2020,2020-04-06,3.66,45.33,18.547,41.67
DE,2020,2020-04-07,12.89,40.1,23.61,27.21
DE,2020,2020-04-08,17.57,50.33,26.606,32.76
DE,2020,2020-04-09,13.19,31.43,23.768,18.24
DE,2020,2020-04-10,9.16,34.83,22.968,25.67
DE,2020,2020-04-11,5.1,35.95,20.638,30.85
DE,2020,2020-04-12,0.0,25.17,11.183,25.17
DE,2020,2020-04-13,-78.15,11.21,-16.059,89.36
DE,2020,2020-04-14,3.9,39.91,21.098,36.01
DE,2020,2020-04-15,4.46,41.91,20.357,37.45
DE,2020,2020-04-16,15.1,53.25,25.41,38.15
DE,2020,2020-04-17,18.07,48.75,27.71,30.68
DE,2020,2020-04-18,12.32,29.42,19.734,17.1
DE,2020,2020-04-19,-26.0,15.59,6.518,41.59
DE,2020,2020-04-20,-44.25,22.93,2.448,67.18
DE,2020,2020-04-21,-83.94,16.52,-16.168,100.46
DE,2020,2020-04-22,-29.98,25.54,9.179,55.52
DE,2020,2020-04-23,14.95,69.68,27.995,54.73
DE,2020,2020-04-24,9.07,35.85,19.67,26.78
DE,2020,2020-04-25,7.76,32.0,17.7,24.24
DE,2020,2020-04-26,5.56,31.84,18.883,26.28
DE,2020,2020-04-27,18.4,48.31,25.522,29.91
DE,2020,2020-04-28,17.58,31.28,24.816,13.7
DE,2020,2020-04-29,15.57,30.85,22.907,15.28
DE,2020,2020-04-30,5.35,34.74,19.076,29.39
DE,2020,2020-05-01,-2.89,28.43,7.004,31.32
DE,2020,2020-05-02,5.25,28.04,12.872,22.79
DE,2020,2020-05-03,5.57,28.96,14.51,23.39
DE,2020,2020-05-04,17.99,55.13,26.105,37.14
DE,2020,2020-05-05,16.12,32.41,21.924,16.29
DE,2020,2020-05-06,16.27,29.2,21.406,12.93
DE,2020,2020-05-07,16.75,50.98,24.018,34.23
DE,2020,2020-05-08,15.04,41.62,23.725,26.58
DE,2020,2020-05-09,14.75,36.61,21.895,21.86
DE,2020,2020-05-10,0.93,19.1,11.234,18.17
DE,2020,2020-05-11,-0.01,24.95,15.424,24.96
DE,2020,2020-05-12,16.84,33.36,22.509,16.52
DE,2020,2020-05-13,17.91,43.68,29.345,25.77
DE,2020,2020-05-14,16.75,30.08,22.808,13.33
DE,2020,2020-05-15,17.03,27.97,21.149,10.94
DE,2020,2020-05-16,8.87,29.42,16.897,20.55
DE,2020,2020-05-17,-16.76,23.95,9.33,40.71
DE,2020,2020-05-18,12.85,31.9,19.728,19.05
DE,2020,2020-05-19,15.74,49.98,24.121,34.24
DE,2020,2020-05-20,20.01,57.0,31.96,36.99
DE,2020,2020-05-21,12.14,42.66,19.398,30.52
DE,2020,2020-05-22,11.48,23.71,18.352,12.23
DE,2020,2020-05-23,-2.44,16.72,9.103,19.16
DE,2020,2020-05-24,-74.97,16.31,-24.987,91.28
DE,2020,2020-05-25,7.59,38.32,19.409,30.73
DE,2020,2020-05-26,19.75,50.15,27.471,30.4
DE,2020,2020-05-27,16.31,31.94,22.463,15.63
DE,2020,2020-05-28,15.48,27.16,20.575,11.68
DE,2020,2020-05-29,15.55,37.2,22.505,21.65
DE,2020,2020-05-30,2.17,18.28,12.106,16.11
DE,2020,2020-05-31,-45.05,13.38,1.395,58.43
DE,2020,2020-06-01,-48.17,23.37,6.792,71.54
DE,2020,2020-06-02,14.65,60.75,28.972,46.1
DE,2020,2020-06-03,20.24,51.41,28.573,31.17
DE,2020,2020-06-04,16.8,43.97,26.173,27.17
DE,2020,2020-06-05,1.46,37.07,23.262,35.61
DE,2020,2020-06-06,-4.9,23.91,7.898,28.81
DE,2020,2020-06-07,10.64,32.33,18.079,21.69
DE,2020,2020-06-08,21.25,41.92,31.598,20.67
DE,2020,2020-06-09,23.48,52.31,36.515,28.83
DE,2020,2020-06-10,21.49,42.15,31.303,20.66
DE,2020,2020-06-11,17.96,30.65,23.641,12.69
DE,2020,2020-06-12,15.2,27.51,20.795,12.31
DE,2020,2020-06-13,15.84,25.96,19.632,10.12
DE,2020,2020-06-14,13.82,27.91,18.856,14.09
DE,2020,2020-06-15,17.4,43.52,31.584,26.12
DE,2020,2020-06-16,24.34,45.9,34.369,21.56
DE,2020,2020-06-17,25.26,56.52,36.842,31.26
DE,2020,2020-06-18,22.82,36.99,31.785,14.17
DE,2020,2020-06-19,22.2,37.8,29.807,15.6
DE,2020,2020-06-20,15.27,34.94,24.241,19.67
DE,2020,2020-06-21,8.26,32.93,19.094,24.67
DE,2020,2020-06-22,20.61,38.58,30.066,17.97
DE,2020,2020-06-23,24.4,48.65,33.045,24.25
DE,2020,2020-06-24,26.76,47.11,35.298,20.35
DE,2020,2020-06-25,25.43,44.13,34.564,18.7
DE,2020,2020-06-26,25.59,46.8,35.054,21.21
DE,2020,2020-06-27,17.52,32.96,25.929,15.44
DE,2020,2020-06-28,0.08,36.0,17.058,35.92
DE,2020,2020-06-29,17.4,40.45,27.469,23.05
DE,2020,2020-06-30,-0.08,36.1,18.581,36.18
DE,2020,2020-07-01,24.16,43.29,33.072,19.13
DE,2020,2020-07-02,27.2,52.65,39.331,25.45
DE,2020,2020-07-03,24.22,49.95,33.932,25.73
DE,2020,2020-07-04,-4.71,28.03,13.817,32.74
DE,2020,2020-07-05,-64.99,30.24,-14.745,95.23
DE,2020,2020-07-06,-3.05,35.94,15.553,38.99
DE,2020,2020-07-07,24.36,40.84,32.272,16.48
DE,2020,2020-07-08,29.55,55.0,41.562,25.45
DE,2020,2020-07-09,30.21,51.96,42.351,21.75
DE,2020,2020-07-10,29.17,42.94,36.238,13.77
DE,2020,2020-07-11,22.42,37.73,28.49,15.31
DE,2020,2020-07-12,14.76,37.74,24.51,22.98
DE,2020,2020-07-13,25.07,45.56,34.54,20.49
DE,2020,2020-07-14,27.45,46.08,36.826,18.63
DE,2020,2020-07-15,28.73,57.38,41.831,28.65
DE,2020,2020-07-16,28.97,58.7,44.431,29.73
DE,2020,2020-07-17,28.68,44.86,37.443,16.18
DE,2020,2020-07-18,23.09,39.45,28.898,16.36
DE,2020,2020-07-19,19.46,40.42,27.664,20.96
DE,2020,2020-07-20,25.11,43.9,32.948,18.79
DE,2020,2020-07-21,22.46,42.74,31.816,20.28
DE,2020,2020-07-22,26.05,45.74,34.653,19.69
DE,2020,2020-07-23,25.63,45.89,35.208,20.26
DE,2020,2020-07-24,22.94,40.02,31.482,17.08
DE,2020,2020-07-25,17.87,32.22,24.695,14.35
DE,2020,2020-07-26,-44.97,36.97,13.197,81.94
DE,2020,2020-07-27,18.71,39.36,31.629,20.65
DE,2020,2020-07-28,0.04,36.94,23.457,36.9
DE,2020,2020-07-29,0.07,39.38,21.503,39.31
DE,2020,2020-07-30,25.55,60.02,35.825,34.47
DE,2020,2020-07-31,24.6,54.4,37.894,29.8
DE,2020,2020-08-01,23.11,38.78,28.333,15.67
DE,2020,2020-08-02,23.86,38.43,28.008,14.57
DE,2020,2020-08-03,25.06,45.45,36.948,20.39
DE,2020,2020-08-04,23.66,49.67,36.35,26.01
DE,2020,2020-08-05,19.5,43.4,29.285,23.9
DE,2020,2020-08-06,23.02,53.96,33.879,30.94
DE,2020,2020-08-07,27.48,50.11,36.21,22.63
DE,2020,2020-08-08,24.02,41.2,31.635,17.18
DE,2020,2020-08-09,23.41,40.24,28.443,16.83
DE,2020,2020-08-10,26.1,52.74,37.348,26.64
DE,2020,2020-08-11,24.34,46.49,35.525,22.15
DE,2020,2020-08-12,24.35,56.4,36.34,32.05
DE,2020,2020-08-13,28.08,53.39,38.794,25.31
DE,2020,2020-08-14,30.07,53.28,41.102,23.21
DE,2020,2020-08-15,26.07,39.93,31.438,13.86
DE,2020,2020-08-16,19.66,40.21,28.561,20.55
DE,2020,2020-08-17,27.75,61.47,40.783,33.72
DE,2020,2020-08-18,29.92,58.05,42.485,28.13
DE,2020,2020-08-19,28.6,53.58,37.822,24.98
DE,2020,2020-08-20,25.01,63.37,38.152,38.36
DE,2020,2020-08-21,20.97,41.83,31.616,20.86
DE,2020,2020-08-22,4.25,35.07,23.525,30.82
DE,2020,2020-08-23,-16.18,38.87,16.569,55.05
DE,2020,2020-08-24,25.5,70.16,45.698,44.66
DE,2020,2020-08-25,3.55,53.66,35.737,50.11
DE,2020,2020-08-26,-3.82,37.81,18.918,41.63
DE,2020,2020-08-27,20.97,90.0,47.693,69.03
DE,2020,2020-08-28,29.17,52.11,40.615,22.94
DE,2020,2020-08-29,28.31,46.91,35.749,18.6
DE,2020,2020-08-30,27.92,43.13,33.174,15.21
DE,2020,2020-08-31,28.43,79.06,54.846,50.63
DE,2020,2020-09-01,34.91,67.02,49.917,32.11
DE,2020,2020-09-02,34.72,71.11,49.984,36.39
DE,2020,2020-09-03,25.71,58.52,39.242,32.81
DE,2020,2020-09-04,25.96,51.67,39.256,25.71
DE,2020,2020-09-05,15.3,46.84,33.002,31.54
DE,2020,2020-09-06,29.39,49.44,34.851,20.05
DE,2020,2020-09-07,28.63,65.05,43.257,36.42
DE,2020,2020-09-08,25.15,68.37,37.876,43.22
DE,2020,2020-09-09,28.97,49.34,36.323,20.37
DE,2020,2020-09-10,29.2,78.01,48.5,48.81
DE,2020,2020-09-11,34.05,69.45,47.578,35.4
DE,2020,2020-09-12,-0.45,49.98,31.396,50.43
DE,2020,2020-09-13,-58.8,50.92,20.22,109.72
DE,2020,2020-09-14,32.32,120.62,53.635,88.3
DE,2020,2020-09-15,37.77,189.25,70.797,151.48
DE,2020,2020-09-16,34.11,86.53,52.269,52.42
DE,2020,2020-09-17,34.32,79.84,46.572,45.52
DE,2020,2020-09-18,31.08,58.11,41.765,27.03
DE,2020,2020-09-19,30.72,51.05,36.968,20.33
DE,2020,2020-09-20,31.02,51.91,37.433,20.89
DE,2020,2020-09-21,35.54,200.04,61.654,164.5
DE,2020,2020-09-22,40.55,86.4,53.25,45.85
DE,2020,2020-09-23,28.44,60.8,45.337,32.36
DE,2020,2020-09-24,19.08,67.57,38.47,48.49
DE,2020,2020-09-25,27.2,56.48,41.349,29.28
DE,2020,2020-09-26,0.75,45.49,31.295,44.74
DE,2020,2020-09-27,12.0,51.95,31.837,39.95
DE,2020,2020-09-28,28.6,80.03,47.725,51.43
DE,2020,2020-09-29,34.79,128.31,58.96,93.52
DE,2020,2020-09-30,34.0,72.8,49.625,38.8
DE,2020,2020-10-01,29.75,55.05,40.874,25.3
DE,2020,2020-10-02,0.07,54.28,32.977,54.21
DE,2020,2020-10-03,-5.73,48.92,18.302,54.65
DE,2020,2020-10-04,-54.97,46.61,6.57,101.58
DE,2020,2020-10-05,6.0,53.96,33.069,47.96
DE,2020,2020-10-06,10.74,49.35,34.532,38.61
DE,2020,2020-10-07,18.58,51.54,36.382,32.96
DE,2020,2020-10-08,10.86,50.75,29.107,39.89
DE,2020,2020-10-09,25.99,62.44,41.451,36.45
DE,2020,2020-10-10,25.18,42.23,30.594,17.05
DE,2020,2020-10-11,25.49,49.08,32.451,23.59
DE,2020,2020-10-12,28.72,78.68,47.192,49.96
DE,2020,2020-10-13,30.26,70.37,45.082,40.11
DE,2020,2020-10-14,27.48,49.69,35.31,22.21
DE,2020,2020-10-15,27.35,55.69,41.573,28.34
DE,2020,2020-10-16,33.02,67.85,47.274,34.83
DE,2020,2020-10-17,31.2,50.46,40.092,19.26
DE,2020,2020-10-18,20.08,49.58,30.826,29.5
DE,2020,2020-10-19,29.04,70.3,44.304,41.26
DE,2020,2020-10-20,24.8,49.02,35.026,24.22
DE,2020,2020-10-21,1.09,52.95,30.661,51.86
DE,2020,2020-10-22,5.42,53.26,34.502,47.84
DE,2020,2020-10-23,29.84,59.9,44.852,30.06
DE,2020,2020-10-24,0.05,41.57,28.013,41.52
DE,2020,2020-10-25,-7.98,44.98,14.944,52.96
DE,2020,2020-10-26,18.8,50.22,38.451,31.42
DE,2020,2020-10-27,4.79,47.52,33.608,42.73
DE,2020,2020-10-28,0.1,45.84,30.705,45.74
DE,2020,2020-10-29,5.92,50.1,32.585,44.18
DE,2020,2020-10-30,5.43,44.89,30.752,39.46
DE,2020,2020-10-31,22.74,38.74,30.572,16.0
DE,2020,2020-11-01,0.12,26.85,15.941,26.73
DE,2020,2020-11-02,-10.48,39.19,24.358,49.67
DE,2020,2020-11-03,19.59,47.53,35.971,27.94
DE,2020,2020-11-04,26.85,60.12,40.152,33.27
DE,2020,2020-11-05,30.02,52.4,38.738,22.38
DE,2020,2020-11-06,30.05,52.0,40.585,21.95
DE,2020,2020-11-07,28.7,52.11,36.262,23.41
DE,2020,2020-11-08,31.21,48.62,36.515,17.41
DE,2020,2020-11-09,31.0,71.92,44.929,40.92
DE,2020,2020-11-10,32.0,79.72,48.416,47.72
DE,2020,2020-11-11,32.67,64.32,44.75,31.65
DE,2020,2020-11-12,29.18,52.72,40.993,23.54
DE,2020,2020-11-13,29.38,50.05,40.879,20.67
DE,2020,2020-11-14,4.04,44.57,35.109,40.53
DE,2020,2020-11-15,-0.57,21.49,7.113,22.06
DE,2020,2020-11-16,-5.29,50.99,29.849,56.28
DE,2020,2020-11-17,25.27,50.0,38.919,24.73
DE,2020,2020-11-18,0.49,48.39,35.116,47.9
DE,2020,2020-11-19,0.01,43.42,27.614,43.41
DE,2020,2020-11-20,32.47,58.68,43.378,26.21
DE,2020,2020-11-21,10.04,41.01,29.242,30.97
DE,2020,2020-11-22,4.44,48.12,30.93,43.68
DE,2020,2020-11-23,31.57,60.49,43.603,28.92
DE,2020,2020-11-24,32.62,55.92,42.148,23.3
DE,2020,2020-11-25,33.26,61.54,46.953,28.28
DE,2020,2020-11-26,36.51,110.13,56.905,73.62
DE,2020,2020-11-27,40.37,106.35,64.85,65.98
DE,2020,2020-11-28,38.9,56.14,46.465,17.24
DE,2020,2020-11-29,35.97,58.97,45.6,23.0
DE,2020,2020-11-30,32.04,77.18,51.613,45.14
DE,2020,2020-12-01,33.16,77.98,54.367,44.82
DE,2020,2020-12-02,41.85,110.56,73.741,68.71
DE,2020,2020-12-03,27.5,66.01,47.542,38.51
DE,2020,2020-12-04,24.6,64.36,42.204,39.76
DE,2020,2020-12-05,35.82,58.0,46.395,22.18
DE,2020,2020-12-06,33.59,54.93,42.544,21.34
DE,2020,2020-12-07,29.44,62.17,44.938,32.73
DE,2020,2020-12-08,37.15,81.07,61.045,43.92
DE,2020,2020-12-09,36.08,114.0,75.042,77.92
DE,2020,2020-12-10,35.88,105.41,69.383,69.53
DE,2020,2020-12-11,33.65,57.1,45.65,23.45
DE,2020,2020-12-12,35.25,57.92,45.969,22.67
DE,2020,2020-12-13,34.01,53.0,42.799,18.99
DE,2020,2020-12-14,25.18,60.0,43.12,34.82
DE,2020,2020-12-15,34.0,68.8,50.674,34.8
DE,2020,2020-12-16,33.28,66.66,49.72,33.38
DE,2020,2020-12-17,33.51,63.97,44.772,30.46
DE,2020,2020-12-18,30.46,57.24,42.286,26.78
DE,2020,2020-12-19,22.97,44.43,32.35,21.46
DE,2020,2020-12-20,29.73,52.14,40.368,22.41
DE,2020,2020-12-21,0.03,55.5,37.208,55.47
DE,2020,2020-12-22,-9.8,55.91,29.236,65.71
DE,2020,2020-12-23,1.59,56.0,42.353,54.41
DE,2020,2020-12-24,-0.04,38.8,25.508,38.84
DE,2020,2020-12-25,12.57,51.73,35.337,39.16
DE,2020,2020-12-26,-10.08,30.9,17.206,40.98
DE,2020,2020-12-27,-33.58,10.11,-12.979,43.69
DE,2020,2020-12-28,2.75,56.98,40.641,54.23
DE,2020,2020-12-29,29.18,55.39,46.178,26.21
DE,2020,2020-12-30,32.01,60.0,47.086,27.99
DE,2020,2020-12-31,29.24,61.34,47.215,32.1
DE,2021,2021-01-01,39.63,60.61,48.224,20.98
DE,2021,2021-01-02,37.55,63.08,50.538,25.53
DE,2021,2021-01-03,27.39,52.56,37.923,25.17
DE,2021,2021-01-04,24.65,66.82,48.36,42.17
DE,2021,2021-01-05,39.65,67.14,55.623,27.49
DE,2021,2021-01-06,42.15,61.92,52.959,19.77
DE,2021,2021-01-07,46.72,100.0,70.906,53.28
DE,2021,2021-01-08,45.61,110.45,78.511,64.84
DE,2021,2021-01-09,49.1,71.99,59.315,22.89
DE,2021,2021-01-10,37.24,63.41,51.758,26.17
DE,2021,2021-01-11,18.96,70.59,47.072,51.63
DE,2021,2021-01-12,15.82,64.6,46.752,48.78
DE,2021,2021-01-13,30.84,56.14,42.585,25.3
DE,2021,2021-01-14,36.91,100.67,71.064,63.76
DE,2021,2021-01-15,46.6,99.5,73.284,52.9
DE,2021,2021-01-16,47.99,66.4,55.411,18.41
DE,2021,2021-01-17,45.42,72.0,54.092,26.58
DE,2021,2021-01-18,36.68,78.92,55.39,42.24
DE,2021,2021-01-19,29.98,55.15,44.69,25.17
DE,2021,2021-01-20,24.85,57.52,36.054,32.67
DE,2021,2021-01-21,0.02,45.63,29.418,45.61
DE,2021,2021-01-22,11.08,66.77,44.009,55.69
DE,2021,2021-01-23,38.91,66.13,51.729,27.22
DE,2021,2021-01-24,39.78,65.0,49.243,25.22
DE,2021,2021-01-25,42.2,79.67,61.018,37.47
DE,2021,2021-01-26,44.69,73.95,61.202,29.26
DE,2021,2021-01-27,42.04,70.48,57.993,28.44
DE,2021,2021-01-28,42.4,68.39,55.134,25.99
DE,2021,2021-01-29,37.61,60.79,49.656,23.18
DE,2021,2021-01-30,34.86,61.65,48.48,26.79
DE,2021,2021-01-31,38.61,64.46,48.197,25.85
DE,2021,2021-02-01,36.48,81.58,57.68,45.1
DE,2021,2021-02-02,35.58,78.13,54.179,42.55
DE,2021,2021-02-03,29.99,56.97,44.455,26.98
DE,2021,2021-02-04,31.99,71.5,52.529,39.51
DE,2021,2021-02-05,40.52,62.02,51.183,21.5
DE,2021,2021-02-06,-1.24,43.95,34.635,45.19
DE,2021,2021-02-07,-3.84,43.44,19.749,47.28
DE,2021,2021-02-08,0.09,64.32,45.188,64.23
DE,2021,2021-02-09,46.05,80.85,64.478,34.8
DE,2021,2021-02-10,47.5,109.86,72.38,62.36
DE,2021,2021-02-11,50.02,136.71,79.106,86.69
DE,2021,2021-02-12,47.77,80.81,62.01,33.04
DE,2021,2021-02-13,44.68,72.96,53.118,28.28
DE,2021,2021-02-14,38.46,62.2,45.587,23.74
DE,2021,2021-02-15,31.29,68.05,51.072,36.76
DE,2021,2021-02-16,42.01,68.85,52.255,26.84
DE,2021,2021-02-17,37.4,71.27,49.675,33.87
DE,2021,2021-02-18,36.41,61.9,45.185,25.49
DE,2021,2021-02-19,36.03,62.53,47.812,26.5
DE,2021,2021-02-20,19.11,44.91,33.197,25.8
DE,2021,2021-02-21,12.18,58.06,33.795,45.88
DE,2021,2021-02-22,37.22,72.9,49.973,35.68
DE,2021,2021-02-23,20.62,59.45,44.705,38.83
DE,2021,2021-02-24,15.79,60.93,38.756,45.14
DE,2021,2021-02-25,33.3,65.73,46.56,32.43
DE,2021,2021-02-26,39.0,60.85,47.585,21.85
DE,2021,2021-02-27,36.38,58.95,44.84,22.57
DE,2021,2021-02-28,26.03,59.28,42.105,33.25
DE,2021,2021-03-01,40.03,68.49,49.841,28.46
DE,2021,2021-03-02,42.1,79.31,53.549,37.21
DE,2021,2021-03-03,42.76,70.0,52.02,27.24
DE,2021,2021-03-04,43.39,66.14,53.972,22.75
DE,2021,2021-03-05,42.03,67.97,53.702,25.94
DE,2021,2021-03-06,36.9,58.87,44.592,21.97
DE,2021,2021-03-07,37.52,60.91,44.91,23.39
DE,2021,2021-03-08,43.02,103.71,61.616,60.69
DE,2021,2021-03-09,43.09,93.3,61.251,50.21
DE,2021,2021-03-10,17.8,69.9,49.248,52.1
DE,2021,2021-03-11,0.0,55.93,27.423,55.93
DE,2021,2021-03-12,-5.09,52.84,22.661,57.93
DE,2021,2021-03-13,-8.74,42.63,10.614,51.37
DE,2021,2021-03-14,-2.94,57.28,17.653,60.22
DE,2021,2021-03-15,33.26,67.82,49.476,34.56
DE,2021,2021-03-16,43.08,77.71,56.04,34.63
DE,2021,2021-03-17,44.4,85.0,57.852,40.6
DE,2021,2021-03-18,47.03,98.71,65.274,51.68
DE,2021,2021-03-19,43.16,72.99,56.356,29.83
DE,2021,2021-03-20,39.65,68.09,50.545,28.44
DE,2021,2021-03-21,13.8,64.82,35.83,51.02
DE,2021,2021-03-22,47.01,90.47,60.685,43.46
DE,2021,2021-03-23,47.59,83.49,62.044,35.9
DE,2021,2021-03-24,43.95,84.0,55.83,40.05
DE,2021,2021-03-25,46.07,85.43,58.759,39.36
DE,2021,2021-03-26,34.73,69.01,50.983,34.28
DE,2021,2021-03-27,-49.9,66.1,24.727,116.0
DE,2021,2021-03-28,-49.99,48.34,17.775,98.33
DE,2021,2021-03-29,17.13,70.86,42.595,53.73
DE,2021,2021-03-30,39.78,78.22,56.31,38.44
DE,2021,2021-03-31,43.09,96.8,58.499,53.71
DE,2021,2021-04-01,36.26,70.97,52.364,34.71
DE,2021,2021-04-02,-20.95,60.67,35.515,81.62
DE,2021,2021-04-03,9.75,59.23,39.92,49.48
DE,2021,2021-04-04,-10.0,47.45,23.567,57.45
DE,2021,2021-04-05,-52.73,27.87,-15.39,80.6
DE,2021,2021-04-06,9.9,71.44,38.432,61.54
DE,2021,2021-04-07,37.82,84.5,49.403,46.68
DE,2021,2021-04-08,40.76,99.26,57.747,58.5
DE,2021,2021-04-09,37.97,84.9,55.731,46.93
DE,2021,2021-04-10,46.33,69.24,57.668,22.91
DE,2021,2021-04-11,41.29,67.24,48.596,25.95
DE,2021,2021-04-12,46.34,100.0,62.987,53.66
DE,2021,2021-04-13,41.58,88.32,57.496,46.74
DE,2021,2021-04-14,50.62,125.0,70.169,74.38
DE,2021,2021-04-15,49.1,118.0,66.362,68.9
DE,2021,2021-04-16,51.35,96.1,63.728,44.75
DE,2021,2021-04-17,49.35,78.47,61.648,29.12
DE,2021,2021-04-18,48.97,80.93,62.152,31.96
DE,2021,2021-04-19,56.09,117.18,75.929,61.09
DE,2021,2021-04-20,57.02,110.41,75.879,53.39
DE,2021,2021-04-21,33.38,87.61,58.363,54.23
DE,2021,2021-04-22,0.06,84.42,47.219,84.36
DE,2021,2021-04-23,38.73,83.73,62.063,45.0
DE,2021,2021-04-24,19.51,73.43,51.509,53.92
DE,2021,2021-04-25,-6.94,67.88,37.656,74.82
DE,2021,2021-04-26,48.34,83.85,62.007,35.51
DE,2021,2021-04-27,45.79,82.94,59.728,37.15
DE,2021,2021-04-28,49.45,85.57,61.518,36.12
DE,2021,2021-04-29,45.0,85.08,59.721,40.08
DE,2021,2021-04-30,57.28,84.93,70.03,27.65
DE,2021,2021-05-01,45.53,68.69,55.596,23.16
DE,2021,2021-05-02,0.01,67.11,43.78,67.1
DE,2021,2021-05-03,37.82,87.93,61.428,50.11
DE,2021,2021-05-04,0.1,50.59,28.713,50.49
DE,2021,2021-05-05,-36.71,68.19,33.913,104.9
DE,2021,2021-05-06,48.6,92.73,66.96,44.13
DE,2021,2021-05-07,52.22,101.5,70.645,49.28
DE,2021,2021-05-08,6.71,69.95,46.282,63.24
DE,2021,2021-05-09,-66.18,60.75,6.35,126.93
DE,2021,2021-05-10,28.03,90.12,59.445,62.09
DE,2021,2021-05-11,56.67,93.37,71.569,36.7
DE,2021,2021-05-12,54.81,86.12,69.068,31.31
DE,2021,2021-05-13,48.0,79.96,63.41,31.96
DE,2021,2021-05-14,60.0,87.02,71.583,27.02
DE,2021,2021-05-15,45.05,75.65,58.599,30.6
DE,2021,2021-05-16,1.0,84.89,40.405,83.89
DE,2021,2021-05-17,52.76,101.51,74.39,48.75
DE,2021,2021-05-18,56.68,90.07,74.515,33.39
DE,2021,2021-05-19,61.67,101.82,77.515,40.15
DE,2021,2021-05-20,22.9,94.9,66.94,72.0
DE,2021,2021-05-21,-9.47,66.22,29.838,75.69
DE,2021,2021-05-22,-69.0,48.8,-6.431,117.8
DE,2021,2021-05-23,-25.0,80.34,22.846,105.34
DE,2021,2021-05-24,-0.03,76.23,32.557,76.26
DE,2021,2021-05-25,40.3,84.65,60.388,44.35
DE,2021,2021-05-26,51.08,84.59,65.7,33.51
DE,2021,2021-05-27,52.71,88.87,72.437,36.16
DE,2021,2021-05-28,58.34,93.01,73.807,34.67
DE,2021,2021-05-29,15.01,72.02,55.476,57.01
DE,2021,2021-05-30,-16.86,79.29,37.928,96.15
DE,2021,2021-05-31,53.94,86.73,67.625,32.79
DE,2021,2021-06-01,55.4,87.1,68.481,31.7
DE,2021,2021-06-02,53.83,83.34,66.085,29.51
DE,2021,2021-06-03,50.44,82.03,62.688,31.59
DE,2021,2021-06-04,59.0,85.9,72.246,26.9
DE,2021,2021-06-05,52.4,76.01,61.593,23.61
DE,2021,2021-06-06,47.61,80.1,59.823,32.49
DE,2021,2021-06-07,59.97,90.0,77.727,30.03
DE,2021,2021-06-08,61.97,99.32,76.877,37.35
DE,2021,2021-06-09,64.0,98.51,77.434,34.51
DE,2021,2021-06-10,65.2,97.19,79.056,31.99
DE,2021,2021-06-11,64.87,97.69,77.784,32.82
DE,2021,2021-06-12,-26.2,65.98,34.428,92.18
DE,2021,2021-06-13,-36.72,87.03,23.41,123.75
DE,2021,2021-06-14,50.8,102.28,74.987,51.48
DE,2021,2021-06-15,68.03,100.0,82.549,31.97
DE,2021,2021-06-16,66.0,118.05,84.334,52.05
DE,2021,2021-06-17,58.35,112.23,78.026,53.88
DE,2021,2021-06-18,64.78,100.02,80.527,35.24
DE,2021,2021-06-19,49.37,92.75,69.615,43.38
DE,2021,2021-06-20,23.72,88.13,57.855,64.41
DE,2021,2021-06-21,58.62,94.07,78.193,35.45
DE,2021,2021-06-22,64.84,100.46,84.702,35.62
DE,2021,2021-06-23,70.09,139.72,93.472,69.63
DE,2021,2021-06-24,73.31,129.54,94.997,56.23
DE,2021,2021-06-25,75.44,109.08,90.102,33.64
DE,2021,2021-06-26,64.87,95.95,78.818,31.08
DE,2021,2021-06-27,21.73,95.0,65.24,73.27
DE,2021,2021-06-28,68.92,123.96,88.846,55.04
DE,2021,2021-06-29,73.45,111.03,91.751,37.58
DE,2021,2021-06-30,74.03,108.0,92.277,33.97
DE,2021,2021-07-01,71.24,103.77,90.168,32.53
DE,2021,2021-07-02,82.18,122.5,96.621,40.32
DE,2021,2021-07-03,65.0,107.43,83.766,42.43
DE,2021,2021-07-04,69.07,104.92,81.958,35.85
DE,2021,2021-07-05,71.54,118.0,94.183,46.46
DE,2021,2021-07-06,58.51,103.97,80.364,45.46
DE,2021,2021-07-07,75.07,133.48,99.732,58.41
DE,2021,2021-07-08,78.07,150.0,108.776,71.93
DE,2021,2021-07-09,75.15,107.97,91.405,32.82
DE,2021,2021-07-10,65.81,100.05,80.487,34.24
DE,2021,2021-07-11,64.0,103.63,77.446,39.63
DE,2021,2021-07-12,72.92,120.49,93.975,47.57
DE,2021,2021-07-13,75.2,109.88,94.231,34.68
DE,2021,2021-07-14,71.18,111.11,87.455,39.93
DE,2021,2021-07-15,74.91,105.0,89.705,30.09
DE,2021,2021-07-16,70.01,101.87,84.499,31.86
DE,2021,2021-07-17,16.92,81.06,60.655,64.14
DE,2021,2021-07-18,-5.0,94.19,46.709,99.19
DE,2021,2021-07-19,64.4,115.2,90.322,50.8
DE,2021,2021-07-20,75.87,114.85,91.41,38.98
DE,2021,2021-07-21,75.93,113.59,89.993,37.66
DE,2021,2021-07-22,74.0,105.25,87.802,31.25
DE,2021,2021-07-23,74.51,106.91,88.771,32.4
DE,2021,2021-07-24,54.24,90.21,73.592,35.97
DE,2021,2021-07-25,46.74,91.86,62.152,45.12
DE,2021,2021-07-26,69.07,109.0,88.81,39.93
DE,2021,2021-07-27,71.02,111.94,87.333,40.92
DE,2021,2021-07-28,50.1,111.86,77.242,61.76
DE,2021,2021-07-29,-8.86,95.98,46.488,104.84
DE,2021,2021-07-30,40.27,116.17,64.704,75.9
DE,2021,2021-07-31,-20.06,70.91,29.386,90.97
DE,2021,2021-08-01,48.94,80.0,59.18,31.06
DE,2021,2021-08-02,51.24,117.52,82.03,66.28
DE,2021,2021-08-03,75.01,130.0,96.607,54.99
DE,2021,2021-08-04,76.65,128.94,98.177,52.29
DE,2021,2021-08-05,63.5,126.2,92.927,62.7
DE,2021,2021-08-06,54.64,94.98,71.39,40.34
DE,2021,2021-08-07,1.27,80.08,57.087,78.81
DE,2021,2021-08-08,-63.03,68.05,8.379,131.08
DE,2021,2021-08-09,31.92,107.61,70.146,75.69
DE,2021,2021-08-10,65.06,137.17,92.083,72.11
DE,2021,2021-08-11,80.29,140.02,101.27,59.73
DE,2021,2021-08-12,84.64,145.0,106.204,60.36
DE,2021,2021-08-13,71.86,124.0,93.798,52.14
DE,2021,2021-08-14,0.0,88.56,62.948,88.56
DE,2021,2021-08-15,12.5,94.95,61.513,82.45
DE,2021,2021-08-16,42.74,100.48,66.615,57.74
DE,2021,2021-08-17,14.47,92.71,57.921,78.24
DE,2021,2021-08-18,61.83,98.1,78.978,36.27
DE,2021,2021-08-19,60.54,128.12,93.745,67.58
DE,2021,2021-08-20,83.2,126.14,102.867,42.94
DE,2021,2021-08-21,76.59,112.17,90.05,35.58
DE,2021,2021-08-22,66.75,97.96,77.566,31.21
DE,2021,2021-08-23,73.52,115.94,94.187,42.42
DE,2021,2021-08-24,78.4,122.5,95.613,44.1
DE,2021,2021-08-25,63.34,107.28,83.5,43.94
DE,2021,2021-08-26,69.95,124.65,93.56,54.7
DE,2021,2021-08-27,78.09,117.19,96.0,39.1
DE,2021,2021-08-28,68.22,101.32,83.952,33.1
DE,2021,2021-08-29,67.3,101.66,81.013,34.36
DE,2021,2021-08-30,72.8,132.92,107.69,60.12
DE,2021,2021-08-31,87.09,137.02,110.171,49.93
DE,2021,2021-09-01,90.09,145.91,112.174,55.82
DE,2021,2021-09-02,95.25,158.51,118.294,63.26
DE,2021,2021-09-03,88.39,143.93,111.463,55.54
DE,2021,2021-09-04,84.16,142.55,106.416,58.39
DE,2021,2021-09-05,60.06,139.07,97.672,79.01
DE,2021,2021-09-06,97.97,190.68,128.349,92.71
DE,2021,2021-09-07,107.87,180.0,128.078,72.13
DE,2021,2021-09-08,103.01,165.78,124.381,62.77
DE,2021,2021-09-09,101.88,174.23,130.983,72.35
DE,2021,2021-09-10,111.67,162.27,139.807,50.6
DE,2021,2021-09-11,99.17,155.09,126.28,55.92
DE,2021,2021-09-12,69.68,154.17,105.93,84.49
DE,2021,2021-09-13,103.79,200.88,142.261,97.09
DE,2021,2021-09-14,107.84,188.2,144.266,80.36
DE,2021,2021-09-15,123.1,196.58,167.894,73.48
DE,2021,2021-09-16,115.19,198.02,158.606,82.83
DE,2021,2021-09-17,117.89,188.17,158.104,70.28
DE,2021,2021-09-18,80.05,179.91,128.827,99.86
DE,2021,2021-09-19,72.82,170.63,95.606,97.81
DE,2021,2021-09-20,93.87,205.0,153.211,111.13
DE,2021,2021-09-21,100.98,190.0,147.728,89.02
DE,2021,2021-09-22,90.01,213.81,145.409,123.8
DE,2021,2021-09-23,0.08,153.86,70.185,153.78
DE,2021,2021-09-24,57.83,181.21,112.401,123.38
DE,2021,2021-09-25,94.09,208.01,130.378,113.92
DE,2021,2021-09-26,90.65,185.85,124.679,95.2
DE,2021,2021-09-27,96.98,190.84,141.544,93.86
DE,2021,2021-09-28,98.1,237.01,156.18,138.91
DE,2021,2021-09-29,65.22,204.51,129.32,139.29
DE,2021,2021-09-30,59.09,219.93,113.649,160.84
DE,2021,2021-10-01,47.94,194.09,102.783,146.15
DE,2021,2021-10-02,-0.03,164.92,94.874,164.95
DE,2021,2021-10-03,-2.02,153.84,47.019,155.86
DE,2021,2021-10-04,67.3,230.0,161.818,162.7
DE,2021,2021-10-05,74.98,229.05,156.475,154.07
DE,2021,2021-10-06,60.41,290.97,199.036,230.56
DE,2021,2021-10-07,167.36,442.9,295.448,275.54
DE,2021,2021-10-08,120.28,291.42,200.33,171.14
DE,2021,2021-10-09,70.44,239.22,139.87,168.78
DE,2021,2021-10-10,69.22,240.57,145.299,171.35
DE,2021,2021-10-11,94.85,260.02,163.865,165.17
DE,2021,2021-10-12,85.9,248.08,171.962,162.18
DE,2021,2021-10-13,116.12,287.31,187.184,171.19
DE,2021,2021-10-14,56.55,260.0,161.361,203.45
DE,2021,2021-10-15,48.93,249.22,122.047,200.29
DE,2021,2021-10-16,83.92,253.06,155.164,169.14
DE,2021,2021-10-17,101.39,238.29,142.899,136.9
DE,2021,2021-10-18,106.28,268.32,189.195,162.04
DE,2021,2021-10-19,5.65,235.68,145.134,230.03
DE,2021,2021-10-20,0.09,132.17,61.784,132.08
DE,2021,2021-10-21,18.8,118.21,64.156,99.41
DE,2021,2021-10-22,23.22,121.06,72.637,97.84
DE,2021,2021-10-23,66.04,256.47,143.74,190.43
DE,2021,2021-10-24,60.01,191.19,96.038,131.18
DE,2021,2021-10-25,84.39,262.0,177.204,177.61
DE,2021,2021-10-26,84.27,245.91,174.911,161.64
DE,2021,2021-10-27,66.8,235.27,147.246,168.47
DE,2021,2021-10-28,83.99,250.34,150.224,166.35
DE,2021,2021-10-29,65.51,199.36,111.652,133.85
DE,2021,2021-10-30,56.14,117.65,82.892,61.51
DE,2021,2021-10-31,52.2,79.13,61.599,26.93
DE,2021,2021-11-01,20.36,183.0,99.06,162.64
DE,2021,2021-11-02,111.2,312.67,204.179,201.47
DE,2021,2021-11-03,130.03,274.33,193.918,144.3
DE,2021,2021-11-04,104.86,213.77,169.778,108.91
DE,2021,2021-11-05,81.09,202.98,158.908,121.89
DE,2021,2021-11-06,6.73,105.0,73.658,98.27
DE,2021,2021-11-07,1.47,93.52,37.435,92.05
DE,2021,2021-11-08,57.94,299.9,181.481,241.96
DE,2021,2021-11-09,93.74,223.88,160.667,130.14
DE,2021,2021-11-10,94.86,295.0,179.355,200.14
DE,2021,2021-11-11,152.5,252.12,190.414,99.62
DE,2021,2021-11-12,91.42,214.77,164.033,123.35
DE,2021,2021-11-13,92.65,220.0,160.47,127.35
DE,2021,2021-11-14,117.2,206.21,168.509,89.01
DE,2021,2021-11-15,149.64,300.01,228.65,150.37
DE,2021,2021-11-16,157.83,301.0,237.946,143.17
DE,2021,2021-11-17,86.22,238.8,176.686,152.58
DE,2021,2021-11-18,71.81,243.1,138.725,171.29
DE,2021,2021-11-19,64.55,193.7,133.1,129.15
DE,2021,2021-11-20,72.61,199.97,108.784,127.36
DE,2021,2021-11-21,77.4,247.76,149.138,170.36
DE,2021,2021-11-22,137.67,318.87,232.855,181.2
DE,2021,2021-11-23,142.37,348.21,242.773,205.84
DE,2021,2021-11-24,171.62,385.0,274.3,213.38
DE,2021,2021-11-25,129.55,352.11,241.489,222.56
DE,2021,2021-11-26,109.11,288.99,187.318,179.88
DE,2021,2021-11-27,151.4,270.8,205.558,119.4
DE,2021,2021-11-28,155.39,247.94,199.559,92.55
DE,2021,2021-11-29,113.9,421.87,264.233,307.97
DE,2021,2021-11-30,64.82,232.6,124.395,167.78
DE,2021,2021-12-01,36.98,115.82,87.243,78.84
DE,2021,2021-12-02,28.72,354.98,199.914,326.26
DE,2021,2021-12-03,106.48,256.41,148.768,149.93
DE,2021,2021-12-04,87.48,243.05,194.698,155.57
DE,2021,2021-12-05,80.92,260.0,162.297,179.08
DE,2021,2021-12-06,131.45,371.54,262.639,240.09
DE,2021,2021-12-07,85.46,299.15,214.269,213.69
DE,2021,2021-12-08,66.08,292.0,188.402,225.92
DE,2021,2021-12-09,170.51,355.69,278.229,185.18
DE,2021,2021-12-10,146.78,300.04,240.745,153.26
DE,2021,2021-12-11,130.01,294.98,233.811,164.97
DE,2021,2021-12-12,105.9,290.3,185.103,184.4
DE,2021,2021-12-13,137.81,353.73,264.732,215.92
DE,2021,2021-12-14,144.42,400.0,297.682,255.58
DE,2021,2021-12-15,185.01,402.0,295.658,216.99
DE,2021,2021-12-16,208.15,425.0,346.306,216.85
DE,2021,2021-12-17,240.73,403.92,339.009,163.19
DE,2021,2021-12-18,80.49,335.28,250.05,254.79
DE,2021,2021-12-19,21.83,328.0,122.85,306.17
DE,2021,2021-12-20,136.9,465.98,336.564,329.08
DE,2021,2021-12-21,291.12,620.0,435.09,328.88
DE,2021,2021-12-22,280.0,529.2,414.808,249.2
DE,2021,2021-12-23,98.85,450.06,292.282,351.21
DE,2021,2021-12-24,88.88,278.57,199.133,189.69
DE,2021,2021-12-25,125.31,245.1,198.214,119.79
DE,2021,2021-12-26,95.79,217.55,169.016,121.76
DE,2021,2021-12-27,74.4,210.04,147.937,135.64
DE,2021,2021-12-28,36.22,150.06,105.795,113.84
DE,2021,2021-12-29,73.08,205.7,153.979,132.62
DE,2021,2021-12-30,5.71,103.37,70.455,97.66
DE,2021,2021-12-31,-0.06,62.23,13.975,62.29
DE,2022,2022-01-01,37.67,149.97,82.871,112.3
DE,2022,2022-01-02,0.31,70.09,44.988,69.78
DE,2022,2022-01-03,-1.05,148.49,80.415,149.54
DE,2022,2022-01-04,97.56,190.0,153.984,92.44
DE,2022,2022-01-05,75.38,148.09,107.641,72.71
DE,2022,2022-01-06,101.32,274.11,195.309,172.79
DE,2022,2022-01-07,101.91,253.81,168.65,151.9
DE,2022,2022-01-08,85.03,231.0,162.6,145.97
DE,2022,2022-01-09,49.29,243.94,151.192,194.65
DE,2022,2022-01-10,178.04,315.47,262.136,137.43
DE,2022,2022-01-11,193.0,316.4,254.84,123.4
DE,2022,2022-01-12,172.18,300.1,232.336,127.92
DE,2022,2022-01-13,120.04,235.9,177.944,115.86
DE,2022,2022-01-14,107.46,262.0,183.011,154.54
DE,2022,2022-01-15,182.64,267.03,216.158,84.39
DE,2022,2022-01-16,78.08,216.0,126.935,137.92
DE,2022,2022-01-17,10.09,254.37,133.934,244.28
DE,2022,2022-01-18,169.01,294.4,235.04,125.39
DE,2022,2022-01-19,90.05,261.65,168.89,171.6
DE,2022,2022-01-20,70.99,192.74,118.91,121.75
DE,2022,2022-01-21,110.92,223.15,159.453,112.23
DE,2022,2022-01-22,119.99,230.82,177.762,110.83
DE,2022,2022-01-23,168.23,242.97,194.18,74.74
DE,2022,2022-01-24,177.46,341.85,247.298,164.39
DE,2022,2022-01-25,196.24,399.85,297.021,203.61
DE,2022,2022-01-26,122.34,312.69,231.732,190.35
DE,2022,2022-01-27,82.03,141.17,118.648,59.14
DE,2022,2022-01-28,77.26,260.0,176.357,182.74
DE,2022,2022-01-29,2.3,123.02,86.798,120.72
DE,2022,2022-01-30,3.73,171.74,60.295,168.01
DE,2022,2022-01-31,100.0,253.93,196.785,153.93
DE,2022,2022-02-01,35.54,243.72,145.055,208.18
DE,2022,2022-02-02,10.05,266.9,145.281,256.85
DE,2022,2022-02-03,138.71,237.78,192.797,99.07
DE,2022,2022-02-04,87.38,219.12,130.712,131.74
DE,2022,2022-02-05,10.36,150.6,85.203,140.24
DE,2022,2022-02-06,0.12,125.0,53.188,124.88
DE,2022,2022-02-07,10.08,169.94,88.922,159.86
DE,2022,2022-02-08,104.12,209.56,137.521,105.44
DE,2022,2022-02-09,109.58,257.28,169.449,147.7
DE,2022,2022-02-10,136.66,240.32,191.968,103.66
DE,2022,2022-02-11,128.35,243.35,185.243,115.0
DE,2022,2022-02-12,87.12,194.89,138.557,107.77
DE,2022,2022-02-13,30.08,119.11,81.848,89.03
DE,2022,2022-02-14,12.94,197.13,104.979,184.19
DE,2022,2022-02-15,87.91,250.06,154.254,162.15
DE,2022,2022-02-16,17.92,194.83,114.18,176.91
DE,2022,2022-02-17,13.97,123.22,70.867,109.25
DE,2022,2022-02-18,62.57,189.28,117.722,126.71
DE,2022,2022-02-19,-0.52,121.97,40.893,122.49
DE,2022,2022-02-20,10.73,99.9,63.379,89.17
DE,2022,2022-02-21,1.43,135.59,78.719,134.16
DE,2022,2022-02-22,79.9,211.59,122.901,131.69
DE,2022,2022-02-23,78.96,236.86,131.475,157.9
DE,2022,2022-02-24,94.78,184.77,122.542,89.99
DE,2022,2022-02-25,89.93,198.07,122.262,108.14
DE,2022,2022-02-26,152.6,300.7,227.332,148.1
DE,2022,2022-02-27,111.68,275.76,181.648,164.08
DE,2022,2022-02-28,135.4,322.9,206.87,187.5
DE,2022,2022-03-01,143.15,362.75,245.896,219.6
DE,2022,2022-03-02,233.14,385.0,282.115,151.86
DE,2022,2022-03-03,266.04,410.0,339.029,143.96
DE,2022,2022-03-04,292.16,410.05,359.311,117.89
DE,2022,2022-03-05,260.35,409.3,345.517,148.95
DE,2022,2022-03-06,210.01,454.28,340.254,244.27
DE,2022,2022-03-07,312.82,522.91,413.37,210.09
DE,2022,2022-03-08,294.77,700.0,486.491,405.23
DE,2022,2022-03-09,305.11,605.0,442.918,299.89
DE,2022,2022-03-10,88.96,436.06,268.274,347.1
DE,2022,2022-03-11,0.08,185.06,79.605,184.98
DE,2022,2022-03-12,67.84,323.3,128.049,255.46
DE,2022,2022-03-13,8.55,234.21,117.006,225.66
DE,2022,2022-03-14,204.44,435.42,283.232,230.98
DE,2022,2022-03-15,240.07,405.02,300.725,164.95
DE,2022,2022-03-16,129.27,319.13,241.291,189.86
DE,2022,2022-03-17,119.71,347.21,227.316,227.5
DE,2022,2022-03-18,196.67,291.51,228.635,94.84
DE,2022,2022-03-19,8.84,204.14,126.259,195.3
DE,2022,2022-03-20,-19.04,122.95,50.299,141.99
DE,2022,2022-03-21,118.82,336.98,210.289,218.16
DE,2022,2022-03-22,183.66,351.0,236.171,167.34
DE,2022,2022-03-23,181.07,374.14,236.435,193.07
DE,2022,2022-03-24,181.94,371.11,240.06,189.17
DE,2022,2022-03-25,169.75,339.9,243.274,170.15
DE,2022,2022-03-26,80.38,292.24,189.513,211.86
DE,2022,2022-03-27,77.97,281.68,198.612,203.71
DE,2022,2022-03-28,130.99,316.95,222.903,185.96
DE,2022,2022-03-29,208.96,318.74,251.93,109.78
DE,2022,2022-03-30,197.92,346.91,268.653,148.99
DE,2022,2022-03-31,99.64,324.23,201.124,224.59
DE,2022,2022-04-01,94.48,208.47,161.2,113.99
DE,2022,2022-04-02,120.6,259.15,172.867,138.55
DE,2022,2022-04-03,91.81,211.79,165.315,119.98
DE,2022,2022-04-04,23.53,133.0,68.789,109.47
DE,2022,2022-04-05,35.09,309.93,191.33,274.84
DE,2022,2022-04-06,60.37,178.43,116.663,118.06
DE,2022,2022-04-07,1.03,113.23,68.415,112.2
DE,2022,2022-04-08,1.02,267.77,130.318,266.75
DE,2022,2022-04-09,-2.49,105.0,54.294,107.49
DE,2022,2022-04-10,0.09,252.18,85.914,252.09
DE,2022,2022-04-11,179.77,299.93,224.211,120.16
DE,2022,2022-04-12,100.01,268.78,182.337,168.77
DE,2022,2022-04-13,163.31,301.63,227.21,138.32
DE,2022,2022-04-14,191.99,282.11,226.595,90.12
DE,2022,2022-04-15,151.11,235.99,191.347,84.88
DE,2022,2022-04-16,33.78,205.81,146.118,172.03
DE,2022,2022-04-17,0.0,191.54,103.685,191.54
DE,2022,2022-04-18,45.0,250.73,129.443,205.73
DE,2022,2022-04-19,168.94,295.43,212.278,126.49
DE,2022,2022-04-20,158.9,250.0,202.746,91.1
DE,2022,2022-04-21,167.93,256.25,199.777,88.32
DE,2022,2022-04-22,86.77,244.1,167.15,157.33
DE,2022,2022-04-23,0.01,171.36,91.09,171.35
DE,2022,2022-04-24,34.2,224.95,115.828,190.75
DE,2022,2022-04-25,185.63,275.71,225.498,90.08
DE,2022,2022-04-26,198.01,290.0,237.935,91.99
DE,2022,2022-04-27,190.96,271.01,222.702,80.05
DE,2022,2022-04-28,196.3,284.91,229.845,88.61
DE,2022,2022-04-29,189.1,291.22,227.386,102.12
DE,2022,2022-04-30,159.69,252.64,201.768,92.95
DE,2022,2022-05-01,138.9,254.94,194.768,116.04
DE,2022,2022-05-02,182.09,270.0,217.367,87.91
DE,2022,2022-05-03,184.08,270.23,219.798,86.15
DE,2022,2022-05-04,199.51,296.9,232.442,97.39
DE,2022,2022-05-05,204.9,276.61,234.518,71.71
DE,2022,2022-05-06,187.01,274.92,225.677,87.91
DE,2022,2022-05-07,159.17,231.57,199.734,72.4
DE,2022,2022-05-08,78.5,238.99,172.105,160.49
DE,2022,2022-05-09,179.55,280.0,217.383,100.45
DE,2022,2022-05-10,78.65,239.95,182.399,161.3
DE,2022,2022-05-11,3.74,233.22,154.715,229.48
DE,2022,2022-05-12,82.3,241.77,174.028,159.47
DE,2022,2022-05-13,25.66,242.74,165.744,217.08
DE,2022,2022-05-14,6.28,241.87,155.952,235.59
DE,2022,2022-05-15,20.15,230.57,146.441,210.42
DE,2022,2022-05-16,169.13,276.31,213.67,107.18
DE,2022,2022-05-17,185.05,298.21,225.542,113.16
DE,2022,2022-05-18,170.98,286.99,206.453,116.01
DE,2022,2022-05-19,176.2,273.4,211.855,97.2
DE,2022,2022-05-20,125.3,263.32,203.083,138.02
DE,2022,2022-05-21,-0.09,228.11,107.801,228.2
DE,2022,2022-05-22,101.4,227.9,164.969,126.5
DE,2022,2022-05-23,82.85,230.02,181.24,147.17
DE,2022,2022-05-24,81.77,220.3,171.106,138.53
DE,2022,2022-05-25,82.68,230.0,171.008,147.32
DE,2022,2022-05-26,-4.4,168.09,64.56,172.49
DE,2022,2022-05-27,-10.8,138.59,41.922,149.39
DE,2022,2022-05-28,-13.85,170.0,48.745,183.85
DE,2022,2022-05-29,120.0,225.0,160.303,105.0
DE,2022,2022-05-30,182.92,295.0,225.38,112.08
DE,2022,2022-05-31,177.02,258.67,211.984,81.65
DE,2022,2022-06-01,175.04,262.6,212.73,87.56
DE,2022,2022-06-02,150.4,238.97,187.817,88.57
DE,2022,2022-06-03,150.23,225.11,184.672,74.88
DE,2022,2022-06-04,94.86,209.24,161.617,114.38
DE,2022,2022-06-05,90.36,169.44,136.224,79.08
DE,2022,2022-06-06,-0.59,217.42,96.487,218.01
DE,2022,2022-06-07,145.72,228.81,185.379,83.09
DE,2022,2022-06-08,162.96,227.2,190.583,64.24
DE,2022,2022-06-09,153.31,221.92,185.781,68.61
DE,2022,2022-06-10,151.61,220.46,186.677,68.85
DE,2022,2022-06-11,4.23,211.06,133.481,206.83
DE,2022,2022-06-12,0.08,210.98,116.005,210.9
DE,2022,2022-06-13,85.23,225.97,165.586,140.74
DE,2022,2022-06-14,151.74,295.68,196.827,143.94
DE,2022,2022-06-15,168.61,307.48,214.86,138.87
DE,2022,2022-06-16,98.56,296.21,205.836,197.65
DE,2022,2022-06-17,174.12,355.39,251.931,181.27
DE,2022,2022-06-18,76.66,330.47,192.652,253.81
DE,2022,2022-06-19,60.09,306.93,157.3,246.84
DE,2022,2022-06-20,180.44,500.0,269.318,319.56
DE,2022,2022-06-21,210.81,458.04,289.994,247.23
DE,2022,2022-06-22,244.46,491.04,323.572,246.58
DE,2022,2022-06-23,210.37,429.06,290.498,218.69
DE,2022,2022-06-24,204.21,345.74,276.843,141.53
DE,2022,2022-06-25,164.06,327.17,242.588,163.11
DE,2022,2022-06-26,79.82,335.71,202.049,255.89
DE,2022,2022-06-27,250.91,443.5,315.781,192.59
DE,2022,2022-06-28,250.41,470.9,331.424,220.49
DE,2022,2022-06-29,238.0,390.9,316.43,152.9
DE,2022,2022-06-30,258.08,479.0,324.517,220.92
DE,2022,2022-07-01,220.69,385.19,314.641,164.5
DE,2022,2022-07-02,76.33,362.85,217.56,286.52
DE,2022,2022-07-03,65.82,348.45,203.832,282.63
DE,2022,2022-07-04,171.19,398.72,297.295,227.53
DE,2022,2022-07-05,210.95,412.59,317.601,201.64
DE,2022,2022-07-06,163.21,413.89,295.861,250.68
DE,2022,2022-07-07,155.02,296.72,211.037,141.7
DE,2022,2022-07-08,178.56,422.59,304.638,244.03
DE,2022,2022-07-09,11.94,247.14,127.011,235.2
DE,2022,2022-07-10,11.85,389.17,134.815,377.32
DE,2022,2022-07-11,269.27,469.9,378.719,200.63
DE,2022,2022-07-12,260.07,506.69,379.186,246.62
DE,2022,2022-07-13,183.63,456.57,352.027,272.94
DE,2022,2022-07-14,239.44,436.27,362.86,196.83
DE,2022,2022-07-15,190.0,433.99,332.623,243.99
DE,2022,2022-07-16,-0.1,357.55,166.312,357.65
DE,2022,2022-07-17,40.02,434.95,229.665,394.93
DE,2022,2022-07-18,271.57,679.54,398.282,407.97
DE,2022,2022-07-19,241.92,581.25,386.203,339.33
DE,2022,2022-07-20,228.72,526.26,339.141,297.54
DE,2022,2022-07-21,307.94,515.45,398.486,207.51
DE,2022,2022-07-22,274.04,494.6,379.22,220.56
DE,2022,2022-07-23,183.97,405.61,325.955,221.64
DE,2022,2022-07-24,48.77,433.15,254.406,384.38
DE,2022,2022-07-25,203.61,412.34,310.78,208.73
DE,2022,2022-07-26,179.58,454.37,321.147,274.79
DE,2022,2022-07-27,337.95,549.87,427.93,211.92
DE,2022,2022-07-28,384.1,598.94,470.979,214.84
DE,2022,2022-07-29,365.04,517.17,440.532,152.13
DE,2022,2022-07-30,236.78,467.71,376.331,230.93
DE,2022,2022-07-31,208.74,465.67,318.062,256.93
DE,2022,2022-08-01,320.86,530.88,428.87,210.02
DE,2022,2022-08-02,198.39,513.17,377.218,314.78
DE,2022,2022-08-03,182.52,566.89,389.516,384.37
DE,2022,2022-08-04,284.02,513.74,409.98,229.72
DE,2022,2022-08-05,252.44,483.91,376.668,231.47
DE,2022,2022-08-06,116.02,396.81,266.89,280.79
DE,2022,2022-08-07,69.74,421.99,217.88,352.25
DE,2022,2022-08-08,272.89,495.9,361.549,223.01
DE,2022,2022-08-09,258.94,469.8,342.968,210.86
DE,2022,2022-08-10,253.0,454.73,336.162,201.73
DE,2022,2022-08-11,267.86,539.9,377.194,272.04
DE,2022,2022-08-12,328.45,565.4,436.833,236.95
DE,2022,2022-08-13,192.11,504.7,377.143,312.59
DE,2022,2022-08-14,74.02,462.6,327.232,388.58
DE,2022,2022-08-15,350.0,555.72,433.262,205.72
DE,2022,2022-08-16,410.06,664.89,495.456,254.83
DE,2022,2022-08-17,459.22,747.93,551.786,288.71
DE,2022,2022-08-18,467.63,657.98,562.672,190.35
DE,2022,2022-08-19,434.14,587.56,516.531,153.42
DE,2022,2022-08-20,339.28,552.48,449.604,213.2
DE,2022,2022-08-21,77.46,623.89,371.232,546.43
DE,2022,2022-08-22,447.93,679.97,566.858,232.04
DE,2022,2022-08-23,500.57,794.95,608.339,294.38
DE,2022,2022-08-24,516.12,850.0,621.272,333.88
DE,2022,2022-08-25,502.59,766.79,605.21,264.2
DE,2022,2022-08-26,569.21,802.99,705.363,233.78
DE,2022,2022-08-27,461.73,704.62,597.301,242.89
DE,2022,2022-08-28,13.29,700.75,403.473,687.46
DE,2022,2022-08-29,516.07,871.0,661.642,354.93
DE,2022,2022-08-30,523.31,855.46,653.662,332.15
DE,2022,2022-08-31,484.36,750.0,601.172,265.64
DE,2022,2022-09-01,418.74,729.9,567.017,311.16
DE,2022,2022-09-02,210.06,581.97,405.601,371.91
DE,2022,2022-09-03,51.01,530.0,285.247,478.99
DE,2022,2022-09-04,52.91,509.93,245.804,457.02
DE,2022,2022-09-05,182.56,601.62,360.893,419.06
DE,2022,2022-09-06,255.17,633.97,426.749,378.8
DE,2022,2022-09-07,366.11,633.49,464.581,267.38
DE,2022,2022-09-08,238.2,525.82,430.528,287.62
DE,2022,2022-09-09,192.6,467.35,354.939,274.75
DE,2022,2022-09-10,348.07,491.86,406.259,143.79
DE,2022,2022-09-11,251.8,517.2,387.158,265.4
DE,2022,2022-09-12,294.93,540.64,405.423,245.71
DE,2022,2022-09-13,282.3,521.15,393.81,238.85
DE,2022,2022-09-14,335.64,630.25,458.141,294.61
DE,2022,2022-09-15,163.73,500.1,353.363,336.37
DE,2022,2022-09-16,38.19,446.0,193.969,407.81
DE,2022,2022-09-17,2.0,144.33,63.801,142.33
DE,2022,2022-09-18,20.02,214.68,83.23,194.66
DE,2022,2022-09-19,83.89,442.05,275.893,358.16
DE,2022,2022-09-20,260.1,580.61,367.092,320.51
DE,2022,2022-09-21,297.28,574.51,384.215,277.23
DE,2022,2022-09-22,275.84,600.0,386.237,324.16
DE,2022,2022-09-23,295.3,473.02,370.385,177.72
DE,2022,2022-09-24,230.0,427.76,341.806,197.76
DE,2022,2022-09-25,179.85,412.03,273.586,232.18
DE,2022,2022-09-26,98.22,419.01,243.532,320.79
DE,2022,2022-09-27,151.3,443.51,319.0,292.21
DE,2022,2022-09-28,242.98,640.42,390.606,397.44
DE,2022,2022-09-29,315.19,605.0,417.036,289.81
DE,2022,2022-09-30,63.59,538.92,292.255,475.33
DE,2022,2022-10-01,15.02,195.77,82.845,180.75
DE,2022,2022-10-02,56.37,311.72,116.675,255.35
DE,2022,2022-10-03,82.92,466.62,218.482,383.7
DE,2022,2022-10-04,103.36,497.39,240.026,394.03
DE,2022,2022-10-05,0.38,226.24,93.105,225.86
DE,2022,2022-10-06,0.1,360.08,114.258,359.98
DE,2022,2022-10-07,64.02,301.66,160.625,237.64
DE,2022,2022-10-08,45.91,302.03,152.22,256.12
DE,2022,2022-10-09,51.6,258.74,135.437,207.14
DE,2022,2022-10-10,70.83,276.74,169.968,205.91
DE,2022,2022-10-11,169.2,484.75,265.269,315.55
DE,2022,2022-10-12,198.99,480.12,281.281,281.13
DE,2022,2022-10-13,182.96,343.7,258.383,160.74
DE,2022,2022-10-14,174.0,412.65,257.098,238.65
DE,2022,2022-10-15,67.9,199.33,147.413,131.43
DE,2022,2022-10-16,12.49,222.87,99.956,210.38
DE,2022,2022-10-17,86.14,272.22,154.049,186.08
DE,2022,2022-10-18,125.18,277.3,182.319,152.12
DE,2022,2022-10-19,114.89,247.74,167.855,132.85
DE,2022,2022-10-20,71.97,195.81,140.548,123.84
DE,2022,2022-10-21,111.01,209.94,164.516,98.93
DE,2022,2022-10-22,99.15,183.23,137.112,84.08
DE,2022,2022-10-23,49.82,121.46,91.285,71.64
DE,2022,2022-10-24,25.08,134.3,80.819,109.22
DE,2022,2022-10-25,56.19,186.33,108.792,130.14
DE,2022,2022-10-26,88.23,162.1,121.355,73.87
DE,2022,2022-10-27,87.55,177.25,124.174,89.7
DE,2022,2022-10-28,88.04,133.94,105.949,45.9
DE,2022,2022-10-29,81.46,139.91,101.789,58.45
DE,2022,2022-10-30,97.81,170.38,118.312,72.57
DE,2022,2022-10-31,80.65,201.51,143.192,120.86
DE,2022,2022-11-01,27.71,125.63,67.783,97.92
DE,2022,2022-11-02,15.28,148.93,72.839,133.65
DE,2022,2022-11-03,43.83,137.46,103.522,93.63
DE,2022,2022-11-04,89.06,240.55,181.14,151.49
DE,2022,2022-11-05,57.85,170.0,128.423,112.15
DE,2022,2022-11-06,0.09,100.81,48.687,100.72
DE,2022,2022-11-07,0.09,156.49,79.324,156.4
DE,2022,2022-11-08,62.99,142.1,95.023,79.11
DE,2022,2022-11-09,64.97,199.96,128.39,134.99
DE,2022,2022-11-10,70.25,199.12,135.405,128.87
DE,2022,2022-11-11,67.97,208.51,128.174,140.54
DE,2022,2022-11-12,126.8,240.7,163.562,113.9
DE,2022,2022-11-13,100.01,197.86,142.017,97.85
DE,2022,2022-11-14,93.88,254.18,162.305,160.3
DE,2022,2022-11-15,79.17,224.08,174.912,144.91
DE,2022,2022-11-16,47.95,241.41,142.456,193.46
DE,2022,2022-11-17,5.88,194.93,102.608,189.05
DE,2022,2022-11-18,115.82,228.56,172.344,112.74
DE,2022,2022-11-19,138.98,287.29,200.965,148.31
DE,2022,2022-11-20,139.35,273.0,207.725,133.65
DE,2022,2022-11-21,113.67,335.39,252.749,221.72
DE,2022,2022-11-22,82.15,294.9,205.513,212.75
DE,2022,2022-11-23,119.94,268.55,177.511,148.61
DE,2022,2022-11-24,117.73,322.72,239.365,204.99
DE,2022,2022-11-25,151.82,349.9,258.988,198.08
DE,2022,2022-11-26,144.88,315.92,236.345,171.04
DE,2022,2022-11-27,99.4,181.88,145.997,82.48
DE,2022,2022-11-28,119.58,415.58,297.581,296.0
DE,2022,2022-11-29,226.24,501.1,372.333,274.86
DE,2022,2022-11-30,260.79,503.55,393.852,242.76
DE,2022,2022-12-01,271.91,484.07,394.95,212.16
DE,2022,2022-12-02,238.15,442.66,336.361,204.51
DE,2022,2022-12-03,223.94,358.73,281.61,134.79
DE,2022,2022-12-04,205.16,347.42,267.441,142.26
DE,2022,2022-12-05,163.66,444.98,345.132,281.32
DE,2022,2022-12-06,264.59,479.4,385.048,214.81
DE,2022,2022-12-07,199.96,454.07,325.741,254.11
DE,2022,2022-12-08,269.67,498.21,389.505,228.54
DE,2022,2022-12-09,298.49,507.91,410.145,209.42
DE,2022,2022-12-10,284.9,449.92,354.15,165.02
DE,2022,2022-12-11,268.42,430.05,325.912,161.63
DE,2022,2022-12-12,267.92,588.09,435.015,320.17
DE,2022,2022-12-13,274.82,665.01,443.172,390.19
DE,2022,2022-12-14,268.69,590.0,444.925,321.31
DE,2022,2022-12-15,270.19,500.0,396.808,229.81
DE,2022,2022-12-16,270.33,561.72,410.797,291.39
DE,2022,2022-12-17,176.27,335.42,264.485,159.15
DE,2022,2022-12-18,115.28,239.86,187.419,124.58
DE,2022,2022-12-19,76.1,249.57,191.431,173.47
DE,2022,2022-12-20,76.35,234.43,188.902,158.08
DE,2022,2022-12-21,140.09,273.0,213.633,132.91
DE,2022,2022-12-22,128.22,225.4,192.213,97.18
DE,2022,2022-12-23,81.2,228.91,183.075,147.71
DE,2022,2022-12-24,32.52,166.34,113.495,133.82
DE,2022,2022-12-25,50.3,130.42,103.095,80.12
DE,2022,2022-12-26,16.33,59.3,39.41,42.97
DE,2022,2022-12-27,5.0,164.69,92.439,159.69
DE,2022,2022-12-28,-1.01,89.71,44.177,90.72
DE,2022,2022-12-29,-2.18,51.41,14.086,53.59
DE,2022,2022-12-30,-0.03,30.78,14.159,30.81
DE,2022,2022-12-31,-5.17,0.63,-1.006,5.8
DE,2023,2023-01-01,-5.4,57.91,17.542,63.31
DE,2023,2023-01-02,44.09,174.74,126.824,130.65
DE,2023,2023-01-03,80.89,171.18,143.908,90.29
DE,2023,2023-01-04,0.05,86.16,55.573,86.11
DE,2023,2023-01-05,0.07,194.7,111.92,194.63
DE,2023,2023-01-06,81.93,163.5,117.054,81.57
DE,2023,2023-01-07,10.93,112.0,85.216,101.07
DE,2023,2023-01-08,4.16,122.61,71.617,118.45
DE,2023,2023-01-09,39.41,182.18,130.579,142.77
DE,2023,2023-01-10,5.0,165.33,118.921,160.33
DE,2023,2023-01-11,0.01,132.88,84.701,132.87
DE,2023,2023-01-12,0.1,119.49,71.275,119.39
DE,2023,2023-01-13,2.02,105.95,66.352,103.93
DE,2023,2023-01-14,3.94,55.01,28.438,51.07
DE,2023,2023-01-15,0.29,60.01,11.595,59.72
DE,2023,2023-01-16,56.1,185.99,130.342,129.89
DE,2023,2023-01-17,89.51,188.83,134.592,99.32
DE,2023,2023-01-18,111.53,188.67,143.285,77.14
DE,2023,2023-01-19,99.14,198.73,149.687,99.59
DE,2023,2023-01-20,142.44,235.06,180.545,92.62
DE,2023,2023-01-21,117.76,178.89,143.703,61.13
DE,2023,2023-01-22,116.77,202.07,152.041,85.3
DE,2023,2023-01-23,147.59,270.22,203.396,122.63
DE,2023,2023-01-24,149.05,256.43,202.04,107.38
DE,2023,2023-01-25,146.7,225.04,181.777,78.34
DE,2023,2023-01-26,134.63,202.91,167.044,68.28
DE,2023,2023-01-27,125.11,200.7,168.965,75.59
DE,2023,2023-01-28,122.83,174.06,145.322,51.23
DE,2023,2023-01-29,45.0,156.14,119.011,111.14
DE,2023,2023-01-30,2.03,115.5,76.256,113.47
DE,2023,2023-01-31,69.56,182.98,116.735,113.42
DE,2023,2023-02-01,57.59,120.74,92.843,63.15
DE,2023,2023-02-02,67.77,183.12,137.563,115.35
DE,2023,2023-02-03,84.03,113.52,102.238,29.49
DE,2023,2023-02-04,106.25,184.16,147.518,77.91
DE,2023,2023-02-05,107.01,171.44,131.762,64.43
DE,2023,2023-02-06,140.1,213.5,172.996,73.4
DE,2023,2023-02-07,134.86,245.6,173.517,110.74
DE,2023,2023-02-08,109.56,216.19,150.001,106.63
DE,2023,2023-02-09,110.19,174.46,133.092,64.27
DE,2023,2023-02-10,45.0,196.23,124.556,151.23
DE,2023,2023-02-11,80.88,153.94,107.928,73.06
DE,2023,2023-02-12,108.02,169.49,136.633,61.47
DE,2023,2023-02-13,129.04,221.8,163.418,92.76
DE,2023,2023-02-14,125.41,206.98,154.459,81.57
DE,2023,2023-02-15,112.86,188.76,142.607,75.9
DE,2023,2023-02-16,106.05,175.34,136.448,69.29
DE,2023,2023-02-17,22.22,129.9,77.903,107.68
DE,2023,2023-02-18,35.82,149.95,98.044,114.13
DE,2023,2023-02-19,78.87,158.7,112.797,79.83
DE,2023,2023-02-20,22.01,112.54,60.235,90.53
DE,2023,2023-02-21,46.01,178.13,126.171,132.12
DE,2023,2023-02-22,125.3,176.34,148.43,51.04
DE,2023,2023-02-23,124.78,178.08,146.079,53.3
DE,2023,2023-02-24,78.58,155.05,116.505,76.47
DE,2023,2023-02-25,44.9,136.48,89.95,91.58
DE,2023,2023-02-26,55.0,156.91,110.507,101.91
DE,2023,2023-02-27,120.07,198.15,152.74,78.08
DE,2023,2023-02-28,116.71,193.87,148.007,77.16
DE,2023,2023-03-01,114.12,186.03,142.666,71.91
DE,2023,2023-03-02,113.64,184.91,144.91,71.27
DE,2023,2023-03-03,101.63,195.39,135.429,93.76
DE,2023,2023-03-04,89.37,151.66,107.441,62.29
DE,2023,2023-03-05,104.99,172.37,122.977,67.38
DE,2023,2023-03-06,98.06,217.09,149.088,119.03
DE,2023,2023-03-07,78.52,164.08,107.545,85.56
DE,2023,2023-03-08,111.0,173.1,138.864,62.1
DE,2023,2023-03-09,102.89,159.06,126.75,56.17
DE,2023,2023-03-10,70.22,140.91,114.252,70.69
DE,2023,2023-03-11,60.0,145.0,100.721,85.0
DE,2023,2023-03-12,45.99,141.04,92.407,95.05
DE,2023,2023-03-13,-0.03,95.0,35.622,95.03
DE,2023,2023-03-14,1.84,152.21,75.482,150.37
DE,2023,2023-03-15,90.84,199.28,128.214,108.44
DE,2023,2023-03-16,48.45,142.35,102.702,93.9
DE,2023,2023-03-17,49.97,134.36,94.76,84.39
DE,2023,2023-03-18,80.42,169.54,109.491,89.12
DE,2023,2023-03-19,94.04,152.91,112.574,58.87
DE,2023,2023-03-20,99.96,165.47,125.039,65.51
DE,2023,2023-03-21,77.06,145.49,113.23,68.43
DE,2023,2023-03-22,16.99,139.85,79.802,122.86
DE,2023,2023-03-23,33.17,144.38,74.171,111.21
DE,2023,2023-03-24,2.07,116.23,51.457,114.16
DE,2023,2023-03-25,-6.02,77.04,15.681,83.06
DE,2023,2023-03-26,39.23,117.86,73.91,78.63
DE,2023,2023-03-27,42.74,151.31,91.145,108.57
DE,2023,2023-03-28,84.67,161.0,114.47,76.33
DE,2023,2023-03-29,82.25,152.0,115.678,69.75
DE,2023,2023-03-30,5.75,129.3,79.694,123.55
DE,2023,2023-03-31,48.62,137.64,98.263,89.02
DE,2023,2023-04-01,33.5,90.89,55.098,57.39
DE,2023,2023-04-02,14.21,131.5,70.921,117.29
DE,2023,2023-04-03,71.66,167.54,114.991,95.88
DE,2023,2023-04-04,107.31,180.38,133.108,73.07
DE,2023,2023-04-05,113.59,207.92,141.55,94.33
DE,2023,2023-04-06,98.73,161.63,121.759,62.9
DE,2023,2023-04-07,85.0,138.55,110.237,53.55
DE,2023,2023-04-08,94.4,139.77,117.238,45.37
DE,2023,2023-04-09,55.0,133.46,102.306,78.46
DE,2023,2023-04-10,-8.82,80.0,32.574,88.82
DE,2023,2023-04-11,-0.1,165.38,67.543,165.48
DE,2023,2023-04-12,78.71,145.0,107.63,66.29
DE,2023,2023-04-13,71.27,180.93,110.438,109.66
DE,2023,2023-04-14,105.24,176.11,129.005,70.87
DE,2023,2023-04-15,82.17,134.51,105.928,52.34
DE,2023,2023-04-16,94.26,140.0,110.552,45.74
DE,2023,2023-04-17,96.76,200.51,123.465,103.75
DE,2023,2023-04-18,77.63,154.88,107.911,77.25
DE,2023,2023-04-19,0.09,139.28,87.295,139.19
DE,2023,2023-04-20,86.68,146.45,111.53,59.77
DE,2023,2023-04-21,0.05,143.88,89.639,143.83
DE,2023,2023-04-22,5.62,131.84,84.808,126.22
DE,2023,2023-04-23,4.88,138.14,84.504,133.26
DE,2023,2023-04-24,75.08,135.97,105.453,60.89
DE,2023,2023-04-25,64.48,144.16,100.873,79.68
DE,2023,2023-04-26,88.23,154.97,111.511,66.74
DE,2023,2023-04-27,90.97,163.57,111.557,72.6
DE,2023,2023-04-28,89.0,126.81,107.218,37.81
DE,2023,2023-04-29,66.2,120.0,99.239,53.8
DE,2023,2023-04-30,-5.33,123.6,69.096,128.93
DE,2023,2023-05-01,29.99,125.8,86.478,95.81
DE,2023,2023-05-02,80.9,142.86,107.193,61.96
DE,2023,2023-05-03,73.5,171.58,107.178,98.08
DE,2023,2023-05-04,56.69,130.0,96.58,73.31
DE,2023,2023-05-05,77.01,128.57,97.426,51.56
DE,2023,2023-05-06,50.0,111.81,88.378,61.81
DE,2023,2023-05-07,-0.99,106.45,66.609,107.44
DE,2023,2023-05-08,74.09,132.9,96.94,58.81
DE,2023,2023-05-09,61.91,121.93,94.695,60.02
DE,2023,2023-05-10,86.19,147.49,108.398,61.3
DE,2023,2023-05-11,90.55,167.78,115.808,77.23
DE,2023,2023-05-12,72.95,137.98,101.165,65.03
DE,2023,2023-05-13,5.06,119.32,78.172,114.26
DE,2023,2023-05-14,0.16,127.99,73.09,127.83
DE,2023,2023-05-15,73.1,168.79,110.732,95.69
DE,2023,2023-05-16,12.59,119.54,79.128,106.95
DE,2023,2023-05-17,8.57,133.5,80.621,124.93
DE,2023,2023-05-18,29.41,125.87,85.871,96.46
DE,2023,2023-05-19,57.79,116.29,86.306,58.5
DE,2023,2023-05-20,-1.43,87.69,44.288,89.12
DE,2023,2023-05-21,-41.37,91.0,31.635,132.37
DE,2023,2023-05-22,65.06,158.57,97.4,93.51
DE,2023,2023-05-23,3.54,105.39,72.331,101.85
DE,2023,2023-05-24,75.13,182.68,103.814,107.55
DE,2023,2023-05-25,10.27,124.8,80.335,114.53
DE,2023,2023-05-26,0.0,115.62,70.347,115.62
DE,2023,2023-05-27,-6.03,124.93,62.583,130.96
DE,2023,2023-05-28,-129.96,81.92,24.138,211.88
DE,2023,2023-05-29,-109.45,85.88,22.825,195.33
DE,2023,2023-05-30,56.48,154.56,88.656,98.08
DE,2023,2023-05-31,-0.81,119.6,71.916,120.41
DE,2023,2023-06-01,3.01,120.04,73.09,117.03
DE,2023,2023-06-02,36.82,125.58,81.111,88.76
DE,2023,2023-06-03,-4.91,94.9,55.982,99.81
DE,2023,2023-06-04,-36.35,109.79,49.414,146.14
DE,2023,2023-06-05,68.07,157.37,91.165,89.3
DE,2023,2023-06-06,70.61,153.28,99.13,82.67
DE,2023,2023-06-07,76.45,147.7,100.922,71.25
DE,2023,2023-06-08,63.84,113.84,84.581,50.0
DE,2023,2023-06-09,64.06,106.45,86.202,42.39
DE,2023,2023-06-10,-20.03,86.16,53.032,106.19
DE,2023,2023-06-11,-34.99,106.95,43.104,141.94
DE,2023,2023-06-12,61.01,142.89,96.085,81.88
DE,2023,2023-06-13,48.5,120.08,90.572,71.58
DE,2023,2023-06-14,74.13,152.18,103.978,78.05
DE,2023,2023-06-15,90.0,179.28,121.887,89.28
DE,2023,2023-06-16,99.31,175.1,127.763,75.79
DE,2023,2023-06-17,39.38,155.0,104.262,115.62
DE,2023,2023-06-18,24.99,140.25,90.806,115.26
DE,2023,2023-06-19,88.43,197.77,118.563,109.34
DE,2023,2023-06-20,94.62,165.08,121.088,70.46
DE,2023,2023-06-21,92.36,190.71,124.552,98.35
DE,2023,2023-06-22,95.2,157.43,123.317,62.23
DE,2023,2023-06-23,79.3,137.1,107.575,57.8
DE,2023,2023-06-24,0.31,150.72,82.109,150.41
DE,2023,2023-06-25,-0.1,163.44,75.219,163.54
DE,2023,2023-06-26,50.93,132.05,96.96,81.12
DE,2023,2023-06-27,63.46,134.79,100.849,71.33
DE,2023,2023-06-28,86.29,167.62,114.218,81.33
DE,2023,2023-06-29,98.08,171.58,117.642,73.5
DE,2023,2023-06-30,88.46,138.97,110.012,50.51
DE,2023,2023-07-01,0.07,104.31,58.122,104.24
DE,2023,2023-07-02,-500.0,94.9,-50.126,594.9
DE,2023,2023-07-03,-5.68,128.09,56.045,133.77
DE,2023,2023-07-04,0.06,173.99,87.518,173.93
DE,2023,2023-07-05,-9.93,122.75,67.336,132.68
DE,2023,2023-07-06,76.42,184.13,108.965,107.71
DE,2023,2023-07-07,64.98,173.24,101.907,108.26
DE,2023,2023-07-08,16.71,132.86,82.974,116.15
DE,2023,2023-07-09,36.99,134.1,89.47,97.11
DE,2023,2023-07-10,72.22,180.07,115.055,107.85
DE,2023,2023-07-11,46.39,180.99,103.846,134.6
DE,2023,2023-07-12,12.92,151.89,88.035,138.97
DE,2023,2023-07-13,50.02,137.89,97.512,87.87
DE,2023,2023-07-14,53.46,140.19,93.983,86.73
DE,2023,2023-07-15,-1.03,88.36,31.278,89.39
DE,2023,2023-07-16,-60.04,114.38,20.146,174.42
DE,2023,2023-07-17,0.0,129.66,81.29,129.66
DE,2023,2023-07-18,78.81,188.0,106.996,109.19
DE,2023,2023-07-19,62.24,128.58,96.624,66.34
DE,2023,2023-07-20,69.41,143.55,96.895,74.14
DE,2023,2023-07-21,83.92,153.77,104.148,69.85
DE,2023,2023-07-22,19.52,118.75,75.521,99.23
DE,2023,2023-07-23,-12.17,99.66,30.115,111.83
DE,2023,2023-07-24,63.73,118.46,92.005,54.73
DE,2023,2023-07-25,84.95,151.9,104.351,66.95
DE,2023,2023-07-26,69.43,120.75,94.985,51.32
DE,2023,2023-07-27,71.06,116.95,93.377,45.89
DE,2023,2023-07-28,75.65,130.0,97.142,54.35
DE,2023,2023-07-29,18.2,100.74,75.085,82.54
DE,2023,2023-07-30,-46.61,88.46,29.76,135.07
DE,2023,2023-07-31,28.91,99.97,71.608,71.06
DE,2023,2023-08-01,56.94,111.94,81.097,55.0
DE,2023,2023-08-02,9.51,111.96,62.561,102.45
DE,2023,2023-08-03,3.44,96.81,51.436,93.37
DE,2023,2023-08-04,77.08,139.8,99.53,62.72
DE,2023,2023-08-05,58.04,128.99,89.505,70.95
DE,2023,2023-08-06,9.09,84.0,54.775,74.91
DE,2023,2023-08-07,-9.99,73.38,14.757,83.37
DE,2023,2023-08-08,-21.77,89.18,18.822,110.95
DE,2023,2023-08-09,42.02,139.08,89.857,97.06
DE,2023,2023-08-10,39.07,203.8,103.399,164.73
DE,2023,2023-08-11,30.19,166.66,99.779,136.47
DE,2023,2023-08-12,6.0,112.28,79.008,106.28
DE,2023,2023-08-13,1.06,120.15,65.748,119.09
DE,2023,2023-08-14,63.68,177.79,103.564,114.11
DE,2023,2023-08-15,23.54,142.61,94.057,119.07
DE,2023,2023-08-16,86.91,160.03,110.766,73.12
DE,2023,2023-08-17,89.98,150.63,111.512,60.65
DE,2023,2023-08-18,82.85,161.38,108.5,78.53
DE,2023,2023-08-19,12.59,132.53,86.021,119.94
DE,2023,2023-08-20,13.25,140.0,89.665,126.75
DE,2023,2023-08-21,89.96,203.45,121.316,113.49
DE,2023,2023-08-22,92.44,206.48,123.899,114.04
DE,2023,2023-08-23,97.55,291.93,147.478,194.38
DE,2023,2023-08-24,96.34,264.91,144.563,168.57
DE,2023,2023-08-25,93.27,161.26,116.778,67.99
DE,2023,2023-08-26,46.27,135.02,95.961,88.75
DE,2023,2023-08-27,87.6,129.13,101.113,41.53
DE,2023,2023-08-28,80.66,174.96,119.432,94.3
DE,2023,2023-08-29,95.04,171.81,122.848,76.77
DE,2023,2023-08-30,91.76,169.01,114.484,77.25
DE,2023,2023-08-31,86.26,148.55,104.58,62.29
DE,2023,2023-09-01,88.9,151.52,109.209,62.62
DE,2023,2023-09-02,55.35,126.8,94.973,71.45
DE,2023,2023-09-03,4.94,138.59,82.19,133.65
DE,2023,2023-09-04,72.04,198.28,108.082,126.24
DE,2023,2023-09-05,75.05,184.87,103.034,109.82
DE,2023,2023-09-06,73.43,189.83,106.134,116.4
DE,2023,2023-09-07,65.2,167.27,100.125,102.07
DE,2023,2023-09-08,70.91,230.0,109.958,159.09
DE,2023,2023-09-09,5.19,156.51,91.618,151.32
DE,2023,2023-09-10,0.0,151.9,84.973,151.9
DE,2023,2023-09-11,86.45,524.27,153.245,437.82
DE,2023,2023-09-12,93.59,284.02,131.24,190.43
DE,2023,2023-09-13,92.02,153.5,109.305,61.48
DE,2023,2023-09-14,88.14,235.74,120.745,147.6
DE,2023,2023-09-15,62.89,189.87,107.868,126.98
DE,2023,2023-09-16,32.44,181.24,96.204,148.8
DE,2023,2023-09-17,4.08,151.9,86.286,147.82
DE,2023,2023-09-18,-0.01,161.78,87.742,161.79
DE,2023,2023-09-19,-5.74,114.42,37.476,120.16
DE,2023,2023-09-20,-5.34,195.86,55.671,201.2
DE,2023,2023-09-21,39.43,274.42,104.16,234.99
DE,2023,2023-09-22,74.2,159.9,105.437,85.7
DE,2023,2023-09-23,53.09,156.19,98.498,103.1
DE,2023,2023-09-24,-2.66,157.09,62.927,159.75
DE,2023,2023-09-25,0.08,379.59,113.2,379.51
DE,2023,2023-09-26,82.95,288.55,128.155,205.6
DE,2023,2023-09-27,84.05,259.77,123.019,175.72
DE,2023,2023-09-28,72.95,265.8,113.937,192.85
DE,2023,2023-09-29,72.44,140.47,104.166,68.03
DE,2023,2023-09-30,8.76,163.9,92.212,155.14
DE,2023,2023-10-01,-1.93,130.0,73.678,131.93
DE,2023,2023-10-02,87.92,245.05,118.322,157.13
DE,2023,2023-10-03,-11.07,71.94,16.293,83.01
DE,2023,2023-10-04,7.77,127.36,74.791,119.59
DE,2023,2023-10-05,61.4,250.28,102.141,188.88
DE,2023,2023-10-06,0.04,120.69,64.428,120.65
DE,2023,2023-10-07,0.1,108.91,50.84,108.81
DE,2023,2023-10-08,54.6,162.58,92.193,107.98
DE,2023,2023-10-09,75.0,221.7,117.096,146.7
DE,2023,2023-10-10,26.06,201.92,107.582,175.86
DE,2023,2023-10-11,-0.06,132.14,62.793,132.2
DE,2023,2023-10-12,83.73,220.99,125.948,137.26
DE,2023,2023-10-13,-1.87,145.25,58.367,147.12
DE,2023,2023-10-14,-2.21,129.97,27.511,132.18
DE,2023,2023-10-15,-1.76,139.9,47.076,141.66
DE,2023,2023-10-16,94.43,240.0,135.406,145.57
DE,2023,2023-10-17,89.06,191.08,127.5,102.02
DE,2023,2023-10-18,15.45,166.91,92.724,151.46
DE,2023,2023-10-19,8.15,138.87,97.573,130.72
DE,2023,2023-10-20,23.05,124.76,85.115,101.71
DE,2023,2023-10-21,10.0,128.4,53.46,118.4
DE,2023,2023-10-22,15.63,139.02,69.356,123.39
DE,2023,2023-10-23,92.76,198.39,124.983,105.63
DE,2023,2023-10-24,89.46,154.07,117.781,64.61
DE,2023,2023-10-25,86.06,157.71,123.712,71.65
DE,2023,2023-10-26,87.04,150.99,122.283,63.95
DE,2023,2023-10-27,68.61,154.55,116.322,85.94
DE,2023,2023-10-28,0.96,148.96,77.608,148.0
DE,2023,2023-10-29,-0.39,83.9,23.698,84.29
DE,2023,2023-10-30,8.17,171.0,96.138,162.83
DE,2023,2023-10-31,61.97,172.04,104.088,110.07
DE,2023,2023-11-01,18.76,87.77,61.056,69.01
DE,2023,2023-11-02,13.41,97.95,59.515,84.54
DE,2023,2023-11-03,5.73,95.02,57.846,89.29
DE,2023,2023-11-04,7.05,48.76,23.274,41.71
DE,2023,2023-11-05,2.76,74.95,29.663,72.19
DE,2023,2023-11-06,0.03,150.94,75.214,150.91
DE,2023,2023-11-07,68.01,149.38,99.4,81.37
DE,2023,2023-11-08,61.98,127.09,89.779,65.11
DE,2023,2023-11-09,64.1,131.8,96.892,67.7
DE,2023,2023-11-10,48.36,136.1,95.015,87.74
DE,2023,2023-11-11,82.71,135.76,96.887,53.05
DE,2023,2023-11-12,83.35,138.27,98.064,54.92
DE,2023,2023-11-13,10.07,151.79,91.511,141.72
DE,2023,2023-11-14,-0.08,119.81,68.468,119.89
DE,2023,2023-11-15,70.69,129.9,102.59,59.21
DE,2023,2023-11-16,74.06,182.39,118.49,108.33
DE,2023,2023-11-17,92.76,149.6,121.531,56.84
DE,2023,2023-11-18,19.13,107.34,87.587,88.21
DE,2023,2023-11-19,0.07,104.55,40.245,104.48
DE,2023,2023-11-20,59.91,147.0,107.52,87.09
DE,2023,2023-11-21,91.17,146.97,123.1,55.8
DE,2023,2023-11-22,64.97,151.64,108.312,86.67
DE,2023,2023-11-23,1.48,119.87,58.998,118.39
DE,2023,2023-11-24,0.1,112.68,67.062,112.58
DE,2023,2023-11-25,69.99,127.2,95.973,57.21
DE,2023,2023-11-26,97.2,149.67,115.858,52.47
DE,2023,2023-11-27,77.74,144.99,113.614,67.25
DE,2023,2023-11-28,64.5,189.98,122.803,125.48
DE,2023,2023-11-29,84.91,250.0,140.288,165.09
DE,2023,2023-11-30,100.0,261.0,168.846,161.0
DE,2023,2023-12-01,95.88,230.69,156.326,134.81
DE,2023,2023-12-02,97.83,144.96,116.533,47.13
DE,2023,2023-12-03,88.86,129.05,104.117,40.19
DE,2023,2023-12-04,85.38,131.42,111.632,46.04
DE,2023,2023-12-05,83.62,147.47,114.564,63.85
DE,2023,2023-12-06,90.59,178.07,129.717,87.48
DE,2023,2023-12-07,87.08,150.0,116.098,62.92
DE,2023,2023-12-08,79.52,118.75,104.009,39.23
DE,2023,2023-12-09,33.69,94.2,75.86,60.51
DE,2023,2023-12-10,5.99,85.42,55.904,79.43
DE,2023,2023-12-11,8.62,122.64,81.287,114.02
DE,2023,2023-12-12,75.36,146.33,105.533,70.97
DE,2023,2023-12-13,71.43,110.15,93.123,38.72
DE,2023,2023-12-14,76.3,130.74,107.49,54.44
DE,2023,2023-12-15,67.2,121.5,92.447,54.3
DE,2023,2023-12-16,45.34,88.12,69.784,42.78
DE,2023,2023-12-17,26.37,76.61,51.032,50.24
DE,2023,2023-12-18,47.29,109.24,77.74,61.95
DE,2023,2023-12-19,45.06,100.1,76.73,55.04
DE,2023,2023-12-20,30.16,81.84,60.851,51.68
DE,2023,2023-12-21,0.01,48.96,24.024,48.95
DE,2023,2023-12-22,-0.25,50.36,22.657,50.61
DE,2023,2023-12-23,-0.02,68.12,30.742,68.14
DE,2023,2023-12-24,-9.07,-0.03,-3.537,9.04
DE,2023,2023-12-25,-13.37,20.02,0.573,33.39
DE,2023,2023-12-26,-3.69,53.66,18.345,57.35
DE,2023,2023-12-27,-0.02,82.73,59.075,82.75
DE,2023,2023-12-28,-1.43,46.83,16.671,48.26
DE,2023,2023-12-29,-0.95,26.59,6.605,27.54
DE,2023,2023-12-30,2.77,80.14,35.332,77.37
DE,2023,2023-12-31,-0.03,26.0,8.385,26.03
DE,2024,2024-01-01,-0.05,58.0,17.452,58.05
DE,2024,2024-01-02,-0.08,83.46,51.795,83.54
DE,2024,2024-01-03,-1.38,82.97,47.606,84.35
DE,2024,2024-01-04,25.48,144.65,86.609,119.17
DE,2024,2024-01-05,73.21,108.45,91.211,35.24
DE,2024,2024-01-06,73.01,104.27,88.801,31.26
DE,2024,2024-01-07,71.86,104.85,86.449,32.99
DE,2024,2024-01-08,78.48,130.01,102.277,51.53
DE,2024,2024-01-09,84.14,137.84,109.442,53.7
DE,2024,2024-01-10,86.09,143.79,111.942,57.7
DE,2024,2024-01-11,81.95,150.09,109.618,68.14
DE,2024,2024-01-12,84.34,140.74,106.001,56.4
DE,2024,2024-01-13,63.16,85.26,73.485,22.1
DE,2024,2024-01-14,62.11,96.97,76.316,34.86
DE,2024,2024-01-15,62.04,112.8,87.061,50.76
DE,2024,2024-01-16,71.61,144.11,100.728,72.5
DE,2024,2024-01-17,69.47,140.52,100.012,71.05
DE,2024,2024-01-18,70.58,125.89,92.288,55.31
DE,2024,2024-01-19,62.76,104.27,78.319,41.51
DE,2024,2024-01-20,61.75,99.87,73.697,38.12
DE,2024,2024-01-21,36.66,61.45,49.002,24.79
DE,2024,2024-01-22,5.04,77.35,48.986,72.31
DE,2024,2024-01-23,3.05,84.51,51.735,81.46
DE,2024,2024-01-24,-4.84,54.21,34.843,59.05
DE,2024,2024-01-25,43.34,123.38,78.785,80.04
DE,2024,2024-01-26,46.47,76.59,58.921,30.12
DE,2024,2024-01-27,53.88,95.95,68.818,42.07
DE,2024,2024-01-28,40.09,77.84,58.578,37.75
DE,2024,2024-01-29,47.26,127.42,81.948,80.16
DE,2024,2024-01-30,67.18,99.23,77.958,32.05
DE,2024,2024-01-31,39.73,119.93,74.977,80.2
DE,2024,2024-02-01,41.12,97.89,72.753,56.77
DE,2024,2024-02-02,24.74,89.32,60.014,64.58
DE,2024,2024-02-03,6.73,68.57,36.41,61.84
DE,2024,2024-02-04,0.0,46.01,13.307,46.01
DE,2024,2024-02-05,-0.13,68.78,37.301,68.91
DE,2024,2024-02-06,1.94,68.16,45.548,66.22
DE,2024,2024-02-07,34.15,136.22,80.515,102.07
DE,2024,2024-02-08,60.43,133.15,88.143,72.72
DE,2024,2024-02-09,49.96,95.45,70.629,45.49
DE,2024,2024-02-10,55.48,88.95,71.81,33.47
DE,2024,2024-02-11,43.64,80.74,62.331,37.1
DE,2024,2024-02-12,59.21,104.0,74.928,44.79
DE,2024,2024-02-13,60.06,99.88,71.896,39.82
DE,2024,2024-02-14,54.79,87.58,68.209,32.79
DE,2024,2024-02-15,51.76,87.0,70.087,35.24
DE,2024,2024-02-16,48.81,77.42,61.292,28.61
DE,2024,2024-02-17,54.62,110.06,66.865,55.44
DE,2024,2024-02-18,39.88,73.66,52.419,33.78
DE,2024,2024-02-19,43.04,97.65,65.875,54.61
DE,2024,2024-02-20,50.65,90.89,62.915,40.24
DE,2024,2024-02-21,30.47,85.11,56.725,54.64
DE,2024,2024-02-22,1.91,81.91,50.033,80.0
DE,2024,2024-02-23,0.02,86.44,46.122,86.42
DE,2024,2024-02-24,32.22,80.0,56.786,47.78
DE,2024,2024-02-25,46.03,93.69,61.146,47.66
DE,2024,2024-02-26,51.8,85.32,66.26,33.52
DE,2024,2024-02-27,56.87,111.8,73.95,54.93
DE,2024,2024-02-28,55.11,104.49,71.602,49.38
DE,2024,2024-02-29,47.03,86.26,63.492,39.23
DE,2024,2024-03-01,57.83,93.73,70.926,35.9
DE,2024,2024-03-02,54.5,93.6,63.992,39.1
DE,2024,2024-03-03,42.51,86.96,61.082,44.45
DE,2024,2024-03-04,61.1,105.18,75.589,44.08
DE,2024,2024-03-05,59.86,112.99,74.978,53.13
DE,2024,2024-03-06,69.29,119.58,82.932,50.29
DE,2024,2024-03-07,60.26,105.71,76.121,45.45
DE,2024,2024-03-08,4.26,95.06,61.834,90.8
DE,2024,2024-03-09,-5.02,78.02,45.281,83.04
DE,2024,2024-03-10,-9.98,66.35,34.008,76.33
DE,2024,2024-03-11,49.28,108.01,72.518,58.73
DE,2024,2024-03-12,63.93,134.92,86.252,70.99
DE,2024,2024-03-13,61.37,97.8,72.43,36.43
DE,2024,2024-03-14,48.39,114.77,66.441,66.38
DE,2024,2024-03-15,36.87,87.99,55.722,51.12
DE,2024,2024-03-16,10.99,87.31,51.231,76.32
DE,2024,2024-03-17,40.15,94.31,61.778,54.16
DE,2024,2024-03-18,57.14,145.71,81.579,88.57
DE,2024,2024-03-19,54.47,131.42,81.735,76.95
DE,2024,2024-03-20,61.43,168.54,91.35,107.11
DE,2024,2024-03-21,56.34,127.13,80.563,70.79
DE,2024,2024-03-22,49.69,121.59,69.434,71.9
DE,2024,2024-03-23,-8.45,72.47,35.675,80.92
DE,2024,2024-03-24,0.0,75.0,27.141,75.0
DE,2024,2024-03-25,61.85,174.7,85.282,112.85
DE,2024,2024-03-26,11.49,100.75,65.247,89.26
DE,2024,2024-03-27,57.09,125.93,77.161,68.84
DE,2024,2024-03-28,0.04,83.19,48.912,83.15
DE,2024,2024-03-29,9.86,105.45,39.792,95.59
DE,2024,2024-03-30,6.85,88.11,53.516,81.26
DE,2024,2024-03-31,1.03,117.29,54.103,116.26
DE,2024,2024-04-01,-0.01,64.49,32.147,64.5
DE,2024,2024-04-02,-1.09,95.39,39.048,96.48
DE,2024,2024-04-03,52.01,123.3,85.733,71.29
DE,2024,2024-04-04,50.17,90.66,65.163,40.49
DE,2024,2024-04-05,-0.1,84.24,45.185,84.34
DE,2024,2024-04-06,-59.92,73.99,26.531,133.91
DE,2024,2024-04-07,-26.79,108.39,26.196,135.18
DE,2024,2024-04-08,57.89,149.78,85.13,91.89
DE,2024,2024-04-09,5.95,90.9,53.044,84.95
DE,2024,2024-04-10,6.19,191.19,74.54,185.0
DE,2024,2024-04-11,0.57,137.82,59.122,137.25
DE,2024,2024-04-12,-0.07,125.95,59.361,126.02
DE,2024,2024-04-13,-55.01,73.44,9.318,128.45
DE,2024,2024-04-14,-60.07,119.91,23.497,179.98
DE,2024,2024-04-15,0.04,169.15,63.478,169.11
DE,2024,2024-04-16,0.14,124.52,63.159,124.38
DE,2024,2024-04-17,77.03,169.97,102.491,92.94
DE,2024,2024-04-18,60.83,155.8,94.105,94.97
DE,2024,2024-04-19,44.56,76.0,57.992,31.44
DE,2024,2024-04-20,10.55,97.04,59.665,86.49
DE,2024,2024-04-21,-0.9,95.26,55.342,96.16
DE,2024,2024-04-22,73.67,170.96,99.28,97.29
DE,2024,2024-04-23,77.26,181.26,97.123,104.0
DE,2024,2024-04-24,74.86,143.44,94.46,68.58
DE,2024,2024-04-25,66.41,152.29,90.226,85.88
DE,2024,2024-04-26,65.37,141.58,87.499,76.21
DE,2024,2024-04-27,-0.06,119.9,58.975,119.96
DE,2024,2024-04-28,-65.06,78.56,13.849,143.62
DE,2024,2024-04-29,33.63,204.57,81.521,170.94
DE,2024,2024-04-30,10.0,132.41,68.605,122.41
DE,2024,2024-05-01,-120.07,50.4,0.369,170.47
DE,2024,2024-05-02,-4.19,87.96,40.4,92.15
DE,2024,2024-05-03,57.95,119.94,80.208,61.99
DE,2024,2024-05-04,13.34,135.4,75.014,122.06
DE,2024,2024-05-05,-0.97,111.92,53.617,112.89
DE,2024,2024-05-06,74.71,143.99,93.113,69.28
DE,2024,2024-05-07,65.53,151.05,93.2,85.52
DE,2024,2024-05-08,66.58,134.42,92.275,67.84
DE,2024,2024-05-09,-2.03,132.79,61.92,134.82
DE,2024,2024-05-10,0.02,170.72,76.568,170.7
DE,2024,2024-05-11,-24.23,122.5,50.695,146.73
DE,2024,2024-05-12,-135.45,75.74,-1.022,211.19
DE,2024,2024-05-13,-2.69,146.18,48.052,148.87
DE,2024,2024-05-14,-42.95,93.47,26.47,136.42
DE,2024,2024-05-15,-11.18,110.2,44.432,121.38
DE,2024,2024-05-16,-0.71,109.91,50.968,110.62
DE,2024,2024-05-17,28.24,107.94,68.948,79.7
DE,2024,2024-05-18,-2.79,131.66,57.828,134.45
DE,2024,2024-05-19,-15.13,122.86,52.252,137.99
DE,2024,2024-05-20,-0.33,135.9,64.318,136.23
DE,2024,2024-05-21,28.47,126.98,78.92,98.51
DE,2024,2024-05-22,54.12,154.88,86.732,100.76
DE,2024,2024-05-23,45.31,180.06,95.517,134.75
DE,2024,2024-05-24,84.27,129.99,101.753,45.72
DE,2024,2024-05-25,0.0,136.95,73.046,136.95
DE,2024,2024-05-26,-23.88,121.1,55.753,144.98
DE,2024,2024-05-27,72.96,221.46,108.335,148.5
DE,2024,2024-05-28,55.25,144.31,88.313,89.06
DE,2024,2024-05-29,45.91,143.26,81.963,97.35
DE,2024,2024-05-30,62.97,154.73,96.629,91.76
DE,2024,2024-05-31,65.3,115.0,89.237,49.7
DE,2024,2024-06-01,2.92,85.86,54.339,82.94
DE,2024,2024-06-02,-19.58,109.01,28.072,128.59
DE,2024,2024-06-03,67.3,215.28,118.142,147.98
DE,2024,2024-06-04,43.86,235.52,102.812,191.66
DE,2024,2024-06-05,26.3,158.02,85.157,131.72
DE,2024,2024-06-06,19.5,167.72,86.95,148.22
DE,2024,2024-06-07,13.08,154.75,82.782,141.67
DE,2024,2024-06-08,-30.03,100.0,43.863,130.03
DE,2024,2024-06-09,-37.14,115.86,27.575,153.0
DE,2024,2024-06-10,56.96,185.18,91.458,128.22
DE,2024,2024-06-11,0.0,127.64,64.014,127.64
DE,2024,2024-06-12,39.68,154.66,91.944,114.98
DE,2024,2024-06-13,43.35,188.35,93.21,145.0
DE,2024,2024-06-14,40.74,136.0,76.193,95.26
DE,2024,2024-06-15,-80.01,84.28,4.875,164.29
DE,2024,2024-06-16,-35.67,124.28,25.908,159.95
DE,2024,2024-06-17,39.45,210.16,96.165,170.71
DE,2024,2024-06-18,51.03,171.87,96.372,120.84
DE,2024,2024-06-19,22.41,143.66,83.194,121.25
DE,2024,2024-06-20,53.81,200.09,94.927,146.28
DE,2024,2024-06-21,70.25,122.8,95.419,52.55
DE,2024,2024-06-22,-0.07,124.05,53.031,124.12
DE,2024,2024-06-23,-2.21,115.44,51.24,117.65
DE,2024,2024-06-24,29.96,209.32,91.053,179.36
DE,2024,2024-06-25,-0.05,136.69,76.991,136.74
DE,2024,2024-06-26,76.54,134.39,102.009,57.85
DE,2024,2024-06-27,44.56,200.04,92.181,155.48
DE,2024,2024-06-28,-9.95,138.06,64.219,148.01
DE,2024,2024-06-29,-0.23,139.2,66.863,139.43
DE,2024,2024-06-30,-1.51,102.39,45.75,103.9
DE,2024,2024-07-01,34.61,166.79,91.154,132.18
DE,2024,2024-07-02,60.93,115.0,84.509,54.07
DE,2024,2024-07-03,51.94,163.89,86.901,111.95
DE,2024,2024-07-04,-19.09,115.3,25.405,134.39
DE,2024,2024-07-05,-0.78,142.36,41.502,143.14
DE,2024,2024-07-06,-48.07,63.52,0.693,111.59
DE,2024,2024-07-07,-22.37,133.17,28.246,155.54
DE,2024,2024-07-08,29.45,257.35,90.224,227.9
DE,2024,2024-07-09,2.71,151.5,73.877,148.79
DE,2024,2024-07-10,44.58,164.08,81.765,119.5
DE,2024,2024-07-11,44.48,184.33,91.845,139.85
DE,2024,2024-07-12,50.52,109.92,86.906,59.4
DE,2024,2024-07-13,-14.9,88.95,30.814,103.85
DE,2024,2024-07-14,-73.96,115.8,24.11,189.76
DE,2024,2024-07-15,-0.07,224.96,77.453,225.03
DE,2024,2024-07-16,-11.48,121.6,51.135,133.08
DE,2024,2024-07-17,10.8,187.95,76.788,177.15
DE,2024,2024-07-18,33.96,227.6,90.754,193.64
DE,2024,2024-07-19,36.2,190.46,86.467,154.26
DE,2024,2024-07-20,-4.65,134.75,59.318,139.4
DE,2024,2024-07-21,-0.21,128.12,58.448,128.33
DE,2024,2024-07-22,19.41,186.24,88.745,166.83
DE,2024,2024-07-23,36.01,120.51,79.619,84.5
DE,2024,2024-07-24,-2.06,128.9,66.607,130.96
DE,2024,2024-07-25,13.27,155.72,78.339,142.45
DE,2024,2024-07-26,60.19,143.25,93.035,83.06
DE,2024,2024-07-27,17.8,123.1,80.738,105.3
DE,2024,2024-07-28,-48.69,115.66,43.96,164.35
DE,2024,2024-07-29,-1.7,178.07,71.543,179.77
DE,2024,2024-07-30,-0.06,177.13,78.59,177.19
DE,2024,2024-07-31,11.36,136.15,79.518,124.79
DE,2024,2024-08-01,60.38,138.07,94.627,77.69
DE,2024,2024-08-02,50.58,146.19,94.591,95.61
DE,2024,2024-08-03,4.1,136.64,75.696,132.54
DE,2024,2024-08-04,-2.16,124.99,61.127,127.15
DE,2024,2024-08-05,36.35,250.01,100.284,213.66
DE,2024,2024-08-06,2.95,230.85,85.979,227.9
DE,2024,2024-08-07,35.05,149.28,93.32,114.23
DE,2024,2024-08-08,32.18,197.31,93.285,165.13
DE,2024,2024-08-09,-0.8,124.97,52.883,125.77
DE,2024,2024-08-10,-40.77,133.0,51.25,173.77
DE,2024,2024-08-11,-59.96,137.18,54.248,197.14
DE,2024,2024-08-12,6.98,224.84,91.556,217.86
DE,2024,2024-08-13,40.37,205.35,99.362,164.98
DE,2024,2024-08-14,72.85,218.92,109.74,146.07
DE,2024,2024-08-15,-0.04,160.3,84.519,160.34
DE,2024,2024-08-16,47.57,243.12,108.898,195.55
DE,2024,2024-08-17,39.43,149.18,93.58,109.75
DE,2024,2024-08-18,17.72,115.68,86.69,97.96
DE,2024,2024-08-19,78.87,203.83,108.015,124.96
DE,2024,2024-08-20,18.22,158.81,91.538,140.59
DE,2024,2024-08-21,-21.28,140.35,51.899,161.63
DE,2024,2024-08-22,-4.35,129.46,60.783,133.81
DE,2024,2024-08-23,-16.55,123.15,43.978,139.7
DE,2024,2024-08-24,-44.18,105.4,40.898,149.58
DE,2024,2024-08-25,-20.01,119.45,29.282,139.46
DE,2024,2024-08-26,17.55,231.06,99.999,213.51
DE,2024,2024-08-27,1.18,232.25,90.625,231.07
DE,2024,2024-08-28,8.17,204.03,96.161,195.86
DE,2024,2024-08-29,45.25,289.27,113.855,244.02
DE,2024,2024-08-30,79.08,156.11,106.76,77.03
DE,2024,2024-08-31,-0.8,148.29,77.656,149.09
DE,2024,2024-09-01,-24.0,131.6,61.909,155.6
DE,2024,2024-09-02,81.19,255.4,115.352,174.21
DE,2024,2024-09-03,82.69,656.37,159.079,573.68
DE,2024,2024-09-04,89.2,320.07,125.282,230.87
DE,2024,2024-09-05,-19.68,119.04,61.503,138.72
DE,2024,2024-09-06,12.48,136.49,79.193,124.01
DE,2024,2024-09-07,0.44,150.4,78.625,149.96
DE,2024,2024-09-08,0.01,128.12,68.656,128.11
DE,2024,2024-09-09,59.79,159.57,97.854,99.78
DE,2024,2024-09-10,-0.16,129.9,57.071,130.06
DE,2024,2024-09-11,32.99,142.86,84.867,109.87
DE,2024,2024-09-12,78.23,300.01,113.06,221.78
DE,2024,2024-09-13,50.01,132.24,87.235,82.23
DE,2024,2024-09-14,-0.46,126.58,55.607,127.04
DE,2024,2024-09-15,-0.41,133.16,63.499,133.57
DE,2024,2024-09-16,75.37,146.06,96.92,70.69
DE,2024,2024-09-17,25.64,137.52,88.822,111.88
DE,2024,2024-09-18,-0.09,141.92,77.47,142.01
DE,2024,2024-09-19,-0.09,143.24,77.565,143.33
DE,2024,2024-09-20,-0.01,145.72,74.489,145.73
DE,2024,2024-09-21,-3.95,141.99,70.615,145.94
DE,2024,2024-09-22,-0.08,157.18,75.644,157.26
DE,2024,2024-09-23,76.55,328.39,121.189,251.84
DE,2024,2024-09-24,42.18,141.96,88.562,99.78
DE,2024,2024-09-25,18.78,195.42,76.44,176.64
DE,2024,2024-09-26,-0.06,89.0,49.802,89.06
DE,2024,2024-09-27,-6.32,62.55,14.958,68.87
DE,2024,2024-09-28,0.0,100.08,33.294,100.08
DE,2024,2024-09-29,-0.5,167.32,55.192,167.82
DE,2024,2024-09-30,0.07,93.55,32.191,93.48
DE,2024,2024-10-01,0.02,136.51,74.628,136.49
DE,2024,2024-10-02,65.86,135.7,94.482,69.84
DE,2024,2024-10-03,33.98,115.32,73.207,81.34
DE,2024,2024-10-04,72.0,149.02,97.435,77.02
DE,2024,2024-10-05,38.88,148.65,83.987,109.77
DE,2024,2024-10-06,-0.01,106.3,52.352,106.31
DE,2024,2024-10-07,30.15,237.65,86.615,207.5
DE,2024,2024-10-08,59.67,168.2,90.589,108.53
DE,2024,2024-10-09,46.89,127.12,82.49,80.23
DE,2024,2024-10-10,15.94,119.32,61.611,103.38
DE,2024,2024-10-11,57.17,174.24,95.883,117.07
DE,2024,2024-10-12,-0.01,80.86,49.309,80.87
DE,2024,2024-10-13,-15.69,54.05,11.121,69.74
DE,2024,2024-10-14,34.36,269.74,109.977,235.38
DE,2024,2024-10-15,12.8,185.39,89.098,172.59
DE,2024,2024-10-16,2.04,88.38,34.786,86.34
DE,2024,2024-10-17,5.61,186.21,77.056,180.6
DE,2024,2024-10-18,78.84,181.28,102.606,102.44
DE,2024,2024-10-19,54.9,135.82,83.032,80.92
DE,2024,2024-10-20,-2.01,75.32,30.903,77.33
DE,2024,2024-10-21,-0.14,222.11,90.594,222.25
DE,2024,2024-10-22,70.88,170.12,102.305,99.24
DE,2024,2024-10-23,78.97,218.18,112.418,139.21
DE,2024,2024-10-24,79.15,171.27,101.279,92.12
DE,2024,2024-10-25,78.18,227.32,115.231,149.14
DE,2024,2024-10-26,63.3,150.9,99.689,87.6
DE,2024,2024-10-27,39.99,148.3,90.739,108.31
DE,2024,2024-10-28,84.09,148.8,111.586,64.71
DE,2024,2024-10-29,98.17,285.8,141.152,187.63
DE,2024,2024-10-30,98.05,193.88,124.876,95.83
DE,2024,2024-10-31,63.34,135.53,104.047,72.19
DE,2024,2024-11-01,29.49,119.87,76.41,90.38
DE,2024,2024-11-02,86.0,158.56,106.985,72.56
DE,2024,2024-11-03,52.63,127.91,93.053,75.28
DE,2024,2024-11-04,89.86,290.21,126.274,200.35
DE,2024,2024-11-05,91.2,505.31,164.978,414.11
DE,2024,2024-11-06,95.47,820.11,231.222,724.64
DE,2024,2024-11-07,99.57,408.26,159.207,308.69
DE,2024,2024-11-08,97.45,132.91,113.62,35.46
DE,2024,2024-11-09,96.68,147.8,114.47,51.12
DE,2024,2024-11-10,100.32,148.72,114.363,48.4
DE,2024,2024-11-11,97.5,153.18,121.793,55.68
DE,2024,2024-11-12,102.69,317.89,166.408,215.2
DE,2024,2024-11-13,101.7,227.43,149.449,125.73
DE,2024,2024-11-14,91.41,155.91,122.381,64.5
DE,2024,2024-11-15,98.1,157.77,123.815,59.67
DE,2024,2024-11-16,65.67,118.93,93.447,53.26
DE,2024,2024-11-17,34.81,102.84,62.87,68.03
DE,2024,2024-11-18,42.39,161.82,106.325,119.43
DE,2024,2024-11-19,89.84,157.57,123.704,67.73
DE,2024,2024-11-20,81.52,142.87,114.773,61.35
DE,2024,2024-11-21,84.15,182.26,124.241,98.11
DE,2024,2024-11-22,77.0,144.08,109.799,67.08
DE,2024,2024-11-23,1.01,104.55,72.73,103.54
DE,2024,2024-11-24,-1.25,16.18,3.873,17.43
DE,2024,2024-11-25,-1.86,128.0,58.797,129.86
DE,2024,2024-11-26,70.55,160.91,113.383,90.36
DE,2024,2024-11-27,48.78,184.84,117.672,136.06
DE,2024,2024-11-28,31.69,158.23,98.619,126.54
DE,2024,2024-11-29,98.83,181.35,129.77,82.52
DE,2024,2024-11-30,85.2,136.94,104.275,51.74
DE,2024,2024-12-01,74.77,121.53,93.556,46.76
DE,2024,2024-12-02,46.44,147.9,110.646,101.46
DE,2024,2024-12-03,93.22,210.0,144.5,116.78
DE,2024,2024-12-04,110.19,287.76,182.21,177.57
DE,2024,2024-12-05,10.64,143.54,101.862,132.9
DE,2024,2024-12-06,2.31,151.07,89.542,148.76
DE,2024,2024-12-07,39.46,96.45,71.811,56.99
DE,2024,2024-12-08,71.36,121.38,98.129,50.02
DE,2024,2024-12-09,34.4,129.81,100.487,95.41
DE,2024,2024-12-10,83.7,202.38,150.891,118.68
DE,2024,2024-12-11,106.17,445.08,266.807,338.91
DE,2024,2024-12-12,107.35,936.28,395.665,828.93
DE,2024,2024-12-13,114.95,284.21,177.919,169.26
DE,2024,2024-12-14,73.58,124.98,99.42,51.4
DE,2024,2024-12-15,0.09,70.65,43.786,70.56
DE,2024,2024-12-16,-0.01,85.22,50.228,85.23
DE,2024,2024-12-17,20.94,127.33,87.623,106.39
DE,2024,2024-12-18,11.28,77.58,52.56,66.3
DE,2024,2024-12-19,0.31,92.58,53.55,92.27
DE,2024,2024-12-20,16.31,109.89,75.541,93.58
DE,2024,2024-12-21,0.0,31.43,20.98,31.43
DE,2024,2024-12-22,-2.06,65.47,24.151,67.53
DE,2024,2024-12-23,9.12,108.29,61.467,99.17
DE,2024,2024-12-24,78.0,120.95,102.709,42.95
DE,2024,2024-12-25,75.99,120.53,99.075,44.54
DE,2024,2024-12-26,89.64,138.05,113.085,48.41
DE,2024,2024-12-27,99.58,158.4,122.523,58.82
DE,2024,2024-12-28,102.93,152.0,122.68,49.07
DE,2024,2024-12-29,71.63,126.11,102.961,54.48
DE,2024,2024-12-30,35.66,109.97,77.271,74.31
DE,2024,2024-12-31,0.52,83.67,60.089,83.15
DE,2025,2025-01-01,-1.01,10.05,0.971,11.06
DE,2025,2025-01-02,1.56,152.94,96.952,151.38
DE,2025,2025-01-03,69.94,116.66,89.56,46.72
DE,2025,2025-01-04,90.2,151.24,121.769,61.04
DE,2025,2025-01-05,27.52,100.33,68.641,72.81
DE,2025,2025-01-06,9.2,41.37,24.812,32.17
DE,2025,2025-01-07,5.01,101.11,60.456,96.1
DE,2025,2025-01-08,57.01,155.46,105.794,98.45
DE,2025,2025-01-09,84.79,164.88,120.837,80.09
DE,2025,2025-01-10,69.05,144.12,113.338,75.07
DE,2025,2025-01-11,83.58,122.34,100.93,38.76
DE,2025,2025-01-12,83.75,146.66,111.266,62.91
DE,2025,2025-01-13,100.0,223.09,128.951,123.09
DE,2025,2025-01-14,97.99,184.03,126.897,86.04
DE,2025,2025-01-15,107.72,377.99,222.933,270.27
DE,2025,2025-01-16,115.03,199.65,147.794,84.62
DE,2025,2025-01-17,114.72,208.13,146.586,93.41
DE,2025,2025-01-18,115.01,167.85,134.334,52.84
DE,2025,2025-01-19,107.51,159.04,128.413,51.53
DE,2025,2025-01-20,114.41,583.4,231.577,468.99
DE,2025,2025-01-21,113.54,301.15,168.476,187.61
DE,2025,2025-01-22,113.7,238.6,160.853,124.9
DE,2025,2025-01-23,58.23,159.03,102.075,100.8
DE,2025,2025-01-24,40.6,116.23,78.483,75.63
DE,2025,2025-01-25,63.55,151.0,102.124,87.45
DE,2025,2025-01-26,23.89,132.77,97.875,108.88
DE,2025,2025-01-27,10.1,118.67,61.706,108.57
DE,2025,2025-01-28,57.33,149.6,106.824,92.27
DE,2025,2025-01-29,75.64,150.09,108.33,74.45
DE,2025,2025-01-30,92.43,180.36,132.681,87.93
DE,2025,2025-01-31,113.12,185.26,141.723,72.14
DE,2025,2025-02-01,103.4,168.27,135.293,64.87
DE,2025,2025-02-02,111.88,173.95,136.973,62.07
DE,2025,2025-02-03,115.29,243.23,154.627,127.94
DE,2025,2025-02-04,113.17,211.99,141.622,98.82
DE,2025,2025-02-05,108.18,189.9,142.616,81.72
DE,2025,2025-02-06,121.95,219.42,149.771,97.47
DE,2025,2025-02-07,81.34,164.21,119.314,82.87
DE,2025,2025-02-08,67.71,161.1,111.045,93.39
DE,2025,2025-02-09,95.53,161.93,127.735,66.4
DE,2025,2025-02-10,77.45,181.36,120.122,103.91
DE,2025,2025-02-11,71.1,168.19,122.166,97.09
DE,2025,2025-02-12,126.59,197.13,154.791,70.54
DE,2025,2025-02-13,136.59,222.36,172.077,85.77
DE,2025,2025-02-14,127.65,298.91,178.981,171.26
DE,2025,2025-02-15,110.01,174.7,133.608,64.69
DE,2025,2025-02-16,118.77,169.98,132.398,51.21
DE,2025,2025-02-17,106.78,271.0,153.619,164.22
DE,2025,2025-02-18,88.53,193.8,131.271,105.27
DE,2025,2025-02-19,81.52,166.37,110.064,84.85
DE,2025,2025-02-20,75.51,127.98,94.505,52.47
DE,2025,2025-02-21,50.99,152.5,89.777,101.51
DE,2025,2025-02-22,40.4,115.18,71.994,74.78
DE,2025,2025-02-23,64.75,154.69,90.197,89.94
DE,2025,2025-02-24,37.1,148.71,91.872,111.61
DE,2025,2025-02-25,89.91,233.05,141.106,143.14
DE,2025,2025-02-26,101.48,175.19,134.799,73.71
DE,2025,2025-02-27,99.6,174.71,126.615,75.11
DE,2025,2025-02-28,106.93,161.82,129.303,54.89
DE,2025,2025-03-01,97.27,158.55,123.47,61.28
DE,2025,2025-03-02,2.84,146.1,90.455,143.26
DE,2025,2025-03-03,0.01,183.95,106.99,183.94
DE,2025,2025-03-04,14.34,180.92,106.477,166.58
DE,2025,2025-03-05,-4.28,146.23,78.298,150.51
DE,2025,2025-03-06,0.02,165.36,90.085,165.34
DE,2025,2025-03-07,8.08,216.64,105.439,208.56
DE,2025,2025-03-08,-0.34,174.05,89.445,174.39
DE,2025,2025-03-09,-2.26,136.7,77.278,138.96
DE,2025,2025-03-10,76.02,174.92,113.172,98.9
DE,2025,2025-03-11,96.44,205.02,125.187,108.58
DE,2025,2025-03-12,97.38,199.75,125.154,102.37
DE,2025,2025-03-13,96.71,173.47,125.165,76.76
DE,2025,2025-03-14,103.83,155.33,121.362,51.5
DE,2025,2025-03-15,48.0,132.96,91.997,84.96
DE,2025,2025-03-16,0.19,140.0,71.536,139.81
DE,2025,2025-03-17,27.95,177.33,99.698,149.38
DE,2025,2025-03-18,-1.46,170.91,90.773,172.37
DE,2025,2025-03-19,-0.56,248.18,104.799,248.74
DE,2025,2025-03-20,0.43,280.07,108.628,279.64
DE,2025,2025-03-21,0.0,156.0,69.435,156.0
DE,2025,2025-03-22,-15.18,60.03,14.41,75.21
DE,2025,2025-03-23,5.01,142.51,58.996,137.5
DE,2025,2025-03-24,98.94,211.99,129.534,113.05
DE,2025,2025-03-25,68.45,166.36,111.736,97.91
DE,2025,2025-03-26,84.5,169.54,114.697,85.04
DE,2025,2025-03-27,6.67,170.7,98.347,164.03
DE,2025,2025-03-28,-0.03,165.99,89.327,166.02
DE,2025,2025-03-29,2.06,152.22,81.708,150.16
DE,2025,2025-03-30,-26.07,65.57,14.634,91.64
DE,2025,2025-03-31,64.41,183.96,107.226,119.55
DE,2025,2025-04-01,10.89,179.96,91.653,169.07
DE,2025,2025-04-02,-21.02,150.31,61.574,171.33
DE,2025,2025-04-03,-8.4,163.48,80.723,171.88
DE,2025,2025-04-04,-1.31,180.17,89.934,181.48
DE,2025,2025-04-05,-49.1,105.9,51.47,155.0
DE,2025,2025-04-06,-114.57,132.9,39.963,247.47
DE,2025,2025-04-07,2.19,175.97,96.593,173.78
DE,2025,2025-04-08,16.83,180.55,99.505,163.72
DE,2025,2025-04-09,6.72,175.56,90.789,168.84
DE,2025,2025-04-10,0.08,170.59,83.174,170.51
DE,2025,2025-04-11,-4.99,155.0,68.222,159.99
DE,2025,2025-04-12,-42.01,150.06,61.561,192.07
DE,2025,2025-04-13,-25.38,120.65,41.298,146.03
DE,2025,2025-04-14,61.64,180.0,97.152,118.36
DE,2025,2025-04-15,0.0,141.54,71.038,141.54
DE,2025,2025-04-16,22.4,146.52,89.699,124.12
DE,2025,2025-04-17,77.65,130.0,98.458,52.35
DE,2025,2025-04-18,62.64,126.52,87.774,63.88
DE,2025,2025-04-19,-7.26,142.71,70.002,149.97
DE,2025,2025-04-20,-52.42,144.95,65.717,197.37
DE,2025,2025-04-21,8.43,139.14,81.11,130.71
DE,2025,2025-04-22,67.66,263.2,113.522,195.54
DE,2025,2025-04-23,80.29,155.97,108.49,75.68
DE,2025,2025-04-24,78.04,121.61,96.441,43.57
DE,2025,2025-04-25,40.99,123.78,89.286,82.79
DE,2025,2025-04-26,-14.85,107.4,54.827,122.25
DE,2025,2025-04-27,-129.81,124.23,33.439,254.04
DE,2025,2025-04-28,-6.18,194.81,75.698,200.99
DE,2025,2025-04-29,-1.9,174.75,73.515,176.65
DE,2025,2025-04-30,-6.21,176.43,75.137,182.64
DE,2025,2025-05-01,-129.99,164.38,44.039,294.37
DE,2025,2025-05-02,-4.0,150.4,63.796,154.4
DE,2025,2025-05-03,-3.04,92.86,51.497,95.9
DE,2025,2025-05-04,-5.01,112.38,35.229,117.39
DE,2025,2025-05-05,49.66,128.92,88.371,79.26
DE,2025,2025-05-06,38.17,161.18,91.414,123.01
DE,2025,2025-05-07,63.92,147.15,99.255,83.23
DE,2025,2025-05-08,63.75,185.08,103.648,121.33
DE,2025,2025-05-09,-0.74,149.13,81.502,149.87
DE,2025,2025-05-10,-114.53,163.2,51.666,277.73
DE,2025,2025-05-11,-250.32,124.86,18.339,375.18
DE,2025,2025-05-12,-35.0,172.7,70.078,207.7
DE,2025,2025-05-13,-16.0,223.58,80.407,239.58
DE,2025,2025-05-14,-31.82,158.45,68.559,190.27
DE,2025,2025-05-15,-14.76,130.74,66.03,145.5
DE,2025,2025-05-16,-3.15,154.91,73.55,158.06
DE,2025,2025-05-17,-11.27,130.21,60.412,141.48
DE,2025,2025-05-18,-15.0,130.47,63.136,145.47
DE,2025,2025-05-19,5.0,229.11,95.864,224.11
DE,2025,2025-05-20,0.01,192.25,90.697,192.24
DE,2025,2025-05-21,-2.2,116.54,70.371,118.74
DE,2025,2025-05-22,-15.4,127.25,61.526,142.65
DE,2025,2025-05-23,0.0,139.29,82.55,139.29
DE,2025,2025-05-24,-1.77,111.0,51.974,112.77
DE,2025,2025-05-25,-5.05,107.41,28.735,112.46
DE,2025,2025-05-26,-1.45,169.87,72.713,171.32
DE,2025,2025-05-27,0.02,137.6,61.139,137.58
DE,2025,2025-05-28,42.1,139.91,86.21,97.81
DE,2025,2025-05-29,-1.99,92.06,51.173,94.05
DE,2025,2025-05-30,-3.1,145.89,53.848,148.99
DE,2025,2025-05-31,-13.17,192.37,69.293,205.54
DE,2025,2025-06-01,-20.41,106.86,38.716,127.27
DE,2025,2025-06-02,11.0,245.37,89.718,234.37
DE,2025,2025-06-03,-4.32,132.9,68.387,137.22
DE,2025,2025-06-04,9.69,192.85,85.12,183.16
DE,2025,2025-06-05,7.07,136.4,78.16,129.33
DE,2025,2025-06-06,-5.06,129.29,49.829,134.35
DE,2025,2025-06-07,-0.87,110.26,59.954,111.13
DE,2025,2025-06-08,-53.06,76.86,15.642,129.92
DE,2025,2025-06-09,-19.33,148.42,39.802,167.75
DE,2025,2025-06-10,-4.26,97.94,53.275,102.2
DE,2025,2025-06-11,-3.4,217.0,73.114,220.4
DE,2025,2025-06-12,-27.9,132.0,56.986,159.9
DE,2025,2025-06-13,-6.09,111.19,52.912,117.28
DE,2025,2025-06-14,-38.0,127.27,45.859,165.27
DE,2025,2025-06-15,-5.61,135.43,62.535,141.04
DE,2025,2025-06-16,0.0,190.0,81.3,190.0
DE,2025,2025-06-17,-6.2,241.8,85.377,248.0
DE,2025,2025-06-18,-2.3,175.32,79.775,177.62
DE,2025,2025-06-19,-65.44,141.8,55.833,207.24
DE,2025,2025-06-20,-1.0,201.29,87.676,202.29
DE,2025,2025-06-21,-29.98,165.3,71.788,195.28
DE,2025,2025-06-22,-99.01,134.33,38.335,233.34
DE,2025,2025-06-23,-32.75,97.78,39.145,130.53
DE,2025,2025-06-24,-22.75,123.9,47.328,146.65
DE,2025,2025-06-25,-0.51,247.02,83.528,247.53
DE,2025,2025-06-26,48.99,120.91,88.688,71.92
DE,2025,2025-06-27,7.87,134.94,82.061,127.07
DE,2025,2025-06-28,-3.09,123.86,52.522,126.95
DE,2025,2025-06-29,-24.01,118.07,54.255,142.08
DE,2025,2025-06-30,9.96,288.97,103.208,279.01
DE,2025,2025-07-01,42.47,476.19,139.007,433.72
DE,2025,2025-07-02,32.59,240.07,101.495,207.48
DE,2025,2025-07-03,24.72,166.67,88.625,141.95
DE,2025,2025-07-04,-1.56,150.1,78.895,151.66
DE,2025,2025-07-05,-2.26,122.96,53.251,125.22
DE,2025,2025-07-06,5.85,125.04,75.224,119.19
DE,2025,2025-07-07,50.67,152.29,98.743,101.62
DE,2025,2025-07-08,53.04,123.34,89.482,70.3
DE,2025,2025-07-09,37.78,138.24,92.325,100.46
DE,2025,2025-07-10,39.51,134.67,90.733,95.16
DE,2025,2025-07-11,32.04,118.08,88.403,86.04
DE,2025,2025-07-12,0.0,125.02,72.577,125.02
DE,2025,2025-07-13,0.0,127.7,73.222,127.7
DE,2025,2025-07-14,55.82,141.57,98.102,85.75
DE,2025,2025-07-15,40.2,141.99,90.094,101.79
DE,2025,2025-07-16,68.06,129.04,96.187,60.98
DE,2025,2025-07-17,49.78,132.0,92.773,82.22
DE,2025,2025-07-18,71.2,146.55,101.225,75.35
DE,2025,2025-07-19,-0.01,114.47,68.779,114.48
DE,2025,2025-07-20,-0.01,116.0,70.922,116.01
DE,2025,2025-07-21,81.73,126.56,100.779,44.83
DE,2025,2025-07-22,0.17,113.22,77.845,113.05
DE,2025,2025-07-23,23.73,119.74,79.283,96.01
DE,2025,2025-07-24,80.43,154.16,103.508,73.73
DE,2025,2025-07-25,76.31,121.21,97.117,44.9
DE,2025,2025-07-26,49.87,127.07,91.019,77.2
DE,2025,2025-07-27,8.85,114.71,78.792,105.86
DE,2025,2025-07-28,68.33,121.97,93.361,53.64
DE,2025,2025-07-29,1.07,126.01,77.544,124.94
DE,2025,2025-07-30,10.7,109.07,75.337,98.37
DE,2025,2025-07-31,35.06,128.27,86.889,93.21
DE,2025,2025-08-01,49.06,119.23,93.23,70.17
DE,2025,2025-08-02,0.0,109.49,65.39,109.49
DE,2025,2025-08-03,-10.08,97.87,41.77,107.95
DE,2025,2025-08-04,0.02,102.72,58.696,102.7
DE,2025,2025-08-05,-11.83,107.15,40.14,118.98
DE,2025,2025-08-06,-11.79,170.16,64.428,181.95
DE,2025,2025-08-07,-1.99,141.94,71.324,143.93
DE,2025,2025-08-08,-0.02,151.51,76.952,151.53
DE,2025,2025-08-09,-15.37,127.62,59.99,142.99
DE,2025,2025-08-10,-61.08,122.45,47.793,183.53
DE,2025,2025-08-11,0.0,191.95,84.098,191.95
DE,2025,2025-08-12,3.0,156.16,85.08,153.16
DE,2025,2025-08-13,27.89,226.64,100.015,198.75
DE,2025,2025-08-14,41.02,283.89,105.414,242.87
DE,2025,2025-08-15,0.0,124.01,73.134,124.01
DE,2025,2025-08-16,-0.01,102.62,60.499,102.63
DE,2025,2025-08-17,-1.25,110.66,64.154,111.91
DE,2025,2025-08-18,14.23,197.42,92.228,183.19
DE,2025,2025-08-19,8.97,128.62,82.181,119.65
DE,2025,2025-08-20,35.0,135.15,90.839,100.15
DE,2025,2025-08-21,56.26,116.89,92.035,60.63
DE,2025,2025-08-22,0.02,113.0,74.244,112.98
DE,2025,2025-08-23,0.06,123.67,68.333,123.61
DE,2025,2025-08-24,-7.45,117.31,62.499,124.76
DE,2025,2025-08-25,5.93,232.82,90.087,226.89
DE,2025,2025-08-26,26.28,196.88,98.97,170.6
DE,2025,2025-08-27,50.68,222.07,104.723,171.39
DE,2025,2025-08-28,83.27,210.0,115.027,126.73
DE,2025,2025-08-29,53.96,147.68,94.572,93.72
DE,2025,2025-08-30,-0.38,129.98,69.724,130.36
DE,2025,2025-08-31,-1.0,135.1,57.533,136.1
DE,2025,2025-09-01,25.03,250.65,102.278,225.62
DE,2025,2025-09-02,78.54,311.51,122.208,232.97
DE,2025,2025-09-03,-0.28,112.34,59.479,112.62
DE,2025,2025-09-04,3.2,350.0,93.528,346.8
DE,2025,2025-09-05,70.17,154.53,100.77,84.36
DE,2025,2025-09-06,-0.99,158.39,74.318,159.38
DE,2025,2025-09-07,-53.4,108.3,41.741,161.7
DE,2025,2025-09-08,60.84,413.66,126.128,352.82
DE,2025,2025-09-09,85.51,386.4,141.921,300.89
DE,2025,2025-09-10,85.0,275.19,124.243,190.19
DE,2025,2025-09-11,-0.72,132.86,67.716,133.58
DE,2025,2025-09-12,-8.66,155.36,57.988,164.02
DE,2025,2025-09-13,-0.01,121.9,61.149,121.91
DE,2025,2025-09-14,-0.01,153.29,65.915,153.3
DE,2025,2025-09-15,-14.27,54.31,7.832,68.58
DE,2025,2025-09-16,-20.05,112.97,25.121,133.02
DE,2025,2025-09-17,7.88,142.58,73.972,134.7
DE,2025,2025-09-18,0.0,134.23,67.611,134.23
DE,2025,2025-09-19,0.0,409.24,97.256,409.24
DE,2025,2025-09-20,-10.86,134.1,52.316,144.96
DE,2025,2025-09-21,-2.02,120.57,38.808,122.59
DE,2025,2025-09-22,70.23,140.92,97.817,70.69
DE,2025,2025-09-23,74.24,172.36,102.52,98.12
DE,2025,2025-09-24,9.9,120.45,78.272,110.55
DE,2025,2025-09-25,16.03,124.99,82.249,108.96
DE,2025,2025-09-26,73.16,133.02,95.576,59.86
DE,2025,2025-09-27,36.11,148.61,93.825,112.5
DE,2025,2025-09-28,8.53,137.97,86.635,129.44
DE,2025,2025-09-29,77.08,406.78,131.391,329.7
DE,2025,2025-09-30,86.04,357.77,135.263,271.73
DE,2025,2025-10-01,66.025,339.992,116.611,273.968
DE,2025,2025-10-02,60.5,181.088,102.04,120.588
DE,2025,2025-10-03,-0.01,120.76,59.996,120.77
DE,2025,2025-10-04,-2.605,3.23,-0.411,5.835
DE,2025,2025-10-05,-4.98,35.048,3.106,40.028
DE,2025,2025-10-06,9.102,168.315,92.985,159.212
DE,2025,2025-10-07,88.438,287.67,137.442,199.233
DE,2025,2025-10-08,86.975,199.002,117.905,112.028
DE,2025,2025-10-09,83.2,149.9,104.209,66.7
DE,2025,2025-10-10,75.69,123.29,96.777,47.6
DE,2025,2025-10-11,46.772,130.173,90.964,83.4
DE,2025,2025-10-12,52.16,116.64,88.995,64.48
DE,2025,2025-10-13,89.122,306.575,140.237,217.452
DE,2025,2025-10-14,98.868,407.205,156.767,308.338
DE,2025,2025-10-15,85.808,278.74,143.501,192.932
DE,2025,2025-10-16,81.475,140.59,100.105,59.115
DE,2025,2025-10-17,86.718,144.835,104.74,58.118
DE,2025,2025-10-18,67.532,133.235,95.55,65.703
DE,2025,2025-10-19,20.295,107.688,73.442,87.392
DE,2025,2025-10-20,43.832,131.122,81.068,87.29
DE,2025,2025-10-21,22.278,121.8,70.725,99.523
DE,2025,2025-10-22,85.405,296.482,126.103,211.077
DE,2025,2025-10-23,9.835,114.93,74.941,105.095
DE,2025,2025-10-24,-0.01,84.87,31.516,84.88
DE,2025,2025-10-25,-0.008,61.265,11.405,61.272
DE,2025,2025-10-26,-0.732,42.022,6.456,42.755
DE,2025,2025-10-27,-0.002,126.538,70.184,126.54
DE,2025,2025-10-28,10.222,110.23,67.287,100.008
DE,2025,2025-10-29,54.035,128.742,88.404,74.708
DE,2025,2025-10-30,-0.002,117.93,69.931,117.932
DE,2025,2025-10-31,54.707,132.048,91.867,77.34
DE,2025,2025-11-01,11.628,89.055,48.03,77.428
DE,2025,2025-11-02,60.328,132.072,86.669,71.745
DE,2025,2025-11-03,16.53,117.255,75.548,100.725
DE,2025,2025-11-04,4.925,129.1,76.087,124.175
DE,2025,2025-11-05,62.008,147.418,94.096,85.41
DE,2025,2025-11-06,83.7,154.255,106.077,70.555
DE,2025,2025-11-07,88.803,178.538,111.069,89.735
DE,2025,2025-11-08,93.972,136.532,106.457,42.56
DE,2025,2025-11-09,88.615,126.1,98.698,37.485
DE,2025,2025-11-10,83.19,157.875,109.647,74.685
DE,2025,2025-11-11,74.87,143.258,96.545,68.387
DE,2025,2025-11-12,32.918,115.395,78.571,82.477
DE,2025,2025-11-13,6.0,131.802,72.576,125.803
DE,2025,2025-11-14,77.378,138.348,105.855,60.97
DE,2025,2025-11-15,68.158,121.8,91.387,53.642
DE,2025,2025-11-16,85.672,129.372,101.209,43.7
DE,2025,2025-11-17,71.322,126.992,94.573,55.67
DE,2025,2025-11-18,77.718,151.66,102.069,73.942
DE,2025,2025-11-19,83.185,136.67,102.67,53.485
DE,2025,2025-11-20,86.795,175.83,126.442,89.035
DE,2025,2025-11-21,90.185,251.87,146.511,161.685
DE,2025,2025-11-22,75.368,114.455,90.384,39.087
DE,2025,2025-11-23,60.885,83.798,71.048,22.912
DE,2025,2025-11-24,70.062,263.482,133.547,193.42
DE,2025,2025-11-25,92.855,373.312,220.182,280.458
DE,2025,2025-11-26,88.325,294.61,161.397,206.285
DE,2025,2025-11-27,60.84,123.105,89.966,62.265
DE,2025,2025-11-28,47.882,104.67,85.919,56.788
DE,2025,2025-11-29,75.972,107.085,89.953,31.113
DE,2025,2025-11-30,65.355,106.212,84.649,40.858
DE,2025,2025-12-01,65.778,139.332,92.506,73.555
DE,2025,2025-12-02,50.468,163.202,101.414,112.735
DE,2025,2025-12-03,89.072,308.35,165.08,219.278
DE,2025,2025-12-04,90.358,163.985,124.793,73.628
DE,2025,2025-12-05,82.08,184.432,132.717,102.352
DE,2025,2025-12-06,64.585,95.588,78.999,31.003
DE,2025,2025-12-07,19.27,111.82,78.39,92.55
DE,2025,2025-12-08,5.59,109.85,72.903,104.26
DE,2025,2025-12-09,43.9,129.75,90.333,85.85
DE,2025,2025-12-10,31.0,105.672,79.757,74.672
DE,2025,2025-12-11,72.515,115.405,94.864,42.89
DE,2025,2025-12-12,86.22,146.825,113.798,60.605
DE,2025,2025-12-13,79.142,119.708,95.873,40.565
DE,2025,2025-12-14,72.5,103.292,85.429,30.793
DE,2025,2025-12-15,70.668,108.655,87.743,37.988
DE,2025,2025-12-16,77.098,162.205,107.092,85.107
DE,2025,2025-12-17,77.755,133.46,105.928,55.705
DE,2025,2025-12-18,9.84,114.492,71.393,104.652
DE,2025,2025-12-19,3.515,107.48,73.194,103.965
DE,2025,2025-12-20,83.4,122.392,103.511,38.992
DE,2025,2025-12-21,70.227,107.01,90.508,36.782
DE,2025,2025-12-22,66.31,107.892,85.638,41.582
DE,2025,2025-12-23,58.112,85.465,74.232,27.353
DE,2025,2025-12-24,55.84,89.132,69.508,33.292
DE,2025,2025-12-25,47.865,97.1,71.163,49.235
DE,2025,2025-12-26,82.312,120.47,97.518,38.158
DE,2025,2025-12-27,74.54,108.428,90.929,33.887
DE,2025,2025-12-28,78.818,114.455,92.998,35.638
DE,2025,2025-12-29,77.862,113.878,93.848,36.015
DE,2025,2025-12-30,68.538,110.715,88.186,42.178
DE,2025,2025-12-31,58.278,110.1,86.072,51.822
DE,2026,2026-01-01,-0.01,42.395,7.729,42.405
DE,2026,2026-01-02,0.245,89.152,57.627,88.908
DE,2026,2026-01-03,73.023,110.825,89.032,37.802
DE,2026,2026-01-04,82.558,121.18,94.587,38.622
DE,2026,2026-01-05,86.312,223.425,134.922,137.112
DE,2026,2026-01-06,92.818,168.82,126.978,76.002
DE,2026,2026-01-07,80.782,125.188,98.984,44.405
DE,2026,2026-01-08,78.962,264.585,153.908,185.622
DE,2026,2026-01-09,47.845,93.93,78.443,46.085
DE,2026,2026-01-10,66.238,139.528,98.561,73.29
DE,2026,2026-01-11,81.258,116.25,95.124,34.993
DE,2026,2026-01-12,76.585,132.76,104.476,56.175
DE,2026,2026-01-13,82.672,142.198,105.761,59.525
DE,2026,2026-01-14,84.295,200.022,118.766,115.728
DE,2026,2026-01-15,81.05,145.495,100.65,64.445
DE,2026,2026-01-16,67.23,170.325,110.712,103.095
DE,2026,2026-01-17,95.188,142.848,112.51,47.66
DE,2026,2026-01-18,96.855,142.195,108.974,45.34
DE,2026,2026-01-19,100.135,208.228,140.574,108.092
DE,2026,2026-01-20,101.49,276.735,155.605,175.245
DE,2026,2026-01-21,92.798,176.398,116.635,83.6
DE,2026,2026-01-22,83.858,137.122,105.493,53.265
DE,2026,2026-01-23,95.002,152.938,110.373,57.935
DE,2026,2026-01-24,97.548,146.722,112.024,49.175
DE,2026,2026-01-25,99.965,137.375,112.032,37.41
DE,2026,2026-01-26,95.032,178.698,141.928,83.665
DE,2026,2026-01-27,105.475,176.635,130.052,71.16
DE,2026,2026-01-28,102.24,173.645,136.789,71.405
DE,2026,2026-01-29,100.023,168.035,132.674,68.012
DE,2026,2026-01-30,92.695,147.035,113.1,54.34
DE,2026,2026-01-31,92.902,138.038,109.353,45.135
DE,2026,2026-02-01,94.008,137.39,108.733,43.382
DE,2026,2026-02-02,91.0,140.155,107.415,49.155
DE,2026,2026-02-03,76.84,126.348,98.613,49.507
DE,2026,2026-02-04,86.308,131.605,102.759,45.297
DE,2026,2026-02-05,87.432,140.5,110.917,53.067
DE,2026,2026-02-06,98.088,144.74,121.974,46.652
DE,2026,2026-02-07,96.395,135.332,107.538,38.937
DE,2026,2026-02-08,94.86,131.267,103.832,36.407
DE,2026,2026-02-09,95.452,227.212,139.608,131.76
DE,2026,2026-02-10,96.782,143.828,116.518,47.045
DE,2026,2026-02-11,88.192,137.068,112.178,48.875
DE,2026,2026-02-12,83.858,125.662,104.364,41.805
DE,2026,2026-02-13,81.855,136.022,107.388,54.167
DE,2026,2026-02-14,87.508,131.928,103.739,44.42
DE,2026,2026-02-15,58.04,100.755,82.871,42.715
DE,2026,2026-02-16,64.41,130.355,95.598,65.945
DE,2026,2026-02-17,82.292,126.975,97.939,44.682
DE,2026,2026-02-18,83.775,186.092,113.659,102.318
DE,2026,2026-02-19,77.655,113.518,93.034,35.862
DE,2026,2026-02-20,46.805,116.142,85.598,69.338
DE,2026,2026-02-21,35.86,108.312,62.691,72.452
DE,2026,2026-02-22,34.875,79.442,53.39,44.567
DE,2026,2026-02-23,2.902,110.898,69.601,107.995
DE,2026,2026-02-24,83.962,184.048,115.201,100.085
DE,2026,2026-02-25,60.198,130.732,93.002,70.535
DE,2026,2026-02-26,14.052,113.095,75.999,99.042
DE,2026,2026-02-27,-0.012,118.1,65.958,118.112
DE,2026,2026-02-28,-0.252,95.192,52.005,95.445
DE,2026,2026-03-01,-0.788,110.202,53.663,110.99
DE,2026,2026-03-02,29.068,187.995,93.862,158.928
DE,2026,2026-03-03,32.365,204.258,108.189,171.892
DE,2026,2026-03-04,32.975,310.86,146.878,277.885
DE,2026,2026-03-05,2.122,192.02,110.34,189.898
DE,2026,2026-03-06,48.652,229.552,125.092,180.9
DE,2026,2026-03-07,1.418,180.872,110.198,179.455
DE,2026,2026-03-08,-0.005,160.26,102.217,160.265
DE,2026,2026-03-09,67.292,243.972,136.808,176.68
DE,2026,2026-03-10,83.958,218.228,137.646,134.27
DE,2026,2026-03-11,9.912,156.72,79.922,146.808
DE,2026,2026-03-12,-2.492,137.14,65.133,139.632
DE,2026,2026-03-13,-9.0,165.745,52.881,174.745
DE,2026,2026-03-14,101.862,169.835,121.744,67.972
DE,2026,2026-03-15,34.165,149.115,95.999,114.95
DE,2026,2026-03-16,12.035,179.888,76.81,167.852
DE,2026,2026-03-17,89.8,207.298,125.163,117.498
DE,2026,2026-03-18,-2.712,177.622,89.716,180.335
DE,2026,2026-03-19,0.0,214.382,115.224,214.382
DE,2026,2026-03-20,65.61,212.31,142.976,146.7
DE,2026,2026-03-21,23.49,171.618,112.584,148.128
DE,2026,2026-03-22,-11.76,174.19,84.521,185.95
DE,2026,2026-03-23,48.082,263.01,142.327,214.928
DE,2026,2026-03-24,-0.02,137.992,71.006,138.013
DE,2026,2026-03-25,-0.03,161.925,41.761,161.955
DE,2026,2026-03-26,0.63,167.22,92.305,166.59
DE,2026,2026-03-27,59.6,176.395,117.515,116.795
DE,2026,2026-03-28,6.695,154.07,81.809,147.375
DE,2026,2026-03-29,-2.1,115.03,61.715,117.13
DE,2026,2026-03-30,3.825,126.165,66.792,122.34
DE,2026,2026-03-31,53.488,176.005,120.456,122.517
DE,2026,2026-04-01,86.332,226.948,143.013,140.615
DE,2026,2026-04-02,42.455,161.84,114.427,119.385
DE,2026,2026-04-03,1.652,135.862,74.765,134.21
DE,2026,2026-04-04,-0.248,149.872,32.34,150.12
DE,2026,2026-04-05,-105.175,33.35,-16.167,138.525
DE,2026,2026-04-06,-125.638,116.005,11.472,241.642
DE,2026,2026-04-07,-11.288,194.028,89.959,205.315
DE,2026,2026-04-08,-32.78,170.008,86.829,202.788
DE,2026,2026-04-09,-8.137,146.6,79.764,154.737
DE,2026,2026-04-10,78.552,245.115,123.459,166.562
DE,2026,2026-04-11,-79.965,114.382,42.174,194.348
DE,2026,2026-04-12,1.97,146.802,82.949,144.832
DE,2026,2026-04-13,97.393,173.88,127.443,76.487
DE,2026,2026-04-14,104.7,234.277,138.434,129.577
DE,2026,2026-04-15,50.232,180.8,116.262,130.568
DE,2026,2026-04-16,45.768,187.318,111.92,141.55
DE,2026,2026-04-17,26.445,157.405,104.225,130.96
DE,2026,2026-04-18,-4.08,144.89,84.562,148.97
DE,2026,2026-04-19,-3.005,124.112,80.018,127.117
DE,2026,2026-04-20,29.57,142.208,97.3,112.638
DE,2026,2026-04-21,-3.7,144.775,83.136,148.475
DE,2026,2026-04-22,-20.985,153.91,78.106,174.895
DE,2026,2026-04-23,-49.56,136.955,64.413,186.515
DE,2026,2026-04-24,-30.002,137.988,75.842,167.99
DE,2026,2026-04-25,-190.865,95.158,14.749,286.023
DE,2026,2026-04-26,-413.77,157.815,5.837,571.585
DE,2026,2026-04-27,-0.83,188.118,97.858,188.948
DE,2026,2026-04-28,-29.008,122.1,69.619,151.108
DE,2026,2026-04-29,-60.362,145.592,65.587,205.955
DE,2026,2026-04-30,-32.02,178.62,72.473,210.64
DE,2026,2026-05-01,-499.0,173.325,-1.628,672.325
DE,2026,2026-05-02,-130.028,195.45,59.521,325.477
DE,2026,2026-05-03,-14.435,140.87,74.494,155.305
DE,2026,2026-05-04,69.408,266.835,132.388,197.428
DE,2026,2026-05-05,97.745,163.902,127.76,66.158
DE,2026,2026-05-06,89.34,156.915,122.752,67.575
DE,2026,2026-05-07,101.73,221.478,136.418,119.748
DE,2026,2026-05-08,58.708,152.978,113.818,94.27
DE,2026,2026-05-09,-0.09,146.965,88.434,147.055
DE,2026,2026-05-10,-2.165,129.318,76.157,131.482
DE,2026,2026-05-11,95.275,154.048,117.724,58.773
DE,2026,2026-05-12,19.972,142.985,94.397,123.013
DE,2026,2026-05-13,70.202,171.267,114.867,101.065
DE,2026,2026-05-14,4.602,152.202,95.561,147.6
DE,2026,2026-05-15,40.148,153.455,109.081,113.308
DE,2026,2026-05-16,-2.2,140.688,78.09,142.888
DE,2026,2026-05-17,0.0,156.705,83.58,156.705
DE,2026,2026-05-18,94.895,250.897,140.179,156.002
DE,2026,2026-05-19,73.145,180.902,125.959,107.758
DE,2026,2026-05-20,33.512,167.922,109.578,134.41
DE,2026,2026-05-21,7.37,204.695,110.255,197.325
DE,2026,2026-05-22,0.0,218.428,105.746,218.428
DE,2026,2026-05-23,-31.818,174.52,80.216,206.338
DE,2026,2026-05-24,-75.938,153.228,65.876,229.165
DE,2026,2026-05-25,-29.295,172.185,81.661,201.48
DE,2026,2026-05-26,-2.5,217.948,97.88,220.448
DE,2026,2026-05-27,-1.702,157.53,84.052,159.232
DE,2026,2026-05-28,-0.012,393.935,122.981,393.948
DE,2026,2026-05-29,-0.055,240.61,102.281,240.665
DE,2026,2026-05-30,-1.442,171.845,85.93,173.288
DE,2026,2026-05-31,-0.01,156.035,90.056,156.045
DE,2026,2026-06-01,87.447,355.252,152.053,267.805
DE,2026,2026-06-02,80.292,167.938,120.121,87.645
DE,2026,2026-06-03,37.832,146.238,99.865,108.405
DE,2026,2026-06-04,-0.048,117.962,61.277,118.01
DE,2026,2026-06-05,27.2,189.355,105.583,162.155
DE,2026,2026-06-06,-0.03,152.432,85.288,152.462
DE,2026,2026-06-07,-44.738,141.188,45.351,185.925
DE,2026,2026-06-08,54.482,208.902,123.272,154.42
DE,2026,2026-06-09,0.145,156.275,96.485,156.13
DE,2026,2026-06-10,68.678,213.98,123.859,145.302
DE,2026,2026-06-11,31.58,174.858,109.759,143.278
DE,2026,2026-06-12,56.048,127.34,95.054,71.292
DE,2026,2026-06-13,-45.868,102.485,24.988,148.352
DE,2026,2026-06-14,-25.0,112.28,28.332,137.28
DE,2026,2026-06-15,-2.902,156.26,76.173,159.162
DE,2026,2026-06-16,50.732,181.42,114.599,130.688
DE,2026,2026-06-17,62.792,164.115,116.977,101.323
DE,2026,2026-06-18,18.67,441.915,140.675,423.245
DE,2026,2026-06-19,11.235,201.36,107.028,190.125
DE,2026,2026-06-20,-0.018,182.55,88.096,182.568
DE,2026,2026-06-21,-0.01,150.265,82.253,150.275
DE,2026,2026-06-22,32.34,271.778,125.615,239.438
DE,2026,2026-06-23,60.345,545.505,177.256,485.16
DE,2026,2026-06-24,70.982,665.82,207.132,594.838
DE,2026,2026-06-25,33.96,285.773,131.496,251.813
DE,2026,2026-06-26,38.5,350.46,134.328,311.96
DE,2026,2026-06-27,0.028,221.25,99.672,221.222
DE,2026,2026-06-28,-0.905,161.04,83.932,161.945
DE,2026,2026-06-29,82.028,301.365,143.205,219.338
DE,2026,2026-06-30,99.075,504.768,187.665,405.693
DE,2026,2026-07-01,97.275,243.455,150.948,146.18
DE,2026,2026-07-02,-3.002,130.357,68.088,133.36
DE,2026,2026-07-03,-4.988,135.805,62.327,140.793
DE,2026,2026-07-04,-10.31,131.03,63.139,141.34
DE,2026,2026-07-05,-1.165,139.892,63.767,141.058
DE,2026,2026-07-06,5.0,151.202,97.683,146.202
DE,2026,2026-07-07,-2.835,120.755,72.6,123.59
DE,2026,2026-07-08,7.902,160.62,100.739,152.718
DE,2026,2026-07-09,38.005,213.312,125.19,175.308
DE,2026,2026-07-10,37.36,186.678,123.568,149.318
DE,2026,2026-07-11,-0.975,156.375,93.558,157.35
DE,2026,2026-07-12,-10.712,144.93,74.602,155.642
DE,2026,2026-07-13,32.9,182.998,119.907,150.098
DE,2026,2026-07-14,51.825,182.48,124.987,130.655
DE,2026,2026-07-15,62.918,205.975,137.56,143.058
DE,2026,2026-07-16,87.475,311.685,160.145,224.21
DE,2026,2026-07-17,98.2,166.862,139.36,68.663
DE,2026,2026-07-18,-2.948,152.462,81.122,155.41
DE,2026,2026-07-19,-4.998,149.68,71.645,154.678
DE,2026,2026-07-20,0.008,179.73,103.679,179.722
DE,2026,2026-07-21,1.002,174.562,113.05,173.56
DE,2026,2026-07-22,0.038,161.76,99.586,161.722
DE,2026,2026-07-23,0.0,190.0,119.239,190.0
DE,2026,2026-07-24,6.485,203.172,130.975,196.688
DE,2026,2026-07-25,-12.28,170.31,89.898,182.59
DE,2026,2026-07-26,-0.86,153.592,84.22,154.453
DE,2026,2026-07-27,-0.705,178.995,83.447,179.7
DE,2026,2026-07-28,-0.088,216.755,116.653,216.842
DE,2026,2026-07-29,-0.042,263.648,126.292,263.69
DE,2026,2026-07-30,2.67,207.03,122.951,204.36
DE,2026,2026-07-31,83.268,195.64,148.631,112.372
DE,2026,2026-08-01,0.0,180.962,119.637,180.962
DE,2026,2026-08-02,-3.73,185.688,103.179,189.418
DE,2026,2026-08-03,16.388,205.768,129.084,189.38
DE,2026,2026-08-04,76.465,240.005,150.031,163.54
DE,2026,2026-08-05,-0.542,203.738,111.068,204.28
DE,2026,2026-08-06,-1.358,169.455,98.093,170.812
DE,2026,2026-08-07,13.018,195.122,122.952,182.105
DE,2026,2026-08-08,-12.152,184.658,98.248,196.81
DE,2026,2026-08-09,-5.08,176.09,94.469,181.17
DE,2026,2026-08-10,4.338,181.532,117.729,177.195
DE,2026,2026-08-11,-0.103,198.978,111.407,199.08
DE,2026,2026-08-12,3.55,300.208,138.273,296.657
DE,2026,2026-08-13,0.0,338.862,147.444,338.862
DE,2026,2026-08-14,8.002,263.725,141.211,255.723
DE,2026,2026-08-15,1.007,184.99,120.559,183.983
DE,2026,2026-08-16,27.338,206.535,139.242,179.198
DE,2026,2026-08-17,139.885,213.4,175.166,73.515
DE,2026,2026-08-18,130.538,200.395,163.964,69.858
DE,2026,2026-08-19,127.773,209.445,166.062,81.672
DE,2026,2026-08-20,63.707,200.6,148.046,136.892
DE,2026,2026-08-21,135.21,204.415,169.508,69.205
DE,2026,2026-08-22,-0.098,168.202,98.529,168.3
DE,2026,2026-08-23,-4.998,185.89,87.86,190.888
DE,2026,2026-08-24,34.145,219.528,142.584,185.382
DE,2026,2026-08-25,62.207,209.308,142.34,147.1
DE,2026,2026-08-26,89.54,211.245,152.389,121.705
DE,2026,2026-08-27,6.572,199.262,125.045,192.69
DE,2026,2026-08-28,96.238,177.98,142.056,81.742
DE,2026,2026-08-29,-1.812,198.965,85.396,200.778
DE,2026,2026-08-30,-1.055,193.195,80.548,194.25
DE,2026,2026-08-31,-1.028,189.15,110.315,190.177
DE,2026,2026-09-01,29.123,231.6,145.121,202.478
DE,2026,2026-09-02,91.667,243.198,164.405,151.53
DE,2026,2026-09-03,20.89,204.398,129.935,183.508
DE,2026,2026-09-04,-0.14,166.315,83.174,166.455
DE,2026,2026-09-05,-18.995,128.225,47.669,147.22
DE,2026,2026-09-06,-1.632,143.24,69.626,144.872
ES,2019,2019-01-01,55.47,68.07,63.24,12.6
ES,2019,2019-01-02,45.24,69.3,60.552,24.06
ES,2019,2019-01-03,50.2,71.1,64.226,20.9
ES,2019,2019-01-04,54.85,71.94,67.022,17.09
ES,2019,2019-01-05,58.31,69.5,64.998,11.19
ES,2019,2019-01-06,47.17,68.0,58.942,20.83
ES,2019,2019-01-07,50.5,70.39,63.32,19.89
ES,2019,2019-01-08,50.5,70.0,62.297,19.5
ES,2019,2019-01-09,49.4,69.01,60.798,19.61
ES,2019,2019-01-10,48.5,69.75,62.496,21.25
ES,2019,2019-01-11,49.98,70.45,64.15,20.47
ES,2019,2019-01-12,51.4,69.69,62.05,18.29
ES,2019,2019-01-13,49.91,71.69,60.241,21.78
ES,2019,2019-01-14,50.47,72.52,63.342,22.05
ES,2019,2019-01-15,54.9,74.74,67.448,19.84
ES,2019,2019-01-16,61.07,72.99,69.31,11.92
ES,2019,2019-01-17,52.2,73.45,65.627,21.25
ES,2019,2019-01-18,58.07,72.01,68.065,13.94
ES,2019,2019-01-19,55.55,70.0,64.61,14.45
ES,2019,2019-01-20,51.52,70.11,61.285,18.59
ES,2019,2019-01-21,51.14,73.9,65.945,22.76
ES,2019,2019-01-22,51.57,71.2,64.037,19.63
ES,2019,2019-01-23,49.05,68.89,60.296,19.84
ES,2019,2019-01-24,49.05,70.13,61.105,21.08
ES,2019,2019-01-25,51.77,69.69,62.334,17.92
ES,2019,2019-01-26,50.97,68.5,61.347,17.53
ES,2019,2019-01-27,19.74,64.18,43.492,44.44
ES,2019,2019-01-28,37.8,70.01,56.115,32.21
ES,2019,2019-01-29,45.97,68.07,59.265,22.1
ES,2019,2019-01-30,42.74,68.65,57.961,25.91
ES,2019,2019-01-31,44.1,65.4,54.839,21.3
ES,2019,2019-02-01,41.1,62.99,52.506,21.89
ES,2019,2019-02-02,20.45,51.92,38.102,31.47
ES,2019,2019-02-03,38.47,63.93,48.493,25.46
ES,2019,2019-02-04,38.55,70.66,59.356,32.11
ES,2019,2019-02-05,48.77,68.07,60.618,19.3
ES,2019,2019-02-06,52.73,67.52,60.83,14.79
ES,2019,2019-02-07,43.97,68.07,58.593,24.1
ES,2019,2019-02-08,47.53,65.01,56.265,17.48
ES,2019,2019-02-09,41.72,64.01,53.592,22.29
ES,2019,2019-02-10,15.6,66.55,37.836,50.95
ES,2019,2019-02-11,41.72,66.25,56.981,24.53
ES,2019,2019-02-12,50.0,67.1,60.615,17.1
ES,2019,2019-02-13,57.01,65.51,61.372,8.5
ES,2019,2019-02-14,48.0,63.67,55.901,15.67
ES,2019,2019-02-15,45.57,62.0,55.741,16.43
ES,2019,2019-02-16,43.39,58.51,50.601,15.12
ES,2019,2019-02-17,36.13,62.0,47.274,25.87
ES,2019,2019-02-18,45.37,62.0,56.567,16.63
ES,2019,2019-02-19,52.6,62.25,58.923,9.65
ES,2019,2019-02-20,53.1,61.11,57.462,8.01
ES,2019,2019-02-21,47.67,61.21,54.626,13.54
ES,2019,2019-02-22,45.52,59.93,53.296,14.41
ES,2019,2019-02-23,46.87,57.24,51.794,10.37
ES,2019,2019-02-24,45.0,60.15,50.98,15.15
ES,2019,2019-02-25,46.36,60.6,55.422,14.24
ES,2019,2019-02-26,46.36,59.0,52.818,12.64
ES,2019,2019-02-27,42.1,60.49,53.013,18.39
ES,2019,2019-02-28,43.1,58.75,52.993,15.65
ES,2019,2019-03-01,50.77,58.43,54.419,7.66
ES,2019,2019-03-02,38.9,57.51,48.831,18.61
ES,2019,2019-03-03,21.0,53.01,38.678,32.01
ES,2019,2019-03-04,3.52,58.75,42.163,55.23
ES,2019,2019-03-05,36.08,56.45,51.808,20.37
ES,2019,2019-03-06,25.68,51.73,37.972,26.05
ES,2019,2019-03-07,34.27,60.95,51.104,26.68
ES,2019,2019-03-08,52.29,58.56,55.778,6.27
ES,2019,2019-03-09,51.14,56.56,54.21,5.42
ES,2019,2019-03-10,39.71,55.25,47.13,15.54
ES,2019,2019-03-11,39.71,61.41,52.11,21.7
ES,2019,2019-03-12,40.69,56.26,51.433,15.57
ES,2019,2019-03-13,36.08,55.66,46.303,19.58
ES,2019,2019-03-14,45.15,56.05,51.716,10.9
ES,2019,2019-03-15,51.64,57.98,54.898,6.34
ES,2019,2019-03-16,40.07,56.05,51.04,15.98
ES,2019,2019-03-17,5.48,52.63,34.287,47.15
ES,2019,2019-03-18,38.69,56.19,49.185,17.5
ES,2019,2019-03-19,41.29,56.57,49.635,15.28
ES,2019,2019-03-20,39.37,55.55,48.85,16.18
ES,2019,2019-03-21,44.01,56.55,52.734,12.54
ES,2019,2019-03-22,54.8,57.5,55.681,2.7
ES,2019,2019-03-23,43.43,55.01,50.728,11.58
ES,2019,2019-03-24,39.0,52.1,44.118,13.1
ES,2019,2019-03-25,30.0,51.96,42.359,21.96
ES,2019,2019-03-26,30.21,51.64,41.19,21.43
ES,2019,2019-03-27,36.62,53.86,47.684,17.24
ES,2019,2019-03-28,43.44,55.01,50.978,11.57
ES,2019,2019-03-29,50.53,54.92,53.04,4.39
ES,2019,2019-03-30,48.01,54.54,51.954,6.53
ES,2019,2019-03-31,45.94,59.0,51.904,13.06
ES,2019,2019-04-01,55.48,60.95,58.547,5.47
ES,2019,2019-04-02,53.41,60.01,57.649,6.6
ES,2019,2019-04-03,41.73,60.0,52.613,18.27
ES,2019,2019-04-04,44.45,60.44,53.159,15.99
ES,2019,2019-04-05,40.76,58.67,51.307,17.91
ES,2019,2019-04-06,37.27,55.44,44.148,18.17
ES,2019,2019-04-07,38.3,58.6,47.52,20.3
ES,2019,2019-04-08,42.51,60.0,53.09,17.49
ES,2019,2019-04-09,41.95,57.55,49.822,15.6
ES,2019,2019-04-10,41.33,59.15,51.775,17.82
ES,2019,2019-04-11,47.81,59.24,54.949,11.43
ES,2019,2019-04-12,53.0,60.16,57.162,7.16
ES,2019,2019-04-13,52.07,59.57,57.245,7.5
ES,2019,2019-04-14,45.1,62.48,52.835,17.38
ES,2019,2019-04-15,42.05,60.67,53.735,18.62
ES,2019,2019-04-16,45.04,60.06,56.536,15.02
ES,2019,2019-04-17,35.36,59.47,47.739,24.11
ES,2019,2019-04-18,36.5,58.58,53.941,22.08
ES,2019,2019-04-19,25.45,45.28,36.378,19.83
ES,2019,2019-04-20,20.0,48.0,32.04,28.0
ES,2019,2019-04-21,28.62,58.58,41.401,29.96
ES,2019,2019-04-22,40.51,59.0,54.631,18.49
ES,2019,2019-04-23,34.0,58.78,48.818,24.78
ES,2019,2019-04-24,26.1,54.75,39.046,28.65
ES,2019,2019-04-25,5.0,46.36,30.386,41.36
ES,2019,2019-04-26,25.77,60.85,50.709,35.08
ES,2019,2019-04-27,52.34,59.2,55.498,6.86
ES,2019,2019-04-28,47.23,59.47,52.728,12.24
ES,2019,2019-04-29,52.49,60.37,58.09,7.88
ES,2019,2019-04-30,55.88,60.32,58.615,4.44
ES,2019,2019-05-01,36.0,55.71,48.649,19.71
ES,2019,2019-05-02,32.0,58.09,46.61,26.09
ES,2019,2019-05-03,41.34,57.9,50.331,16.56
ES,2019,2019-05-04,29.0,54.14,42.955,25.14
ES,2019,2019-05-05,20.0,59.04,35.321,39.04
ES,2019,2019-05-06,43.47,58.69,53.364,15.22
ES,2019,2019-05-07,39.03,60.0,50.824,20.97
ES,2019,2019-05-08,32.01,46.2,38.048,14.19
ES,2019,2019-05-09,30.26,55.01,46.338,24.75
ES,2019,2019-05-10,37.17,56.17,48.458,19.0
ES,2019,2019-05-11,34.8,54.54,48.533,19.74
ES,2019,2019-05-12,24.04,56.41,36.56,32.37
ES,2019,2019-05-13,34.3,56.19,47.416,21.89
ES,2019,2019-05-14,40.9,58.56,52.28,17.66
ES,2019,2019-05-15,50.21,57.5,54.098,7.29
ES,2019,2019-05-16,36.5,57.79,50.84,21.29
ES,2019,2019-05-17,33.79,55.53,44.657,21.74
ES,2019,2019-05-18,35.01,56.2,46.852,21.19
ES,2019,2019-05-19,36.75,57.45,47.361,20.7
ES,2019,2019-05-20,42.72,58.77,53.75,16.05
ES,2019,2019-05-21,54.49,59.27,56.942,4.78
ES,2019,2019-05-22,55.56,59.47,57.947,3.91
ES,2019,2019-05-23,50.0,59.66,56.343,9.66
ES,2019,2019-05-24,40.0,55.78,48.298,15.78
ES,2019,2019-05-25,38.8,50.51,42.407,11.71
ES,2019,2019-05-26,34.0,58.02,41.299,24.02
ES,2019,2019-05-27,41.77,58.39,49.83,16.62
ES,2019,2019-05-28,40.99,54.51,47.35,13.52
ES,2019,2019-05-29,40.81,57.02,47.964,16.21
ES,2019,2019-05-30,41.9,59.47,52.917,17.57
ES,2019,2019-05-31,48.76,59.21,55.67,10.45
ES,2019,2019-06-01,44.57,58.22,52.817,13.65
ES,2019,2019-06-02,40.51,58.73,47.885,18.22
ES,2019,2019-06-03,48.1,59.01,53.59,10.91
ES,2019,2019-06-04,43.2,55.38,48.537,12.18
ES,2019,2019-06-05,38.89,58.76,45.745,19.87
ES,2019,2019-06-06,31.08,56.85,42.366,25.77
ES,2019,2019-06-07,26.73,57.53,43.282,30.8
ES,2019,2019-06-08,42.29,49.02,45.53,6.73
ES,2019,2019-06-09,37.0,51.37,43.074,14.37
ES,2019,2019-06-10,37.0,50.64,44.892,13.64
ES,2019,2019-06-11,41.1,53.07,45.778,11.97
ES,2019,2019-06-12,42.37,51.22,47.824,8.85
ES,2019,2019-06-13,40.01,50.94,46.889,10.93
ES,2019,2019-06-14,40.01,51.2,46.128,11.19
ES,2019,2019-06-15,40.01,54.12,45.858,14.11
ES,2019,2019-06-16,41.63,54.64,46.65,13.01
ES,2019,2019-06-17,45.94,53.07,49.161,7.13
ES,2019,2019-06-18,38.13,53.89,45.972,15.76
ES,2019,2019-06-19,40.01,52.33,47.438,12.32
ES,2019,2019-06-20,41.77,51.0,46.31,9.23
ES,2019,2019-06-21,41.87,50.03,47.05,8.16
ES,2019,2019-06-22,42.51,49.61,45.759,7.1
ES,2019,2019-06-23,35.0,55.0,43.113,20.0
ES,2019,2019-06-24,46.32,52.0,48.756,5.68
ES,2019,2019-06-25,46.04,51.84,49.74,5.8
ES,2019,2019-06-26,43.01,51.6,47.572,8.59
ES,2019,2019-06-27,45.54,53.19,49.63,7.65
ES,2019,2019-06-28,49.5,53.69,51.773,4.19
ES,2019,2019-06-29,45.91,51.2,49.012,5.29
ES,2019,2019-06-30,42.84,53.88,46.705,11.04
ES,2019,2019-07-01,40.9,53.19,48.31,12.29
ES,2019,2019-07-02,40.66,53.77,48.986,13.11
ES,2019,2019-07-03,42.49,53.99,51.2,11.5
ES,2019,2019-07-04,47.0,58.0,53.479,11.0
ES,2019,2019-07-05,54.0,58.08,56.054,4.08
ES,2019,2019-07-06,44.87,56.78,51.68,11.91
ES,2019,2019-07-07,42.41,55.17,48.667,12.76
ES,2019,2019-07-08,40.17,57.69,51.815,17.52
ES,2019,2019-07-09,46.5,55.62,52.127,9.12
ES,2019,2019-07-10,42.01,56.57,51.875,14.56
ES,2019,2019-07-11,49.0,58.29,54.275,9.29
ES,2019,2019-07-12,53.05,60.1,57.096,7.05
ES,2019,2019-07-13,46.6,55.5,50.86,8.9
ES,2019,2019-07-14,43.0,58.31,48.993,15.31
ES,2019,2019-07-15,42.89,57.31,52.122,14.42
ES,2019,2019-07-16,43.59,57.25,51.659,13.66
ES,2019,2019-07-17,45.63,57.31,52.795,11.68
ES,2019,2019-07-18,45.96,58.39,53.743,12.43
ES,2019,2019-07-19,47.07,57.17,52.509,10.1
ES,2019,2019-07-20,45.0,56.94,50.209,11.94
ES,2019,2019-07-21,43.0,57.69,49.971,14.69
ES,2019,2019-07-22,52.0,57.69,56.04,5.69
ES,2019,2019-07-23,50.19,58.98,54.992,8.79
ES,2019,2019-07-24,50.68,58.98,55.595,8.3
ES,2019,2019-07-25,45.0,58.52,53.815,13.52
ES,2019,2019-07-26,45.2,56.99,52.166,11.79
ES,2019,2019-07-27,40.5,50.0,45.515,9.5
ES,2019,2019-07-28,40.05,58.25,45.986,18.2
ES,2019,2019-07-29,40.05,56.28,47.282,16.23
ES,2019,2019-07-30,39.1,55.2,48.366,16.1
ES,2019,2019-07-31,39.4,52.19,47.211,12.79
ES,2019,2019-08-01,42.0,51.53,48.353,9.53
ES,2019,2019-08-02,42.0,51.7,48.97,9.7
ES,2019,2019-08-03,43.03,51.2,47.396,8.17
ES,2019,2019-08-04,41.75,52.1,46.31,10.35
ES,2019,2019-08-05,45.6,52.79,50.441,7.19
ES,2019,2019-08-06,46.21,52.03,49.688,5.82
ES,2019,2019-08-07,41.75,52.81,49.65,11.06
ES,2019,2019-08-08,42.0,50.96,47.221,8.96
ES,2019,2019-08-09,36.69,53.2,44.362,16.51
ES,2019,2019-08-10,42.66,51.0,46.126,8.34
ES,2019,2019-08-11,38.0,50.9,41.947,12.9
ES,2019,2019-08-12,36.1,50.1,43.376,14.0
ES,2019,2019-08-13,35.0,49.01,43.53,14.01
ES,2019,2019-08-14,38.69,48.35,45.699,9.66
ES,2019,2019-08-15,36.57,47.75,40.814,11.18
ES,2019,2019-08-16,41.64,48.1,44.5,6.46
ES,2019,2019-08-17,36.74,47.4,41.45,10.66
ES,2019,2019-08-18,34.93,47.51,38.719,12.58
ES,2019,2019-08-19,33.25,48.37,41.226,15.12
ES,2019,2019-08-20,32.67,47.1,39.944,14.43
ES,2019,2019-08-21,32.0,47.5,41.443,15.5
ES,2019,2019-08-22,32.0,47.04,41.017,15.04
ES,2019,2019-08-23,33.5,46.18,41.887,12.68
ES,2019,2019-08-24,39.0,44.8,42.081,5.8
ES,2019,2019-08-25,34.57,45.75,39.225,11.18
ES,2019,2019-08-26,34.7,50.69,43.849,15.99
ES,2019,2019-08-27,48.1,53.69,50.356,5.59
ES,2019,2019-08-28,49.0,53.84,51.165,4.84
ES,2019,2019-08-29,47.29,53.59,50.028,6.3
ES,2019,2019-08-30,46.02,52.49,49.23,6.47
ES,2019,2019-08-31,39.51,47.07,43.504,7.56
ES,2019,2019-09-01,30.5,47.19,38.275,16.69
ES,2019,2019-09-02,25.0,49.78,39.247,24.78
ES,2019,2019-09-03,32.9,51.22,44.508,18.32
ES,2019,2019-09-04,32.58,46.73,42.57,14.15
ES,2019,2019-09-05,28.5,43.65,36.909,15.15
ES,2019,2019-09-06,26.21,41.43,36.359,15.22
ES,2019,2019-09-07,27.09,40.26,33.08,13.17
ES,2019,2019-09-08,27.1,46.77,35.455,19.67
ES,2019,2019-09-09,32.45,50.07,42.451,17.62
ES,2019,2019-09-10,27.56,43.29,34.15,15.73
ES,2019,2019-09-11,26.0,42.0,34.392,16.0
ES,2019,2019-09-12,28.75,44.1,38.51,15.35
ES,2019,2019-09-13,29.61,44.91,39.235,15.3
ES,2019,2019-09-14,30.61,47.99,37.395,17.38
ES,2019,2019-09-15,31.41,50.0,38.595,18.59
ES,2019,2019-09-16,38.75,55.38,48.487,16.63
ES,2019,2019-09-17,49.03,52.03,50.338,3.0
ES,2019,2019-09-18,47.5,54.74,50.259,7.24
ES,2019,2019-09-19,45.48,56.24,50.59,10.76
ES,2019,2019-09-20,45.1,53.47,48.277,8.37
ES,2019,2019-09-21,34.6,49.69,38.869,15.09
ES,2019,2019-09-22,29.86,55.32,38.642,25.46
ES,2019,2019-09-23,35.55,52.48,45.008,16.93
ES,2019,2019-09-24,32.95,52.48,42.998,19.53
ES,2019,2019-09-25,34.95,51.74,45.022,16.79
ES,2019,2019-09-26,45.54,51.51,48.524,5.97
ES,2019,2019-09-27,46.49,50.89,48.574,4.4
ES,2019,2019-09-28,37.83,50.14,45.43,12.31
ES,2019,2019-09-29,35.26,56.86,42.317,21.6
ES,2019,2019-09-30,44.45,56.74,49.438,12.29
ES,2019,2019-10-01,35.75,52.92,46.148,17.17
ES,2019,2019-10-02,33.0,52.1,44.591,19.1
ES,2019,2019-10-03,40.8,55.06,48.321,14.26
ES,2019,2019-10-04,50.15,56.52,52.946,6.37
ES,2019,2019-10-05,42.8,54.12,48.875,11.32
ES,2019,2019-10-06,39.12,52.12,45.126,13.0
ES,2019,2019-10-07,43.01,57.51,51.115,14.5
ES,2019,2019-10-08,45.05,58.97,53.502,13.92
ES,2019,2019-10-09,40.99,55.23,47.538,14.24
ES,2019,2019-10-10,38.75,59.13,47.718,20.38
ES,2019,2019-10-11,43.56,54.69,47.962,11.13
ES,2019,2019-10-12,30.0,46.05,38.318,16.05
ES,2019,2019-10-13,30.0,56.41,38.244,26.41
ES,2019,2019-10-14,29.07,52.19,41.777,23.12
ES,2019,2019-10-15,24.27,55.29,43.236,31.02
ES,2019,2019-10-16,34.11,55.05,43.448,20.94
ES,2019,2019-10-17,35.99,57.44,47.197,21.45
ES,2019,2019-10-18,36.0,52.68,46.693,16.68
ES,2019,2019-10-19,35.1,50.99,42.221,15.89
ES,2019,2019-10-20,32.3,56.14,42.991,23.84
ES,2019,2019-10-21,44.19,60.46,54.097,16.27
ES,2019,2019-10-22,33.5,57.88,48.05,24.38
ES,2019,2019-10-23,31.4,56.01,46.164,24.61
ES,2019,2019-10-24,35.91,58.97,46.297,23.06
ES,2019,2019-10-25,39.61,60.16,48.57,20.55
ES,2019,2019-10-26,38.99,59.82,45.688,20.83
ES,2019,2019-10-27,39.98,56.85,46.361,16.87
ES,2019,2019-10-28,45.57,61.5,53.857,15.93
ES,2019,2019-10-29,47.05,61.23,53.734,14.18
ES,2019,2019-10-30,41.21,60.0,51.794,18.79
ES,2019,2019-10-31,38.1,60.0,49.141,21.9
ES,2019,2019-11-01,27.31,40.18,32.219,12.87
ES,2019,2019-11-02,16.45,39.44,27.986,22.99
ES,2019,2019-11-03,6.2,39.96,18.696,33.76
ES,2019,2019-11-04,5.95,48.83,28.872,42.88
ES,2019,2019-11-05,8.45,48.01,30.268,39.56
ES,2019,2019-11-06,33.79,46.51,40.731,12.72
ES,2019,2019-11-07,32.11,45.88,39.209,13.77
ES,2019,2019-11-08,28.8,49.39,37.832,20.59
ES,2019,2019-11-09,34.31,45.53,40.569,11.22
ES,2019,2019-11-10,29.0,52.51,37.58,23.51
ES,2019,2019-11-11,34.75,52.85,44.992,18.1
ES,2019,2019-11-12,38.65,57.55,47.851,18.9
ES,2019,2019-11-13,36.32,57.91,48.052,21.59
ES,2019,2019-11-14,35.37,58.91,45.667,23.54
ES,2019,2019-11-15,37.57,60.46,48.419,22.89
ES,2019,2019-11-16,38.56,54.54,45.624,15.98
ES,2019,2019-11-17,36.3,55.15,43.26,18.85
ES,2019,2019-11-18,35.68,63.05,50.356,27.37
ES,2019,2019-11-19,43.73,65.64,57.715,21.91
ES,2019,2019-11-20,45.27,64.92,57.469,19.65
ES,2019,2019-11-21,41.0,65.35,55.535,24.35
ES,2019,2019-11-22,35.47,54.0,45.684,18.53
ES,2019,2019-11-23,25.16,52.9,37.076,27.74
ES,2019,2019-11-24,30.0,51.8,40.831,21.8
ES,2019,2019-11-25,35.38,58.07,47.16,22.69
ES,2019,2019-11-26,35.91,54.79,44.691,18.88
ES,2019,2019-11-27,30.23,50.53,41.885,20.3
ES,2019,2019-11-28,12.56,55.37,40.564,42.81
ES,2019,2019-11-29,33.14,56.53,47.65,23.39
ES,2019,2019-11-30,35.39,50.01,41.175,14.62
ES,2019,2019-12-01,35.86,52.4,43.46,16.54
ES,2019,2019-12-02,34.46,51.47,44.667,17.01
ES,2019,2019-12-03,37.85,64.26,50.777,26.41
ES,2019,2019-12-04,45.89,60.63,53.547,14.74
ES,2019,2019-12-05,38.72,58.3,47.713,19.58
ES,2019,2019-12-06,40.62,54.6,47.686,13.98
ES,2019,2019-12-07,43.5,51.76,47.141,8.26
ES,2019,2019-12-08,35.7,48.6,40.597,12.9
ES,2019,2019-12-09,28.61,52.17,41.648,23.56
ES,2019,2019-12-10,35.41,55.84,46.478,20.43
ES,2019,2019-12-11,34.82,54.5,43.284,19.68
ES,2019,2019-12-12,21.01,44.59,37.912,23.58
ES,2019,2019-12-13,6.25,38.01,27.411,31.76
ES,2019,2019-12-14,19.64,36.99,28.006,17.35
ES,2019,2019-12-15,5.41,44.59,26.618,39.18
ES,2019,2019-12-16,29.19,47.45,39.985,18.26
ES,2019,2019-12-17,29.19,56.27,43.073,27.08
ES,2019,2019-12-18,15.0,49.1,37.73,34.1
ES,2019,2019-12-19,2.27,35.74,22.278,33.47
ES,2019,2019-12-20,1.76,32.51,17.336,30.75
ES,2019,2019-12-21,0.51,5.26,2.456,4.75
ES,2019,2019-12-22,0.1,6.6,2.13,6.5
ES,2019,2019-12-23,1.0,40.93,23.486,39.93
ES,2019,2019-12-24,0.03,36.51,21.178,36.48
ES,2019,2019-12-25,4.0,31.0,14.225,27.0
ES,2019,2019-12-26,3.92,42.64,26.058,38.72
ES,2019,2019-12-27,16.6,44.88,32.834,28.28
ES,2019,2019-12-28,20.72,43.75,31.108,23.03
ES,2019,2019-12-29,20.97,43.5,31.899,22.53
ES,2019,2019-12-30,21.47,47.82,36.912,26.35
ES,2019,2019-12-31,28.59,47.73,38.456,19.14
ES,2020,2020-01-01,30.0,46.16,35.27,16.16
ES,2020,2020-01-02,28.42,46.72,39.855,18.3
ES,2020,2020-01-03,29.74,47.23,39.755,17.49
ES,2020,2020-01-04,29.84,44.44,35.466,14.6
ES,2020,2020-01-05,29.88,53.29,38.79,23.41
ES,2020,2020-01-06,31.5,49.01,41.925,17.51
ES,2020,2020-01-07,33.01,56.26,47.01,23.25
ES,2020,2020-01-08,33.07,55.92,46.996,22.85
ES,2020,2020-01-09,33.56,53.31,43.688,19.75
ES,2020,2020-01-10,27.65,50.85,40.936,23.2
ES,2020,2020-01-11,34.13,56.26,41.892,22.13
ES,2020,2020-01-12,37.03,55.98,42.629,18.95
ES,2020,2020-01-13,31.86,52.93,45.703,21.07
ES,2020,2020-01-14,29.53,46.75,38.628,17.22
ES,2020,2020-01-15,16.67,52.8,38.56,36.13
ES,2020,2020-01-16,29.72,52.4,38.43,22.68
ES,2020,2020-01-17,25.71,51.75,39.985,26.04
ES,2020,2020-01-18,32.05,43.04,37.809,10.99
ES,2020,2020-01-19,25.8,37.43,29.564,11.63
ES,2020,2020-01-20,14.0,50.7,35.885,36.7
ES,2020,2020-01-21,28.28,50.0,39.355,21.72
ES,2020,2020-01-22,33.7,59.58,47.909,25.88
ES,2020,2020-01-23,44.94,62.48,53.808,17.54
ES,2020,2020-01-24,42.04,62.3,53.765,20.26
ES,2020,2020-01-25,41.96,53.7,48.012,11.74
ES,2020,2020-01-26,33.43,46.03,39.479,12.6
ES,2020,2020-01-27,27.79,47.12,39.027,19.33
ES,2020,2020-01-28,24.99,51.0,39.076,26.01
ES,2020,2020-01-29,29.99,46.47,39.337,16.48
ES,2020,2020-01-30,25.9,45.29,38.078,19.39
ES,2020,2020-01-31,26.03,43.2,36.859,17.17
ES,2020,2020-02-01,18.69,40.1,29.412,21.41
ES,2020,2020-02-02,11.0,45.19,28.215,34.19
ES,2020,2020-02-03,26.49,50.77,40.735,24.28
ES,2020,2020-02-04,27.1,43.5,37.242,16.4
ES,2020,2020-02-05,23.63,45.66,37.149,22.03
ES,2020,2020-02-06,26.0,47.21,38.896,21.21
ES,2020,2020-02-07,30.55,48.11,39.865,17.56
ES,2020,2020-02-08,32.75,43.28,38.743,10.53
ES,2020,2020-02-09,23.6,37.05,29.828,13.45
ES,2020,2020-02-10,16.0,48.05,32.362,32.05
ES,2020,2020-02-11,37.0,49.15,42.137,12.15
ES,2020,2020-02-12,33.97,48.05,43.855,14.08
ES,2020,2020-02-13,30.65,46.46,38.481,15.81
ES,2020,2020-02-14,37.23,47.43,41.797,10.2
ES,2020,2020-02-15,27.5,39.55,34.616,12.05
ES,2020,2020-02-16,5.1,37.69,24.631,32.59
ES,2020,2020-02-17,27.0,43.4,36.062,16.4
ES,2020,2020-02-18,31.69,43.5,38.538,11.81
ES,2020,2020-02-19,37.58,50.33,42.815,12.75
ES,2020,2020-02-20,33.18,47.66,42.119,14.48
ES,2020,2020-02-21,29.95,50.24,39.655,20.29
ES,2020,2020-02-22,36.85,46.5,39.556,9.65
ES,2020,2020-02-23,30.01,48.38,36.646,18.37
ES,2020,2020-02-24,33.13,47.2,41.242,14.07
ES,2020,2020-02-25,25.97,41.82,32.552,15.85
ES,2020,2020-02-26,24.48,42.17,32.162,17.69
ES,2020,2020-02-27,20.87,41.23,30.533,20.36
ES,2020,2020-02-28,20.01,43.88,33.499,23.87
ES,2020,2020-02-29,9.04,24.03,16.469,14.99
ES,2020,2020-03-01,5.64,28.0,14.345,22.36
ES,2020,2020-03-02,9.25,37.75,22.117,28.5
ES,2020,2020-03-03,18.96,40.2,26.34,21.24
ES,2020,2020-03-04,23.57,43.58,32.506,20.01
ES,2020,2020-03-05,21.41,30.24,24.895,8.83
ES,2020,2020-03-06,9.56,35.46,21.736,25.9
ES,2020,2020-03-07,24.0,37.61,27.832,13.61
ES,2020,2020-03-08,22.9,34.86,26.64,11.96
ES,2020,2020-03-09,24.47,40.5,32.639,16.03
ES,2020,2020-03-10,25.5,44.5,34.915,19.0
ES,2020,2020-03-11,36.19,48.28,38.689,12.09
ES,2020,2020-03-12,26.3,41.58,38.26,15.28
ES,2020,2020-03-13,22.81,42.5,34.447,19.69
ES,2020,2020-03-14,30.07,40.67,35.606,10.6
ES,2020,2020-03-15,14.0,35.01,26.186,21.01
ES,2020,2020-03-16,19.92,37.03,27.074,17.11
ES,2020,2020-03-17,21.8,39.43,28.705,17.63
ES,2020,2020-03-18,23.69,40.38,30.624,16.69
ES,2020,2020-03-19,28.12,36.42,30.38,8.3
ES,2020,2020-03-20,24.09,35.03,27.972,10.94
ES,2020,2020-03-21,22.54,34.83,27.762,12.29
ES,2020,2020-03-22,23.5,32.57,27.614,9.07
ES,2020,2020-03-23,23.4,33.99,28.763,10.59
ES,2020,2020-03-24,20.74,34.06,27.806,13.32
ES,2020,2020-03-25,28.01,34.48,31.39,6.47
ES,2020,2020-03-26,16.82,32.46,22.593,15.64
ES,2020,2020-03-27,18.25,30.75,25.337,12.5
ES,2020,2020-03-28,24.0,31.48,27.87,7.48
ES,2020,2020-03-29,14.0,26.1,18.801,12.1
ES,2020,2020-03-30,13.0,28.98,18.962,15.98
ES,2020,2020-03-31,10.7,30.01,21.041,19.31
ES,2020,2020-04-01,19.25,31.01,26.408,11.76
ES,2020,2020-04-02,17.07,28.1,23.622,11.03
ES,2020,2020-04-03,18.15,30.11,24.032,11.96
ES,2020,2020-04-04,5.5,21.1,14.82,15.6
ES,2020,2020-04-05,1.95,22.65,9.269,20.7
ES,2020,2020-04-06,15.0,30.19,25.126,15.19
ES,2020,2020-04-07,16.25,28.51,22.471,12.26
ES,2020,2020-04-08,20.0,30.0,23.449,10.0
ES,2020,2020-04-09,15.59,27.99,22.03,12.4
ES,2020,2020-04-10,14.81,27.69,19.515,12.88
ES,2020,2020-04-11,17.99,29.0,21.84,11.01
ES,2020,2020-04-12,13.5,28.03,17.568,14.53
ES,2020,2020-04-13,16.01,29.51,22.88,13.5
ES,2020,2020-04-14,16.0,26.9,21.315,10.9
ES,2020,2020-04-15,12.07,25.5,16.164,13.43
ES,2020,2020-04-16,7.96,19.5,12.838,11.54
ES,2020,2020-04-17,9.55,24.67,15.025,15.12
ES,2020,2020-04-18,15.0,26.01,20.919,11.01
ES,2020,2020-04-19,5.05,15.01,12.448,9.96
ES,2020,2020-04-20,3.97,18.33,11.457,14.36
ES,2020,2020-04-21,4.12,11.43,8.805,7.31
ES,2020,2020-04-22,3.5,22.19,11.233,18.69
ES,2020,2020-04-23,12.69,23.94,18.036,11.25
ES,2020,2020-04-24,10.0,23.08,18.227,13.08
ES,2020,2020-04-25,14.01,22.7,17.665,8.69
ES,2020,2020-04-26,11.8,25.15,15.595,13.35
ES,2020,2020-04-27,13.64,24.1,20.018,10.46
ES,2020,2020-04-28,11.5,24.56,17.979,13.06
ES,2020,2020-04-29,5.69,15.0,10.295,9.31
ES,2020,2020-04-30,5.3,12.04,7.224,6.74
ES,2020,2020-05-01,1.02,15.39,5.102,14.37
ES,2020,2020-05-02,5.25,24.38,11.77,19.13
ES,2020,2020-05-03,7.65,23.01,14.415,15.36
ES,2020,2020-05-04,10.5,22.51,15.756,12.01
ES,2020,2020-05-05,14.27,25.34,18.66,11.07
ES,2020,2020-05-06,20.01,26.55,22.442,6.54
ES,2020,2020-05-07,17.04,25.77,21.015,8.73
ES,2020,2020-05-08,15.74,26.12,19.992,10.38
ES,2020,2020-05-09,12.5,22.93,18.562,10.43
ES,2020,2020-05-10,2.97,15.5,12.165,12.53
ES,2020,2020-05-11,10.7,22.75,16.137,12.05
ES,2020,2020-05-12,22.26,27.94,24.38,5.68
ES,2020,2020-05-13,22.67,28.01,25.272,5.34
ES,2020,2020-05-14,17.53,29.11,24.046,11.58
ES,2020,2020-05-15,15.3,23.14,20.154,7.84
ES,2020,2020-05-16,11.03,23.56,16.092,12.53
ES,2020,2020-05-17,9.5,27.68,16.415,18.18
ES,2020,2020-05-18,23.13,29.0,26.028,5.87
ES,2020,2020-05-19,23.73,28.0,26.132,4.27
ES,2020,2020-05-20,24.0,28.18,26.887,4.18
ES,2020,2020-05-21,26.46,31.19,28.379,4.73
ES,2020,2020-05-22,26.01,31.15,29.185,5.14
ES,2020,2020-05-23,7.94,20.45,15.887,12.51
ES,2020,2020-05-24,7.66,28.02,12.743,20.36
ES,2020,2020-05-25,17.72,27.51,23.422,9.79
ES,2020,2020-05-26,17.0,27.4,22.432,10.4
ES,2020,2020-05-27,19.4,29.01,25.61,9.61
ES,2020,2020-05-28,28.52,35.0,29.785,6.48
ES,2020,2020-05-29,28.41,35.0,32.993,6.59
ES,2020,2020-05-30,20.9,33.44,29.385,12.54
ES,2020,2020-05-31,23.5,36.19,30.099,12.69
ES,2020,2020-06-01,32.9,36.67,34.191,3.77
ES,2020,2020-06-02,32.67,37.01,34.861,4.34
ES,2020,2020-06-03,21.8,36.15,31.651,14.35
ES,2020,2020-06-04,16.0,33.04,24.461,17.04
ES,2020,2020-06-05,21.7,35.66,28.258,13.96
ES,2020,2020-06-06,19.9,33.69,27.537,13.79
ES,2020,2020-06-07,10.64,32.09,19.879,21.45
ES,2020,2020-06-08,20.02,32.09,27.232,12.07
ES,2020,2020-06-09,22.74,32.93,29.177,10.19
ES,2020,2020-06-10,24.02,34.89,30.818,10.87
ES,2020,2020-06-11,17.96,30.0,22.864,12.04
ES,2020,2020-06-12,16.0,26.01,20.365,10.01
ES,2020,2020-06-13,15.84,33.79,22.213,17.95
ES,2020,2020-06-14,14.8,33.0,26.383,18.2
ES,2020,2020-06-15,23.07,36.39,31.91,13.32
ES,2020,2020-06-16,23.4,36.21,31.155,12.81
ES,2020,2020-06-17,29.73,37.46,34.56,7.73
ES,2020,2020-06-18,30.72,36.99,35.196,6.27
ES,2020,2020-06-19,27.99,37.8,33.513,9.81
ES,2020,2020-06-20,24.8,36.57,31.488,11.77
ES,2020,2020-06-21,21.4,32.93,25.505,11.53
ES,2020,2020-06-22,21.5,37.63,31.274,16.13
ES,2020,2020-06-23,29.0,39.5,34.718,10.5
ES,2020,2020-06-24,32.72,41.02,37.634,8.3
ES,2020,2020-06-25,34.76,42.09,39.385,7.33
ES,2020,2020-06-26,32.18,40.13,37.647,7.95
ES,2020,2020-06-27,26.13,39.84,30.134,13.71
ES,2020,2020-06-28,26.1,39.76,29.941,13.66
ES,2020,2020-06-29,30.91,39.84,37.084,8.93
ES,2020,2020-06-30,31.98,40.44,37.93,8.46
ES,2020,2020-07-01,27.5,40.25,36.855,12.75
ES,2020,2020-07-02,27.5,41.37,34.78,13.87
ES,2020,2020-07-03,27.62,38.95,34.529,11.33
ES,2020,2020-07-04,25.7,38.41,28.392,12.71
ES,2020,2020-07-05,21.9,38.0,25.551,16.1
ES,2020,2020-07-06,18.5,37.23,28.955,18.73
ES,2020,2020-07-07,27.15,40.84,35.498,13.69
ES,2020,2020-07-08,29.55,40.6,38.053,11.05
ES,2020,2020-07-09,30.0,43.82,40.158,13.82
ES,2020,2020-07-10,29.52,42.94,37.28,13.42
ES,2020,2020-07-11,25.74,37.73,28.995,11.99
ES,2020,2020-07-12,24.1,41.2,28.814,17.1
ES,2020,2020-07-13,25.1,39.27,34.045,14.17
ES,2020,2020-07-14,26.77,38.3,33.585,11.53
ES,2020,2020-07-15,26.0,37.11,31.28,11.11
ES,2020,2020-07-16,27.04,39.93,34.751,12.89
ES,2020,2020-07-17,26.5,37.0,32.165,10.5
ES,2020,2020-07-18,25.75,39.45,31.261,13.7
ES,2020,2020-07-19,25.6,40.42,29.795,14.82
ES,2020,2020-07-20,26.0,41.0,35.527,15.0
ES,2020,2020-07-21,26.51,42.93,36.985,16.42
ES,2020,2020-07-22,38.43,43.9,40.925,5.47
ES,2020,2020-07-23,30.07,44.0,41.325,13.93
ES,2020,2020-07-24,28.3,41.59,36.07,13.29
ES,2020,2020-07-25,28.3,38.56,33.326,10.26
ES,2020,2020-07-26,27.1,40.99,30.36,13.89
ES,2020,2020-07-27,30.32,40.6,37.72,10.28
ES,2020,2020-07-28,29.01,40.7,35.775,11.69
ES,2020,2020-07-29,28.41,43.78,38.401,15.37
ES,2020,2020-07-30,34.0,44.92,40.279,10.92
ES,2020,2020-07-31,32.4,46.15,41.887,13.75
ES,2020,2020-08-01,27.82,38.78,33.01,10.96
ES,2020,2020-08-02,23.86,38.43,28.677,14.57
ES,2020,2020-08-03,27.44,41.53,36.671,14.09
ES,2020,2020-08-04,28.5,41.2,35.609,12.7
ES,2020,2020-08-05,30.3,43.4,36.807,13.1
ES,2020,2020-08-06,29.77,46.15,37.24,16.38
ES,2020,2020-08-07,29.97,47.07,38.903,17.1
ES,2020,2020-08-08,29.77,41.2,36.924,11.43
ES,2020,2020-08-09,28.7,42.11,34.001,13.41
ES,2020,2020-08-10,29.0,43.4,38.527,14.4
ES,2020,2020-08-11,30.49,44.21,38.968,13.72
ES,2020,2020-08-12,30.8,45.07,39.478,14.27
ES,2020,2020-08-13,32.24,44.29,39.872,12.05
ES,2020,2020-08-14,30.07,41.91,37.119,11.84
ES,2020,2020-08-15,26.07,39.93,31.0,13.86
ES,2020,2020-08-16,22.5,40.21,29.142,17.71
ES,2020,2020-08-17,27.75,44.31,36.534,16.56
ES,2020,2020-08-18,29.92,44.58,38.63,14.66
ES,2020,2020-08-19,26.5,41.69,34.386,15.19
ES,2020,2020-08-20,26.5,43.82,34.632,17.32
ES,2020,2020-08-21,25.75,41.83,33.371,16.08
ES,2020,2020-08-22,26.3,39.79,32.746,13.49
ES,2020,2020-08-23,20.0,38.87,28.662,18.87
ES,2020,2020-08-24,25.5,50.84,39.615,25.34
ES,2020,2020-08-25,31.07,48.09,39.055,17.02
ES,2020,2020-08-26,30.13,53.0,40.61,22.87
ES,2020,2020-08-27,37.3,51.49,45.72,14.19
ES,2020,2020-08-28,32.01,49.01,39.525,17.0
ES,2020,2020-08-29,20.2,43.82,31.067,23.62
ES,2020,2020-08-30,29.23,43.13,33.374,13.9
ES,2020,2020-08-31,28.43,55.69,42.694,27.26
ES,2020,2020-09-01,35.0,53.46,45.97,18.46
ES,2020,2020-09-02,34.72,52.18,44.444,17.46
ES,2020,2020-09-03,35.43,55.01,46.07,19.58
ES,2020,2020-09-04,32.68,51.64,43.747,18.96
ES,2020,2020-09-05,30.04,43.08,34.663,13.04
ES,2020,2020-09-06,23.27,46.75,31.925,23.48
ES,2020,2020-09-07,30.53,50.64,39.488,20.11
ES,2020,2020-09-08,30.55,52.26,41.967,21.71
ES,2020,2020-09-09,34.77,51.45,46.185,16.68
ES,2020,2020-09-10,34.4,50.52,45.299,16.12
ES,2020,2020-09-11,36.79,52.05,46.98,15.26
ES,2020,2020-09-12,34.0,49.98,39.648,15.98
ES,2020,2020-09-13,30.13,50.52,35.135,20.39
ES,2020,2020-09-14,32.32,53.01,44.053,20.69
ES,2020,2020-09-15,37.77,56.83,49.344,19.06
ES,2020,2020-09-16,37.88,54.92,50.38,17.04
ES,2020,2020-09-17,34.52,54.04,46.813,19.52
ES,2020,2020-09-18,34.19,52.19,43.584,18.0
ES,2020,2020-09-19,34.03,51.05,39.304,17.02
ES,2020,2020-09-20,32.95,51.91,39.501,18.96
ES,2020,2020-09-21,36.5,58.89,49.8,22.39
ES,2020,2020-09-22,40.21,55.83,50.018,15.62
ES,2020,2020-09-23,36.47,52.99,44.774,16.52
ES,2020,2020-09-24,23.39,52.89,38.662,29.5
ES,2020,2020-09-25,19.05,47.0,27.395,27.95
ES,2020,2020-09-26,19.6,41.25,28.272,21.65
ES,2020,2020-09-27,12.0,46.48,25.672,34.48
ES,2020,2020-09-28,28.6,55.82,42.065,27.22
ES,2020,2020-09-29,34.79,61.14,49.216,26.35
ES,2020,2020-09-30,34.07,57.01,48.007,22.94
ES,2020,2020-10-01,20.34,54.83,40.227,34.49
ES,2020,2020-10-02,16.0,40.0,24.435,24.0
ES,2020,2020-10-03,11.3,39.72,19.576,28.42
ES,2020,2020-10-04,2.5,36.0,13.97,33.5
ES,2020,2020-10-05,14.2,55.23,37.13,41.03
ES,2020,2020-10-06,31.94,52.99,40.993,21.05
ES,2020,2020-10-07,34.21,53.0,43.271,18.79
ES,2020,2020-10-08,35.02,52.39,43.908,17.37
ES,2020,2020-10-09,32.28,59.3,43.639,27.02
ES,2020,2020-10-10,26.25,43.06,32.114,16.81
ES,2020,2020-10-11,20.0,44.91,27.848,24.91
ES,2020,2020-10-12,28.72,53.49,38.861,24.77
ES,2020,2020-10-13,31.58,50.9,40.304,19.32
ES,2020,2020-10-14,27.5,51.69,36.83,24.19
ES,2020,2020-10-15,29.78,50.34,39.426,20.56
ES,2020,2020-10-16,33.02,54.08,43.869,21.06
ES,2020,2020-10-17,36.1,50.46,42.24,14.36
ES,2020,2020-10-18,31.5,49.6,39.832,18.1
ES,2020,2020-10-19,21.64,48.2,35.234,26.56
ES,2020,2020-10-20,24.8,45.67,35.74,20.87
ES,2020,2020-10-21,22.2,49.77,37.435,27.57
ES,2020,2020-10-22,32.68,56.63,45.515,23.95
ES,2020,2020-10-23,34.35,54.05,45.065,19.7
ES,2020,2020-10-24,5.51,41.33,29.626,35.82
ES,2020,2020-10-25,1.95,39.05,15.761,37.1
ES,2020,2020-10-26,18.8,49.5,34.973,30.7
ES,2020,2020-10-27,28.04,47.69,40.014,19.65
ES,2020,2020-10-28,32.6,52.61,43.605,20.01
ES,2020,2020-10-29,39.0,50.1,44.929,11.1
ES,2020,2020-10-30,35.04,49.0,41.193,13.96
ES,2020,2020-10-31,26.0,44.83,35.394,18.83
ES,2020,2020-11-01,18.9,45.82,27.674,26.92
ES,2020,2020-11-02,26.8,51.02,40.852,24.22
ES,2020,2020-11-03,30.7,47.05,38.802,16.35
ES,2020,2020-11-04,26.8,46.03,38.632,19.23
ES,2020,2020-11-05,24.74,43.15,34.287,18.41
ES,2020,2020-11-06,28.4,39.9,34.898,11.5
ES,2020,2020-11-07,29.0,44.35,33.689,15.35
ES,2020,2020-11-08,26.84,46.0,34.599,19.16
ES,2020,2020-11-09,32.97,60.55,46.255,27.58
ES,2020,2020-11-10,44.55,62.38,50.506,17.83
ES,2020,2020-11-11,34.8,51.82,43.179,17.02
ES,2020,2020-11-12,40.09,52.72,45.245,12.63
ES,2020,2020-11-13,37.02,50.05,44.363,13.03
ES,2020,2020-11-14,30.25,44.56,37.831,14.31
ES,2020,2020-11-15,8.0,43.02,24.584,35.02
ES,2020,2020-11-16,31.3,51.9,42.643,20.6
ES,2020,2020-11-17,35.89,50.0,44.369,14.11
ES,2020,2020-11-18,30.25,52.55,42.67,22.3
ES,2020,2020-11-19,32.02,48.11,38.911,16.09
ES,2020,2020-11-20,31.64,49.37,41.263,17.73
ES,2020,2020-11-21,30.4,50.98,40.528,20.58
ES,2020,2020-11-22,33.3,51.8,42.162,18.5
ES,2020,2020-11-23,40.07,62.03,50.409,21.96
ES,2020,2020-11-24,36.28,55.3,46.353,19.02
ES,2020,2020-11-25,33.5,59.02,47.603,25.52
ES,2020,2020-11-26,36.57,55.96,48.305,19.39
ES,2020,2020-11-27,40.37,61.25,52.682,20.88
ES,2020,2020-11-28,41.97,56.14,47.785,14.17
ES,2020,2020-11-29,35.97,58.97,45.631,23.0
ES,2020,2020-11-30,38.82,60.02,52.215,21.2
ES,2020,2020-12-01,36.49,58.03,50.439,21.54
ES,2020,2020-12-02,37.0,60.8,49.446,23.8
ES,2020,2020-12-03,30.0,62.57,48.756,32.57
ES,2020,2020-12-04,24.04,56.74,44.127,32.7
ES,2020,2020-12-05,38.28,51.05,44.91,12.77
ES,2020,2020-12-06,30.03,53.01,39.783,22.98
ES,2020,2020-12-07,26.99,47.36,37.63,20.37
ES,2020,2020-12-08,1.95,51.44,28.219,49.49
ES,2020,2020-12-09,34.15,54.68,47.079,20.53
ES,2020,2020-12-10,29.5,52.53,43.348,23.03
ES,2020,2020-12-11,19.5,45.5,37.17,26.0
ES,2020,2020-12-12,16.09,53.5,36.78,37.41
ES,2020,2020-12-13,32.6,53.0,42.818,20.4
ES,2020,2020-12-14,29.5,56.02,46.759,26.52
ES,2020,2020-12-15,34.0,60.19,48.778,26.19
ES,2020,2020-12-16,31.28,62.02,49.896,30.74
ES,2020,2020-12-17,44.62,68.9,56.716,24.28
ES,2020,2020-12-18,36.5,58.91,48.735,22.41
ES,2020,2020-12-19,31.0,54.3,44.644,23.3
ES,2020,2020-12-20,34.4,52.81,43.115,18.41
ES,2020,2020-12-21,32.93,53.68,47.077,20.75
ES,2020,2020-12-22,35.0,54.15,46.39,19.15
ES,2020,2020-12-23,31.91,53.35,46.453,21.44
ES,2020,2020-12-24,29.9,48.28,39.421,18.38
ES,2020,2020-12-25,1.95,36.0,16.29,34.05
ES,2020,2020-12-26,17.22,48.7,32.976,31.48
ES,2020,2020-12-27,14.0,37.13,25.477,23.13
ES,2020,2020-12-28,1.95,44.1,20.808,42.15
ES,2020,2020-12-29,18.96,54.26,39.138,35.3
ES,2020,2020-12-30,33.5,59.96,48.912,26.46
ES,2020,2020-12-31,31.67,61.08,49.025,29.41
ES,2021,2021-01-01,35.5,57.4,42.336,21.9
ES,2021,2021-01-02,37.55,60.43,48.696,22.88
ES,2021,2021-01-03,35.5,61.09,47.099,25.59
ES,2021,2021-01-04,41.62,72.6,60.452,30.98
ES,2021,2021-01-05,50.56,80.0,67.726,29.44
ES,2021,2021-01-06,53.51,90.0,70.932,36.49
ES,2021,2021-01-07,58.0,108.97,89.717,50.97
ES,2021,2021-01-08,60.0,114.89,93.913,54.89
ES,2021,2021-01-09,50.25,121.24,80.32,70.99
ES,2021,2021-01-10,48.45,110.29,66.115,61.84
ES,2021,2021-01-11,46.36,121.14,83.161,74.78
ES,2021,2021-01-12,55.18,114.02,84.228,58.84
ES,2021,2021-01-13,61.35,112.84,90.772,51.49
ES,2021,2021-01-14,60.0,107.72,86.163,47.72
ES,2021,2021-01-15,52.7,98.02,78.234,45.32
ES,2021,2021-01-16,52.0,93.79,67.79,41.79
ES,2021,2021-01-17,54.99,87.84,65.146,32.85
ES,2021,2021-01-18,70.0,115.98,82.192,45.98
ES,2021,2021-01-19,50.15,93.72,75.053,43.57
ES,2021,2021-01-20,29.67,67.9,50.852,38.23
ES,2021,2021-01-21,3.15,58.75,41.858,55.6
ES,2021,2021-01-22,23.03,57.24,41.835,34.21
ES,2021,2021-01-23,10.25,49.98,27.02,39.73
ES,2021,2021-01-24,1.95,59.26,29.784,57.31
ES,2021,2021-01-25,32.14,75.04,59.88,42.9
ES,2021,2021-01-26,48.6,82.04,65.626,33.44
ES,2021,2021-01-27,42.04,70.67,59.675,28.63
ES,2021,2021-01-28,42.4,66.1,55.217,23.7
ES,2021,2021-01-29,12.97,60.79,46.15,47.82
ES,2021,2021-01-30,1.95,14.0,3.727,12.05
ES,2021,2021-01-31,0.16,1.96,1.419,1.8
ES,2021,2021-02-01,0.16,39.3,12.244,39.14
ES,2021,2021-02-02,3.19,47.0,26.769,43.81
ES,2021,2021-02-03,6.4,53.25,36.96,46.85
ES,2021,2021-02-04,33.5,67.51,52.54,34.01
ES,2021,2021-02-05,40.52,61.61,50.928,21.09
ES,2021,2021-02-06,18.05,42.98,34.932,24.93
ES,2021,2021-02-07,0.16,27.0,11.91,26.84
ES,2021,2021-02-08,1.29,25.26,8.297,23.97
ES,2021,2021-02-09,1.1,15.11,7.356,14.01
ES,2021,2021-02-10,1.95,80.0,27.968,78.05
ES,2021,2021-02-11,3.84,72.4,47.301,68.56
ES,2021,2021-02-12,10.25,61.01,36.764,50.76
ES,2021,2021-02-13,10.0,69.0,37.068,59.0
ES,2021,2021-02-14,1.95,29.25,12.127,27.3
ES,2021,2021-02-15,0.16,45.59,14.851,45.43
ES,2021,2021-02-16,1.0,68.25,25.651,67.25
ES,2021,2021-02-17,21.75,61.27,41.086,39.52
ES,2021,2021-02-18,3.74,61.16,36.341,57.42
ES,2021,2021-02-19,1.95,41.2,21.281,39.25
ES,2021,2021-02-20,0.16,10.0,2.25,9.84
ES,2021,2021-02-21,1.95,30.0,6.779,28.05
ES,2021,2021-02-22,19.32,65.68,39.879,46.36
ES,2021,2021-02-23,20.69,59.22,42.772,38.53
ES,2021,2021-02-24,1.95,51.83,25.425,49.88
ES,2021,2021-02-25,33.3,65.73,46.248,32.43
ES,2021,2021-02-26,33.9,57.91,45.88,24.01
ES,2021,2021-02-27,14.49,45.41,28.181,30.92
ES,2021,2021-02-28,12.85,40.73,19.404,27.88
ES,2021,2021-03-01,26.6,64.39,42.615,37.79
ES,2021,2021-03-02,42.1,78.62,52.945,36.52
ES,2021,2021-03-03,43.81,70.0,53.301,26.19
ES,2021,2021-03-04,43.39,66.14,55.267,22.75
ES,2021,2021-03-05,42.03,67.97,52.43,25.94
ES,2021,2021-03-06,39.75,58.87,44.959,19.12
ES,2021,2021-03-07,40.0,60.91,47.139,20.91
ES,2021,2021-03-08,42.51,66.18,54.669,23.67
ES,2021,2021-03-09,43.09,75.01,56.98,31.92
ES,2021,2021-03-10,40.17,69.9,55.226,29.73
ES,2021,2021-03-11,16.75,56.59,40.377,39.84
ES,2021,2021-03-12,24.87,57.74,40.6,32.87
ES,2021,2021-03-13,4.04,45.99,27.042,41.95
ES,2021,2021-03-14,5.0,56.56,25.473,51.56
ES,2021,2021-03-15,33.41,59.93,47.438,26.52
ES,2021,2021-03-16,21.6,50.76,33.615,29.16
ES,2021,2021-03-17,8.43,28.57,17.347,20.14
ES,2021,2021-03-18,21.89,52.01,33.13,30.12
ES,2021,2021-03-19,21.1,46.85,29.409,25.75
ES,2021,2021-03-20,12.44,46.01,22.616,33.57
ES,2021,2021-03-21,19.6,59.18,30.909,39.58
ES,2021,2021-03-22,47.01,75.0,56.254,27.99
ES,2021,2021-03-23,55.0,83.49,64.572,28.49
ES,2021,2021-03-24,58.07,84.0,64.826,25.93
ES,2021,2021-03-25,57.49,85.43,66.316,27.94
ES,2021,2021-03-26,43.0,69.01,59.504,26.01
ES,2021,2021-03-27,26.5,66.1,41.29,39.6
ES,2021,2021-03-28,19.0,55.75,38.122,36.75
ES,2021,2021-03-29,19.69,68.15,46.485,48.46
ES,2021,2021-03-30,39.78,76.73,54.117,36.95
ES,2021,2021-03-31,42.2,76.39,54.936,34.19
ES,2021,2021-04-01,40.53,66.6,52.729,26.07
ES,2021,2021-04-02,35.0,60.67,49.623,25.67
ES,2021,2021-04-03,3.0,53.2,34.52,50.2
ES,2021,2021-04-04,0.9,47.45,28.296,46.55
ES,2021,2021-04-05,31.9,60.68,45.669,28.78
ES,2021,2021-04-06,43.93,69.01,57.004,25.08
ES,2021,2021-04-07,58.0,86.99,66.362,28.99
ES,2021,2021-04-08,57.0,81.77,69.952,24.77
ES,2021,2021-04-09,58.12,86.48,71.282,28.36
ES,2021,2021-04-10,55.07,73.82,64.707,18.75
ES,2021,2021-04-11,34.84,67.2,51.665,32.36
ES,2021,2021-04-12,49.6,78.74,64.485,29.14
ES,2021,2021-04-13,62.36,88.32,75.558,25.96
ES,2021,2021-04-14,61.97,88.41,73.074,26.44
ES,2021,2021-04-15,59.18,78.0,68.803,18.82
ES,2021,2021-04-16,53.66,80.0,68.693,26.34
ES,2021,2021-04-17,50.72,78.47,64.201,27.75
ES,2021,2021-04-18,51.34,82.51,65.515,31.17
ES,2021,2021-04-19,65.16,89.5,78.565,24.34
ES,2021,2021-04-20,66.01,93.92,78.964,27.91
ES,2021,2021-04-21,67.3,92.62,78.861,25.32
ES,2021,2021-04-22,65.16,85.93,75.267,20.77
ES,2021,2021-04-23,51.24,83.73,67.312,32.49
ES,2021,2021-04-24,32.07,77.0,57.321,44.93
ES,2021,2021-04-25,50.0,88.09,61.902,38.09
ES,2021,2021-04-26,66.36,86.01,76.394,19.65
ES,2021,2021-04-27,66.36,85.32,77.463,18.96
ES,2021,2021-04-28,59.18,85.57,74.268,26.39
ES,2021,2021-04-29,65.0,86.7,75.499,21.7
ES,2021,2021-04-30,64.6,90.0,77.891,25.4
ES,2021,2021-05-01,45.53,81.52,58.697,35.99
ES,2021,2021-05-02,52.0,82.62,61.195,30.62
ES,2021,2021-05-03,52.64,87.0,75.828,34.36
ES,2021,2021-05-04,69.55,89.05,80.37,19.5
ES,2021,2021-05-05,65.55,85.5,75.765,19.95
ES,2021,2021-05-06,63.05,85.0,72.968,21.95
ES,2021,2021-05-07,56.8,90.0,74.056,33.2
ES,2021,2021-05-08,0.16,70.86,41.585,70.7
ES,2021,2021-05-09,0.01,54.3,13.254,54.29
ES,2021,2021-05-10,35.8,83.16,61.205,47.36
ES,2021,2021-05-11,23.19,79.62,53.497,56.43
ES,2021,2021-05-12,5.0,78.08,53.365,73.08
ES,2021,2021-05-13,36.52,79.96,60.471,43.44
ES,2021,2021-05-14,60.0,87.02,71.311,27.02
ES,2021,2021-05-15,1.95,72.64,40.733,70.69
ES,2021,2021-05-16,1.0,70.99,28.006,69.99
ES,2021,2021-05-17,54.49,94.65,78.986,40.16
ES,2021,2021-05-18,60.16,90.07,76.506,29.91
ES,2021,2021-05-19,62.08,97.01,77.513,34.93
ES,2021,2021-05-20,68.0,94.9,80.315,26.9
ES,2021,2021-05-21,37.98,86.01,68.323,48.03
ES,2021,2021-05-22,47.5,80.43,66.625,32.93
ES,2021,2021-05-23,53.85,80.0,68.264,26.15
ES,2021,2021-05-24,56.67,85.56,68.743,28.89
ES,2021,2021-05-25,62.4,84.65,76.415,22.25
ES,2021,2021-05-26,74.01,90.0,81.387,15.99
ES,2021,2021-05-27,83.7,91.96,86.613,8.26
ES,2021,2021-05-28,83.34,96.51,89.096,13.17
ES,2021,2021-05-29,61.91,89.8,80.752,27.89
ES,2021,2021-05-30,62.57,93.84,72.682,31.27
ES,2021,2021-05-31,82.89,95.0,88.167,12.11
ES,2021,2021-06-01,74.1,92.54,86.525,18.44
ES,2021,2021-06-02,74.36,92.76,84.305,18.4
ES,2021,2021-06-03,65.86,89.18,79.36,23.32
ES,2021,2021-06-04,69.1,89.18,80.264,20.08
ES,2021,2021-06-05,65.65,84.55,77.021,18.9
ES,2021,2021-06-06,39.33,85.93,67.924,46.6
ES,2021,2021-06-07,65.86,90.0,80.408,24.14
ES,2021,2021-06-08,74.47,93.85,82.363,19.38
ES,2021,2021-06-09,72.42,88.11,81.598,15.69
ES,2021,2021-06-10,73.58,92.5,83.459,18.92
ES,2021,2021-06-11,69.05,92.26,82.563,23.21
ES,2021,2021-06-12,68.65,91.88,77.433,23.23
ES,2021,2021-06-13,69.95,95.0,79.786,25.05
ES,2021,2021-06-14,81.71,98.35,88.567,16.64
ES,2021,2021-06-15,81.2,100.0,91.597,18.8
ES,2021,2021-06-16,82.58,105.51,94.689,22.93
ES,2021,2021-06-17,76.29,102.37,92.583,26.08
ES,2021,2021-06-18,86.0,100.02,92.781,14.02
ES,2021,2021-06-19,65.99,92.75,85.611,26.76
ES,2021,2021-06-20,3.84,88.13,51.851,84.29
ES,2021,2021-06-21,62.49,94.07,84.793,31.58
ES,2021,2021-06-22,82.41,96.0,89.274,13.59
ES,2021,2021-06-23,79.29,95.0,89.283,15.71
ES,2021,2021-06-24,68.93,94.32,85.939,25.39
ES,2021,2021-06-25,75.44,98.35,87.134,22.91
ES,2021,2021-06-26,64.87,93.35,83.734,28.48
ES,2021,2021-06-27,12.82,92.91,63.38,80.09
ES,2021,2021-06-28,67.99,98.98,87.646,30.99
ES,2021,2021-06-29,87.12,103.49,93.315,16.37
ES,2021,2021-06-30,85.92,99.93,94.148,14.01
ES,2021,2021-07-01,84.04,100.0,93.025,15.96
ES,2021,2021-07-02,82.57,110.0,99.458,27.43
ES,2021,2021-07-03,73.75,106.95,93.785,33.2
ES,2021,2021-07-04,58.45,104.92,79.648,46.47
ES,2021,2021-07-05,78.4,105.69,94.0,27.29
ES,2021,2021-07-06,78.27,104.73,93.656,26.46
ES,2021,2021-07-07,86.74,108.01,98.177,21.27
ES,2021,2021-07-08,77.5,102.1,93.827,24.6
ES,2021,2021-07-09,82.5,107.63,93.785,25.13
ES,2021,2021-07-10,73.0,100.05,90.785,27.05
ES,2021,2021-07-11,67.98,103.63,89.866,35.65
ES,2021,2021-07-12,72.68,105.98,86.548,33.3
ES,2021,2021-07-13,81.02,106.97,95.344,25.95
ES,2021,2021-07-14,72.67,95.41,82.74,22.74
ES,2021,2021-07-15,69.61,98.0,87.585,28.39
ES,2021,2021-07-16,70.99,101.55,88.135,30.56
ES,2021,2021-07-17,83.25,101.3,90.834,18.05
ES,2021,2021-07-18,7.0,100.38,74.663,93.38
ES,2021,2021-07-19,92.09,109.28,99.205,17.19
ES,2021,2021-07-20,94.0,111.36,102.614,17.36
ES,2021,2021-07-21,100.83,110.64,106.009,9.81
ES,2021,2021-07-22,95.75,106.04,101.672,10.29
ES,2021,2021-07-23,75.8,106.91,95.024,31.11
ES,2021,2021-07-24,73.49,106.23,92.58,32.74
ES,2021,2021-07-25,77.7,111.09,92.622,33.39
ES,2021,2021-07-26,86.6,108.23,100.158,21.63
ES,2021,2021-07-27,79.1,104.54,97.274,25.44
ES,2021,2021-07-28,73.86,109.58,97.114,35.72
ES,2021,2021-07-29,87.0,107.25,99.076,20.25
ES,2021,2021-07-30,70.99,104.02,93.11,33.03
ES,2021,2021-07-31,2.67,76.65,61.14,73.98
ES,2021,2021-08-01,63.99,110.68,78.947,46.69
ES,2021,2021-08-02,98.55,108.41,103.382,9.86
ES,2021,2021-08-03,100.85,113.51,106.45,12.66
ES,2021,2021-08-04,88.91,116.86,105.473,27.95
ES,2021,2021-08-05,77.75,115.27,101.112,37.52
ES,2021,2021-08-06,71.11,108.01,96.865,36.9
ES,2021,2021-08-07,0.9,101.24,65.46,100.34
ES,2021,2021-08-08,62.99,108.56,86.159,45.57
ES,2021,2021-08-09,97.95,114.07,107.145,16.12
ES,2021,2021-08-10,102.02,120.0,111.682,17.98
ES,2021,2021-08-11,99.48,125.43,114.436,25.95
ES,2021,2021-08-12,105.51,130.0,115.961,24.49
ES,2021,2021-08-13,101.52,128.54,117.886,27.02
ES,2021,2021-08-14,89.14,130.0,114.636,40.86
ES,2021,2021-08-15,84.47,123.09,107.668,38.62
ES,2021,2021-08-16,82.6,109.35,88.12,26.75
ES,2021,2021-08-17,82.09,120.0,89.622,37.91
ES,2021,2021-08-18,83.99,126.84,106.199,42.85
ES,2021,2021-08-19,89.14,129.37,115.292,40.23
ES,2021,2021-08-20,104.07,126.14,117.023,22.07
ES,2021,2021-08-21,91.2,123.0,109.434,31.8
ES,2021,2021-08-22,86.62,108.39,98.689,21.77
ES,2021,2021-08-23,85.49,115.54,99.551,30.05
ES,2021,2021-08-24,84.34,120.35,104.276,36.01
ES,2021,2021-08-25,105.72,129.15,117.665,23.43
ES,2021,2021-08-26,119.95,129.81,122.815,9.86
ES,2021,2021-08-27,106.75,128.29,119.275,21.54
ES,2021,2021-08-28,87.95,125.01,107.774,37.06
ES,2021,2021-08-29,93.06,128.41,103.872,35.35
ES,2021,2021-08-30,112.31,132.92,125.368,20.61
ES,2021,2021-08-31,123.35,137.46,130.28,14.11
ES,2021,2021-09-01,114.74,140.6,133.471,25.86
ES,2021,2021-09-02,137.45,148.0,140.407,10.55
ES,2021,2021-09-03,119.42,150.0,138.325,30.58
ES,2021,2021-09-04,106.3,152.27,134.756,45.97
ES,2021,2021-09-05,104.2,155.0,127.49,50.8
ES,2021,2021-09-06,108.52,153.63,131.588,45.11
ES,2021,2021-09-07,105.1,153.45,128.742,48.35
ES,2021,2021-09-08,109.08,152.36,135.821,43.28
ES,2021,2021-09-09,120.92,155.62,142.893,34.7
ES,2021,2021-09-10,146.29,159.31,152.525,13.02
ES,2021,2021-09-11,120.48,165.0,151.203,44.52
ES,2021,2021-09-12,110.01,167.53,143.763,57.52
ES,2021,2021-09-13,121.59,170.0,151.285,48.41
ES,2021,2021-09-14,119.95,172.0,157.457,52.05
ES,2021,2021-09-15,159.42,192.83,174.427,33.41
ES,2021,2021-09-16,172.8,198.85,186.85,26.05
ES,2021,2021-09-17,140.66,188.17,166.779,47.51
ES,2021,2021-09-18,125.94,187.18,158.082,61.24
ES,2021,2021-09-19,99.99,187.92,145.28,87.93
ES,2021,2021-09-20,128.01,188.64,155.092,60.63
ES,2021,2021-09-21,120.64,190.0,152.418,69.36
ES,2021,2021-09-22,140.0,196.57,175.56,56.57
ES,2021,2021-09-23,132.3,192.52,166.142,60.22
ES,2021,2021-09-24,148.35,190.0,174.837,41.65
ES,2021,2021-09-25,114.96,188.17,165.46,73.21
ES,2021,2021-09-26,115.0,199.0,159.444,84.0
ES,2021,2021-09-27,138.6,195.26,176.887,56.66
ES,2021,2021-09-28,154.58,195.33,181.82,40.75
ES,2021,2021-09-29,157.02,208.47,188.658,51.45
ES,2021,2021-09-30,145.0,223.42,194.681,78.42
ES,2021,2021-10-01,198.77,234.37,216.876,35.6
ES,2021,2021-10-02,54.13,224.0,162.955,169.87
ES,2021,2021-10-03,15.0,210.98,115.656,195.98
ES,2021,2021-10-04,141.59,249.0,189.739,107.41
ES,2021,2021-10-05,165.0,256.47,207.616,91.47
ES,2021,2021-10-06,193.2,280.0,231.585,86.8
ES,2021,2021-10-07,225.63,319.03,284.74,93.4
ES,2021,2021-10-08,188.6,290.0,230.351,101.4
ES,2021,2021-10-09,175.59,254.45,220.592,78.86
ES,2021,2021-10-10,135.07,251.6,173.09,116.53
ES,2021,2021-10-11,125.01,241.27,187.021,116.26
ES,2021,2021-10-12,149.36,226.74,183.006,77.38
ES,2021,2021-10-13,132.43,240.0,189.401,107.57
ES,2021,2021-10-14,175.25,260.0,217.871,84.75
ES,2021,2021-10-15,201.06,265.0,232.382,63.94
ES,2021,2021-10-16,192.07,264.54,224.802,72.47
ES,2021,2021-10-17,183.84,270.0,210.525,86.16
ES,2021,2021-10-18,193.73,280.0,227.024,86.27
ES,2021,2021-10-19,171.6,256.33,204.09,84.73
ES,2021,2021-10-20,144.98,261.53,203.148,116.55
ES,2021,2021-10-21,180.59,250.0,207.354,69.41
ES,2021,2021-10-22,173.27,255.5,204.015,82.23
ES,2021,2021-10-23,179.21,256.95,213.73,77.74
ES,2021,2021-10-24,174.93,271.8,213.153,96.87
ES,2021,2021-10-25,193.29,262.0,223.345,68.71
ES,2021,2021-10-26,181.26,270.0,218.475,88.74
ES,2021,2021-10-27,180.1,263.29,223.747,83.19
ES,2021,2021-10-28,130.0,252.33,199.083,122.33
ES,2021,2021-10-29,90.11,216.53,172.33,126.42
ES,2021,2021-10-30,58.79,192.07,125.882,133.28
ES,2021,2021-10-31,52.79,148.0,76.278,95.21
ES,2021,2021-11-01,15.0,183.0,92.558,168.0
ES,2021,2021-11-02,94.13,223.55,147.43,129.42
ES,2021,2021-11-03,118.0,202.9,155.073,84.9
ES,2021,2021-11-04,143.06,199.64,171.834,56.58
ES,2021,2021-11-05,138.25,203.24,172.337,64.99
ES,2021,2021-11-06,131.83,190.31,155.458,58.48
ES,2021,2021-11-07,58.78,194.8,132.972,136.02
ES,2021,2021-11-08,139.36,203.71,166.845,64.35
ES,2021,2021-11-09,145.36,220.01,179.869,74.65
ES,2021,2021-11-10,168.03,230.01,198.489,61.98
ES,2021,2021-11-11,152.5,234.0,183.879,81.5
ES,2021,2021-11-12,159.87,211.05,185.261,51.18
ES,2021,2021-11-13,151.82,220.0,180.255,68.18
ES,2021,2021-11-14,145.0,206.21,171.685,61.21
ES,2021,2021-11-15,145.64,235.0,181.268,89.36
ES,2021,2021-11-16,160.25,250.0,194.705,89.75
ES,2021,2021-11-17,163.22,249.9,195.984,86.68
ES,2021,2021-11-18,177.63,276.63,226.885,99.0
ES,2021,2021-11-19,198.0,266.08,228.123,68.08
ES,2021,2021-11-20,188.0,269.66,221.247,81.66
ES,2021,2021-11-21,207.79,257.63,227.922,49.84
ES,2021,2021-11-22,194.51,264.7,235.923,70.19
ES,2021,2021-11-23,190.83,277.77,226.202,86.94
ES,2021,2021-11-24,194.01,265.0,225.59,70.99
ES,2021,2021-11-25,201.28,256.94,228.945,55.66
ES,2021,2021-11-26,194.34,251.32,226.898,56.98
ES,2021,2021-11-27,171.77,243.63,203.799,71.86
ES,2021,2021-11-28,174.5,247.94,200.977,73.44
ES,2021,2021-11-29,99.94,290.0,217.324,190.06
ES,2021,2021-11-30,220.12,309.3,275.963,89.18
ES,2021,2021-12-01,192.81,280.57,244.793,87.76
ES,2021,2021-12-02,171.3,277.98,221.156,106.68
ES,2021,2021-12-03,194.06,272.98,226.044,78.92
ES,2021,2021-12-04,175.4,250.0,218.184,74.6
ES,2021,2021-12-05,2.67,251.65,103.182,248.98
ES,2021,2021-12-06,177.37,273.61,210.478,96.24
ES,2021,2021-12-07,176.0,237.21,209.926,61.21
ES,2021,2021-12-08,14.0,238.75,109.966,224.75
ES,2021,2021-12-09,175.1,252.59,215.75,77.49
ES,2021,2021-12-10,98.13,262.16,210.034,164.03
ES,2021,2021-12-11,201.6,292.0,241.281,90.4
ES,2021,2021-12-12,218.01,298.0,256.456,79.99
ES,2021,2021-12-13,217.71,315.43,269.89,97.72
ES,2021,2021-12-14,250.0,320.0,287.954,70.0
ES,2021,2021-12-15,261.73,319.13,291.552,57.4
ES,2021,2021-12-16,251.78,345.0,302.41,93.22
ES,2021,2021-12-17,250.0,350.0,310.065,100.0
ES,2021,2021-12-18,265.77,342.03,307.392,76.26
ES,2021,2021-12-19,274.9,350.0,318.936,75.1
ES,2021,2021-12-20,267.99,375.0,340.073,107.01
ES,2021,2021-12-21,270.0,370.0,328.625,100.0
ES,2021,2021-12-22,331.4,386.1,361.341,54.7
ES,2021,2021-12-23,303.0,409.0,381.88,106.0
ES,2021,2021-12-24,245.12,373.34,306.935,128.22
ES,2021,2021-12-25,125.31,315.12,225.53,189.81
ES,2021,2021-12-26,52.64,241.25,181.392,188.61
ES,2021,2021-12-27,2.67,207.1,96.572,204.43
ES,2021,2021-12-28,8.06,176.03,106.346,167.97
ES,2021,2021-12-29,90.82,255.0,184.781,164.18
ES,2021,2021-12-30,150.0,252.22,198.57,102.22
ES,2021,2021-12-31,111.1,193.15,140.649,82.05
ES,2022,2022-01-01,70.05,190.81,122.102,120.76
ES,2022,2022-01-02,103.7,209.1,138.98,105.4
ES,2022,2022-01-03,100.36,189.26,148.164,88.9
ES,2022,2022-01-04,105.0,190.0,151.922,85.0
ES,2022,2022-01-05,75.38,250.34,183.827,174.96
ES,2022,2022-01-06,170.1,278.36,213.242,108.26
ES,2022,2022-01-07,162.8,270.02,218.212,107.22
ES,2022,2022-01-08,109.18,237.86,196.745,128.68
ES,2022,2022-01-09,14.0,240.0,122.871,226.0
ES,2022,2022-01-10,158.7,294.98,217.852,136.28
ES,2022,2022-01-11,193.0,262.66,222.593,69.66
ES,2022,2022-01-12,178.33,261.38,205.791,83.05
ES,2022,2022-01-13,182.88,262.95,215.73,80.07
ES,2022,2022-01-14,180.3,235.01,203.656,54.71
ES,2022,2022-01-15,193.04,267.03,218.981,73.99
ES,2022,2022-01-16,186.6,265.36,214.205,78.76
ES,2022,2022-01-17,209.55,285.68,243.06,76.13
ES,2022,2022-01-18,193.99,272.22,223.179,78.23
ES,2022,2022-01-19,179.64,259.81,211.89,80.17
ES,2022,2022-01-20,160.69,239.38,190.048,78.69
ES,2022,2022-01-21,154.7,214.7,179.627,60.0
ES,2022,2022-01-22,166.9,245.27,190.592,78.37
ES,2022,2022-01-23,179.04,249.0,201.054,69.96
ES,2022,2022-01-24,177.46,297.33,228.249,119.87
ES,2022,2022-01-25,196.24,256.36,225.261,60.12
ES,2022,2022-01-26,225.01,250.0,236.502,24.99
ES,2022,2022-01-27,215.75,249.01,232.241,33.26
ES,2022,2022-01-28,190.0,255.38,224.418,65.38
ES,2022,2022-01-29,181.97,263.03,223.623,81.06
ES,2022,2022-01-30,206.5,268.65,230.832,62.15
ES,2022,2022-01-31,167.8,260.0,220.402,92.2
ES,2022,2022-02-01,169.97,253.0,205.556,83.03
ES,2022,2022-02-02,168.08,270.09,211.437,102.01
ES,2022,2022-02-03,173.25,246.0,207.14,72.75
ES,2022,2022-02-04,166.59,233.34,197.873,66.75
ES,2022,2022-02-05,170.47,226.5,197.222,56.03
ES,2022,2022-02-06,172.18,246.43,190.459,74.25
ES,2022,2022-02-07,165.97,253.61,206.233,87.64
ES,2022,2022-02-08,170.88,250.0,204.157,79.12
ES,2022,2022-02-09,182.59,257.28,210.997,74.69
ES,2022,2022-02-10,172.23,248.01,205.398,75.78
ES,2022,2022-02-11,165.0,241.18,197.04,76.18
ES,2022,2022-02-12,166.79,231.55,199.265,64.76
ES,2022,2022-02-13,70.0,214.23,161.276,144.23
ES,2022,2022-02-14,105.0,248.71,185.182,143.71
ES,2022,2022-02-15,162.52,250.79,198.85,88.27
ES,2022,2022-02-16,130.0,236.73,176.345,106.73
ES,2022,2022-02-17,100.0,268.12,166.592,168.12
ES,2022,2022-02-18,129.0,215.0,181.031,86.0
ES,2022,2022-02-19,77.2,204.79,140.55,127.59
ES,2022,2022-02-20,125.52,225.0,162.767,99.48
ES,2022,2022-02-21,125.52,237.0,182.384,111.48
ES,2022,2022-02-22,140.0,221.7,179.821,81.7
ES,2022,2022-02-23,163.07,244.08,197.198,81.01
ES,2022,2022-02-24,163.71,234.49,206.41,70.78
ES,2022,2022-02-25,153.32,300.0,242.44,146.68
ES,2022,2022-02-26,237.14,300.7,259.89,63.56
ES,2022,2022-02-27,209.14,350.0,258.46,140.86
ES,2022,2022-02-28,218.97,346.0,276.688,127.03
ES,2022,2022-03-01,220.98,315.87,257.915,94.89
ES,2022,2022-03-02,204.15,331.16,257.369,127.01
ES,2022,2022-03-03,260.0,400.0,342.308,140.0
ES,2022,2022-03-04,264.61,410.0,341.8,145.39
ES,2022,2022-03-05,311.0,409.3,367.138,98.3
ES,2022,2022-03-06,334.21,470.01,381.166,135.8
ES,2022,2022-03-07,379.02,500.0,442.917,120.98
ES,2022,2022-03-08,424.88,700.0,547.455,275.12
ES,2022,2022-03-09,356.74,605.0,467.46,248.26
ES,2022,2022-03-10,270.0,452.69,365.248,182.69
ES,2022,2022-03-11,144.8,403.97,285.412,259.17
ES,2022,2022-03-12,195.15,292.91,242.905,97.76
ES,2022,2022-03-13,174.51,389.9,251.1,215.39
ES,2022,2022-03-14,214.48,295.0,248.537,80.52
ES,2022,2022-03-15,209.79,311.71,251.242,101.92
ES,2022,2022-03-16,191.54,306.7,261.634,115.16
ES,2022,2022-03-17,184.49,295.92,217.038,111.43
ES,2022,2022-03-18,198.88,290.19,234.654,91.31
ES,2022,2022-03-19,187.07,285.02,220.06,97.95
ES,2022,2022-03-20,186.8,250.0,207.246,63.2
ES,2022,2022-03-21,189.99,287.57,229.891,97.58
ES,2022,2022-03-22,194.75,278.9,225.996,84.15
ES,2022,2022-03-23,180.28,249.3,212.491,69.02
ES,2022,2022-03-24,183.15,270.0,227.45,86.85
ES,2022,2022-03-25,226.01,300.0,264.004,73.99
ES,2022,2022-03-26,199.69,292.24,237.113,92.55
ES,2022,2022-03-27,173.75,285.0,217.179,111.25
ES,2022,2022-03-28,195.01,288.86,233.213,93.85
ES,2022,2022-03-29,210.0,279.6,250.392,69.6
ES,2022,2022-03-30,228.78,282.69,256.608,53.91
ES,2022,2022-03-31,175.65,290.57,233.959,114.92
ES,2022,2022-04-01,176.44,319.32,232.244,142.88
ES,2022,2022-04-02,93.69,300.0,224.665,206.31
ES,2022,2022-04-03,129.99,284.03,219.993,154.04
ES,2022,2022-04-04,172.65,298.06,256.141,125.41
ES,2022,2022-04-05,205.5,300.97,267.771,95.47
ES,2022,2022-04-06,198.94,311.59,251.991,112.65
ES,2022,2022-04-07,165.46,270.0,211.858,104.54
ES,2022,2022-04-08,7.0,252.08,157.998,245.08
ES,2022,2022-04-09,184.67,294.88,244.46,110.21
ES,2022,2022-04-10,1.03,270.93,147.465,269.9
ES,2022,2022-04-11,55.1,270.2,169.168,215.1
ES,2022,2022-04-12,183.0,282.26,239.948,99.26
ES,2022,2022-04-13,190.9,260.0,228.083,69.1
ES,2022,2022-04-14,190.0,272.31,219.804,82.31
ES,2022,2022-04-15,151.11,237.29,198.32,86.18
ES,2022,2022-04-16,40.32,205.81,149.132,165.49
ES,2022,2022-04-17,3.7,191.54,106.214,187.84
ES,2022,2022-04-18,45.0,219.69,104.744,174.69
ES,2022,2022-04-19,55.11,170.91,112.626,115.8
ES,2022,2022-04-20,6.0,154.5,88.326,148.5
ES,2022,2022-04-21,101.0,223.61,166.541,122.61
ES,2022,2022-04-22,173.15,244.1,205.156,70.95
ES,2022,2022-04-23,1.17,182.48,82.317,181.31
ES,2022,2022-04-24,102.0,267.43,158.152,165.43
ES,2022,2022-04-25,170.0,275.71,224.105,105.71
ES,2022,2022-04-26,205.0,270.01,231.616,65.01
ES,2022,2022-04-27,190.96,265.98,221.302,75.02
ES,2022,2022-04-28,196.3,267.85,224.285,71.55
ES,2022,2022-04-29,186.0,254.97,214.2,68.97
ES,2022,2022-04-30,138.0,232.01,186.942,94.01
ES,2022,2022-05-01,95.05,227.0,177.434,131.95
ES,2022,2022-05-02,152.89,217.2,188.109,64.31
ES,2022,2022-05-03,155.74,223.5,195.574,67.76
ES,2022,2022-05-04,185.25,218.0,201.531,32.75
ES,2022,2022-05-05,157.24,225.14,192.49,67.9
ES,2022,2022-05-06,150.05,231.47,196.93,81.42
ES,2022,2022-05-07,145.23,229.0,184.306,83.77
ES,2022,2022-05-08,93.26,238.35,172.679,145.09
ES,2022,2022-05-09,183.94,250.44,209.309,66.5
ES,2022,2022-05-10,176.22,237.95,207.787,61.73
ES,2022,2022-05-11,154.4,228.84,183.968,74.44
ES,2022,2022-05-12,161.11,227.49,190.67,66.38
ES,2022,2022-05-13,164.99,242.74,204.092,77.75
ES,2022,2022-05-14,136.59,241.87,190.39,105.28
ES,2022,2022-05-15,1.03,226.18,124.644,225.15
ES,2022,2022-05-16,160.32,248.08,197.322,87.76
ES,2022,2022-05-17,160.99,265.88,199.15,104.89
ES,2022,2022-05-18,165.04,237.72,194.345,72.68
ES,2022,2022-05-19,157.14,236.21,192.122,79.07
ES,2022,2022-05-20,169.27,230.72,201.328,61.45
ES,2022,2022-05-21,159.33,228.11,180.57,68.78
ES,2022,2022-05-22,101.4,227.9,169.862,126.5
ES,2022,2022-05-23,165.76,230.02,192.56,64.26
ES,2022,2022-05-24,159.22,220.3,181.345,61.08
ES,2022,2022-05-25,155.0,227.98,183.89,72.98
ES,2022,2022-05-26,150.2,218.0,172.072,67.8
ES,2022,2022-05-27,146.04,214.57,168.349,68.53
ES,2022,2022-05-28,126.04,227.98,163.98,101.94
ES,2022,2022-05-29,120.0,228.03,163.54,108.03
ES,2022,2022-05-30,169.0,250.2,208.222,81.2
ES,2022,2022-05-31,180.18,247.77,213.54,67.59
ES,2022,2022-06-01,171.1,262.6,212.381,91.5
ES,2022,2022-06-02,171.85,256.46,214.286,84.61
ES,2022,2022-06-03,172.44,240.0,214.75,67.56
ES,2022,2022-06-04,155.6,245.86,202.846,90.26
ES,2022,2022-06-05,153.51,245.0,192.087,91.49
ES,2022,2022-06-06,168.05,235.8,194.298,67.75
ES,2022,2022-06-07,164.07,228.81,191.953,64.74
ES,2022,2022-06-08,160.23,215.01,185.195,54.78
ES,2022,2022-06-09,154.37,215.71,183.238,61.34
ES,2022,2022-06-10,168.92,220.46,195.905,51.54
ES,2022,2022-06-11,159.0,233.22,189.193,74.22
ES,2022,2022-06-12,65.34,225.88,167.035,160.54
ES,2022,2022-06-13,160.5,238.4,203.128,77.9
ES,2022,2022-06-14,183.5,242.27,211.49,58.77
ES,2022,2022-06-15,144.17,195.52,164.881,51.35
ES,2022,2022-06-16,150.0,210.44,171.724,60.44
ES,2022,2022-06-17,159.81,226.05,179.5,66.24
ES,2022,2022-06-18,95.17,189.0,143.54,93.83
ES,2022,2022-06-19,50.0,250.0,123.149,200.0
ES,2022,2022-06-20,110.44,197.91,155.782,87.47
ES,2022,2022-06-21,126.36,180.03,147.212,53.67
ES,2022,2022-06-22,132.66,195.66,155.078,63.0
ES,2022,2022-06-23,124.32,180.0,147.872,55.68
ES,2022,2022-06-24,111.7,191.52,139.793,79.82
ES,2022,2022-06-25,65.71,169.56,125.156,103.85
ES,2022,2022-06-26,74.25,153.21,117.713,78.96
ES,2022,2022-06-27,115.25,181.0,143.688,65.75
ES,2022,2022-06-28,131.2,171.09,146.414,39.89
ES,2022,2022-06-29,92.07,172.28,130.748,80.21
ES,2022,2022-06-30,99.36,158.6,132.879,59.24
ES,2022,2022-07-01,124.99,167.29,146.674,42.3
ES,2022,2022-07-02,109.25,170.34,142.257,61.09
ES,2022,2022-07-03,91.2,193.06,133.71,101.86
ES,2022,2022-07-04,130.0,176.0,157.831,46.0
ES,2022,2022-07-05,114.57,163.58,138.518,49.01
ES,2022,2022-07-06,115.55,174.5,146.2,58.95
ES,2022,2022-07-07,108.01,169.0,125.241,60.99
ES,2022,2022-07-08,120.89,169.12,146.589,48.23
ES,2022,2022-07-09,129.5,179.85,148.471,50.35
ES,2022,2022-07-10,116.62,184.0,139.409,67.38
ES,2022,2022-07-11,135.06,191.39,157.413,56.33
ES,2022,2022-07-12,123.55,201.6,156.228,78.05
ES,2022,2022-07-13,140.0,190.0,160.79,50.0
ES,2022,2022-07-14,140.0,178.17,159.01,38.17
ES,2022,2022-07-15,126.0,184.01,149.302,58.01
ES,2022,2022-07-16,103.5,176.16,131.705,72.66
ES,2022,2022-07-17,69.05,179.27,104.207,110.22
ES,2022,2022-07-18,91.27,150.01,116.861,58.74
ES,2022,2022-07-19,118.49,182.49,143.246,64.0
ES,2022,2022-07-20,136.5,154.35,146.532,17.85
ES,2022,2022-07-21,111.25,151.22,139.213,39.97
ES,2022,2022-07-22,110.1,157.49,134.289,47.39
ES,2022,2022-07-23,139.87,221.1,157.082,81.23
ES,2022,2022-07-24,91.47,192.01,138.052,100.54
ES,2022,2022-07-25,125.12,172.26,154.6,47.14
ES,2022,2022-07-26,125.1,165.0,145.894,39.9
ES,2022,2022-07-27,125.12,180.0,151.258,54.88
ES,2022,2022-07-28,150.29,179.0,167.994,28.71
ES,2022,2022-07-29,119.0,163.78,141.847,44.78
ES,2022,2022-07-30,114.3,150.0,126.548,35.7
ES,2022,2022-07-31,80.0,183.03,116.16,103.03
ES,2022,2022-08-01,123.72,165.09,147.328,41.37
ES,2022,2022-08-02,129.0,180.0,152.229,51.0
ES,2022,2022-08-03,126.0,176.0,147.86,50.0
ES,2022,2022-08-04,124.99,165.01,145.242,40.02
ES,2022,2022-08-05,120.3,164.0,134.936,43.7
ES,2022,2022-08-06,112.3,180.0,137.334,67.7
ES,2022,2022-08-07,72.08,175.0,124.057,102.92
ES,2022,2022-08-08,126.0,170.36,146.185,44.36
ES,2022,2022-08-09,121.0,170.17,143.485,49.17
ES,2022,2022-08-10,122.0,171.68,145.44,49.68
ES,2022,2022-08-11,122.5,176.07,150.818,53.57
ES,2022,2022-08-12,124.69,182.78,158.453,58.09
ES,2022,2022-08-13,118.25,190.94,153.864,72.69
ES,2022,2022-08-14,90.4,200.01,147.85,109.61
ES,2022,2022-08-15,110.0,195.0,145.085,85.0
ES,2022,2022-08-16,105.0,180.03,142.961,75.03
ES,2022,2022-08-17,99.67,172.01,137.755,72.34
ES,2022,2022-08-18,98.6,189.33,132.693,90.73
ES,2022,2022-08-19,90.0,230.18,139.762,140.18
ES,2022,2022-08-20,120.0,230.0,170.835,110.0
ES,2022,2022-08-21,25.09,207.9,140.858,182.81
ES,2022,2022-08-22,125.0,250.0,175.515,125.0
ES,2022,2022-08-23,148.6,250.0,185.335,101.4
ES,2022,2022-08-24,140.07,236.79,184.082,96.72
ES,2022,2022-08-25,133.1,209.26,161.583,76.16
ES,2022,2022-08-26,125.0,243.86,175.582,118.86
ES,2022,2022-08-27,127.0,242.82,163.151,115.82
ES,2022,2022-08-28,57.91,225.0,138.199,167.09
ES,2022,2022-08-29,132.9,253.07,189.695,120.17
ES,2022,2022-08-30,160.0,237.0,200.935,77.0
ES,2022,2022-08-31,156.25,227.0,185.595,70.75
ES,2022,2022-09-01,141.98,250.0,189.919,108.02
ES,2022,2022-09-02,119.77,205.27,151.645,85.5
ES,2022,2022-09-03,23.77,206.8,123.103,183.03
ES,2022,2022-09-04,19.9,252.02,148.222,232.12
ES,2022,2022-09-05,121.19,277.0,184.989,155.81
ES,2022,2022-09-06,107.07,261.67,164.904,154.6
ES,2022,2022-09-07,48.42,189.15,109.933,140.73
ES,2022,2022-09-08,125.0,250.0,158.338,125.0
ES,2022,2022-09-09,118.0,250.0,161.334,132.0
ES,2022,2022-09-10,120.83,300.0,176.134,179.17
ES,2022,2022-09-11,98.5,252.0,159.517,153.5
ES,2022,2022-09-12,120.0,240.01,171.282,120.01
ES,2022,2022-09-13,90.0,212.0,127.22,122.0
ES,2022,2022-09-14,94.25,240.0,139.032,145.75
ES,2022,2022-09-15,155.0,215.25,177.648,60.25
ES,2022,2022-09-16,63.93,202.28,162.335,138.35
ES,2022,2022-09-17,10.0,167.5,67.21,157.5
ES,2022,2022-09-18,61.01,202.28,133.631,141.27
ES,2022,2022-09-19,144.15,248.8,192.252,104.65
ES,2022,2022-09-20,109.5,191.85,145.892,82.35
ES,2022,2022-09-21,104.89,187.93,141.696,83.04
ES,2022,2022-09-22,138.7,250.0,173.862,111.3
ES,2022,2022-09-23,95.7,182.17,128.36,86.47
ES,2022,2022-09-24,50.1,160.0,102.756,109.9
ES,2022,2022-09-25,1.29,156.82,70.374,155.53
ES,2022,2022-09-26,75.64,218.6,124.284,142.96
ES,2022,2022-09-27,21.01,164.0,98.719,142.99
ES,2022,2022-09-28,36.18,203.74,108.013,167.56
ES,2022,2022-09-29,86.0,200.0,112.805,114.0
ES,2022,2022-09-30,80.0,218.0,122.048,138.0
ES,2022,2022-10-01,72.72,218.65,119.016,145.93
ES,2022,2022-10-02,88.0,232.99,146.765,144.99
ES,2022,2022-10-03,165.0,270.0,200.615,105.0
ES,2022,2022-10-04,130.0,280.0,191.031,150.0
ES,2022,2022-10-05,90.17,250.0,159.009,159.83
ES,2022,2022-10-06,75.0,220.0,117.006,145.0
ES,2022,2022-10-07,112.38,240.0,155.438,127.62
ES,2022,2022-10-08,81.49,190.01,118.28,108.52
ES,2022,2022-10-09,75.44,214.83,112.061,139.39
ES,2022,2022-10-10,102.84,270.0,168.465,167.16
ES,2022,2022-10-11,135.1,246.0,170.751,110.9
ES,2022,2022-10-12,104.57,188.6,130.292,84.03
ES,2022,2022-10-13,111.94,202.07,147.509,90.13
ES,2022,2022-10-14,92.0,202.0,133.946,110.0
ES,2022,2022-10-15,58.4,167.76,114.076,109.36
ES,2022,2022-10-16,70.1,148.9,103.925,78.8
ES,2022,2022-10-17,89.64,205.0,139.933,115.36
ES,2022,2022-10-18,47.83,162.01,107.408,114.18
ES,2022,2022-10-19,48.37,136.74,78.297,88.37
ES,2022,2022-10-20,64.22,122.96,87.301,58.74
ES,2022,2022-10-21,75.0,172.76,112.014,97.76
ES,2022,2022-10-22,55.2,140.67,101.126,85.47
ES,2022,2022-10-23,4.11,138.22,73.465,134.11
ES,2022,2022-10-24,77.6,180.01,111.483,102.41
ES,2022,2022-10-25,78.6,153.32,105.549,74.72
ES,2022,2022-10-26,85.4,147.0,109.067,61.6
ES,2022,2022-10-27,89.64,172.32,113.87,82.68
ES,2022,2022-10-28,88.02,140.0,111.237,51.98
ES,2022,2022-10-29,80.9,139.17,103.795,58.27
ES,2022,2022-10-30,98.5,225.35,137.819,126.85
ES,2022,2022-10-31,114.6,250.0,163.185,135.4
ES,2022,2022-11-01,80.88,180.0,109.012,99.12
ES,2022,2022-11-02,101.01,189.0,126.458,87.99
ES,2022,2022-11-03,90.91,173.52,123.192,82.61
ES,2022,2022-11-04,112.44,217.74,150.255,105.3
ES,2022,2022-11-05,102.58,170.0,124.445,67.42
ES,2022,2022-11-06,90.93,155.61,113.673,64.68
ES,2022,2022-11-07,96.03,159.93,118.955,63.9
ES,2022,2022-11-08,72.25,158.9,113.867,86.65
ES,2022,2022-11-09,97.27,190.0,133.012,92.73
ES,2022,2022-11-10,105.63,199.39,135.607,93.76
ES,2022,2022-11-11,99.33,145.9,120.539,46.57
ES,2022,2022-11-12,78.16,177.44,107.025,99.28
ES,2022,2022-11-13,101.56,170.23,131.956,68.67
ES,2022,2022-11-14,107.57,172.77,138.166,65.2
ES,2022,2022-11-15,87.0,154.8,108.845,67.8
ES,2022,2022-11-16,49.97,126.53,102.288,76.56
ES,2022,2022-11-17,10.0,138.0,81.542,128.0
ES,2022,2022-11-18,63.87,237.0,113.644,173.13
ES,2022,2022-11-19,22.0,123.0,68.637,101.0
ES,2022,2022-11-20,63.4,157.96,96.738,94.56
ES,2022,2022-11-21,48.9,101.84,78.605,52.94
ES,2022,2022-11-22,47.2,108.0,74.236,60.8
ES,2022,2022-11-23,4.11,160.0,93.582,155.89
ES,2022,2022-11-24,110.97,195.76,138.025,84.79
ES,2022,2022-11-25,106.23,182.61,140.948,76.38
ES,2022,2022-11-26,102.65,175.01,130.26,72.36
ES,2022,2022-11-27,92.0,156.27,115.348,64.27
ES,2022,2022-11-28,65.88,165.9,103.785,100.02
ES,2022,2022-11-29,92.0,190.42,122.5,98.42
ES,2022,2022-11-30,130.0,186.0,152.031,56.0
ES,2022,2022-12-01,120.0,175.8,148.748,55.8
ES,2022,2022-12-02,91.79,171.95,128.079,80.16
ES,2022,2022-12-03,103.48,180.95,122.102,77.47
ES,2022,2022-12-04,168.0,256.68,191.462,88.68
ES,2022,2022-12-05,156.51,245.58,206.621,89.07
ES,2022,2022-12-06,131.3,194.83,152.854,63.53
ES,2022,2022-12-07,125.01,156.85,141.582,31.84
ES,2022,2022-12-08,102.5,166.44,122.098,63.94
ES,2022,2022-12-09,110.0,170.42,144.272,60.42
ES,2022,2022-12-10,82.0,187.0,127.419,105.0
ES,2022,2022-12-11,114.6,181.07,144.091,66.47
ES,2022,2022-12-12,4.11,148.92,109.834,144.81
ES,2022,2022-12-13,4.11,147.0,97.723,142.89
ES,2022,2022-12-14,1.8,192.69,86.227,190.89
ES,2022,2022-12-15,81.8,190.72,131.678,108.92
ES,2022,2022-12-16,101.0,155.01,129.398,54.01
ES,2022,2022-12-17,109.99,153.05,133.458,43.06
ES,2022,2022-12-18,70.9,112.0,94.855,41.1
ES,2022,2022-12-19,41.0,130.0,79.951,89.0
ES,2022,2022-12-20,4.11,107.0,66.019,102.89
ES,2022,2022-12-21,32.53,95.76,62.995,63.23
ES,2022,2022-12-22,8.65,75.74,51.035,67.09
ES,2022,2022-12-23,4.12,67.9,24.001,63.78
ES,2022,2022-12-24,4.13,106.48,34.558,102.35
ES,2022,2022-12-25,1.45,50.3,17.167,48.85
ES,2022,2022-12-26,24.1,189.26,78.736,165.16
ES,2022,2022-12-27,40.28,164.69,107.663,124.41
ES,2022,2022-12-28,2.97,79.74,39.856,76.77
ES,2022,2022-12-29,0.03,32.5,16.235,32.47
ES,2022,2022-12-30,0.57,21.78,5.895,21.21
ES,2022,2022-12-31,0.0,20.0,2.61,20.0
ES,2023,2023-01-01,0.0,61.38,9.255,61.38
ES,2023,2023-01-02,42.0,174.74,115.41,132.74
ES,2023,2023-01-03,113.63,171.18,138.369,57.55
ES,2023,2023-01-04,80.23,167.29,114.218,87.06
ES,2023,2023-01-05,61.97,177.98,109.692,116.01
ES,2023,2023-01-06,53.42,137.73,101.899,84.31
ES,2023,2023-01-07,4.16,50.0,21.84,45.84
ES,2023,2023-01-08,4.16,40.0,10.202,35.84
ES,2023,2023-01-09,4.2,171.62,89.986,167.42
ES,2023,2023-01-10,35.0,144.74,106.441,109.74
ES,2023,2023-01-11,4.16,139.02,85.273,134.86
ES,2023,2023-01-12,55.7,142.22,92.286,86.52
ES,2023,2023-01-13,38.7,154.7,89.323,116.0
ES,2023,2023-01-14,25.0,73.5,50.706,48.5
ES,2023,2023-01-15,3.1,50.56,21.184,47.46
ES,2023,2023-01-16,3.0,34.2,13.222,31.2
ES,2023,2023-01-17,0.65,17.5,5.081,16.85
ES,2023,2023-01-18,0.1,122.7,23.154,122.6
ES,2023,2023-01-19,18.35,94.8,34.848,76.45
ES,2023,2023-01-20,29.99,207.8,92.322,177.81
ES,2023,2023-01-21,32.37,111.56,57.083,79.19
ES,2023,2023-01-22,11.0,128.97,38.434,117.97
ES,2023,2023-01-23,34.44,157.22,72.462,122.78
ES,2023,2023-01-24,47.85,220.0,88.99,172.15
ES,2023,2023-01-25,64.8,210.34,92.035,145.54
ES,2023,2023-01-26,48.8,99.76,66.482,50.96
ES,2023,2023-01-27,15.0,82.01,45.305,67.01
ES,2023,2023-01-28,15.0,74.89,41.932,59.89
ES,2023,2023-01-29,36.45,178.58,71.104,142.13
ES,2023,2023-01-30,90.0,220.0,135.714,130.0
ES,2023,2023-01-31,99.0,187.36,127.422,88.36
ES,2023,2023-02-01,98.15,189.74,127.979,91.59
ES,2023,2023-02-02,113.74,181.93,138.71,68.19
ES,2023,2023-02-03,106.63,185.13,139.928,78.5
ES,2023,2023-02-04,87.6,151.6,123.339,64.0
ES,2023,2023-02-05,17.69,144.59,79.43,126.9
ES,2023,2023-02-06,87.9,186.21,136.309,98.31
ES,2023,2023-02-07,111.97,165.74,137.39,53.77
ES,2023,2023-02-08,108.0,166.45,138.334,58.45
ES,2023,2023-02-09,136.85,165.0,144.84,28.15
ES,2023,2023-02-10,123.63,163.44,141.955,39.81
ES,2023,2023-02-11,103.36,161.01,131.803,57.65
ES,2023,2023-02-12,120.0,173.46,137.752,53.46
ES,2023,2023-02-13,129.04,186.59,146.581,57.55
ES,2023,2023-02-14,127.9,171.37,142.669,43.47
ES,2023,2023-02-15,121.75,175.0,145.94,53.25
ES,2023,2023-02-16,120.0,175.0,144.519,55.0
ES,2023,2023-02-17,110.0,162.09,134.664,52.09
ES,2023,2023-02-18,110.92,156.02,128.291,45.1
ES,2023,2023-02-19,104.41,159.2,122.899,54.79
ES,2023,2023-02-20,108.58,168.72,135.71,60.14
ES,2023,2023-02-21,130.56,175.61,151.033,45.05
ES,2023,2023-02-22,123.0,164.5,144.246,41.5
ES,2023,2023-02-23,115.27,164.46,140.52,49.19
ES,2023,2023-02-24,120.21,174.18,149.104,53.97
ES,2023,2023-02-25,117.93,163.34,142.162,45.41
ES,2023,2023-02-26,4.16,137.0,79.535,132.84
ES,2023,2023-02-27,89.98,174.49,118.936,84.51
ES,2023,2023-02-28,104.8,176.17,133.14,71.37
ES,2023,2023-03-01,121.13,170.41,145.94,49.28
ES,2023,2023-03-02,117.0,184.0,142.169,67.0
ES,2023,2023-03-03,115.5,169.0,142.334,53.5
ES,2023,2023-03-04,111.9,173.2,138.646,61.3
ES,2023,2023-03-05,123.26,184.02,144.129,60.76
ES,2023,2023-03-06,134.0,172.6,147.317,38.6
ES,2023,2023-03-07,92.1,152.1,119.07,60.0
ES,2023,2023-03-08,60.2,140.0,98.854,79.8
ES,2023,2023-03-09,14.0,121.36,71.081,107.36
ES,2023,2023-03-10,4.16,124.22,43.091,120.06
ES,2023,2023-03-11,1.49,100.0,32.151,98.51
ES,2023,2023-03-12,48.6,141.04,78.893,92.44
ES,2023,2023-03-13,4.16,95.11,35.215,90.95
ES,2023,2023-03-14,2.36,179.84,66.688,177.48
ES,2023,2023-03-15,107.0,190.0,131.989,83.0
ES,2023,2023-03-16,29.59,132.42,86.259,102.83
ES,2023,2023-03-17,27.83,127.69,71.59,99.86
ES,2023,2023-03-18,70.0,144.15,101.557,74.15
ES,2023,2023-03-19,50.0,152.91,96.456,102.91
ES,2023,2023-03-20,97.25,165.47,121.43,68.22
ES,2023,2023-03-21,99.0,145.66,118.848,46.66
ES,2023,2023-03-22,59.1,140.0,100.842,80.9
ES,2023,2023-03-23,42.06,122.61,82.036,80.55
ES,2023,2023-03-24,11.22,116.23,58.862,105.01
ES,2023,2023-03-25,0.0,77.0,38.846,77.0
ES,2023,2023-03-26,0.0,104.63,33.335,104.63
ES,2023,2023-03-27,49.25,187.6,105.196,138.35
ES,2023,2023-03-28,70.43,160.0,109.359,89.57
ES,2023,2023-03-29,4.16,121.87,63.801,117.71
ES,2023,2023-03-30,0.1,91.0,30.265,90.9
ES,2023,2023-03-31,0.19,82.19,20.625,82.0
ES,2023,2023-04-01,4.16,63.78,29.474,59.62
ES,2023,2023-04-02,0.0,52.62,18.388,52.62
ES,2023,2023-04-03,19.2,165.33,64.266,146.13
ES,2023,2023-04-04,8.0,108.76,56.98,100.76
ES,2023,2023-04-05,42.02,166.06,107.445,124.04
ES,2023,2023-04-06,25.0,133.67,88.294,108.67
ES,2023,2023-04-07,1.5,143.35,83.801,141.85
ES,2023,2023-04-08,10.0,140.21,86.807,130.21
ES,2023,2023-04-09,0.1,126.39,72.828,126.29
ES,2023,2023-04-10,0.1,89.7,50.727,89.6
ES,2023,2023-04-11,35.0,142.13,92.352,107.13
ES,2023,2023-04-12,1.6,98.62,38.652,97.02
ES,2023,2023-04-13,0.1,123.54,58.036,123.44
ES,2023,2023-04-14,1.5,87.41,42.258,85.91
ES,2023,2023-04-15,0.0,44.28,21.065,44.28
ES,2023,2023-04-16,0.0,127.85,30.141,127.85
ES,2023,2023-04-17,25.0,134.25,67.472,109.25
ES,2023,2023-04-18,74.74,141.4,98.567,66.66
ES,2023,2023-04-19,88.58,145.0,113.631,56.42
ES,2023,2023-04-20,49.87,147.42,107.736,97.55
ES,2023,2023-04-21,25.0,145.99,100.442,120.99
ES,2023,2023-04-22,4.16,129.27,78.009,125.11
ES,2023,2023-04-23,0.0,125.02,48.951,125.02
ES,2023,2023-04-24,25.0,136.55,94.957,111.55
ES,2023,2023-04-25,20.0,141.54,89.105,121.54
ES,2023,2023-04-26,79.47,146.12,109.596,66.65
ES,2023,2023-04-27,86.48,142.58,109.379,56.1
ES,2023,2023-04-28,80.0,126.93,107.5,46.93
ES,2023,2023-04-29,4.16,120.0,81.948,115.84
ES,2023,2023-04-30,1.5,122.2,65.848,120.7
ES,2023,2023-05-01,0.0,122.57,61.007,122.57
ES,2023,2023-05-02,81.97,148.16,109.113,66.19
ES,2023,2023-05-03,25.0,122.99,82.085,97.99
ES,2023,2023-05-04,59.79,128.58,92.435,68.79
ES,2023,2023-05-05,75.43,130.0,101.666,54.57
ES,2023,2023-05-06,50.0,118.77,90.055,68.77
ES,2023,2023-05-07,4.17,115.5,63.28,111.33
ES,2023,2023-05-08,77.99,126.14,97.837,48.15
ES,2023,2023-05-09,35.0,121.0,88.722,86.0
ES,2023,2023-05-10,45.1,129.0,83.262,83.9
ES,2023,2023-05-11,45.21,113.95,81.404,68.74
ES,2023,2023-05-12,7.62,115.47,73.478,107.85
ES,2023,2023-05-13,2.91,101.11,50.074,98.2
ES,2023,2023-05-14,0.0,98.96,40.952,98.96
ES,2023,2023-05-15,4.16,103.5,53.59,99.34
ES,2023,2023-05-16,4.17,99.25,42.045,95.08
ES,2023,2023-05-17,18.16,99.25,49.574,81.09
ES,2023,2023-05-18,15.0,94.94,52.93,79.94
ES,2023,2023-05-19,30.87,95.17,59.735,64.3
ES,2023,2023-05-20,4.16,81.06,43.383,76.9
ES,2023,2023-05-21,0.0,91.0,34.795,91.0
ES,2023,2023-05-22,73.64,113.42,89.629,39.78
ES,2023,2023-05-23,60.0,105.0,83.559,45.0
ES,2023,2023-05-24,71.75,104.96,85.338,33.21
ES,2023,2023-05-25,34.99,106.29,74.938,71.3
ES,2023,2023-05-26,4.17,120.0,66.477,115.83
ES,2023,2023-05-27,57.85,110.0,87.189,52.15
ES,2023,2023-05-28,50.0,115.38,84.037,65.38
ES,2023,2023-05-29,80.0,131.86,95.559,51.86
ES,2023,2023-05-30,75.0,124.03,93.371,49.03
ES,2023,2023-05-31,65.7,119.06,87.742,53.36
ES,2023,2023-06-01,68.18,103.79,84.893,35.61
ES,2023,2023-06-02,74.26,103.53,87.272,29.27
ES,2023,2023-06-03,56.0,103.34,79.35,47.34
ES,2023,2023-06-04,25.0,103.64,67.505,78.64
ES,2023,2023-06-05,66.54,103.67,86.397,37.13
ES,2023,2023-06-06,68.5,102.7,86.29,34.2
ES,2023,2023-06-07,65.7,107.36,88.16,41.66
ES,2023,2023-06-08,64.06,100.55,81.189,36.49
ES,2023,2023-06-09,59.75,104.43,81.555,44.68
ES,2023,2023-06-10,48.61,111.81,80.778,63.2
ES,2023,2023-06-11,10.0,111.99,67.19,101.99
ES,2023,2023-06-12,78.7,116.93,94.53,38.23
ES,2023,2023-06-13,68.15,106.16,89.0,38.01
ES,2023,2023-06-14,55.07,114.69,85.57,59.62
ES,2023,2023-06-15,90.0,146.8,106.512,56.8
ES,2023,2023-06-16,97.01,156.13,122.61,59.12
ES,2023,2023-06-17,39.38,142.0,96.739,102.62
ES,2023,2023-06-18,25.1,137.06,84.899,111.96
ES,2023,2023-06-19,85.9,144.68,108.02,58.78
ES,2023,2023-06-20,88.78,142.25,111.806,53.47
ES,2023,2023-06-21,95.78,151.15,118.759,55.37
ES,2023,2023-06-22,93.6,147.18,121.392,53.58
ES,2023,2023-06-23,82.17,136.9,109.467,54.73
ES,2023,2023-06-24,10.0,132.82,83.33,122.82
ES,2023,2023-06-25,0.0,127.59,69.42,127.59
ES,2023,2023-06-26,71.61,129.16,94.45,57.55
ES,2023,2023-06-27,83.2,127.6,99.673,44.4
ES,2023,2023-06-28,86.16,130.9,105.508,44.74
ES,2023,2023-06-29,82.51,129.29,103.371,46.78
ES,2023,2023-06-30,78.6,123.2,96.011,44.6
ES,2023,2023-07-01,0.0,120.2,59.834,120.2
ES,2023,2023-07-02,0.0,130.0,50.923,130.0
ES,2023,2023-07-03,88.08,139.49,116.734,51.41
ES,2023,2023-07-04,84.74,140.7,112.04,55.96
ES,2023,2023-07-05,90.1,135.14,107.358,45.04
ES,2023,2023-07-06,85.02,131.83,111.776,46.81
ES,2023,2023-07-07,64.98,126.87,101.225,61.89
ES,2023,2023-07-08,35.0,132.86,88.891,97.86
ES,2023,2023-07-09,40.98,134.1,90.873,93.12
ES,2023,2023-07-10,88.32,151.65,110.622,63.33
ES,2023,2023-07-11,87.12,128.21,104.382,41.09
ES,2023,2023-07-12,86.75,123.79,100.735,37.04
ES,2023,2023-07-13,88.72,137.31,103.674,48.59
ES,2023,2023-07-14,45.68,118.0,86.611,72.32
ES,2023,2023-07-15,1.64,107.02,60.686,105.38
ES,2023,2023-07-16,15.69,114.95,60.166,99.26
ES,2023,2023-07-17,70.0,126.44,88.645,56.44
ES,2023,2023-07-18,81.66,120.01,97.338,38.35
ES,2023,2023-07-19,77.09,116.03,94.535,38.94
ES,2023,2023-07-20,75.03,112.47,93.659,37.44
ES,2023,2023-07-21,74.0,111.51,93.275,37.51
ES,2023,2023-07-22,69.6,115.67,91.762,46.07
ES,2023,2023-07-23,0.0,114.95,61.732,114.95
ES,2023,2023-07-24,66.2,105.84,89.687,39.64
ES,2023,2023-07-25,71.5,120.01,91.119,48.51
ES,2023,2023-07-26,84.82,127.0,102.551,42.18
ES,2023,2023-07-27,73.6,121.0,98.716,47.4
ES,2023,2023-07-28,75.65,113.82,97.632,38.17
ES,2023,2023-07-29,25.0,110.86,80.096,85.86
ES,2023,2023-07-30,11.2,113.93,67.722,102.73
ES,2023,2023-07-31,70.5,106.96,89.322,36.46
ES,2023,2023-08-01,64.6,115.0,86.274,50.4
ES,2023,2023-08-02,25.0,96.09,75.28,71.09
ES,2023,2023-08-03,23.51,95.0,64.8,71.49
ES,2023,2023-08-04,27.63,101.55,67.843,73.92
ES,2023,2023-08-05,25.0,92.58,65.878,67.58
ES,2023,2023-08-06,0.0,81.25,28.468,81.25
ES,2023,2023-08-07,47.8,124.95,77.781,77.15
ES,2023,2023-08-08,78.5,127.66,96.495,49.16
ES,2023,2023-08-09,79.51,130.81,100.533,51.3
ES,2023,2023-08-10,82.21,125.51,105.316,43.3
ES,2023,2023-08-11,89.0,130.82,112.606,41.82
ES,2023,2023-08-12,70.51,123.55,97.244,53.04
ES,2023,2023-08-13,6.76,120.01,73.355,113.25
ES,2023,2023-08-14,67.13,125.12,97.916,57.99
ES,2023,2023-08-15,45.85,133.04,94.577,87.19
ES,2023,2023-08-16,86.0,136.1,107.321,50.1
ES,2023,2023-08-17,89.98,136.01,114.486,46.03
ES,2023,2023-08-18,82.85,130.52,107.305,47.67
ES,2023,2023-08-19,84.76,140.36,110.715,55.6
ES,2023,2023-08-20,82.5,139.54,112.313,57.04
ES,2023,2023-08-21,97.09,149.58,118.188,52.49
ES,2023,2023-08-22,99.51,158.61,121.411,59.1
ES,2023,2023-08-23,111.12,180.34,134.893,69.22
ES,2023,2023-08-24,103.81,171.16,130.197,67.35
ES,2023,2023-08-25,91.33,140.61,111.509,49.28
ES,2023,2023-08-26,81.93,128.22,101.076,46.29
ES,2023,2023-08-27,0.0,127.55,51.75,127.55
ES,2023,2023-08-28,40.0,138.08,91.193,98.08
ES,2023,2023-08-29,78.91,139.07,102.78,60.16
ES,2023,2023-08-30,86.51,138.45,108.73,51.94
ES,2023,2023-08-31,88.0,136.66,110.663,48.66
ES,2023,2023-09-01,74.46,127.82,105.335,53.36
ES,2023,2023-09-02,79.45,131.31,101.536,51.86
ES,2023,2023-09-03,4.3,110.78,61.243,106.48
ES,2023,2023-09-04,52.14,138.33,88.419,86.19
ES,2023,2023-09-05,80.31,149.23,105.432,68.92
ES,2023,2023-09-06,79.27,152.5,107.014,73.23
ES,2023,2023-09-07,81.71,146.75,106.822,65.04
ES,2023,2023-09-08,80.0,149.05,104.742,69.05
ES,2023,2023-09-09,57.89,137.67,100.565,79.78
ES,2023,2023-09-10,54.0,131.57,101.902,77.57
ES,2023,2023-09-11,90.0,148.8,116.629,58.8
ES,2023,2023-09-12,97.2,147.47,115.977,50.27
ES,2023,2023-09-13,90.55,137.5,107.543,46.95
ES,2023,2023-09-14,88.99,145.91,108.114,56.92
ES,2023,2023-09-15,94.75,130.5,115.803,35.75
ES,2023,2023-09-16,73.41,122.69,98.032,49.28
ES,2023,2023-09-17,4.08,122.69,61.647,118.61
ES,2023,2023-09-18,80.2,164.12,109.375,83.92
ES,2023,2023-09-19,85.51,143.0,108.061,57.49
ES,2023,2023-09-20,35.0,116.61,91.429,81.61
ES,2023,2023-09-21,70.0,121.38,93.867,51.38
ES,2023,2023-09-22,70.77,133.59,103.356,62.82
ES,2023,2023-09-23,60.0,150.82,110.78,90.82
ES,2023,2023-09-24,0.0,160.51,82.213,160.51
ES,2023,2023-09-25,85.93,160.0,118.632,74.07
ES,2023,2023-09-26,98.0,163.77,123.569,65.77
ES,2023,2023-09-27,77.14,170.0,114.352,92.86
ES,2023,2023-09-28,82.18,147.65,114.003,65.47
ES,2023,2023-09-29,90.87,149.25,119.626,58.38
ES,2023,2023-09-30,40.0,150.58,104.741,110.58
ES,2023,2023-10-01,4.3,142.45,95.509,138.15
ES,2023,2023-10-02,87.7,160.07,115.361,72.37
ES,2023,2023-10-03,35.0,134.27,103.286,99.27
ES,2023,2023-10-04,82.85,139.93,103.789,57.08
ES,2023,2023-10-05,80.03,139.4,105.197,59.37
ES,2023,2023-10-06,81.4,130.0,105.278,48.6
ES,2023,2023-10-07,60.0,125.0,99.625,65.0
ES,2023,2023-10-08,54.59,139.01,104.636,84.42
ES,2023,2023-10-09,93.0,184.5,121.145,91.5
ES,2023,2023-10-10,99.25,159.48,125.736,60.23
ES,2023,2023-10-11,90.0,158.28,123.74,68.28
ES,2023,2023-10-12,88.23,152.03,121.583,63.8
ES,2023,2023-10-13,90.0,143.0,119.525,53.0
ES,2023,2023-10-14,108.57,143.09,135.113,34.52
ES,2023,2023-10-15,98.0,163.42,132.115,65.42
ES,2023,2023-10-16,110.24,220.0,139.562,109.76
ES,2023,2023-10-17,38.0,144.76,102.302,106.76
ES,2023,2023-10-18,4.3,102.56,57.735,98.26
ES,2023,2023-10-19,4.3,95.72,68.439,91.42
ES,2023,2023-10-20,1.64,74.99,25.12,73.35
ES,2023,2023-10-21,10.0,200.0,67.685,190.0
ES,2023,2023-10-22,46.2,113.93,85.3,67.73
ES,2023,2023-10-23,96.9,215.02,126.072,118.12
ES,2023,2023-10-24,64.75,132.13,99.339,67.38
ES,2023,2023-10-25,17.45,109.68,66.894,92.23
ES,2023,2023-10-26,11.97,78.25,49.393,66.28
ES,2023,2023-10-27,4.3,92.49,26.572,88.19
ES,2023,2023-10-28,0.0,23.55,5.867,23.55
ES,2023,2023-10-29,0.0,64.21,12.854,64.21
ES,2023,2023-10-30,4.3,96.81,37.229,92.51
ES,2023,2023-10-31,16.75,172.04,103.056,155.29
ES,2023,2023-11-01,0.01,12.52,4.007,12.51
ES,2023,2023-11-02,0.06,10.0,4.368,9.94
ES,2023,2023-11-03,0.0,15.5,5.808,15.5
ES,2023,2023-11-04,0.0,4.3,1.337,4.3
ES,2023,2023-11-05,0.0,25.02,5.609,25.02
ES,2023,2023-11-06,1.77,151.74,57.983,149.97
ES,2023,2023-11-07,68.01,150.59,98.353,82.58
ES,2023,2023-11-08,66.76,127.43,90.766,60.67
ES,2023,2023-11-09,30.0,112.22,70.696,82.22
ES,2023,2023-11-10,19.08,106.43,52.467,87.35
ES,2023,2023-11-11,1.62,20.17,8.117,18.55
ES,2023,2023-11-12,3.42,77.8,22.497,74.38
ES,2023,2023-11-13,18.02,107.0,52.357,88.98
ES,2023,2023-11-14,38.33,118.22,68.745,79.89
ES,2023,2023-11-15,74.0,129.9,94.901,55.9
ES,2023,2023-11-16,79.9,125.28,102.708,45.38
ES,2023,2023-11-17,92.79,150.33,118.19,57.54
ES,2023,2023-11-18,66.05,111.16,87.692,45.11
ES,2023,2023-11-19,20.78,114.18,71.707,93.4
ES,2023,2023-11-20,44.13,125.71,92.191,81.58
ES,2023,2023-11-21,10.0,76.3,40.56,66.3
ES,2023,2023-11-22,7.41,68.1,29.698,60.69
ES,2023,2023-11-23,23.96,125.76,52.723,101.8
ES,2023,2023-11-24,30.0,105.59,67.72,75.59
ES,2023,2023-11-25,62.6,130.26,89.258,67.66
ES,2023,2023-11-26,99.0,156.68,117.026,57.68
ES,2023,2023-11-27,77.74,144.99,106.942,67.25
ES,2023,2023-11-28,64.47,161.99,108.957,97.52
ES,2023,2023-11-29,57.79,100.28,84.185,42.49
ES,2023,2023-11-30,59.01,150.2,99.561,91.19
ES,2023,2023-12-01,64.25,127.96,96.19,63.71
ES,2023,2023-12-02,56.0,129.64,82.418,73.64
ES,2023,2023-12-03,58.1,96.0,78.274,37.9
ES,2023,2023-12-04,45.1,123.02,78.605,77.92
ES,2023,2023-12-05,83.62,147.47,113.308,63.85
ES,2023,2023-12-06,90.59,129.91,105.966,39.32
ES,2023,2023-12-07,37.94,95.0,82.696,57.06
ES,2023,2023-12-08,4.3,63.37,21.908,59.07
ES,2023,2023-12-09,16.66,76.27,35.161,59.61
ES,2023,2023-12-10,15.8,62.4,38.876,46.6
ES,2023,2023-12-11,10.0,123.57,75.921,113.57
ES,2023,2023-12-12,49.0,92.13,68.895,43.13
ES,2023,2023-12-13,39.98,90.1,57.497,50.12
ES,2023,2023-12-14,47.0,103.15,68.552,56.15
ES,2023,2023-12-15,50.24,90.98,74.07,40.74
ES,2023,2023-12-16,54.1,105.0,80.301,50.9
ES,2023,2023-12-17,43.71,114.06,75.805,70.35
ES,2023,2023-12-18,74.89,174.0,98.428,99.11
ES,2023,2023-12-19,57.85,109.58,85.166,51.73
ES,2023,2023-12-20,33.88,88.06,59.721,54.18
ES,2023,2023-12-21,37.48,74.61,53.233,37.13
ES,2023,2023-12-22,27.79,73.1,51.771,45.31
ES,2023,2023-12-23,23.17,74.61,47.778,51.44
ES,2023,2023-12-24,46.99,109.3,69.274,62.31
ES,2023,2023-12-25,47.79,93.24,63.851,45.45
ES,2023,2023-12-26,73.02,141.2,92.824,68.18
ES,2023,2023-12-27,50.18,121.53,80.279,71.35
ES,2023,2023-12-28,75.18,128.46,98.462,53.28
ES,2023,2023-12-29,86.31,126.72,102.844,40.41
ES,2023,2023-12-30,18.21,88.21,65.568,70.0
ES,2023,2023-12-31,0.0,101.3,31.936,101.3
ES,2024,2024-01-01,1.73,60.9,35.179,59.17
ES,2024,2024-01-02,3.99,62.45,39.616,58.46
ES,2024,2024-01-03,2.21,113.26,58.567,111.05
ES,2024,2024-01-04,66.86,105.18,91.178,38.32
ES,2024,2024-01-05,30.55,90.88,67.216,60.33
ES,2024,2024-01-06,3.2,92.14,45.286,88.94
ES,2024,2024-01-07,45.57,104.85,76.119,59.28
ES,2024,2024-01-08,78.43,133.28,106.007,54.85
ES,2024,2024-01-09,92.33,148.01,113.554,55.68
ES,2024,2024-01-10,85.0,121.4,100.855,36.4
ES,2024,2024-01-11,79.6,132.31,96.855,52.71
ES,2024,2024-01-12,83.0,126.0,97.6,43.0
ES,2024,2024-01-13,71.45,107.99,87.188,36.54
ES,2024,2024-01-14,62.3,92.01,74.775,29.71
ES,2024,2024-01-15,62.04,113.9,87.93,51.86
ES,2024,2024-01-16,19.13,127.07,87.305,107.94
ES,2024,2024-01-17,3.2,54.88,26.291,51.68
ES,2024,2024-01-18,0.43,105.34,49.701,104.91
ES,2024,2024-01-19,50.0,87.33,70.946,37.33
ES,2024,2024-01-20,63.68,99.94,80.331,36.26
ES,2024,2024-01-21,47.0,95.62,63.482,48.62
ES,2024,2024-01-22,25.0,119.0,68.504,94.0
ES,2024,2024-01-23,58.5,129.01,79.057,70.51
ES,2024,2024-01-24,58.2,152.17,82.547,93.97
ES,2024,2024-01-25,55.36,135.36,76.73,80.0
ES,2024,2024-01-26,50.7,115.0,72.631,64.3
ES,2024,2024-01-27,47.0,95.97,65.943,48.97
ES,2024,2024-01-28,37.0,71.55,51.637,34.55
ES,2024,2024-01-29,47.26,110.0,78.883,62.74
ES,2024,2024-01-30,64.0,123.22,81.374,59.22
ES,2024,2024-01-31,64.95,168.35,84.05,103.4
ES,2024,2024-02-01,53.47,101.89,70.696,48.42
ES,2024,2024-02-02,52.41,90.75,65.046,38.34
ES,2024,2024-02-03,39.81,95.68,60.748,55.87
ES,2024,2024-02-04,32.0,129.81,63.309,97.81
ES,2024,2024-02-05,50.0,181.26,81.035,131.26
ES,2024,2024-02-06,41.7,121.06,72.661,79.36
ES,2024,2024-02-07,21.01,76.89,50.317,55.88
ES,2024,2024-02-08,22.04,57.0,37.639,34.96
ES,2024,2024-02-09,3.2,66.35,40.374,63.15
ES,2024,2024-02-10,0.0,37.9,9.813,37.9
ES,2024,2024-02-11,20.5,83.98,45.005,63.48
ES,2024,2024-02-12,30.0,88.21,46.464,58.21
ES,2024,2024-02-13,40.0,91.81,63.0,51.81
ES,2024,2024-02-14,39.88,85.16,59.147,45.28
ES,2024,2024-02-15,36.37,64.44,51.272,28.07
ES,2024,2024-02-16,42.0,77.93,54.036,35.93
ES,2024,2024-02-17,30.7,82.93,49.242,52.23
ES,2024,2024-02-18,30.18,64.71,46.37,34.53
ES,2024,2024-02-19,27.79,72.26,45.537,44.47
ES,2024,2024-02-20,28.6,181.0,53.242,152.4
ES,2024,2024-02-21,22.73,76.7,44.045,53.97
ES,2024,2024-02-22,3.2,16.29,10.16,13.09
ES,2024,2024-02-23,0.01,18.36,6.626,18.35
ES,2024,2024-02-24,0.0,32.37,6.812,32.37
ES,2024,2024-02-25,0.0,7.2,3.015,7.2
ES,2024,2024-02-26,0.0,11.75,3.792,11.75
ES,2024,2024-02-27,0.0,25.0,3.681,25.0
ES,2024,2024-02-28,0.0,66.96,9.824,66.96
ES,2024,2024-02-29,0.0,10.67,4.276,10.67
ES,2024,2024-03-01,0.0,10.1,2.182,10.1
ES,2024,2024-03-02,0.0,31.25,4.106,31.25
ES,2024,2024-03-03,0.0,30.6,3.964,30.6
ES,2024,2024-03-04,1.0,25.0,8.01,24.0
ES,2024,2024-03-05,3.9,129.47,36.105,125.57
ES,2024,2024-03-06,3.87,119.27,43.597,115.4
ES,2024,2024-03-07,0.43,35.0,8.068,34.57
ES,2024,2024-03-08,0.0,5.98,1.532,5.98
ES,2024,2024-03-09,0.0,3.5,0.59,3.5
ES,2024,2024-03-10,0.0,3.2,0.541,3.2
ES,2024,2024-03-11,0.0,87.97,16.087,87.97
ES,2024,2024-03-12,0.1,173.82,43.12,173.72
ES,2024,2024-03-13,2.01,134.32,41.622,132.31
ES,2024,2024-03-14,3.2,87.85,35.885,84.65
ES,2024,2024-03-15,10.55,123.58,38.158,113.03
ES,2024,2024-03-16,0.43,82.61,31.19,82.18
ES,2024,2024-03-17,0.43,79.96,29.264,79.53
ES,2024,2024-03-18,35.0,125.16,61.545,90.16
ES,2024,2024-03-19,35.0,128.96,65.04,93.96
ES,2024,2024-03-20,27.0,100.76,55.486,73.76
ES,2024,2024-03-21,10.61,84.0,35.488,73.39
ES,2024,2024-03-22,1.1,57.3,21.496,56.2
ES,2024,2024-03-23,0.0,9.01,1.879,9.01
ES,2024,2024-03-24,0.0,35.0,8.143,35.0
ES,2024,2024-03-25,2.1,75.75,22.42,73.65
ES,2024,2024-03-26,0.0,14.0,2.36,14.0
ES,2024,2024-03-27,0.0,3.2,0.638,3.2
ES,2024,2024-03-28,0.0,3.2,0.727,3.2
ES,2024,2024-03-29,0.4,21.42,4.411,21.02
ES,2024,2024-03-30,0.43,16.7,4.208,16.27
ES,2024,2024-03-31,0.0,3.2,0.695,3.2
ES,2024,2024-04-01,-0.01,21.43,3.019,21.44
ES,2024,2024-04-02,0.0,35.0,9.771,35.0
ES,2024,2024-04-03,0.0,35.0,8.952,35.0
ES,2024,2024-04-04,0.0,25.0,3.91,25.0
ES,2024,2024-04-05,-0.01,3.25,0.401,3.26
ES,2024,2024-04-06,-0.02,8.0,0.791,8.02
ES,2024,2024-04-07,-0.01,35.0,4.056,35.01
ES,2024,2024-04-08,-0.01,3.25,0.466,3.26
ES,2024,2024-04-09,-0.02,14.72,1.6,14.74
ES,2024,2024-04-10,-0.05,35.0,4.178,35.05
ES,2024,2024-04-11,-0.02,70.95,13.482,70.97
ES,2024,2024-04-12,-0.1,78.44,20.057,78.54
ES,2024,2024-04-13,-0.4,35.0,7.778,35.4
ES,2024,2024-04-14,-1.01,30.77,5.683,31.78
ES,2024,2024-04-15,-1.0,19.72,3.062,20.72
ES,2024,2024-04-16,-0.13,10.01,1.62,10.14
ES,2024,2024-04-17,-0.05,22.34,3.246,22.39
ES,2024,2024-04-18,-0.01,30.77,5.333,30.78
ES,2024,2024-04-19,0.0,37.52,15.575,37.52
ES,2024,2024-04-20,-0.07,11.39,4.484,11.46
ES,2024,2024-04-21,-1.5,8.93,2.11,10.43
ES,2024,2024-04-22,-0.3,12.81,2.099,13.11
ES,2024,2024-04-23,-0.01,35.0,7.07,35.01
ES,2024,2024-04-24,0.0,101.48,19.982,101.48
ES,2024,2024-04-25,6.0,109.9,44.81,103.9
ES,2024,2024-04-26,16.98,104.06,54.742,87.08
ES,2024,2024-04-27,0.0,65.27,25.335,65.27
ES,2024,2024-04-28,-0.01,78.56,29.883,78.57
ES,2024,2024-04-29,35.0,102.26,58.621,67.26
ES,2024,2024-04-30,15.1,99.32,50.871,84.22
ES,2024,2024-05-01,-1.29,35.0,10.677,36.29
ES,2024,2024-05-02,0.0,59.14,17.458,59.14
ES,2024,2024-05-03,0.44,66.52,26.031,66.08
ES,2024,2024-05-04,0.0,35.02,14.328,35.02
ES,2024,2024-05-05,-0.58,63.58,20.142,64.16
ES,2024,2024-05-06,4.23,97.69,49.463,93.46
ES,2024,2024-05-07,0.0,99.87,37.492,99.87
ES,2024,2024-05-08,3.25,63.38,22.072,60.13
ES,2024,2024-05-09,0.44,104.62,34.194,104.18
ES,2024,2024-05-10,0.44,75.72,28.453,75.28
ES,2024,2024-05-11,-0.41,44.0,20.429,44.41
ES,2024,2024-05-12,-1.0,61.5,21.53,62.5
ES,2024,2024-05-13,0.0,50.0,21.091,50.0
ES,2024,2024-05-14,-0.06,35.0,8.838,35.06
ES,2024,2024-05-15,0.0,53.52,16.721,53.52
ES,2024,2024-05-16,0.49,120.0,35.584,119.51
ES,2024,2024-05-17,10.61,102.66,51.919,92.05
ES,2024,2024-05-18,0.0,74.46,32.048,74.46
ES,2024,2024-05-19,-0.62,51.86,25.815,52.48
ES,2024,2024-05-20,0.54,72.43,34.791,71.89
ES,2024,2024-05-21,7.44,72.87,46.006,65.43
ES,2024,2024-05-22,3.25,74.63,44.852,71.38
ES,2024,2024-05-23,26.1,92.3,61.289,66.2
ES,2024,2024-05-24,35.01,117.19,72.386,82.18
ES,2024,2024-05-25,0.0,86.85,40.787,86.85
ES,2024,2024-05-26,-0.6,56.16,23.545,56.76
ES,2024,2024-05-27,6.0,54.0,31.036,48.0
ES,2024,2024-05-28,0.0,70.96,28.538,70.96
ES,2024,2024-05-29,11.0,69.87,38.881,58.87
ES,2024,2024-05-30,0.0,45.44,21.002,45.44
ES,2024,2024-05-31,-0.01,7.3,2.387,7.31
ES,2024,2024-06-01,-0.66,8.44,1.925,9.1
ES,2024,2024-06-02,-1.86,28.87,4.722,30.73
ES,2024,2024-06-03,1.31,102.15,35.583,100.84
ES,2024,2024-06-04,27.5,175.55,89.203,148.05
ES,2024,2024-06-05,35.01,170.01,92.507,135.0
ES,2024,2024-06-06,55.9,122.37,92.825,66.47
ES,2024,2024-06-07,38.1,103.49,78.638,65.39
ES,2024,2024-06-08,22.41,101.44,66.106,79.03
ES,2024,2024-06-09,-0.01,69.64,18.402,69.65
ES,2024,2024-06-10,34.8,98.3,48.292,63.5
ES,2024,2024-06-11,35.01,98.13,63.441,63.12
ES,2024,2024-06-12,10.43,101.34,57.08,90.91
ES,2024,2024-06-13,0.0,130.0,63.731,130.0
ES,2024,2024-06-14,0.0,90.0,40.319,90.0
ES,2024,2024-06-15,-0.79,47.7,19.564,48.49
ES,2024,2024-06-16,-2.0,41.62,16.395,43.62
ES,2024,2024-06-17,0.0,91.27,29.785,91.27
ES,2024,2024-06-18,9.99,130.9,61.561,120.91
ES,2024,2024-06-19,35.01,114.32,76.714,79.31
ES,2024,2024-06-20,58.35,122.78,90.133,64.43
ES,2024,2024-06-21,40.0,115.0,84.151,75.0
ES,2024,2024-06-22,0.0,99.1,41.799,99.1
ES,2024,2024-06-23,-2.0,95.62,25.152,97.62
ES,2024,2024-06-24,0.0,117.33,44.441,117.33
ES,2024,2024-06-25,35.0,117.41,71.445,82.41
ES,2024,2024-06-26,60.0,137.18,96.905,77.18
ES,2024,2024-06-27,42.45,120.74,89.01,78.29
ES,2024,2024-06-28,35.02,113.3,80.483,78.28
ES,2024,2024-06-29,1.5,106.08,52.328,104.58
ES,2024,2024-06-30,0.0,103.22,55.272,103.22
ES,2024,2024-07-01,10.15,99.26,52.173,89.11
ES,2024,2024-07-02,4.0,110.41,49.577,106.41
ES,2024,2024-07-03,3.6,107.51,61.578,103.91
ES,2024,2024-07-04,-0.82,99.88,51.365,100.7
ES,2024,2024-07-05,1.23,106.33,61.319,105.1
ES,2024,2024-07-06,-1.01,79.74,30.123,80.75
ES,2024,2024-07-07,-1.01,104.58,38.035,105.59
ES,2024,2024-07-08,31.98,115.15,72.47,83.17
ES,2024,2024-07-09,8.3,141.94,71.492,133.64
ES,2024,2024-07-10,45.06,131.98,87.277,86.92
ES,2024,2024-07-11,50.98,111.39,83.428,60.41
ES,2024,2024-07-12,24.45,90.22,59.616,65.77
ES,2024,2024-07-13,0.0,107.51,52.642,107.51
ES,2024,2024-07-14,-0.95,109.91,50.527,110.86
ES,2024,2024-07-15,3.74,109.37,55.538,105.63
ES,2024,2024-07-16,59.79,125.02,87.043,65.23
ES,2024,2024-07-17,69.66,127.0,94.873,57.34
ES,2024,2024-07-18,79.21,138.23,101.625,59.02
ES,2024,2024-07-19,68.72,121.22,97.178,52.5
ES,2024,2024-07-20,-0.01,101.01,48.029,101.02
ES,2024,2024-07-21,-0.25,95.44,33.232,95.69
ES,2024,2024-07-22,54.99,133.58,80.21,78.59
ES,2024,2024-07-23,66.18,122.23,91.838,56.05
ES,2024,2024-07-24,75.31,124.11,94.92,48.8
ES,2024,2024-07-25,59.1,116.52,89.464,57.42
ES,2024,2024-07-26,71.2,122.23,95.098,51.03
ES,2024,2024-07-27,15.0,117.92,76.913,102.92
ES,2024,2024-07-28,0.0,125.5,63.787,125.5
ES,2024,2024-07-29,93.0,135.01,108.545,42.01
ES,2024,2024-07-30,64.0,142.48,100.079,78.48
ES,2024,2024-07-31,79.59,142.48,105.433,62.89
ES,2024,2024-08-01,81.8,132.66,107.23,50.86
ES,2024,2024-08-02,49.95,128.53,93.805,78.58
ES,2024,2024-08-03,5.0,136.53,77.342,131.53
ES,2024,2024-08-04,0.44,144.24,75.819,143.8
ES,2024,2024-08-05,81.45,150.89,109.334,69.44
ES,2024,2024-08-06,82.31,132.34,105.134,50.03
ES,2024,2024-08-07,78.7,128.9,97.305,50.2
ES,2024,2024-08-08,82.0,140.01,102.163,58.01
ES,2024,2024-08-09,80.0,127.71,101.468,47.71
ES,2024,2024-08-10,0.44,127.57,72.247,127.13
ES,2024,2024-08-11,0.0,136.29,68.631,136.29
ES,2024,2024-08-12,80.1,136.13,106.201,56.03
ES,2024,2024-08-13,80.05,130.48,106.062,50.43
ES,2024,2024-08-14,60.0,114.26,85.4,54.26
ES,2024,2024-08-15,0.0,117.13,47.396,117.13
ES,2024,2024-08-16,50.72,129.78,88.912,79.06
ES,2024,2024-08-17,34.72,120.0,83.387,85.28
ES,2024,2024-08-18,0.0,111.64,52.978,111.64
ES,2024,2024-08-19,67.1,157.48,96.413,90.38
ES,2024,2024-08-20,60.0,125.08,93.751,65.08
ES,2024,2024-08-21,5.22,165.01,81.055,159.79
ES,2024,2024-08-22,78.18,164.5,109.119,86.32
ES,2024,2024-08-23,77.0,141.2,107.079,64.2
ES,2024,2024-08-24,0.0,116.62,56.045,116.62
ES,2024,2024-08-25,-0.95,109.91,33.531,110.86
ES,2024,2024-08-26,63.37,160.0,97.091,96.63
ES,2024,2024-08-27,75.0,153.2,107.309,78.2
ES,2024,2024-08-28,75.0,138.58,108.478,63.58
ES,2024,2024-08-29,107.42,138.0,120.316,30.58
ES,2024,2024-08-30,91.81,140.01,116.037,48.2
ES,2024,2024-08-31,85.23,154.15,117.021,68.92
ES,2024,2024-09-01,28.98,141.74,99.519,112.76
ES,2024,2024-09-02,89.87,138.0,116.12,48.13
ES,2024,2024-09-03,83.08,133.95,106.799,50.87
ES,2024,2024-09-04,51.99,127.42,95.536,75.43
ES,2024,2024-09-05,81.18,134.0,104.711,52.82
ES,2024,2024-09-06,19.56,118.2,87.255,98.64
ES,2024,2024-09-07,0.44,148.56,79.19,148.12
ES,2024,2024-09-08,0.0,117.22,67.258,117.22
ES,2024,2024-09-09,6.12,132.0,86.042,125.88
ES,2024,2024-09-10,3.04,114.59,72.901,111.55
ES,2024,2024-09-11,15.0,113.0,78.482,98.0
ES,2024,2024-09-12,3.32,116.37,70.272,113.05
ES,2024,2024-09-13,0.0,89.98,45.241,89.98
ES,2024,2024-09-14,0.44,106.85,46.152,106.41
ES,2024,2024-09-15,-0.36,65.08,29.218,65.44
ES,2024,2024-09-16,0.0,88.4,26.997,88.4
ES,2024,2024-09-17,0.0,93.52,30.41,93.52
ES,2024,2024-09-18,56.47,148.26,92.878,91.79
ES,2024,2024-09-19,88.0,155.01,108.049,67.01
ES,2024,2024-09-20,72.85,146.97,106.885,74.12
ES,2024,2024-09-21,3.32,133.02,84.996,129.7
ES,2024,2024-09-22,0.01,114.53,70.012,114.52
ES,2024,2024-09-23,20.5,157.66,89.716,137.16
ES,2024,2024-09-24,57.31,140.0,94.869,82.69
ES,2024,2024-09-25,6.99,88.09,51.367,81.1
ES,2024,2024-09-26,0.0,72.5,23.47,72.5
ES,2024,2024-09-27,-0.15,109.83,31.89,109.98
ES,2024,2024-09-28,0.0,120.11,46.948,120.11
ES,2024,2024-09-29,-0.79,101.89,43.511,102.68
ES,2024,2024-09-30,2.4,176.21,89.442,173.81
ES,2024,2024-10-01,55.41,173.81,97.707,118.4
ES,2024,2024-10-02,40.0,124.24,89.525,84.24
ES,2024,2024-10-03,8.0,126.98,62.08,118.98
ES,2024,2024-10-04,49.1,146.41,98.138,97.31
ES,2024,2024-10-05,0.0,109.38,56.193,109.38
ES,2024,2024-10-06,-0.01,85.23,23.345,85.24
ES,2024,2024-10-07,24.35,108.32,53.206,83.97
ES,2024,2024-10-08,0.0,90.0,29.958,90.0
ES,2024,2024-10-09,0.98,60.8,26.875,59.82
ES,2024,2024-10-10,39.83,180.0,81.596,140.17
ES,2024,2024-10-11,57.57,155.49,87.115,97.92
ES,2024,2024-10-12,38.91,119.93,70.182,81.02
ES,2024,2024-10-13,0.0,121.28,54.689,121.28
ES,2024,2024-10-14,71.2,178.61,103.458,107.41
ES,2024,2024-10-15,47.51,125.89,84.718,78.38
ES,2024,2024-10-16,3.32,112.08,51.308,108.76
ES,2024,2024-10-17,0.44,84.34,48.518,83.9
ES,2024,2024-10-18,3.32,109.56,53.297,106.24
ES,2024,2024-10-19,5.05,91.5,47.41,86.45
ES,2024,2024-10-20,-0.01,125.89,48.048,125.9
ES,2024,2024-10-21,64.0,181.0,92.527,117.0
ES,2024,2024-10-22,50.24,124.71,80.342,74.47
ES,2024,2024-10-23,56.08,155.8,86.614,99.72
ES,2024,2024-10-24,24.55,120.01,69.025,95.46
ES,2024,2024-10-25,40.0,103.06,64.3,63.06
ES,2024,2024-10-26,5.01,90.98,51.56,85.97
ES,2024,2024-10-27,39.99,128.7,76.309,88.71
ES,2024,2024-10-28,43.1,149.48,76.431,106.38
ES,2024,2024-10-29,49.04,98.61,73.237,49.57
ES,2024,2024-10-30,40.0,145.0,84.075,105.0
ES,2024,2024-10-31,70.99,148.72,101.44,77.73
ES,2024,2024-11-01,47.8,125.88,82.019,78.08
ES,2024,2024-11-02,69.84,114.64,92.149,44.8
ES,2024,2024-11-03,7.4,116.67,72.19,109.27
ES,2024,2024-11-04,83.82,160.54,109.272,76.72
ES,2024,2024-11-05,90.43,193.0,117.944,102.57
ES,2024,2024-11-06,86.0,171.89,116.143,85.89
ES,2024,2024-11-07,90.0,151.49,111.701,61.49
ES,2024,2024-11-08,98.78,134.28,117.998,35.5
ES,2024,2024-11-09,90.2,134.86,110.011,44.66
ES,2024,2024-11-10,48.4,128.02,91.072,79.62
ES,2024,2024-11-11,5.0,116.86,76.075,111.86
ES,2024,2024-11-12,3.32,128.86,65.168,125.54
ES,2024,2024-11-13,82.99,133.61,105.208,50.62
ES,2024,2024-11-14,89.53,151.63,119.508,62.1
ES,2024,2024-11-15,104.05,147.22,124.261,43.17
ES,2024,2024-11-16,91.98,139.0,113.195,47.02
ES,2024,2024-11-17,87.79,154.43,114.215,66.64
ES,2024,2024-11-18,117.27,168.2,136.597,50.93
ES,2024,2024-11-19,96.63,147.48,131.936,50.85
ES,2024,2024-11-20,29.12,143.18,95.45,114.06
ES,2024,2024-11-21,14.0,125.01,77.651,111.01
ES,2024,2024-11-22,77.13,161.26,121.349,84.13
ES,2024,2024-11-23,13.81,114.28,73.276,100.47
ES,2024,2024-11-24,3.32,41.54,10.565,38.22
ES,2024,2024-11-25,3.32,159.82,87.094,156.5
ES,2024,2024-11-26,130.38,162.07,143.283,31.69
ES,2024,2024-11-27,105.44,165.08,136.527,59.64
ES,2024,2024-11-28,103.19,158.24,131.32,55.05
ES,2024,2024-11-29,102.0,155.95,127.792,53.95
ES,2024,2024-11-30,88.67,142.5,123.456,53.83
ES,2024,2024-12-01,105.53,175.2,127.135,69.67
ES,2024,2024-12-02,126.56,157.2,143.282,30.64
ES,2024,2024-12-03,121.18,160.02,139.788,38.84
ES,2024,2024-12-04,106.98,174.99,133.928,68.01
ES,2024,2024-12-05,107.56,156.22,134.903,48.66
ES,2024,2024-12-06,73.45,146.85,115.272,73.4
ES,2024,2024-12-07,2.0,71.85,34.385,69.85
ES,2024,2024-12-08,0.44,74.97,23.703,74.53
ES,2024,2024-12-09,3.85,137.21,69.988,133.36
ES,2024,2024-12-10,100.7,181.0,134.508,80.3
ES,2024,2024-12-11,113.05,179.07,139.405,66.02
ES,2024,2024-12-12,112.6,177.38,146.515,64.78
ES,2024,2024-12-13,114.95,172.35,144.08,57.4
ES,2024,2024-12-14,104.07,151.32,128.21,47.25
ES,2024,2024-12-15,70.47,138.84,102.331,68.37
ES,2024,2024-12-16,95.19,166.89,121.367,71.7
ES,2024,2024-12-17,101.24,146.24,121.636,45.0
ES,2024,2024-12-18,75.0,146.54,111.699,71.54
ES,2024,2024-12-19,5.0,122.78,77.713,117.78
ES,2024,2024-12-20,85.81,145.39,114.995,59.58
ES,2024,2024-12-21,35.07,133.48,93.672,98.41
ES,2024,2024-12-22,5.0,85.0,50.461,80.0
ES,2024,2024-12-23,3.32,124.89,49.398,121.57
ES,2024,2024-12-24,35.0,112.21,74.117,77.21
ES,2024,2024-12-25,75.99,141.08,102.89,65.09
ES,2024,2024-12-26,105.3,166.8,134.018,61.5
ES,2024,2024-12-27,107.81,161.5,133.695,53.69
ES,2024,2024-12-28,108.97,160.78,133.308,51.81
ES,2024,2024-12-29,108.88,162.0,135.948,53.12
ES,2024,2024-12-30,116.02,172.72,141.083,56.7
ES,2024,2024-12-31,111.75,159.44,135.422,47.69
ES,2025,2025-01-01,10.68,152.99,101.038,142.31
ES,2025,2025-01-02,99.82,161.1,133.373,61.28
ES,2025,2025-01-03,88.46,151.25,121.818,62.79
ES,2025,2025-01-04,82.27,145.0,111.268,62.73
ES,2025,2025-01-05,13.28,70.5,47.756,57.22
ES,2025,2025-01-06,3.52,117.78,47.545,114.26
ES,2025,2025-01-07,19.2,128.87,83.854,109.67
ES,2025,2025-01-08,53.0,135.01,98.342,82.01
ES,2025,2025-01-09,13.01,141.27,88.975,128.26
ES,2025,2025-01-10,69.94,144.28,112.095,74.34
ES,2025,2025-01-11,60.3,123.55,95.808,63.25
ES,2025,2025-01-12,2.4,126.8,73.809,124.4
ES,2025,2025-01-13,100.0,180.0,126.22,80.0
ES,2025,2025-01-14,111.63,189.54,138.258,77.91
ES,2025,2025-01-15,115.58,225.0,140.342,109.42
ES,2025,2025-01-16,108.58,199.94,135.11,91.36
ES,2025,2025-01-17,106.5,200.0,136.066,93.5
ES,2025,2025-01-18,110.2,167.85,133.116,57.65
ES,2025,2025-01-19,102.35,159.68,124.607,57.33
ES,2025,2025-01-20,114.41,170.0,145.491,55.59
ES,2025,2025-01-21,115.3,164.22,140.085,48.92
ES,2025,2025-01-22,103.6,167.72,135.017,64.12
ES,2025,2025-01-23,94.0,196.51,139.26,102.51
ES,2025,2025-01-24,57.03,122.0,90.206,64.97
ES,2025,2025-01-25,3.6,96.37,41.859,92.77
ES,2025,2025-01-26,6.93,44.38,25.207,37.45
ES,2025,2025-01-27,0.65,53.37,21.438,52.72
ES,2025,2025-01-28,0.65,69.5,17.028,68.85
ES,2025,2025-01-29,3.52,133.85,50.563,130.33
ES,2025,2025-01-30,0.0,114.0,42.436,114.0
ES,2025,2025-01-31,39.0,184.48,99.508,145.48
ES,2025,2025-02-01,5.06,162.98,95.096,157.92
ES,2025,2025-02-02,92.88,173.95,124.037,81.07
ES,2025,2025-02-03,102.19,227.51,133.716,125.32
ES,2025,2025-02-04,100.39,240.0,143.221,139.61
ES,2025,2025-02-05,30.0,189.9,117.727,159.9
ES,2025,2025-02-06,85.3,231.0,138.285,145.7
ES,2025,2025-02-07,87.89,164.3,117.065,76.41
ES,2025,2025-02-08,45.04,166.9,106.065,121.86
ES,2025,2025-02-09,64.0,187.99,109.361,123.99
ES,2025,2025-02-10,112.5,200.0,139.558,87.5
ES,2025,2025-02-11,106.01,194.5,133.2,88.49
ES,2025,2025-02-12,62.0,194.44,120.191,132.44
ES,2025,2025-02-13,80.0,200.0,130.969,120.0
ES,2025,2025-02-14,55.0,201.66,120.811,146.66
ES,2025,2025-02-15,25.46,131.51,89.449,106.05
ES,2025,2025-02-16,12.0,161.56,89.422,149.56
ES,2025,2025-02-17,98.97,215.52,137.165,116.55
ES,2025,2025-02-18,7.03,159.88,79.845,152.85
ES,2025,2025-02-19,90.01,203.2,123.287,113.19
ES,2025,2025-02-20,20.33,150.56,86.437,130.23
ES,2025,2025-02-21,3.52,93.83,47.417,90.31
ES,2025,2025-02-22,39.68,130.72,72.142,91.04
ES,2025,2025-02-23,3.52,134.7,65.352,131.18
ES,2025,2025-02-24,32.64,159.17,78.265,126.53
ES,2025,2025-02-25,57.56,140.99,96.108,83.43
ES,2025,2025-02-26,54.59,225.0,105.93,170.41
ES,2025,2025-02-27,86.8,219.08,120.393,132.28
ES,2025,2025-02-28,80.13,151.96,110.779,71.83
ES,2025,2025-03-01,31.73,85.2,64.026,53.47
ES,2025,2025-03-02,27.5,124.87,66.261,97.37
ES,2025,2025-03-03,66.91,149.0,97.878,82.09
ES,2025,2025-03-04,50.24,144.28,95.856,94.04
ES,2025,2025-03-05,35.19,112.82,77.837,77.63
ES,2025,2025-03-06,54.19,126.02,78.743,71.83
ES,2025,2025-03-07,7.82,77.14,47.058,69.32
ES,2025,2025-03-08,0.02,43.38,15.487,43.36
ES,2025,2025-03-09,3.52,127.6,48.595,124.08
ES,2025,2025-03-10,66.7,152.05,93.223,85.35
ES,2025,2025-03-11,69.1,157.5,96.693,88.4
ES,2025,2025-03-12,69.1,176.69,94.047,107.59
ES,2025,2025-03-13,49.75,160.86,109.276,111.11
ES,2025,2025-03-14,5.0,134.5,59.038,129.5
ES,2025,2025-03-15,0.0,132.96,48.918,132.96
ES,2025,2025-03-16,6.99,140.0,60.601,133.01
ES,2025,2025-03-17,50.24,170.0,88.122,119.76
ES,2025,2025-03-18,5.19,150.79,56.676,145.6
ES,2025,2025-03-19,0.0,117.38,27.491,117.38
ES,2025,2025-03-20,0.43,101.6,23.061,101.17
ES,2025,2025-03-21,0.18,40.0,10.199,39.82
ES,2025,2025-03-22,-0.01,76.01,12.537,76.02
ES,2025,2025-03-23,0.0,125.92,29.341,125.92
ES,2025,2025-03-24,0.65,179.1,44.475,178.45
ES,2025,2025-03-25,0.0,160.86,42.692,160.86
ES,2025,2025-03-26,-0.5,126.66,38.127,127.16
ES,2025,2025-03-27,-0.01,150.0,52.835,150.01
ES,2025,2025-03-28,-1.24,86.9,24.119,88.14
ES,2025,2025-03-29,-2.2,20.16,3.919,22.36
ES,2025,2025-03-30,-5.21,35.01,2.862,40.22
ES,2025,2025-03-31,-1.0,197.25,36.243,198.25
ES,2025,2025-04-01,-0.07,159.37,54.38,159.44
ES,2025,2025-04-02,-0.02,104.9,26.947,104.92
ES,2025,2025-04-03,0.0,80.0,20.75,80.0
ES,2025,2025-04-04,-0.02,50.02,13.23,50.04
ES,2025,2025-04-05,-1.2,95.61,26.991,96.81
ES,2025,2025-04-06,-1.54,80.0,25.46,81.54
ES,2025,2025-04-07,0.0,170.01,58.828,170.01
ES,2025,2025-04-08,-1.02,131.17,44.852,132.19
ES,2025,2025-04-09,-0.5,98.21,30.939,98.71
ES,2025,2025-04-10,-0.01,50.82,18.204,50.83
ES,2025,2025-04-11,-0.01,58.02,19.431,58.03
ES,2025,2025-04-12,0.01,79.0,27.252,78.99
ES,2025,2025-04-13,-1.51,60.55,18.653,62.06
ES,2025,2025-04-14,0.0,74.94,22.214,74.94
ES,2025,2025-04-15,-0.01,35.0,12.189,35.01
ES,2025,2025-04-16,-0.01,69.21,12.303,69.22
ES,2025,2025-04-17,0.0,107.5,22.821,107.5
ES,2025,2025-04-18,-1.54,35.0,10.485,36.54
ES,2025,2025-04-19,-4.0,8.0,1.452,12.0
ES,2025,2025-04-20,-4.99,82.3,13.133,87.29
ES,2025,2025-04-21,6.56,160.0,53.116,153.44
ES,2025,2025-04-22,4.31,130.04,63.312,125.73
ES,2025,2025-04-23,0.0,116.7,44.061,116.7
ES,2025,2025-04-24,-0.01,114.48,43.872,114.49
ES,2025,2025-04-25,-0.21,113.39,41.008,113.6
ES,2025,2025-04-26,-3.03,23.04,5.182,26.07
ES,2025,2025-04-27,-6.01,100.7,11.886,106.71
ES,2025,2025-04-28,-3.0,80.8,17.222,83.8
ES,2025,2025-04-29,-1.9,35.01,7.509,36.91
ES,2025,2025-04-30,-0.17,117.01,31.845,117.18
ES,2025,2025-05-01,-10.0,55.0,11.889,65.0
ES,2025,2025-05-02,-4.0,67.05,12.77,71.05
ES,2025,2025-05-03,-3.04,63.8,16.436,66.84
ES,2025,2025-05-04,-5.01,35.0,10.164,40.01
ES,2025,2025-05-05,-4.0,35.0,9.203,39.0
ES,2025,2025-05-06,-4.21,65.12,10.672,69.33
ES,2025,2025-05-07,-0.62,80.0,19.565,80.62
ES,2025,2025-05-08,-0.02,79.59,16.842,79.61
ES,2025,2025-05-09,-0.01,80.27,18.692,80.28
ES,2025,2025-05-10,-10.0,36.88,7.838,46.88
ES,2025,2025-05-11,-15.0,35.01,2.842,50.01
ES,2025,2025-05-12,-4.21,122.03,25.102,126.24
ES,2025,2025-05-13,-2.51,128.07,41.351,130.58
ES,2025,2025-05-14,-4.0,91.53,28.146,95.53
ES,2025,2025-05-15,-5.0,35.01,9.847,40.01
ES,2025,2025-05-16,-10.0,41.21,5.703,51.21
ES,2025,2025-05-17,-11.26,57.12,11.637,68.38
ES,2025,2025-05-18,-15.0,40.7,5.928,55.7
ES,2025,2025-05-19,-2.5,42.99,12.791,45.49
ES,2025,2025-05-20,-3.75,54.0,14.565,57.75
ES,2025,2025-05-21,-1.1,68.21,18.476,69.31
ES,2025,2025-05-22,-5.0,24.42,3.05,29.42
ES,2025,2025-05-23,-3.0,31.0,5.493,34.0
ES,2025,2025-05-24,-9.7,52.0,8.237,61.7
ES,2025,2025-05-25,-15.0,35.01,6.19,50.01
ES,2025,2025-05-26,-0.5,76.06,18.061,76.56
ES,2025,2025-05-27,-0.01,111.16,26.842,111.17
ES,2025,2025-05-28,-0.62,100.86,28.743,101.48
ES,2025,2025-05-29,-0.9,134.99,35.825,135.89
ES,2025,2025-05-30,-0.07,130.19,47.651,130.26
ES,2025,2025-05-31,-5.48,83.61,36.043,89.09
ES,2025,2025-06-01,-6.01,53.96,17.89,59.97
ES,2025,2025-06-02,0.0,100.0,34.978,100.0
ES,2025,2025-06-03,0.0,108.78,52.551,108.78
ES,2025,2025-06-04,0.0,127.01,60.075,127.01
ES,2025,2025-06-05,-0.01,142.03,61.656,142.04
ES,2025,2025-06-06,0.0,140.34,69.815,140.34
ES,2025,2025-06-07,-1.21,110.2,47.128,111.41
ES,2025,2025-06-08,-3.0,109.29,38.262,112.29
ES,2025,2025-06-09,1.72,135.0,64.231,133.28
ES,2025,2025-06-10,54.88,124.35,99.63,69.47
ES,2025,2025-06-11,1.1,115.5,72.967,114.4
ES,2025,2025-06-12,-0.01,140.64,64.142,140.65
ES,2025,2025-06-13,-0.01,120.98,68.637,120.99
ES,2025,2025-06-14,-1.5,109.8,53.753,111.3
ES,2025,2025-06-15,-3.0,78.43,18.298,81.43
ES,2025,2025-06-16,0.65,210.0,60.722,209.35
ES,2025,2025-06-17,12.0,154.76,94.063,142.76
ES,2025,2025-06-18,40.01,194.56,107.122,154.55
ES,2025,2025-06-19,65.0,167.55,115.957,102.55
ES,2025,2025-06-20,70.0,163.49,113.13,93.49
ES,2025,2025-06-21,0.0,138.81,76.589,138.81
ES,2025,2025-06-22,-1.5,130.78,67.464,132.28
ES,2025,2025-06-23,57.42,195.77,110.782,138.35
ES,2025,2025-06-24,7.5,154.52,96.822,147.02
ES,2025,2025-06-25,2.44,154.52,80.569,152.08
ES,2025,2025-06-26,36.2,159.62,92.676,123.42
ES,2025,2025-06-27,35.0,141.05,93.012,106.05
ES,2025,2025-06-28,0.65,132.65,68.12,132.0
ES,2025,2025-06-29,0.85,154.52,72.003,153.67
ES,2025,2025-06-30,77.75,175.01,111.213,97.26
ES,2025,2025-07-01,80.0,167.0,111.277,87.0
ES,2025,2025-07-02,70.64,126.16,99.184,55.52
ES,2025,2025-07-03,37.2,142.59,91.188,105.39
ES,2025,2025-07-04,72.0,139.26,100.956,67.26
ES,2025,2025-07-05,3.52,134.0,71.006,130.48
ES,2025,2025-07-06,0.65,110.62,55.47,109.97
ES,2025,2025-07-07,3.6,106.65,57.848,103.05
ES,2025,2025-07-08,1.72,110.69,48.158,108.97
ES,2025,2025-07-09,35.1,155.75,90.716,120.65
ES,2025,2025-07-10,74.0,170.0,106.89,96.0
ES,2025,2025-07-11,55.4,138.16,98.221,82.76
ES,2025,2025-07-12,0.85,133.0,75.912,132.15
ES,2025,2025-07-13,0.0,134.62,64.344,134.62
ES,2025,2025-07-14,18.21,126.64,83.874,108.43
ES,2025,2025-07-15,29.95,135.87,83.051,105.92
ES,2025,2025-07-16,69.84,175.49,102.55,105.65
ES,2025,2025-07-17,73.0,129.85,102.292,56.85
ES,2025,2025-07-18,71.08,119.39,94.174,48.31
ES,2025,2025-07-19,0.0,106.8,46.109,106.8
ES,2025,2025-07-20,-1.01,92.0,27.791,93.01
ES,2025,2025-07-21,5.11,169.2,62.31,164.09
ES,2025,2025-07-22,31.11,138.83,81.47,107.72
ES,2025,2025-07-23,44.88,113.91,82.785,69.03
ES,2025,2025-07-24,1.72,90.92,44.519,89.2
ES,2025,2025-07-25,0.65,104.72,43.255,104.07
ES,2025,2025-07-26,0.0,100.0,36.95,100.0
ES,2025,2025-07-27,-0.6,88.64,31.67,89.24
ES,2025,2025-07-28,0.65,88.54,32.995,87.89
ES,2025,2025-07-29,0.09,103.27,33.355,103.18
ES,2025,2025-07-30,3.52,104.36,42.537,100.84
ES,2025,2025-07-31,23.5,114.45,65.401,90.95
ES,2025,2025-08-01,13.43,103.02,63.925,89.59
ES,2025,2025-08-02,0.0,99.64,36.191,99.64
ES,2025,2025-08-03,-5.0,97.4,30.364,102.4
ES,2025,2025-08-04,3.52,168.02,69.184,164.5
ES,2025,2025-08-05,0.66,106.22,53.342,105.56
ES,2025,2025-08-06,27.2,170.0,81.162,142.8
ES,2025,2025-08-07,26.39,145.01,83.409,118.62
ES,2025,2025-08-08,0.74,136.87,74.123,136.13
ES,2025,2025-08-09,-0.01,113.12,61.169,113.13
ES,2025,2025-08-10,-1.0,136.87,56.283,137.87
ES,2025,2025-08-11,9.0,144.41,80.061,135.41
ES,2025,2025-08-12,26.28,154.93,90.175,128.65
ES,2025,2025-08-13,60.0,155.1,102.121,95.1
ES,2025,2025-08-14,40.91,149.02,95.938,108.11
ES,2025,2025-08-15,0.0,144.75,69.635,144.75
ES,2025,2025-08-16,0.65,144.0,74.042,143.35
ES,2025,2025-08-17,0.65,131.25,68.009,130.6
ES,2025,2025-08-18,60.0,120.76,96.223,60.76
ES,2025,2025-08-19,29.14,106.85,76.86,77.71
ES,2025,2025-08-20,27.2,100.07,68.333,72.87
ES,2025,2025-08-21,3.52,101.12,52.43,97.6
ES,2025,2025-08-22,4.31,104.53,55.093,100.22
ES,2025,2025-08-23,0.65,130.87,64.34,130.22
ES,2025,2025-08-24,-0.6,114.99,62.789,115.59
ES,2025,2025-08-25,25.2,142.0,91.87,116.8
ES,2025,2025-08-26,26.28,125.95,87.867,99.67
ES,2025,2025-08-27,49.85,114.32,87.002,64.47
ES,2025,2025-08-28,0.01,97.08,52.802,97.07
ES,2025,2025-08-29,0.0,100.01,46.412,100.01
ES,2025,2025-08-30,-0.01,107.12,51.7,107.13
ES,2025,2025-08-31,-0.98,75.4,33.023,76.38
ES,2025,2025-09-01,0.0,100.86,36.546,100.86
ES,2025,2025-09-02,0.21,160.0,61.279,159.79
ES,2025,2025-09-03,-0.02,133.45,54.101,133.47
ES,2025,2025-09-04,1.55,112.99,55.315,111.44
ES,2025,2025-09-05,0.65,107.1,53.869,106.45
ES,2025,2025-09-06,-0.99,58.54,22.522,59.53
ES,2025,2025-09-07,0.0,111.56,38.594,111.56
ES,2025,2025-09-08,27.08,108.36,73.353,81.28
ES,2025,2025-09-09,8.91,120.0,65.494,111.09
ES,2025,2025-09-10,-0.01,105.01,51.161,105.02
ES,2025,2025-09-11,-0.01,140.0,55.943,140.01
ES,2025,2025-09-12,0.75,143.15,73.205,142.4
ES,2025,2025-09-13,-0.01,106.11,58.319,106.12
ES,2025,2025-09-14,-0.01,126.13,50.987,126.14
ES,2025,2025-09-15,2.5,124.0,65.465,121.5
ES,2025,2025-09-16,3.52,198.95,74.792,195.43
ES,2025,2025-09-17,15.1,215.0,86.116,199.9
ES,2025,2025-09-18,44.0,200.0,97.41,156.0
ES,2025,2025-09-19,31.25,125.2,88.758,93.95
ES,2025,2025-09-20,0.65,110.91,64.547,110.26
ES,2025,2025-09-21,-0.62,85.0,37.834,85.62
ES,2025,2025-09-22,-0.01,109.38,37.796,109.39
ES,2025,2025-09-23,0.0,105.01,49.614,105.01
ES,2025,2025-09-24,0.01,116.12,49.153,116.11
ES,2025,2025-09-25,20.1,175.01,81.549,154.91
ES,2025,2025-09-26,21.56,160.0,92.225,138.44
ES,2025,2025-09-27,6.0,109.0,67.605,103.0
ES,2025,2025-09-28,8.53,74.14,47.749,65.61
ES,2025,2025-09-29,21.99,133.26,62.579,111.27
ES,2025,2025-09-30,21.9,199.34,83.857,177.44
ES,2025,2025-10-01,14.022,217.897,86.879,203.875
ES,2025,2025-10-02,16.408,204.258,87.225,187.85
ES,2025,2025-10-03,38.228,138.758,92.602,100.53
ES,2025,2025-10-04,-0.015,100.525,47.05,100.54
ES,2025,2025-10-05,-2.452,83.133,25.095,85.585
ES,2025,2025-10-06,36.31,169.24,84.526,132.93
ES,2025,2025-10-07,37.34,168.35,98.521,131.01
ES,2025,2025-10-08,55.552,154.267,97.419,98.715
ES,2025,2025-10-09,5.292,114.458,64.664,109.165
ES,2025,2025-10-10,33.225,117.468,80.818,84.242
ES,2025,2025-10-11,3.718,109.805,73.474,106.088
ES,2025,2025-10-12,0.65,115.135,64.054,114.485
ES,2025,2025-10-13,63.715,162.09,103.711,98.375
ES,2025,2025-10-14,61.718,160.203,108.188,98.485
ES,2025,2025-10-15,66.75,163.068,109.511,96.318
ES,2025,2025-10-16,70.44,153.472,110.147,83.032
ES,2025,2025-10-17,45.0,159.4,107.689,114.4
ES,2025,2025-10-18,0.908,128.645,77.465,127.738
ES,2025,2025-10-19,0.0,72.135,29.292,72.135
ES,2025,2025-10-20,0.282,100.34,40.393,100.058
ES,2025,2025-10-21,1.84,101.185,38.714,99.345
ES,2025,2025-10-22,0.01,74.39,25.03,74.38
ES,2025,2025-10-23,-0.01,116.538,31.331,116.548
ES,2025,2025-10-24,15.872,161.918,91.674,146.045
ES,2025,2025-10-25,16.515,126.488,80.665,109.972
ES,2025,2025-10-26,1.67,105.37,49.334,103.7
ES,2025,2025-10-27,20.025,157.132,90.611,137.108
ES,2025,2025-10-28,60.0,142.242,100.706,82.242
ES,2025,2025-10-29,76.498,159.89,105.821,83.393
ES,2025,2025-10-30,15.458,135.725,87.111,120.268
ES,2025,2025-10-31,15.7,93.74,54.82,78.04
ES,2025,2025-11-01,10.775,104.94,46.768,94.165
ES,2025,2025-11-02,0.0,111.628,40.62,111.628
ES,2025,2025-11-03,13.722,151.422,82.318,137.7
ES,2025,2025-11-04,3.52,83.572,47.481,80.052
ES,2025,2025-11-05,3.718,70.5,27.335,66.782
ES,2025,2025-11-06,0.65,119.582,41.861,118.932
ES,2025,2025-11-07,33.755,107.57,68.555,73.815
ES,2025,2025-11-08,-0.26,88.838,41.185,89.098
ES,2025,2025-11-09,0.65,115.122,58.792,114.472
ES,2025,2025-11-10,31.0,143.68,81.767,112.68
ES,2025,2025-11-11,5.635,102.605,64.612,96.97
ES,2025,2025-11-12,0.002,71.57,27.265,71.568
ES,2025,2025-11-13,13.9,53.96,31.686,40.06
ES,2025,2025-11-14,5.315,57.968,29.543,52.652
ES,2025,2025-11-15,16.495,65.052,31.976,48.557
ES,2025,2025-11-16,0.0,96.132,35.898,96.132
ES,2025,2025-11-17,37.62,136.422,79.268,98.802
ES,2025,2025-11-18,9.055,134.422,80.76,125.368
ES,2025,2025-11-19,66.992,129.248,98.671,62.255
ES,2025,2025-11-20,34.878,125.102,84.113,90.225
ES,2025,2025-11-21,0.25,147.428,60.822,147.178
ES,2025,2025-11-22,0.528,102.83,58.393,102.302
ES,2025,2025-11-23,0.0,79.15,37.973,79.15
ES,2025,2025-11-24,3.52,82.07,42.412,78.55
ES,2025,2025-11-25,0.655,102.108,49.634,101.452
ES,2025,2025-11-26,3.56,142.01,69.66,138.45
ES,2025,2025-11-27,45.305,155.925,86.133,110.62
ES,2025,2025-11-28,69.048,143.065,99.313,74.018
ES,2025,2025-11-29,44.395,100.555,81.032,56.16
ES,2025,2025-11-30,41.55,106.808,75.339,65.258
ES,2025,2025-12-01,68.2,138.245,91.445,70.045
ES,2025,2025-12-02,67.955,126.315,88.901,58.36
ES,2025,2025-12-03,14.588,102.435,69.418,87.848
ES,2025,2025-12-04,35.7,88.96,65.3,53.26
ES,2025,2025-12-05,33.828,88.005,68.945,54.177
ES,2025,2025-12-06,12.698,69.902,33.052,57.205
ES,2025,2025-12-07,0.5,91.14,33.881,90.64
ES,2025,2025-12-08,14.122,96.268,54.67,82.145
ES,2025,2025-12-09,11.168,130.173,64.899,119.005
ES,2025,2025-12-10,81.8,124.67,103.272,42.87
ES,2025,2025-12-11,75.015,124.523,95.794,49.508
ES,2025,2025-12-12,75.24,119.175,97.047,43.935
ES,2025,2025-12-13,59.31,99.41,79.032,40.1
ES,2025,2025-12-14,59.002,106.68,78.427,47.677
ES,2025,2025-12-15,67.03,115.042,92.982,48.012
ES,2025,2025-12-16,74.5,132.915,94.002,58.415
ES,2025,2025-12-17,76.525,136.158,102.503,59.632
ES,2025,2025-12-18,30.472,110.848,84.221,80.375
ES,2025,2025-12-19,81.402,117.51,102.906,36.107
ES,2025,2025-12-20,49.782,83.505,68.968,33.722
ES,2025,2025-12-21,41.71,82.335,61.745,40.625
ES,2025,2025-12-22,26.085,101.572,71.214,75.488
ES,2025,2025-12-23,56.652,89.968,77.896,33.315
ES,2025,2025-12-24,16.652,72.845,39.087,56.192
ES,2025,2025-12-25,10.622,99.168,51.362,88.545
ES,2025,2025-12-26,72.31,111.578,88.998,39.268
ES,2025,2025-12-27,62.502,98.4,78.873,35.898
ES,2025,2025-12-28,48.855,105.208,80.481,56.353
ES,2025,2025-12-29,88.028,158.135,107.415,70.107
ES,2025,2025-12-30,73.025,106.52,91.052,33.495
ES,2025,2025-12-31,75.158,135.43,98.173,60.273
ES,2026,2026-01-01,52.802,106.78,80.681,53.978
ES,2026,2026-01-02,55.01,107.005,82.932,51.995
ES,2026,2026-01-03,73.94,108.09,88.735,34.15
ES,2026,2026-01-04,50.43,97.678,66.801,47.248
ES,2026,2026-01-05,61.932,123.685,95.951,61.753
ES,2026,2026-01-06,0.0,117.902,62.691,117.902
ES,2026,2026-01-07,81.96,134.94,101.876,52.98
ES,2026,2026-01-08,60.082,107.36,80.421,47.278
ES,2026,2026-01-09,6.5,91.25,53.959,84.75
ES,2026,2026-01-10,28.772,126.262,74.138,97.49
ES,2026,2026-01-11,50.465,103.14,79.82,52.675
ES,2026,2026-01-12,60.128,119.64,88.759,59.512
ES,2026,2026-01-13,74.658,140.647,96.504,65.99
ES,2026,2026-01-14,88.878,166.0,116.205,77.122
ES,2026,2026-01-15,86.312,138.2,105.65,51.887
ES,2026,2026-01-16,94.752,156.885,120.435,62.132
ES,2026,2026-01-17,112.065,155.225,127.092,43.16
ES,2026,2026-01-18,96.855,177.282,117.857,80.428
ES,2026,2026-01-19,100.135,183.145,129.215,83.01
ES,2026,2026-01-20,83.828,127.252,101.444,43.425
ES,2026,2026-01-21,41.058,99.215,80.646,58.158
ES,2026,2026-01-22,30.638,82.32,59.437,51.682
ES,2026,2026-01-23,0.913,107.095,38.874,106.182
ES,2026,2026-01-24,3.23,37.955,20.149,34.725
ES,2026,2026-01-25,0.0,37.352,10.527,37.352
ES,2026,2026-01-26,1.922,88.712,36.12,86.79
ES,2026,2026-01-27,3.78,95.915,28.206,92.135
ES,2026,2026-01-28,1.98,86.275,28.916,84.295
ES,2026,2026-01-29,2.05,53.932,25.162,51.882
ES,2026,2026-01-30,0.008,37.672,12.523,37.665
ES,2026,2026-01-31,-0.44,35.0,5.69,35.44
ES,2026,2026-02-01,0.098,127.075,24.761,126.978
ES,2026,2026-02-02,0.005,51.352,13.528,51.348
ES,2026,2026-02-03,0.0,125.922,33.074,125.922
ES,2026,2026-02-04,0.708,62.062,17.024,61.355
ES,2026,2026-02-05,-0.1,35.02,6.165,35.12
ES,2026,2026-02-06,-0.15,51.325,9.404,51.475
ES,2026,2026-02-07,-0.17,35.655,6.858,35.825
ES,2026,2026-02-08,-2.202,42.775,5.929,44.978
ES,2026,2026-02-09,-0.022,94.878,20.955,94.9
ES,2026,2026-02-10,0.0,35.0,4.671,35.0
ES,2026,2026-02-11,-0.42,32.697,4.228,33.118
ES,2026,2026-02-12,-1.0,35.002,5.84,36.002
ES,2026,2026-02-13,-0.02,27.738,4.279,27.758
ES,2026,2026-02-14,-4.0,22.0,2.33,26.0
ES,2026,2026-02-15,-2.407,12.5,1.352,14.907
ES,2026,2026-02-16,-0.032,25.352,4.571,25.385
ES,2026,2026-02-17,-0.008,129.868,28.07,129.875
ES,2026,2026-02-18,0.0,72.048,16.896,72.048
ES,2026,2026-02-19,-0.81,81.298,15.799,82.108
ES,2026,2026-02-20,-0.995,100.535,28.717,101.53
ES,2026,2026-02-21,-0.01,101.4,29.14,101.41
ES,2026,2026-02-22,-0.965,99.335,21.797,100.3
ES,2026,2026-02-23,-1.148,175.13,35.16,176.278
ES,2026,2026-02-24,-0.922,98.152,27.708,99.075
ES,2026,2026-02-25,-0.81,104.44,30.31,105.25
ES,2026,2026-02-26,-2.1,102.275,27.019,104.375
ES,2026,2026-02-27,-0.008,73.585,19.951,73.592
ES,2026,2026-02-28,-0.02,73.648,15.168,73.668
ES,2026,2026-03-01,-2.1,35.012,14.308,37.113
ES,2026,2026-03-02,0.0,79.975,19.134,79.975
ES,2026,2026-03-03,0.932,93.348,29.666,92.415
ES,2026,2026-03-04,5.995,176.985,57.79,170.99
ES,2026,2026-03-05,38.272,158.492,88.77,120.22
ES,2026,2026-03-06,34.762,101.088,63.783,66.325
ES,2026,2026-03-07,4.42,134.46,63.885,130.04
ES,2026,2026-03-08,12.975,154.052,79.055,141.078
ES,2026,2026-03-09,80.275,202.11,120.445,121.835
ES,2026,2026-03-10,95.18,247.152,136.888,151.972
ES,2026,2026-03-11,15.212,237.948,102.353,222.735
ES,2026,2026-03-12,-0.01,169.492,69.621,169.502
ES,2026,2026-03-13,-0.495,96.202,36.727,96.698
ES,2026,2026-03-14,-0.002,45.69,13.123,45.692
ES,2026,2026-03-15,-2.1,35.008,6.547,37.108
ES,2026,2026-03-16,-1.758,190.23,41.418,191.987
ES,2026,2026-03-17,-1.368,133.962,46.094,135.33
ES,2026,2026-03-18,-0.01,76.88,28.489,76.89
ES,2026,2026-03-19,-0.01,80.122,24.698,80.133
ES,2026,2026-03-20,1.37,98.72,39.076,97.35
ES,2026,2026-03-21,4.965,93.03,42.106,88.065
ES,2026,2026-03-22,-3.53,77.225,25.783,80.755
ES,2026,2026-03-23,-0.02,146.4,35.914,146.42
ES,2026,2026-03-24,-0.035,151.825,53.254,151.86
ES,2026,2026-03-25,-0.875,39.842,17.555,40.718
ES,2026,2026-03-26,-2.86,35.0,5.023,37.86
ES,2026,2026-03-27,-5.0,62.4,9.308,67.4
ES,2026,2026-03-28,-5.0,11.48,2.737,16.48
ES,2026,2026-03-29,-9.825,12.522,0.54,22.348
ES,2026,2026-03-30,-1.878,64.015,10.81,65.892
ES,2026,2026-03-31,-2.988,47.112,7.288,50.1
ES,2026,2026-04-01,-4.0,35.018,5.359,39.018
ES,2026,2026-04-02,-5.0,35.012,5.35,40.012
ES,2026,2026-04-03,-5.0,80.622,15.534,85.622
ES,2026,2026-04-04,-2.502,77.008,22.377,79.51
ES,2026,2026-04-05,-7.51,75.908,23.308,83.418
ES,2026,2026-04-06,-6.0,45.008,18.469,51.008
ES,2026,2026-04-07,0.0,118.14,36.378,118.14
ES,2026,2026-04-08,2.117,136.34,65.489,134.222
ES,2026,2026-04-09,-0.847,129.697,49.1,130.545
ES,2026,2026-04-10,0.002,104.85,46.818,104.848
ES,2026,2026-04-11,-1.438,63.9,24.023,65.338
ES,2026,2026-04-12,-0.81,71.915,14.282,72.725
ES,2026,2026-04-13,-0.04,99.95,27.075,99.99
ES,2026,2026-04-14,-0.6,114.805,48.791,115.405
ES,2026,2026-04-15,-0.81,134.6,59.446,135.41
ES,2026,2026-04-16,-0.005,134.655,71.436,134.66
ES,2026,2026-04-17,0.0,123.005,68.902,123.005
ES,2026,2026-04-18,-2.078,84.978,44.178,87.055
ES,2026,2026-04-19,-4.278,87.632,37.326,91.91
ES,2026,2026-04-20,0.0,109.545,51.296,109.545
ES,2026,2026-04-21,-0.108,83.852,44.965,83.96
ES,2026,2026-04-22,-0.952,108.26,49.42,109.212
ES,2026,2026-04-23,-0.81,89.468,48.947,90.278
ES,2026,2026-04-24,14.71,112.855,73.261,98.145
ES,2026,2026-04-25,-0.01,89.633,48.974,89.643
ES,2026,2026-04-26,-5.115,95.078,36.184,100.192
ES,2026,2026-04-27,-0.83,99.908,47.15,100.738
ES,2026,2026-04-28,0.008,109.455,56.818,109.448
ES,2026,2026-04-29,14.222,112.07,76.104,97.848
ES,2026,2026-04-30,0.0,125.405,64.816,125.405
ES,2026,2026-05-01,-2.1,105.385,56.276,107.485
ES,2026,2026-05-02,-0.005,90.852,43.456,90.857
ES,2026,2026-05-03,-0.012,114.822,50.295,114.835
ES,2026,2026-05-04,0.0,141.59,69.305,141.59
ES,2026,2026-05-05,0.01,118.8,64.885,118.79
ES,2026,2026-05-06,1.395,154.745,78.79,153.35
ES,2026,2026-05-07,19.235,145.148,85.752,125.913
ES,2026,2026-05-08,0.08,108.638,61.661,108.558
ES,2026,2026-05-09,0.0,80.672,30.953,80.672
ES,2026,2026-05-10,-0.82,90.988,22.646,91.807
ES,2026,2026-05-11,0.135,187.568,56.714,187.432
ES,2026,2026-05-12,0.26,123.47,67.346,123.21
ES,2026,2026-05-13,-0.01,106.888,49.841,106.898
ES,2026,2026-05-14,-0.008,99.925,51.03,99.932
ES,2026,2026-05-15,-0.01,92.84,37.628,92.85
ES,2026,2026-05-16,-0.91,111.44,43.133,112.35
ES,2026,2026-05-17,-0.005,119.005,45.774,119.01
ES,2026,2026-05-18,0.0,129.085,60.298,129.085
ES,2026,2026-05-19,0.0,116.678,46.44,116.678
ES,2026,2026-05-20,-0.773,132.065,57.166,132.838
ES,2026,2026-05-21,-0.5,123.198,57.617,123.698
ES,2026,2026-05-22,-0.01,120.005,55.123,120.015
ES,2026,2026-05-23,-2.525,103.532,33.346,106.058
ES,2026,2026-05-24,-2.1,89.798,24.852,91.898
ES,2026,2026-05-25,-2.1,108.652,36.205,110.752
ES,2026,2026-05-26,-0.17,151.207,63.624,151.377
ES,2026,2026-05-27,-0.008,142.603,69.732,142.61
ES,2026,2026-05-28,0.005,159.6,76.689,159.595
ES,2026,2026-05-29,0.198,152.448,78.627,152.25
ES,2026,2026-05-30,-0.105,115.338,60.596,115.443
ES,2026,2026-05-31,-0.348,101.652,44.474,102.0
ES,2026,2026-06-01,1.272,145.28,70.63,144.008
ES,2026,2026-06-02,-0.082,101.64,49.896,101.722
ES,2026,2026-06-03,-0.1,135.218,58.606,135.318
ES,2026,2026-06-04,-0.473,120.02,52.486,120.492
ES,2026,2026-06-05,0.617,128.342,59.682,127.725
ES,2026,2026-06-06,-0.11,106.62,54.199,106.73
ES,2026,2026-06-07,-2.1,123.795,52.345,125.895
ES,2026,2026-06-08,0.002,112.14,56.996,112.138
ES,2026,2026-06-09,-0.025,125.51,49.905,125.535
ES,2026,2026-06-10,-0.58,93.232,37.086,93.812
ES,2026,2026-06-11,-0.01,116.715,32.827,116.725
ES,2026,2026-06-12,-0.05,113.088,35.06,113.138
ES,2026,2026-06-13,-2.1,128.55,46.699,130.65
ES,2026,2026-06-14,-2.1,137.43,61.379,139.53
ES,2026,2026-06-15,0.84,158.595,88.071,157.755
ES,2026,2026-06-16,22.708,153.23,98.262,130.523
ES,2026,2026-06-17,8.85,151.49,94.236,142.64
ES,2026,2026-06-18,17.68,138.9,92.639,121.22
ES,2026,2026-06-19,1.348,148.468,85.337,147.12
ES,2026,2026-06-20,-0.018,129.077,65.841,129.095
ES,2026,2026-06-21,-0.81,139.288,56.854,140.098
ES,2026,2026-06-22,32.36,177.0,101.318,144.64
ES,2026,2026-06-23,72.07,175.088,112.27,103.018
ES,2026,2026-06-24,31.355,141.418,95.172,110.062
ES,2026,2026-06-25,1.162,147.812,79.112,146.65
ES,2026,2026-06-26,3.932,148.492,87.971,144.56
ES,2026,2026-06-27,-0.01,152.298,69.698,152.308
ES,2026,2026-06-28,0.0,134.098,66.129,134.098
ES,2026,2026-06-29,5.095,144.962,83.643,139.868
ES,2026,2026-06-30,54.882,133.89,95.355,79.008
ES,2026,2026-07-01,0.0,116.87,54.552,116.87
ES,2026,2026-07-02,-0.01,118.265,45.939,118.275
ES,2026,2026-07-03,-0.108,125.075,49.743,125.182
ES,2026,2026-07-04,-0.792,125.892,48.393,126.685
ES,2026,2026-07-05,-0.135,160.318,65.687,160.452
ES,2026,2026-07-06,17.682,159.762,101.515,142.08
ES,2026,2026-07-07,70.0,164.558,114.147,94.558
ES,2026,2026-07-08,40.0,165.707,110.62,125.707
ES,2026,2026-07-09,23.76,173.55,112.592,149.79
ES,2026,2026-07-10,37.36,168.0,117.973,130.64
ES,2026,2026-07-11,-0.01,155.342,85.898,155.352
ES,2026,2026-07-12,-1.112,150.962,72.547,152.075
ES,2026,2026-07-13,50.978,205.415,126.385,154.438
ES,2026,2026-07-14,61.915,172.45,124.308,110.535
ES,2026,2026-07-15,90.982,191.952,138.686,100.97
ES,2026,2026-07-16,75.79,185.845,135.245,110.055
ES,2026,2026-07-17,97.778,168.65,136.76,70.872
ES,2026,2026-07-18,0.0,162.575,91.008,162.575
ES,2026,2026-07-19,-0.035,175.758,91.015,175.792
ES,2026,2026-07-20,63.142,178.762,131.716,115.62
ES,2026,2026-07-21,82.715,175.75,136.349,93.035
ES,2026,2026-07-22,90.43,244.1,151.516,153.67
ES,2026,2026-07-23,35.602,255.158,136.739,219.555
ES,2026,2026-07-24,0.29,188.278,109.968,187.988
ES,2026,2026-07-25,-1.432,165.483,78.805,166.915
ES,2026,2026-07-26,-1.0,174.87,71.026,175.87
ES,2026,2026-07-27,0.0,232.272,100.047,232.272
ES,2026,2026-07-28,1.098,224.898,123.083,223.8
ES,2026,2026-07-29,3.015,216.355,120.578,213.34
ES,2026,2026-07-30,6.132,204.725,129.049,198.592
ES,2026,2026-07-31,69.932,178.972,139.341,109.04
ES,2026,2026-08-01,0.438,194.528,112.246,194.09
ES,2026,2026-08-02,-0.218,205.225,106.53,205.442
ES,2026,2026-08-03,80.1,213.182,152.226,133.082
ES,2026,2026-08-04,76.465,208.462,145.936,131.998
ES,2026,2026-08-05,4.502,194.69,117.833,190.188
ES,2026,2026-08-06,1.83,206.392,109.085,204.562
ES,2026,2026-08-07,7.755,215.13,120.452,207.375
ES,2026,2026-08-08,0.0,189.482,107.644,189.482
ES,2026,2026-08-09,-0.105,175.605,94.061,175.71
ES,2026,2026-08-10,23.778,223.405,127.717,199.628
ES,2026,2026-08-11,14.84,231.005,129.026,216.165
ES,2026,2026-08-12,16.368,229.778,135.793,213.41
ES,2026,2026-08-13,29.088,244.03,138.818,214.942
ES,2026,2026-08-14,33.415,231.57,139.722,198.155
ES,2026,2026-08-15,0.568,203.522,117.366,202.955
ES,2026,2026-08-16,0.0,211.538,116.217,211.538
ES,2026,2026-08-17,42.025,234.06,156.843,192.035
ES,2026,2026-08-18,0.945,242.538,128.312,241.592
ES,2026,2026-08-19,2.202,210.79,127.342,208.588
ES,2026,2026-08-20,50.0,196.59,138.239,146.59
ES,2026,2026-08-21,2.0,198.67,112.51,196.67
ES,2026,2026-08-22,-0.01,172.588,94.044,172.598
ES,2026,2026-08-23,-2.1,164.442,84.983,166.542
ES,2026,2026-08-24,0.302,189.332,95.157,189.03
ES,2026,2026-08-25,4.135,224.362,124.303,220.228
ES,2026,2026-08-26,0.0,193.52,108.272,193.52
ES,2026,2026-08-27,0.51,182.548,110.079,182.038
ES,2026,2026-08-28,0.0,214.75,105.51,214.75
ES,2026,2026-08-29,-0.73,212.995,103.61,213.725
ES,2026,2026-08-30,-1.012,199.215,99.303,200.228
ES,2026,2026-08-31,0.0,213.76,107.069,213.76
ES,2026,2026-09-01,29.268,233.285,142.735,204.017
ES,2026,2026-09-02,62.358,237.835,160.39,175.478
ES,2026,2026-09-03,31.635,293.75,157.448,262.115
ES,2026,2026-09-04,84.62,252.305,168.569,167.685
ES,2026,2026-09-05,3.205,222.925,138.4,219.72
ES,2026,2026-09-06,0.0,202.96,108.766,202.96
FR,2019,2019-01-01,20.9,65.56,41.33,44.66
FR,2019,2019-01-02,25.84,69.3,54.018,43.46
FR,2019,2019-01-03,43.88,73.43,61.6,29.55
FR,2019,2019-01-04,47.0,77.23,65.6,30.23
FR,2019,2019-01-05,52.57,69.12,62.215,16.55
FR,2019,2019-01-06,47.17,67.37,55.499,20.2
FR,2019,2019-01-07,46.08,74.93,62.54,28.85
FR,2019,2019-01-08,27.4,70.0,57.68,42.6
FR,2019,2019-01-09,27.83,69.01,58.139,41.18
FR,2019,2019-01-10,48.5,85.15,69.327,36.65
FR,2019,2019-01-11,49.98,77.54,65.207,27.56
FR,2019,2019-01-12,42.51,65.0,53.537,22.49
FR,2019,2019-01-13,26.48,64.45,45.728,37.97
FR,2019,2019-01-14,23.49,72.52,57.211,49.03
FR,2019,2019-01-15,37.58,74.74,60.966,37.16
FR,2019,2019-01-16,44.68,72.95,62.745,28.27
FR,2019,2019-01-17,32.58,73.45,61.592,40.87
FR,2019,2019-01-18,48.0,76.86,66.86,28.86
FR,2019,2019-01-19,55.55,70.0,63.962,14.45
FR,2019,2019-01-20,51.52,70.11,61.079,18.59
FR,2019,2019-01-21,51.14,88.5,71.861,37.36
FR,2019,2019-01-22,52.1,91.52,72.069,39.42
FR,2019,2019-01-23,51.02,93.9,76.286,42.88
FR,2019,2019-01-24,56.52,121.46,86.004,64.94
FR,2019,2019-01-25,55.28,97.0,69.369,41.72
FR,2019,2019-01-26,44.51,66.49,54.026,21.98
FR,2019,2019-01-27,18.98,59.2,40.254,40.22
FR,2019,2019-01-28,37.8,71.51,56.295,33.71
FR,2019,2019-01-29,45.97,73.14,62.402,27.17
FR,2019,2019-01-30,42.74,71.85,59.462,29.11
FR,2019,2019-01-31,45.08,78.49,60.79,33.41
FR,2019,2019-02-01,41.1,72.57,59.64,31.47
FR,2019,2019-02-02,42.6,59.5,50.041,16.9
FR,2019,2019-02-03,38.47,63.93,47.76,25.46
FR,2019,2019-02-04,38.55,70.66,57.745,32.11
FR,2019,2019-02-05,42.8,68.07,57.717,25.27
FR,2019,2019-02-06,40.4,65.88,53.139,25.48
FR,2019,2019-02-07,37.0,56.5,48.281,19.5
FR,2019,2019-02-08,34.96,58.0,47.015,23.04
FR,2019,2019-02-09,15.7,56.12,33.513,40.42
FR,2019,2019-02-10,15.6,49.82,31.786,34.22
FR,2019,2019-02-11,18.72,66.25,47.983,47.53
FR,2019,2019-02-12,38.12,65.83,51.164,27.71
FR,2019,2019-02-13,37.68,65.31,49.868,27.63
FR,2019,2019-02-14,38.47,63.67,50.457,25.2
FR,2019,2019-02-15,40.19,61.73,49.074,21.54
FR,2019,2019-02-16,36.52,56.41,43.763,19.89
FR,2019,2019-02-17,35.09,50.07,39.493,14.98
FR,2019,2019-02-18,36.23,57.37,46.889,21.14
FR,2019,2019-02-19,36.0,60.05,47.151,24.05
FR,2019,2019-02-20,35.2,55.09,47.488,19.89
FR,2019,2019-02-21,35.36,57.7,46.792,22.34
FR,2019,2019-02-22,38.04,58.02,46.864,19.98
FR,2019,2019-02-23,35.5,50.97,40.052,15.47
FR,2019,2019-02-24,34.54,51.47,39.677,16.93
FR,2019,2019-02-25,36.06,56.88,44.374,20.82
FR,2019,2019-02-26,35.88,54.94,43.907,19.06
FR,2019,2019-02-27,34.68,56.8,43.165,22.12
FR,2019,2019-02-28,29.53,50.97,40.282,21.44
FR,2019,2019-03-01,33.18,52.49,44.552,19.31
FR,2019,2019-03-02,26.83,48.6,39.982,21.77
FR,2019,2019-03-03,8.37,39.05,18.017,30.68
FR,2019,2019-03-04,3.52,43.33,29.298,39.81
FR,2019,2019-03-05,19.94,55.23,40.596,35.29
FR,2019,2019-03-06,25.68,48.0,35.616,22.32
FR,2019,2019-03-07,21.59,45.64,32.778,24.05
FR,2019,2019-03-08,23.26,53.05,40.001,29.79
FR,2019,2019-03-09,10.85,37.84,23.519,26.99
FR,2019,2019-03-10,6.54,40.92,18.536,34.38
FR,2019,2019-03-11,19.06,57.9,40.0,38.84
FR,2019,2019-03-12,26.85,52.05,38.821,25.2
FR,2019,2019-03-13,11.78,43.05,28.93,31.27
FR,2019,2019-03-14,23.72,43.72,35.069,20.0
FR,2019,2019-03-15,12.12,42.94,29.739,30.82
FR,2019,2019-03-16,6.35,30.95,17.007,24.6
FR,2019,2019-03-17,-10.99,39.13,9.814,50.12
FR,2019,2019-03-18,19.08,50.01,38.916,30.93
FR,2019,2019-03-19,36.42,60.73,45.28,24.31
FR,2019,2019-03-20,34.33,55.55,41.846,21.22
FR,2019,2019-03-21,33.04,55.0,40.082,21.96
FR,2019,2019-03-22,34.3,50.98,40.305,16.68
FR,2019,2019-03-23,28.52,44.99,35.752,16.47
FR,2019,2019-03-24,23.79,42.67,32.738,18.88
FR,2019,2019-03-25,21.12,47.01,34.232,25.89
FR,2019,2019-03-26,30.21,49.4,37.435,19.19
FR,2019,2019-03-27,32.73,48.06,39.812,15.33
FR,2019,2019-03-28,32.86,52.77,40.752,19.91
FR,2019,2019-03-29,32.4,49.33,39.264,16.93
FR,2019,2019-03-30,26.66,44.95,34.156,18.29
FR,2019,2019-03-31,-11.58,41.8,26.436,53.38
FR,2019,2019-04-01,26.5,53.56,36.608,27.06
FR,2019,2019-04-02,26.13,44.54,35.89,18.41
FR,2019,2019-04-03,31.08,54.72,43.49,23.64
FR,2019,2019-04-04,33.0,60.44,43.793,27.44
FR,2019,2019-04-05,36.14,58.67,43.729,22.53
FR,2019,2019-04-06,31.62,46.51,39.193,14.89
FR,2019,2019-04-07,28.03,49.65,38.099,21.62
FR,2019,2019-04-08,36.3,60.0,45.625,23.7
FR,2019,2019-04-09,34.96,55.32,42.553,20.36
FR,2019,2019-04-10,35.78,58.02,43.952,22.24
FR,2019,2019-04-11,36.52,59.24,44.909,22.72
FR,2019,2019-04-12,37.22,60.08,45.31,22.86
FR,2019,2019-04-13,35.65,57.61,43.666,21.96
FR,2019,2019-04-14,30.59,57.41,41.213,26.82
FR,2019,2019-04-15,35.91,60.67,45.972,24.76
FR,2019,2019-04-16,35.06,54.03,45.82,18.97
FR,2019,2019-04-17,35.02,52.23,41.729,17.21
FR,2019,2019-04-18,32.67,56.19,41.367,23.52
FR,2019,2019-04-19,25.45,45.28,36.138,19.83
FR,2019,2019-04-20,20.0,43.41,30.477,23.41
FR,2019,2019-04-21,6.27,46.08,29.88,39.81
FR,2019,2019-04-22,-4.1,24.66,9.531,28.76
FR,2019,2019-04-23,1.85,42.88,28.576,41.03
FR,2019,2019-04-24,18.38,43.85,33.42,25.47
FR,2019,2019-04-25,0.51,46.36,29.36,45.85
FR,2019,2019-04-26,25.77,56.38,39.555,30.61
FR,2019,2019-04-27,10.49,37.31,24.307,26.82
FR,2019,2019-04-28,23.82,47.76,33.938,23.94
FR,2019,2019-04-29,31.9,56.71,41.868,24.81
FR,2019,2019-04-30,34.44,60.0,42.98,25.56
FR,2019,2019-05-01,7.18,38.76,27.87,31.58
FR,2019,2019-05-02,26.97,47.18,39.192,20.21
FR,2019,2019-05-03,32.48,50.1,41.15,17.62
FR,2019,2019-05-04,28.59,45.92,38.16,17.33
FR,2019,2019-05-05,18.58,46.47,31.78,27.89
FR,2019,2019-05-06,33.87,56.14,44.976,22.27
FR,2019,2019-05-07,39.03,63.9,50.012,24.87
FR,2019,2019-05-08,32.01,46.2,37.684,14.19
FR,2019,2019-05-09,30.26,54.66,45.198,24.4
FR,2019,2019-05-10,37.17,56.17,45.09,19.0
FR,2019,2019-05-11,23.55,41.51,32.722,17.96
FR,2019,2019-05-12,-12.27,42.71,23.577,54.98
FR,2019,2019-05-13,30.35,53.01,39.365,22.66
FR,2019,2019-05-14,33.84,55.53,40.508,21.69
FR,2019,2019-05-15,34.28,55.07,40.567,20.79
FR,2019,2019-05-16,32.07,49.3,39.806,17.23
FR,2019,2019-05-17,33.79,51.12,42.146,17.33
FR,2019,2019-05-18,32.36,45.17,37.015,12.81
FR,2019,2019-05-19,27.41,43.33,35.082,15.92
FR,2019,2019-05-20,33.51,57.45,45.382,23.94
FR,2019,2019-05-21,31.49,57.61,42.464,26.12
FR,2019,2019-05-22,29.0,50.35,40.25,21.35
FR,2019,2019-05-23,27.41,52.38,39.923,24.97
FR,2019,2019-05-24,25.69,50.95,38.98,25.26
FR,2019,2019-05-25,31.35,44.71,36.272,13.36
FR,2019,2019-05-26,-7.3,37.16,20.032,44.46
FR,2019,2019-05-27,14.09,43.75,32.942,29.66
FR,2019,2019-05-28,24.17,45.68,34.636,21.51
FR,2019,2019-05-29,23.53,46.45,37.21,22.92
FR,2019,2019-05-30,7.03,40.34,19.322,33.31
FR,2019,2019-05-31,26.28,43.98,33.95,17.7
FR,2019,2019-06-01,19.13,40.36,28.499,21.23
FR,2019,2019-06-02,-9.02,38.13,17.456,47.15
FR,2019,2019-06-03,14.51,50.5,35.961,35.99
FR,2019,2019-06-04,24.49,47.69,35.005,23.2
FR,2019,2019-06-05,24.54,44.99,35.174,20.45
FR,2019,2019-06-06,23.06,42.91,33.694,19.85
FR,2019,2019-06-07,0.9,43.55,24.168,42.65
FR,2019,2019-06-08,-24.92,28.72,5.376,53.64
FR,2019,2019-06-09,10.8,35.6,20.755,24.8
FR,2019,2019-06-10,25.83,40.0,31.262,14.17
FR,2019,2019-06-11,24.6,48.99,40.797,24.39
FR,2019,2019-06-12,27.58,51.22,38.842,23.64
FR,2019,2019-06-13,17.2,47.56,32.656,30.36
FR,2019,2019-06-14,17.6,49.04,34.566,31.44
FR,2019,2019-06-15,19.31,34.31,27.424,15.0
FR,2019,2019-06-16,14.06,41.02,24.075,26.96
FR,2019,2019-06-17,18.01,42.44,33.508,24.43
FR,2019,2019-06-18,15.64,42.05,33.487,26.41
FR,2019,2019-06-19,17.31,42.98,33.313,25.67
FR,2019,2019-06-20,21.04,44.71,34.85,23.67
FR,2019,2019-06-21,17.91,47.09,33.232,29.18
FR,2019,2019-06-22,12.62,34.8,24.412,22.18
FR,2019,2019-06-23,-0.92,34.19,12.059,35.11
FR,2019,2019-06-24,16.5,39.45,29.557,22.95
FR,2019,2019-06-25,15.09,45.83,34.155,30.74
FR,2019,2019-06-26,14.29,37.14,28.793,22.85
FR,2019,2019-06-27,14.64,44.43,31.264,29.79
FR,2019,2019-06-28,16.85,48.54,35.617,31.69
FR,2019,2019-06-29,22.51,40.35,28.847,17.84
FR,2019,2019-06-30,-5.12,43.19,18.524,48.31
FR,2019,2019-07-01,16.27,41.13,30.159,24.86
FR,2019,2019-07-02,24.75,44.0,34.076,19.25
FR,2019,2019-07-03,18.99,41.93,31.809,22.94
FR,2019,2019-07-04,15.76,43.58,31.281,27.82
FR,2019,2019-07-05,27.64,43.4,34.387,15.76
FR,2019,2019-07-06,24.45,35.12,28.795,10.67
FR,2019,2019-07-07,11.6,37.02,25.689,25.42
FR,2019,2019-07-08,21.38,42.9,34.608,21.52
FR,2019,2019-07-09,20.95,47.0,35.955,26.05
FR,2019,2019-07-10,26.49,53.19,40.593,26.7
FR,2019,2019-07-11,27.86,53.99,44.291,26.13
FR,2019,2019-07-12,26.81,53.74,41.028,26.93
FR,2019,2019-07-13,28.75,41.2,36.084,12.45
FR,2019,2019-07-14,25.58,43.72,32.955,18.14
FR,2019,2019-07-15,25.98,50.06,39.782,24.08
FR,2019,2019-07-16,33.13,52.64,43.133,19.51
FR,2019,2019-07-17,37.28,54.01,45.246,16.73
FR,2019,2019-07-18,27.89,48.96,40.692,21.07
FR,2019,2019-07-19,29.75,50.6,42.657,20.85
FR,2019,2019-07-20,27.63,39.2,32.628,11.57
FR,2019,2019-07-21,16.98,46.62,32.521,29.64
FR,2019,2019-07-22,22.77,53.94,41.951,31.17
FR,2019,2019-07-23,32.84,59.52,46.304,26.68
FR,2019,2019-07-24,35.34,74.06,53.17,38.72
FR,2019,2019-07-25,37.73,69.58,49.788,31.85
FR,2019,2019-07-26,36.37,56.07,46.801,19.7
FR,2019,2019-07-27,30.02,39.43,35.61,9.41
FR,2019,2019-07-28,25.6,41.46,32.006,15.86
FR,2019,2019-07-29,26.59,49.38,39.933,22.79
FR,2019,2019-07-30,16.06,43.66,31.82,27.6
FR,2019,2019-07-31,14.96,44.07,32.658,29.11
FR,2019,2019-08-01,31.37,51.53,42.115,20.16
FR,2019,2019-08-02,29.57,50.47,41.185,20.9
FR,2019,2019-08-03,28.02,41.96,34.994,13.94
FR,2019,2019-08-04,28.26,47.0,33.932,18.74
FR,2019,2019-08-05,22.32,45.91,36.864,23.59
FR,2019,2019-08-06,30.37,49.75,40.857,19.38
FR,2019,2019-08-07,25.73,44.98,36.326,19.25
FR,2019,2019-08-08,25.37,43.63,33.268,18.26
FR,2019,2019-08-09,8.9,36.93,27.794,28.03
FR,2019,2019-08-10,4.18,31.83,14.569,27.65
FR,2019,2019-08-11,8.06,40.0,20.598,31.94
FR,2019,2019-08-12,21.46,42.59,32.91,21.13
FR,2019,2019-08-13,22.73,44.77,33.562,22.04
FR,2019,2019-08-14,25.03,38.22,31.61,13.19
FR,2019,2019-08-15,13.59,36.15,23.929,22.56
FR,2019,2019-08-16,18.16,36.76,30.771,18.6
FR,2019,2019-08-17,12.01,39.44,24.469,27.43
FR,2019,2019-08-18,9.67,36.97,22.812,27.3
FR,2019,2019-08-19,20.68,41.87,31.404,21.19
FR,2019,2019-08-20,22.56,41.02,34.681,18.46
FR,2019,2019-08-21,22.6,44.58,33.968,21.98
FR,2019,2019-08-22,22.41,42.47,33.167,20.06
FR,2019,2019-08-23,20.97,36.97,31.571,16.0
FR,2019,2019-08-24,26.83,42.39,30.972,15.56
FR,2019,2019-08-25,24.13,38.72,28.872,14.59
FR,2019,2019-08-26,26.43,49.06,40.706,22.63
FR,2019,2019-08-27,32.69,59.76,45.495,27.07
FR,2019,2019-08-28,32.29,64.63,46.86,32.34
FR,2019,2019-08-29,30.53,53.59,42.338,23.06
FR,2019,2019-08-30,24.4,52.49,40.068,28.09
FR,2019,2019-08-31,23.14,45.66,31.584,22.52
FR,2019,2019-09-01,25.06,39.67,30.19,14.61
FR,2019,2019-09-02,25.0,49.78,38.517,24.78
FR,2019,2019-09-03,24.1,51.22,36.395,27.12
FR,2019,2019-09-04,19.36,45.29,32.776,25.93
FR,2019,2019-09-05,20.33,40.92,32.574,20.59
FR,2019,2019-09-06,20.72,40.07,32.575,19.35
FR,2019,2019-09-07,27.09,39.45,32.983,12.36
FR,2019,2019-09-08,14.25,45.49,31.327,31.24
FR,2019,2019-09-09,29.72,57.09,42.532,27.37
FR,2019,2019-09-10,27.56,45.93,35.43,18.37
FR,2019,2019-09-11,17.35,43.25,32.526,25.9
FR,2019,2019-09-12,26.07,52.73,37.524,26.66
FR,2019,2019-09-13,26.24,49.37,39.42,23.13
FR,2019,2019-09-14,22.33,47.99,34.096,25.66
FR,2019,2019-09-15,11.63,48.9,28.392,37.27
FR,2019,2019-09-16,30.43,60.91,47.204,30.48
FR,2019,2019-09-17,27.16,52.03,42.112,24.87
FR,2019,2019-09-18,26.74,53.17,39.465,26.43
FR,2019,2019-09-19,27.62,56.24,42.869,28.62
FR,2019,2019-09-20,20.84,60.73,40.059,39.89
FR,2019,2019-09-21,15.78,46.32,28.659,30.54
FR,2019,2019-09-22,13.59,40.97,27.424,27.38
FR,2019,2019-09-23,22.63,55.4,41.978,32.77
FR,2019,2019-09-24,19.97,54.44,40.223,34.47
FR,2019,2019-09-25,16.01,51.74,40.435,35.73
FR,2019,2019-09-26,20.18,51.51,38.61,31.33
FR,2019,2019-09-27,17.95,50.31,36.83,32.36
FR,2019,2019-09-28,13.63,43.69,28.46,30.06
FR,2019,2019-09-29,0.82,30.23,16.87,29.41
FR,2019,2019-09-30,7.07,64.37,38.09,57.3
FR,2019,2019-10-01,15.66,54.99,39.948,39.33
FR,2019,2019-10-02,14.68,52.0,38.385,37.32
FR,2019,2019-10-03,25.3,55.06,41.364,29.76
FR,2019,2019-10-04,12.25,53.52,39.959,41.27
FR,2019,2019-10-05,27.52,52.09,37.215,24.57
FR,2019,2019-10-06,26.41,43.35,31.514,16.94
FR,2019,2019-10-07,24.91,61.76,44.832,36.85
FR,2019,2019-10-08,20.71,50.85,38.779,30.14
FR,2019,2019-10-09,19.44,51.8,36.192,32.36
FR,2019,2019-10-10,18.26,54.45,35.092,36.19
FR,2019,2019-10-11,12.57,43.05,27.17,30.48
FR,2019,2019-10-12,7.15,44.65,26.145,37.5
FR,2019,2019-10-13,8.52,41.24,23.415,32.72
FR,2019,2019-10-14,15.17,52.79,37.696,37.62
FR,2019,2019-10-15,24.27,67.95,44.311,43.68
FR,2019,2019-10-16,28.1,55.05,40.758,26.95
FR,2019,2019-10-17,26.34,63.96,44.372,37.62
FR,2019,2019-10-18,20.69,52.68,38.826,31.99
FR,2019,2019-10-19,23.9,47.9,33.145,24.0
FR,2019,2019-10-20,26.3,51.06,34.89,24.76
FR,2019,2019-10-21,25.7,66.51,45.459,40.81
FR,2019,2019-10-22,31.84,65.47,47.086,33.63
FR,2019,2019-10-23,30.09,59.77,44.33,29.68
FR,2019,2019-10-24,25.27,54.11,38.844,28.84
FR,2019,2019-10-25,24.42,51.89,38.229,27.47
FR,2019,2019-10-26,13.84,37.37,26.295,23.53
FR,2019,2019-10-27,11.58,55.52,31.091,43.94
FR,2019,2019-10-28,27.64,63.62,47.117,35.98
FR,2019,2019-10-29,35.17,66.18,48.621,31.01
FR,2019,2019-10-30,35.58,66.7,49.657,31.12
FR,2019,2019-10-31,32.54,61.18,46.378,28.64
FR,2019,2019-11-01,26.14,38.08,31.34,11.94
FR,2019,2019-11-02,16.45,39.44,27.929,22.99
FR,2019,2019-11-03,6.66,42.83,26.092,36.17
FR,2019,2019-11-04,11.32,52.92,37.482,41.6
FR,2019,2019-11-05,24.99,62.89,43.138,37.9
FR,2019,2019-11-06,33.79,87.12,51.878,53.33
FR,2019,2019-11-07,32.11,54.99,43.426,22.88
FR,2019,2019-11-08,31.82,66.47,48.619,34.65
FR,2019,2019-11-09,36.13,51.0,41.482,14.87
FR,2019,2019-11-10,33.86,53.09,41.209,19.23
FR,2019,2019-11-11,34.75,52.85,44.381,18.1
FR,2019,2019-11-12,32.53,64.43,48.67,31.9
FR,2019,2019-11-13,36.32,80.64,56.349,44.32
FR,2019,2019-11-14,35.37,78.32,53.356,42.95
FR,2019,2019-11-15,37.57,74.45,57.39,36.88
FR,2019,2019-11-16,37.19,57.8,46.312,20.61
FR,2019,2019-11-17,36.3,55.15,43.166,18.85
FR,2019,2019-11-18,35.68,85.0,56.596,49.32
FR,2019,2019-11-19,43.73,99.1,64.429,55.37
FR,2019,2019-11-20,42.4,79.26,58.991,36.86
FR,2019,2019-11-21,41.0,70.32,56.27,29.32
FR,2019,2019-11-22,35.47,54.44,46.985,18.97
FR,2019,2019-11-23,25.16,52.9,40.969,27.74
FR,2019,2019-11-24,30.0,51.8,41.041,21.8
FR,2019,2019-11-25,35.38,63.45,51.275,28.07
FR,2019,2019-11-26,35.91,54.79,47.248,18.88
FR,2019,2019-11-27,30.23,50.68,42.12,20.45
FR,2019,2019-11-28,12.56,55.37,40.564,42.81
FR,2019,2019-11-29,29.83,56.53,47.527,26.7
FR,2019,2019-11-30,35.39,53.1,42.135,17.71
FR,2019,2019-12-01,35.86,52.4,43.307,16.54
FR,2019,2019-12-02,34.46,67.64,51.071,33.18
FR,2019,2019-12-03,38.75,76.47,57.98,37.72
FR,2019,2019-12-04,41.01,86.55,59.655,45.54
FR,2019,2019-12-05,38.72,88.32,57.722,49.6
FR,2019,2019-12-06,40.62,56.16,48.762,15.54
FR,2019,2019-12-07,37.24,51.76,45.402,14.52
FR,2019,2019-12-08,12.63,46.74,30.883,34.11
FR,2019,2019-12-09,0.42,52.17,37.439,51.75
FR,2019,2019-12-10,32.0,56.38,45.245,24.38
FR,2019,2019-12-11,31.95,60.23,46.742,28.28
FR,2019,2019-12-12,31.61,61.6,44.947,29.99
FR,2019,2019-12-13,15.88,49.05,35.852,33.17
FR,2019,2019-12-14,19.64,36.99,28.907,17.35
FR,2019,2019-12-15,5.41,43.96,25.545,38.55
FR,2019,2019-12-16,29.19,52.01,42.607,22.82
FR,2019,2019-12-17,29.19,56.27,42.848,27.08
FR,2019,2019-12-18,15.0,54.19,41.01,39.19
FR,2019,2019-12-19,2.27,42.95,28.669,40.68
FR,2019,2019-12-20,1.76,40.33,25.817,38.57
FR,2019,2019-12-21,7.82,37.76,20.037,29.94
FR,2019,2019-12-22,4.25,37.0,13.378,32.75
FR,2019,2019-12-23,1.0,40.93,26.086,39.93
FR,2019,2019-12-24,-0.47,36.51,20.916,36.98
FR,2019,2019-12-25,4.0,32.09,14.62,28.09
FR,2019,2019-12-26,3.92,42.64,26.312,38.72
FR,2019,2019-12-27,16.6,44.88,32.834,28.28
FR,2019,2019-12-28,20.72,43.75,31.304,23.03
FR,2019,2019-12-29,20.97,43.5,30.898,22.53
FR,2019,2019-12-30,15.07,47.82,35.219,32.75
FR,2019,2019-12-31,28.59,47.73,38.44,19.14
FR,2020,2020-01-01,30.0,46.16,34.936,16.16
FR,2020,2020-01-02,28.42,46.72,39.321,18.3
FR,2020,2020-01-03,22.56,45.2,36.95,22.64
FR,2020,2020-01-04,26.24,44.24,34.265,18.0
FR,2020,2020-01-05,29.16,46.16,35.881,17.0
FR,2020,2020-01-06,27.03,49.01,39.316,21.98
FR,2020,2020-01-07,28.9,51.12,41.836,22.22
FR,2020,2020-01-08,20.35,55.92,40.649,35.57
FR,2020,2020-01-09,27.81,47.51,36.02,19.7
FR,2020,2020-01-10,26.47,49.97,38.78,23.5
FR,2020,2020-01-11,25.26,44.65,34.748,19.39
FR,2020,2020-01-12,20.57,40.87,29.087,20.3
FR,2020,2020-01-13,24.38,52.93,38.283,28.55
FR,2020,2020-01-14,8.66,39.37,30.578,30.71
FR,2020,2020-01-15,10.52,44.25,31.875,33.73
FR,2020,2020-01-16,27.6,52.4,36.994,24.8
FR,2020,2020-01-17,25.71,46.0,37.014,20.29
FR,2020,2020-01-18,26.45,43.04,35.71,16.59
FR,2020,2020-01-19,27.26,44.24,33.297,16.98
FR,2020,2020-01-20,31.5,59.32,44.828,27.82
FR,2020,2020-01-21,34.34,62.05,46.992,27.71
FR,2020,2020-01-22,33.7,65.09,48.458,31.39
FR,2020,2020-01-23,36.24,68.64,51.417,32.4
FR,2020,2020-01-24,36.38,66.74,51.127,30.36
FR,2020,2020-01-25,32.84,49.99,40.488,17.15
FR,2020,2020-01-26,28.48,44.42,34.434,15.94
FR,2020,2020-01-27,21.31,51.21,38.48,29.9
FR,2020,2020-01-28,24.99,44.94,34.835,19.95
FR,2020,2020-01-29,21.55,45.1,36.262,23.55
FR,2020,2020-01-30,23.61,45.29,35.375,21.68
FR,2020,2020-01-31,14.71,40.56,28.83,25.85
FR,2020,2020-02-01,0.53,31.12,17.754,30.59
FR,2020,2020-02-02,7.68,36.93,20.139,29.25
FR,2020,2020-02-03,6.69,39.97,26.633,33.28
FR,2020,2020-02-04,9.77,41.51,28.166,31.74
FR,2020,2020-02-05,23.63,49.16,36.689,25.53
FR,2020,2020-02-06,24.46,47.21,37.22,22.75
FR,2020,2020-02-07,25.25,54.58,34.533,29.33
FR,2020,2020-02-08,20.12,41.3,27.894,21.18
FR,2020,2020-02-09,4.85,28.63,14.265,23.78
FR,2020,2020-02-10,2.58,34.02,19.963,31.44
FR,2020,2020-02-11,9.89,38.71,24.946,28.82
FR,2020,2020-02-12,14.96,44.38,28.581,29.42
FR,2020,2020-02-13,22.78,42.13,30.52,19.35
FR,2020,2020-02-14,22.77,45.66,30.842,22.89
FR,2020,2020-02-15,11.82,31.49,21.734,19.67
FR,2020,2020-02-16,-5.09,18.59,8.092,23.68
FR,2020,2020-02-17,5.73,36.95,24.411,31.22
FR,2020,2020-02-18,10.38,38.88,26.588,28.5
FR,2020,2020-02-19,19.48,44.65,31.282,25.17
FR,2020,2020-02-20,24.1,40.15,30.008,16.05
FR,2020,2020-02-21,22.53,39.43,30.815,16.9
FR,2020,2020-02-22,14.15,33.44,23.96,19.29
FR,2020,2020-02-23,11.46,30.11,19.172,18.65
FR,2020,2020-02-24,15.02,43.0,28.023,27.98
FR,2020,2020-02-25,12.71,39.94,26.877,27.23
FR,2020,2020-02-26,23.53,42.17,31.254,18.64
FR,2020,2020-02-27,25.17,48.06,34.527,22.89
FR,2020,2020-02-28,15.41,43.88,30.408,28.47
FR,2020,2020-02-29,9.04,25.61,15.935,16.57
FR,2020,2020-03-01,5.64,36.12,15.95,30.48
FR,2020,2020-03-02,19.15,49.5,32.783,30.35
FR,2020,2020-03-03,24.1,56.9,36.787,32.8
FR,2020,2020-03-04,26.8,64.7,39.346,37.9
FR,2020,2020-03-05,22.49,54.64,33.624,32.15
FR,2020,2020-03-06,19.99,38.04,30.748,18.05
FR,2020,2020-03-07,20.8,39.95,28.182,19.15
FR,2020,2020-03-08,8.67,34.86,18.558,26.19
FR,2020,2020-03-09,24.06,58.98,35.825,34.92
FR,2020,2020-03-10,13.06,37.1,26.755,24.04
FR,2020,2020-03-11,9.26,37.99,25.994,28.73
FR,2020,2020-03-12,2.9,39.63,25.295,36.73
FR,2020,2020-03-13,11.98,42.5,29.414,30.52
FR,2020,2020-03-14,19.11,38.53,29.239,19.42
FR,2020,2020-03-15,-3.21,32.08,13.931,35.29
FR,2020,2020-03-16,19.92,61.79,30.802,41.87
FR,2020,2020-03-17,22.02,38.23,28.156,16.21
FR,2020,2020-03-18,20.34,40.38,26.342,20.04
FR,2020,2020-03-19,20.31,33.64,25.264,13.33
FR,2020,2020-03-20,13.75,28.92,20.651,15.17
FR,2020,2020-03-21,1.95,23.86,11.304,21.91
FR,2020,2020-03-22,-25.08,22.93,6.161,48.01
FR,2020,2020-03-23,9.28,33.14,16.92,23.86
FR,2020,2020-03-24,13.0,33.78,20.224,20.78
FR,2020,2020-03-25,17.57,34.48,22.451,16.91
FR,2020,2020-03-26,15.71,32.46,21.384,16.75
FR,2020,2020-03-27,15.66,30.0,21.483,14.34
FR,2020,2020-03-28,-0.02,21.93,13.708,21.95
FR,2020,2020-03-29,-10.79,20.59,7.545,31.38
FR,2020,2020-03-30,14.37,31.44,22.015,17.07
FR,2020,2020-03-31,15.83,29.02,22.022,13.19
FR,2020,2020-04-01,17.46,29.43,23.171,11.97
FR,2020,2020-04-02,12.65,27.8,21.593,15.15
FR,2020,2020-04-03,17.03,29.15,22.414,12.12
FR,2020,2020-04-04,8.6,21.79,16.047,13.19
FR,2020,2020-04-05,-21.06,19.08,5.464,40.14
FR,2020,2020-04-06,3.66,24.17,13.732,20.51
FR,2020,2020-04-07,11.71,23.66,16.643,11.95
FR,2020,2020-04-08,10.69,22.66,15.51,11.97
FR,2020,2020-04-09,11.86,22.66,16.636,10.8
FR,2020,2020-04-10,9.16,21.31,14.548,12.15
FR,2020,2020-04-11,5.1,21.82,13.785,16.72
FR,2020,2020-04-12,0.0,21.81,10.105,21.81
FR,2020,2020-04-13,-75.82,14.74,-6.179,90.56
FR,2020,2020-04-14,0.0,21.13,12.786,21.13
FR,2020,2020-04-15,6.36,19.74,14.026,13.38
FR,2020,2020-04-16,7.96,17.34,12.704,9.38
FR,2020,2020-04-17,9.55,22.1,14.548,12.55
FR,2020,2020-04-18,9.89,21.16,14.803,11.27
FR,2020,2020-04-19,-20.4,14.01,6.622,34.41
FR,2020,2020-04-20,-23.12,15.81,4.783,38.93
FR,2020,2020-04-21,-8.65,11.43,4.104,20.08
FR,2020,2020-04-22,-5.72,22.19,9.818,27.91
FR,2020,2020-04-23,12.69,23.94,18.036,11.25
FR,2020,2020-04-24,10.0,23.08,18.121,13.08
FR,2020,2020-04-25,7.76,22.7,15.499,14.94
FR,2020,2020-04-26,5.56,25.15,14.81,19.59
FR,2020,2020-04-27,13.64,24.1,20.018,10.46
FR,2020,2020-04-28,12.21,24.93,18.274,12.72
FR,2020,2020-04-29,5.95,20.96,12.179,15.01
FR,2020,2020-04-30,5.3,12.04,7.585,6.74
FR,2020,2020-05-01,1.02,19.0,5.945,17.98
FR,2020,2020-05-02,5.25,24.38,11.65,19.13
FR,2020,2020-05-03,5.57,23.01,12.218,17.44
FR,2020,2020-05-04,10.5,22.92,16.073,12.42
FR,2020,2020-05-05,12.93,25.34,18.385,12.41
FR,2020,2020-05-06,16.02,26.55,21.112,10.53
FR,2020,2020-05-07,17.04,25.77,20.597,8.73
FR,2020,2020-05-08,12.41,26.12,19.327,13.71
FR,2020,2020-05-09,12.5,22.93,17.761,10.43
FR,2020,2020-05-10,0.93,15.5,9.206,14.57
FR,2020,2020-05-11,-2.24,21.85,11.843,24.09
FR,2020,2020-05-12,16.81,27.94,21.515,11.13
FR,2020,2020-05-13,13.77,27.75,21.683,13.98
FR,2020,2020-05-14,11.07,26.03,18.944,14.96
FR,2020,2020-05-15,10.26,23.01,18.685,12.75
FR,2020,2020-05-16,10.89,23.56,15.902,12.67
FR,2020,2020-05-17,-11.79,23.95,10.02,35.74
FR,2020,2020-05-18,10.27,24.24,16.921,13.97
FR,2020,2020-05-19,14.88,25.39,19.837,10.51
FR,2020,2020-05-20,14.06,25.12,19.501,11.06
FR,2020,2020-05-21,12.14,24.51,17.676,12.37
FR,2020,2020-05-22,6.69,22.81,14.271,16.12
FR,2020,2020-05-23,-1.42,16.72,10.532,18.14
FR,2020,2020-05-24,-48.17,17.97,-8.874,66.14
FR,2020,2020-05-25,7.91,24.1,17.156,16.19
FR,2020,2020-05-26,9.3,23.59,16.495,14.29
FR,2020,2020-05-27,10.21,26.85,19.24,16.64
FR,2020,2020-05-28,10.27,24.99,17.076,14.72
FR,2020,2020-05-29,8.62,25.0,17.032,16.38
FR,2020,2020-05-30,2.17,17.91,11.266,15.74
FR,2020,2020-05-31,-40.79,15.2,2.11,55.99
FR,2020,2020-06-01,-9.96,23.37,9.278,33.33
FR,2020,2020-06-02,12.88,26.94,20.955,14.06
FR,2020,2020-06-03,14.06,33.62,24.982,19.56
FR,2020,2020-06-04,14.9,33.04,22.331,18.14
FR,2020,2020-06-05,3.73,29.4,17.01,25.67
FR,2020,2020-06-06,-3.46,23.91,8.53,27.37
FR,2020,2020-06-07,10.64,32.09,17.771,21.45
FR,2020,2020-06-08,20.02,37.55,29.827,17.53
FR,2020,2020-06-09,22.74,40.0,29.678,17.26
FR,2020,2020-06-10,21.36,35.0,30.009,13.64
FR,2020,2020-06-11,17.96,30.65,23.641,12.69
FR,2020,2020-06-12,16.0,27.51,20.766,11.51
FR,2020,2020-06-13,15.84,25.96,20.326,10.12
FR,2020,2020-06-14,14.49,27.91,19.335,13.42
FR,2020,2020-06-15,17.4,43.52,31.584,26.12
FR,2020,2020-06-16,24.34,40.66,32.642,16.32
FR,2020,2020-06-17,25.26,44.71,34.292,19.45
FR,2020,2020-06-18,22.82,36.99,31.751,14.17
FR,2020,2020-06-19,22.2,37.8,29.813,15.6
FR,2020,2020-06-20,15.27,34.94,24.241,19.67
FR,2020,2020-06-21,8.26,32.93,18.681,24.67
FR,2020,2020-06-22,20.61,38.58,30.669,17.97
FR,2020,2020-06-23,24.4,42.17,32.568,17.77
FR,2020,2020-06-24,26.76,46.69,34.718,19.93
FR,2020,2020-06-25,25.43,44.13,36.026,18.7
FR,2020,2020-06-26,25.59,46.8,35.518,21.21
FR,2020,2020-06-27,17.52,32.91,25.883,15.39
FR,2020,2020-06-28,2.23,36.0,18.264,33.77
FR,2020,2020-06-29,17.4,39.04,29.584,21.64
FR,2020,2020-06-30,20.05,40.01,34.792,19.96
FR,2020,2020-07-01,25.07,43.29,35.13,18.22
FR,2020,2020-07-02,27.2,52.24,39.362,25.04
FR,2020,2020-07-03,24.39,49.95,35.618,25.56
FR,2020,2020-07-04,11.94,29.19,21.269,17.25
FR,2020,2020-07-05,-19.17,30.28,3.603,49.45
FR,2020,2020-07-06,8.39,37.23,27.714,28.84
FR,2020,2020-07-07,27.15,40.84,35.358,13.69
FR,2020,2020-07-08,29.55,55.0,41.562,25.45
FR,2020,2020-07-09,30.0,51.7,41.473,21.7
FR,2020,2020-07-10,29.9,42.94,37.636,13.04
FR,2020,2020-07-11,25.12,37.73,29.272,12.61
FR,2020,2020-07-12,14.76,37.74,24.637,22.98
FR,2020,2020-07-13,25.07,45.56,35.045,20.49
FR,2020,2020-07-14,26.77,45.0,35.182,18.23
FR,2020,2020-07-15,28.73,48.52,40.064,19.79
FR,2020,2020-07-16,27.04,53.87,40.25,26.83
FR,2020,2020-07-17,28.68,44.86,36.844,16.18
FR,2020,2020-07-18,25.43,39.45,29.987,14.02
FR,2020,2020-07-19,19.46,40.42,28.022,20.96
FR,2020,2020-07-20,26.0,43.9,35.397,17.9
FR,2020,2020-07-21,26.51,42.93,36.214,16.42
FR,2020,2020-07-22,26.07,45.51,37.918,19.44
FR,2020,2020-07-23,26.76,45.23,39.109,18.47
FR,2020,2020-07-24,24.69,40.8,34.175,16.11
FR,2020,2020-07-25,21.22,32.22,26.468,11.0
FR,2020,2020-07-26,7.9,40.99,20.787,33.09
FR,2020,2020-07-27,22.11,40.6,34.419,18.49
FR,2020,2020-07-28,17.11,40.7,33.715,23.59
FR,2020,2020-07-29,25.27,47.27,37.934,22.0
FR,2020,2020-07-30,26.99,56.84,40.557,29.85
FR,2020,2020-07-31,27.45,53.32,41.275,25.87
FR,2020,2020-08-01,27.45,38.78,32.301,11.33
FR,2020,2020-08-02,23.86,38.43,28.172,14.57
FR,2020,2020-08-03,25.06,45.45,36.916,20.39
FR,2020,2020-08-04,23.66,41.2,35.057,17.54
FR,2020,2020-08-05,19.5,43.4,33.138,23.9
FR,2020,2020-08-06,24.06,53.96,36.872,29.9
FR,2020,2020-08-07,27.48,50.11,38.232,22.63
FR,2020,2020-08-08,27.39,41.2,32.768,13.81
FR,2020,2020-08-09,24.4,42.11,30.243,17.71
FR,2020,2020-08-10,26.1,52.74,38.759,26.64
FR,2020,2020-08-11,30.49,50.92,40.022,20.43
FR,2020,2020-08-12,30.09,56.4,40.35,26.31
FR,2020,2020-08-13,27.92,53.39,39.2,25.47
FR,2020,2020-08-14,30.07,46.08,37.98,16.01
FR,2020,2020-08-15,26.07,39.93,31.44,13.86
FR,2020,2020-08-16,19.66,40.21,28.757,20.55
FR,2020,2020-08-17,27.75,55.8,40.276,28.05
FR,2020,2020-08-18,29.92,58.05,41.383,28.13
FR,2020,2020-08-19,28.6,50.9,37.729,22.3
FR,2020,2020-08-20,25.01,59.85,37.85,34.84
FR,2020,2020-08-21,20.97,41.83,32.701,20.86
FR,2020,2020-08-22,7.8,35.07,24.711,27.27
FR,2020,2020-08-23,6.87,38.87,22.543,32.0
FR,2020,2020-08-24,25.5,70.16,45.588,44.66
FR,2020,2020-08-25,25.13,48.09,38.466,22.96
FR,2020,2020-08-26,8.65,56.85,39.008,48.2
FR,2020,2020-08-27,37.3,90.0,52.295,52.7
FR,2020,2020-08-28,32.01,52.11,42.338,20.1
FR,2020,2020-08-29,28.31,46.91,36.352,18.6
FR,2020,2020-08-30,29.23,43.13,33.374,13.9
FR,2020,2020-08-31,28.43,79.06,54.846,50.63
FR,2020,2020-09-01,34.91,67.24,49.975,32.33
FR,2020,2020-09-02,34.72,71.11,50.066,36.39
FR,2020,2020-09-03,35.43,59.99,46.894,24.56
FR,2020,2020-09-04,29.55,54.93,44.023,25.38
FR,2020,2020-09-05,29.01,46.84,34.966,17.83
FR,2020,2020-09-06,29.39,49.44,35.131,20.05
FR,2020,2020-09-07,30.53,65.05,45.814,34.52
FR,2020,2020-09-08,30.55,68.37,47.017,37.82
FR,2020,2020-09-09,34.77,63.96,49.583,29.19
FR,2020,2020-09-10,34.4,78.01,51.126,43.61
FR,2020,2020-09-11,36.79,69.45,52.45,32.66
FR,2020,2020-09-12,32.37,49.98,39.126,17.61
FR,2020,2020-09-13,26.97,50.92,34.785,23.95
FR,2020,2020-09-14,32.32,120.62,55.796,88.3
FR,2020,2020-09-15,37.77,189.25,73.198,151.48
FR,2020,2020-09-16,37.88,86.53,57.162,48.65
FR,2020,2020-09-17,34.52,79.84,49.958,45.32
FR,2020,2020-09-18,34.19,58.11,44.911,23.92
FR,2020,2020-09-19,30.75,51.05,39.553,20.3
FR,2020,2020-09-20,32.95,51.91,38.72,18.96
FR,2020,2020-09-21,33.64,200.04,65.088,166.4
FR,2020,2020-09-22,40.0,84.35,55.255,44.35
FR,2020,2020-09-23,36.47,60.82,48.493,24.35
FR,2020,2020-09-24,28.61,67.57,43.19,38.96
FR,2020,2020-09-25,27.2,58.28,41.905,31.08
FR,2020,2020-09-26,19.92,45.49,32.461,25.57
FR,2020,2020-09-27,12.0,51.95,31.837,39.95
FR,2020,2020-09-28,28.6,80.03,47.893,51.43
FR,2020,2020-09-29,34.79,128.31,59.29,93.52
FR,2020,2020-09-30,34.07,72.8,50.041,38.73
FR,2020,2020-10-01,29.75,58.29,43.764,28.54
FR,2020,2020-10-02,16.93,53.09,38.358,36.16
FR,2020,2020-10-03,11.35,48.92,29.258,37.57
FR,2020,2020-10-04,2.5,46.61,17.165,44.11
FR,2020,2020-10-05,6.0,55.27,34.712,49.27
FR,2020,2020-10-06,10.74,49.35,35.409,38.61
FR,2020,2020-10-07,18.58,52.97,38.793,34.39
FR,2020,2020-10-08,22.02,52.39,37.302,30.37
FR,2020,2020-10-09,29.54,62.44,42.223,32.9
FR,2020,2020-10-10,27.75,47.1,33.147,19.35
FR,2020,2020-10-11,25.49,49.08,32.765,23.59
FR,2020,2020-10-12,28.72,78.68,47.674,49.96
FR,2020,2020-10-13,31.58,70.0,46.788,38.42
FR,2020,2020-10-14,31.16,62.62,43.395,31.46
FR,2020,2020-10-15,29.78,60.73,44.118,30.95
FR,2020,2020-10-16,33.02,67.85,48.348,34.83
FR,2020,2020-10-17,35.59,50.46,41.669,14.87
FR,2020,2020-10-18,31.5,49.6,38.87,18.1
FR,2020,2020-10-19,29.04,70.3,44.151,41.26
FR,2020,2020-10-20,24.8,49.02,39.293,24.22
FR,2020,2020-10-21,26.9,54.14,39.232,27.24
FR,2020,2020-10-22,23.83,56.63,44.57,32.8
FR,2020,2020-10-23,34.35,59.9,46.561,25.55
FR,2020,2020-10-24,5.51,41.33,28.59,35.82
FR,2020,2020-10-25,-7.72,46.88,18.994,54.6
FR,2020,2020-10-26,18.8,50.22,40.188,31.42
FR,2020,2020-10-27,28.04,47.69,38.711,19.65
FR,2020,2020-10-28,17.68,51.21,37.94,33.53
FR,2020,2020-10-29,8.28,50.1,36.964,41.82
FR,2020,2020-10-30,5.43,49.0,33.582,43.57
FR,2020,2020-10-31,24.86,38.74,31.556,13.88
FR,2020,2020-11-01,3.36,35.81,16.489,32.45
FR,2020,2020-11-02,-7.97,51.02,27.747,58.99
FR,2020,2020-11-03,19.59,47.53,37.042,27.94
FR,2020,2020-11-04,29.8,60.12,41.684,30.32
FR,2020,2020-11-05,30.02,52.4,39.095,22.38
FR,2020,2020-11-06,30.05,52.0,40.378,21.95
FR,2020,2020-11-07,29.0,48.84,35.24,19.84
FR,2020,2020-11-08,26.84,47.96,34.886,21.12
FR,2020,2020-11-09,31.0,61.61,44.09,30.61
FR,2020,2020-11-10,32.0,64.79,46.395,32.79
FR,2020,2020-11-11,32.65,51.82,39.473,19.17
FR,2020,2020-11-12,29.18,52.72,40.917,23.54
FR,2020,2020-11-13,29.38,50.05,41.31,20.67
FR,2020,2020-11-14,4.04,44.56,34.742,40.52
FR,2020,2020-11-15,0.13,29.51,13.258,29.38
FR,2020,2020-11-16,-4.23,51.9,32.382,56.13
FR,2020,2020-11-17,25.53,50.0,40.165,24.47
FR,2020,2020-11-18,21.13,48.39,38.629,27.26
FR,2020,2020-11-19,3.9,49.93,34.313,46.03
FR,2020,2020-11-20,32.76,58.68,44.347,25.92
FR,2020,2020-11-21,30.4,50.98,38.266,20.58
FR,2020,2020-11-22,28.4,50.75,38.083,22.35
FR,2020,2020-11-23,33.02,62.03,48.578,29.01
FR,2020,2020-11-24,36.28,55.92,46.466,19.64
FR,2020,2020-11-25,33.26,61.54,47.717,28.28
FR,2020,2020-11-26,36.57,79.81,54.817,43.24
FR,2020,2020-11-27,40.37,79.66,60.208,39.29
FR,2020,2020-11-28,41.12,56.14,47.373,15.02
FR,2020,2020-11-29,35.97,58.97,45.644,23.0
FR,2020,2020-11-30,38.82,77.18,54.509,38.36
FR,2020,2020-12-01,36.08,77.98,55.641,41.9
FR,2020,2020-12-02,43.42,110.56,74.274,67.14
FR,2020,2020-12-03,31.61,66.3,52.49,34.69
FR,2020,2020-12-04,25.0,66.1,51.851,41.1
FR,2020,2020-12-05,38.28,67.63,50.747,29.35
FR,2020,2020-12-06,33.59,63.1,46.055,29.51
FR,2020,2020-12-07,30.25,88.19,62.049,57.94
FR,2020,2020-12-08,37.28,105.58,66.629,68.3
FR,2020,2020-12-09,36.19,114.0,76.079,77.81
FR,2020,2020-12-10,36.19,105.41,70.006,69.22
FR,2020,2020-12-11,33.59,65.42,52.058,31.83
FR,2020,2020-12-12,35.25,57.92,46.467,22.67
FR,2020,2020-12-13,34.01,53.0,43.553,18.99
FR,2020,2020-12-14,25.18,66.16,47.807,40.98
FR,2020,2020-12-15,34.0,68.8,52.56,34.8
FR,2020,2020-12-16,39.04,63.95,51.986,24.91
FR,2020,2020-12-17,38.8,68.9,55.001,30.1
FR,2020,2020-12-18,35.12,58.91,47.958,23.79
FR,2020,2020-12-19,23.32,53.37,38.691,30.05
FR,2020,2020-12-20,29.01,52.81,41.362,23.8
FR,2020,2020-12-21,10.6,55.5,43.915,44.9
FR,2020,2020-12-22,-1.75,54.15,35.712,55.9
FR,2020,2020-12-23,7.59,53.14,40.596,45.55
FR,2020,2020-12-24,0.04,48.28,30.859,48.24
FR,2020,2020-12-25,8.0,49.74,26.148,41.74
FR,2020,2020-12-26,3.13,44.18,28.219,41.05
FR,2020,2020-12-27,-9.01,47.7,20.515,56.71
FR,2020,2020-12-28,11.24,56.98,42.636,45.74
FR,2020,2020-12-29,34.06,59.72,49.437,25.66
FR,2020,2020-12-30,33.5,60.08,50.203,26.58
FR,2020,2020-12-31,31.67,61.34,49.598,29.67
FR,2021,2021-01-01,39.63,60.61,48.224,20.98
FR,2021,2021-01-02,37.55,63.08,50.538,25.53
FR,2021,2021-01-03,35.5,61.09,47.268,25.59
FR,2021,2021-01-04,41.62,72.6,59.462,30.98
FR,2021,2021-01-05,44.58,80.0,63.808,35.42
FR,2021,2021-01-06,47.2,101.07,71.132,53.87
FR,2021,2021-01-07,49.35,108.97,81.288,59.62
FR,2021,2021-01-08,50.86,114.89,85.04,64.03
FR,2021,2021-01-09,50.25,71.99,60.385,21.74
FR,2021,2021-01-10,48.45,73.91,56.91,25.46
FR,2021,2021-01-11,46.36,89.06,67.603,42.7
FR,2021,2021-01-12,46.57,78.93,63.89,32.36
FR,2021,2021-01-13,55.43,95.46,73.561,40.03
FR,2021,2021-01-14,43.7,95.98,72.973,52.28
FR,2021,2021-01-15,46.6,98.02,72.961,51.42
FR,2021,2021-01-16,48.52,66.5,57.226,17.98
FR,2021,2021-01-17,45.42,75.0,56.752,29.58
FR,2021,2021-01-18,46.96,88.63,69.235,41.67
FR,2021,2021-01-19,41.31,75.07,60.188,33.76
FR,2021,2021-01-20,28.38,64.05,48.228,35.67
FR,2021,2021-01-21,3.15,58.75,41.912,55.6
FR,2021,2021-01-22,23.03,66.77,50.379,43.74
FR,2021,2021-01-23,38.91,66.13,51.745,27.22
FR,2021,2021-01-24,39.78,65.0,49.235,25.22
FR,2021,2021-01-25,42.2,79.67,62.159,37.47
FR,2021,2021-01-26,46.1,82.04,63.77,35.94
FR,2021,2021-01-27,42.04,70.67,59.159,28.63
FR,2021,2021-01-28,42.4,66.1,54.837,23.7
FR,2021,2021-01-29,29.0,60.79,47.685,31.79
FR,2021,2021-01-30,34.86,61.65,48.027,26.79
FR,2021,2021-01-31,38.61,63.88,47.897,25.27
FR,2021,2021-02-01,34.87,81.58,57.019,46.71
FR,2021,2021-02-02,22.59,65.05,48.261,42.46
FR,2021,2021-02-03,6.4,56.97,41.941,50.57
FR,2021,2021-02-04,31.99,71.5,52.603,39.51
FR,2021,2021-02-05,40.52,62.02,51.555,21.5
FR,2021,2021-02-06,18.05,45.89,37.162,27.84
FR,2021,2021-02-07,-2.01,55.39,26.758,57.4
FR,2021,2021-02-08,12.79,64.32,50.619,51.53
FR,2021,2021-02-09,46.05,81.18,65.42,35.13
FR,2021,2021-02-10,47.5,109.86,72.657,62.36
FR,2021,2021-02-11,50.02,136.71,78.81,86.69
FR,2021,2021-02-12,47.68,82.76,63.339,35.08
FR,2021,2021-02-13,44.68,72.96,54.633,28.28
FR,2021,2021-02-14,38.46,62.2,47.426,23.74
FR,2021,2021-02-15,31.29,68.28,52.422,36.99
FR,2021,2021-02-16,42.01,68.78,53.502,26.77
FR,2021,2021-02-17,37.4,71.27,49.877,33.87
FR,2021,2021-02-18,37.1,61.9,48.134,24.8
FR,2021,2021-02-19,36.03,62.53,47.64,26.5
FR,2021,2021-02-20,16.32,44.99,31.892,28.67
FR,2021,2021-02-21,12.18,58.06,33.025,45.88
FR,2021,2021-02-22,37.22,65.68,48.575,28.46
FR,2021,2021-02-23,20.69,59.22,43.524,38.53
FR,2021,2021-02-24,10.65,60.93,36.599,50.28
FR,2021,2021-02-25,33.3,65.73,46.554,32.43
FR,2021,2021-02-26,39.0,60.85,47.66,21.85
FR,2021,2021-02-27,34.42,58.24,43.98,23.82
FR,2021,2021-02-28,25.7,59.28,40.796,33.58
FR,2021,2021-03-01,40.03,68.49,50.032,28.46
FR,2021,2021-03-02,42.1,79.31,54.272,37.21
FR,2021,2021-03-03,43.81,70.0,53.073,26.19
FR,2021,2021-03-04,43.39,66.14,54.3,22.75
FR,2021,2021-03-05,42.03,67.97,52.365,25.94
FR,2021,2021-03-06,36.9,58.87,44.825,21.97
FR,2021,2021-03-07,38.11,60.91,46.716,22.8
FR,2021,2021-03-08,43.02,103.71,61.979,60.69
FR,2021,2021-03-09,43.09,93.3,61.304,50.21
FR,2021,2021-03-10,40.17,69.9,53.56,29.73
FR,2021,2021-03-11,16.75,56.59,39.43,39.84
FR,2021,2021-03-12,13.09,57.74,37.306,44.65
FR,2021,2021-03-13,4.04,45.99,23.438,41.95
FR,2021,2021-03-14,5.0,58.39,25.671,53.39
FR,2021,2021-03-15,33.41,67.82,50.059,34.41
FR,2021,2021-03-16,43.08,77.71,56.258,34.63
FR,2021,2021-03-17,36.46,85.0,56.383,48.54
FR,2021,2021-03-18,47.03,98.71,64.672,51.68
FR,2021,2021-03-19,39.83,72.99,56.44,33.16
FR,2021,2021-03-20,40.98,68.09,51.208,27.11
FR,2021,2021-03-21,21.2,64.82,40.318,43.62
FR,2021,2021-03-22,47.01,90.47,61.308,43.46
FR,2021,2021-03-23,52.56,83.49,63.467,30.93
FR,2021,2021-03-24,46.9,84.0,61.267,37.1
FR,2021,2021-03-25,48.0,85.43,59.415,37.43
FR,2021,2021-03-26,39.96,69.01,53.512,29.05
FR,2021,2021-03-27,9.69,66.1,36.565,56.41
FR,2021,2021-03-28,-24.61,55.75,27.518,80.36
FR,2021,2021-03-29,19.69,71.01,47.591,51.32
FR,2021,2021-03-30,39.78,78.22,55.998,38.44
FR,2021,2021-03-31,43.09,76.39,56.82,33.3
FR,2021,2021-04-01,40.53,70.97,52.862,30.44
FR,2021,2021-04-02,2.39,60.67,40.368,58.28
FR,2021,2021-04-03,3.0,53.2,35.128,50.2
FR,2021,2021-04-04,0.1,47.45,27.892,47.35
FR,2021,2021-04-05,0.7,60.68,29.16,59.98
FR,2021,2021-04-06,43.93,75.7,59.798,31.77
FR,2021,2021-04-07,58.0,163.77,75.258,105.77
FR,2021,2021-04-08,57.0,99.26,71.685,42.26
FR,2021,2021-04-09,58.12,86.48,71.957,28.36
FR,2021,2021-04-10,50.01,69.24,58.877,19.23
FR,2021,2021-04-11,41.29,67.24,53.777,25.95
FR,2021,2021-04-12,53.73,102.77,73.217,49.04
FR,2021,2021-04-13,62.36,162.89,83.676,100.53
FR,2021,2021-04-14,61.97,125.0,79.891,63.03
FR,2021,2021-04-15,57.77,118.0,74.82,60.23
FR,2021,2021-04-16,53.66,96.1,71.186,42.44
FR,2021,2021-04-17,50.72,78.47,64.471,27.75
FR,2021,2021-04-18,51.34,81.0,64.581,29.66
FR,2021,2021-04-19,65.16,117.18,82.42,52.02
FR,2021,2021-04-20,66.01,110.41,81.22,44.4
FR,2021,2021-04-21,67.3,92.62,77.758,25.32
FR,2021,2021-04-22,47.95,85.0,69.895,37.05
FR,2021,2021-04-23,41.75,83.73,65.098,41.98
FR,2021,2021-04-24,19.51,73.43,51.616,53.92
FR,2021,2021-04-25,-6.94,67.88,37.626,74.82
FR,2021,2021-04-26,41.09,83.85,60.737,42.76
FR,2021,2021-04-27,50.32,85.32,67.544,35.0
FR,2021,2021-04-28,53.57,85.57,69.243,32.0
FR,2021,2021-04-29,52.04,85.08,69.313,33.04
FR,2021,2021-04-30,58.94,90.0,73.366,31.06
FR,2021,2021-05-01,45.53,68.69,56.195,23.16
FR,2021,2021-05-02,0.01,80.0,46.76,79.99
FR,2021,2021-05-03,37.82,87.93,65.392,50.11
FR,2021,2021-05-04,0.1,75.0,38.49,74.9
FR,2021,2021-05-05,36.79,84.2,63.362,47.41
FR,2021,2021-05-06,58.59,92.73,73.322,34.14
FR,2021,2021-05-07,53.06,101.5,72.458,48.44
FR,2021,2021-05-08,0.16,70.86,42.181,70.7
FR,2021,2021-05-09,-66.18,57.64,9.373,123.82
FR,2021,2021-05-10,28.03,90.12,60.348,62.09
FR,2021,2021-05-11,56.67,93.37,71.569,36.7
FR,2021,2021-05-12,54.81,86.12,69.09,31.31
FR,2021,2021-05-13,48.0,79.96,63.41,31.96
FR,2021,2021-05-14,60.0,87.02,71.311,27.02
FR,2021,2021-05-15,25.85,75.65,55.884,49.8
FR,2021,2021-05-16,1.0,70.99,30.667,69.99
FR,2021,2021-05-17,24.7,89.91,70.585,65.21
FR,2021,2021-05-18,56.68,90.07,74.515,33.39
FR,2021,2021-05-19,61.67,97.01,76.687,35.34
FR,2021,2021-05-20,22.9,94.9,66.293,72.0
FR,2021,2021-05-21,0.05,66.22,26.551,66.17
FR,2021,2021-05-22,-0.54,69.47,21.366,70.01
FR,2021,2021-05-23,-25.0,74.9,22.83,99.9
FR,2021,2021-05-24,11.97,68.17,33.725,56.2
FR,2021,2021-05-25,37.79,84.65,61.057,46.86
FR,2021,2021-05-26,51.15,90.0,68.919,38.85
FR,2021,2021-05-27,52.71,91.24,72.935,38.53
FR,2021,2021-05-28,58.34,93.01,73.548,34.67
FR,2021,2021-05-29,15.01,72.02,55.555,57.01
FR,2021,2021-05-30,-16.86,72.04,31.853,88.9
FR,2021,2021-05-31,40.8,86.73,66.822,45.93
FR,2021,2021-06-01,55.4,87.1,68.445,31.7
FR,2021,2021-06-02,50.83,83.34,65.6,32.51
FR,2021,2021-06-03,51.66,82.03,66.029,30.37
FR,2021,2021-06-04,59.0,85.9,72.37,26.9
FR,2021,2021-06-05,52.4,76.01,62.463,23.61
FR,2021,2021-06-06,35.76,80.1,57.625,44.34
FR,2021,2021-06-07,59.97,90.0,77.727,30.03
FR,2021,2021-06-08,61.97,93.85,76.135,31.88
FR,2021,2021-06-09,64.0,88.11,76.267,24.11
FR,2021,2021-06-10,65.2,92.5,78.41,27.3
FR,2021,2021-06-11,64.87,92.26,77.212,27.39
FR,2021,2021-06-12,-8.61,73.81,44.838,82.42
FR,2021,2021-06-13,-36.72,83.54,27.066,120.26
FR,2021,2021-06-14,45.7,98.35,75.903,52.65
FR,2021,2021-06-15,68.03,100.0,82.466,31.97
FR,2021,2021-06-16,66.0,118.05,86.18,52.05
FR,2021,2021-06-17,62.67,112.23,82.815,49.56
FR,2021,2021-06-18,65.19,100.02,81.07,34.83
FR,2021,2021-06-19,61.1,92.75,72.676,31.65
FR,2021,2021-06-20,23.72,88.13,57.311,64.41
FR,2021,2021-06-21,58.62,94.07,78.193,35.45
FR,2021,2021-06-22,63.79,96.0,83.293,32.21
FR,2021,2021-06-23,61.36,95.0,84.971,33.64
FR,2021,2021-06-24,68.93,119.81,89.147,50.88
FR,2021,2021-06-25,75.44,98.35,86.775,22.91
FR,2021,2021-06-26,60.29,91.66,75.387,31.37
FR,2021,2021-06-27,12.82,92.91,52.184,80.09
FR,2021,2021-06-28,67.99,123.96,87.956,55.97
FR,2021,2021-06-29,73.45,104.04,90.175,30.59
FR,2021,2021-06-30,74.03,99.97,90.139,25.94
FR,2021,2021-07-01,71.24,98.19,88.568,26.95
FR,2021,2021-07-02,82.18,110.0,96.496,27.82
FR,2021,2021-07-03,69.71,106.95,83.956,37.24
FR,2021,2021-07-04,58.45,104.92,78.352,46.47
FR,2021,2021-07-05,71.54,111.72,92.979,40.18
FR,2021,2021-07-06,35.2,103.97,80.633,68.77
FR,2021,2021-07-07,75.07,133.48,98.726,58.41
FR,2021,2021-07-08,77.5,106.82,93.632,29.32
FR,2021,2021-07-09,75.15,107.63,90.668,32.48
FR,2021,2021-07-10,70.25,100.05,81.641,29.8
FR,2021,2021-07-11,64.0,103.63,77.446,39.63
FR,2021,2021-07-12,72.92,120.49,93.849,47.57
FR,2021,2021-07-13,75.2,109.88,93.412,34.68
FR,2021,2021-07-14,10.33,95.41,69.33,85.08
FR,2021,2021-07-15,0.1,96.7,75.02,96.6
FR,2021,2021-07-16,59.79,101.55,83.019,41.76
FR,2021,2021-07-17,16.92,86.59,62.535,69.67
FR,2021,2021-07-18,-5.0,94.19,46.874,99.19
FR,2021,2021-07-19,65.63,109.28,90.253,43.65
FR,2021,2021-07-20,77.38,111.36,90.895,33.98
FR,2021,2021-07-21,76.15,110.64,91.022,34.49
FR,2021,2021-07-22,74.12,105.25,88.428,31.13
FR,2021,2021-07-23,74.31,106.91,87.734,32.6
FR,2021,2021-07-24,60.14,91.36,74.739,31.22
FR,2021,2021-07-25,46.74,91.86,62.512,45.12
FR,2021,2021-07-26,47.96,108.23,86.491,60.27
FR,2021,2021-07-27,67.11,100.98,84.5,33.87
FR,2021,2021-07-28,19.52,94.95,64.787,75.43
FR,2021,2021-07-29,-0.07,95.98,49.074,96.05
FR,2021,2021-07-30,0.09,84.39,39.625,84.3
FR,2021,2021-07-31,-5.0,76.55,30.325,81.55
FR,2021,2021-08-01,20.28,82.89,50.653,62.61
FR,2021,2021-08-02,52.53,108.41,82.446,55.88
FR,2021,2021-08-03,64.16,112.76,90.697,48.6
FR,2021,2021-08-04,40.1,115.0,91.635,74.9
FR,2021,2021-08-05,0.64,112.66,79.71,112.02
FR,2021,2021-08-06,-37.93,80.98,23.503,118.91
FR,2021,2021-08-07,0.06,69.0,38.184,68.94
FR,2021,2021-08-08,-63.03,68.05,3.564,131.08
FR,2021,2021-08-09,18.42,107.61,69.135,89.19
FR,2021,2021-08-10,17.68,120.0,87.588,102.32
FR,2021,2021-08-11,80.29,125.43,99.674,45.14
FR,2021,2021-08-12,84.64,130.0,104.599,45.36
FR,2021,2021-08-13,71.95,121.93,92.558,49.98
FR,2021,2021-08-14,29.51,101.16,69.646,71.65
FR,2021,2021-08-15,12.5,87.61,47.933,75.11
FR,2021,2021-08-16,-8.48,92.93,49.829,101.41
FR,2021,2021-08-17,14.47,100.5,67.279,86.03
FR,2021,2021-08-18,43.75,101.19,80.818,57.44
FR,2021,2021-08-19,58.86,128.12,96.239,69.26
FR,2021,2021-08-20,83.2,126.14,101.742,42.94
FR,2021,2021-08-21,76.59,112.17,90.05,35.58
FR,2021,2021-08-22,59.55,97.96,75.297,38.41
FR,2021,2021-08-23,32.12,114.59,91.02,82.47
FR,2021,2021-08-24,20.71,110.63,78.485,89.92
FR,2021,2021-08-25,38.17,116.17,86.576,78.0
FR,2021,2021-08-26,69.95,124.65,93.954,54.7
FR,2021,2021-08-27,78.09,117.19,96.12,39.1
FR,2021,2021-08-28,33.7,101.32,73.25,67.62
FR,2021,2021-08-29,35.74,101.66,71.15,65.92
FR,2021,2021-08-30,70.32,132.92,107.97,62.6
FR,2021,2021-08-31,71.49,137.02,108.225,65.53
FR,2021,2021-09-01,39.23,138.41,104.007,99.18
FR,2021,2021-09-02,21.89,143.41,107.808,121.52
FR,2021,2021-09-03,79.9,143.93,111.246,64.03
FR,2021,2021-09-04,84.16,142.55,107.427,58.39
FR,2021,2021-09-05,60.06,139.07,98.462,79.01
FR,2021,2021-09-06,97.97,153.63,124.51,55.66
FR,2021,2021-09-07,105.1,153.45,123.785,48.35
FR,2021,2021-09-08,93.73,152.36,121.989,58.63
FR,2021,2021-09-09,101.88,155.62,132.512,53.74
FR,2021,2021-09-10,111.67,159.31,138.759,47.64
FR,2021,2021-09-11,108.18,155.09,127.823,46.91
FR,2021,2021-09-12,69.68,159.37,108.859,89.69
FR,2021,2021-09-13,103.79,170.0,140.356,66.21
FR,2021,2021-09-14,107.84,171.58,146.543,63.74
FR,2021,2021-09-15,123.1,196.58,166.508,73.48
FR,2021,2021-09-16,115.19,198.02,169.975,82.83
FR,2021,2021-09-17,122.39,188.17,158.047,65.78
FR,2021,2021-09-18,83.13,179.91,135.121,96.78
FR,2021,2021-09-19,72.71,170.63,101.72,97.92
FR,2021,2021-09-20,105.9,188.64,153.753,82.74
FR,2021,2021-09-21,102.18,190.0,146.845,87.82
FR,2021,2021-09-22,94.6,196.57,149.469,101.97
FR,2021,2021-09-23,70.06,192.52,145.78,122.46
FR,2021,2021-09-24,91.74,190.0,148.725,98.26
FR,2021,2021-09-25,114.96,188.17,144.852,73.21
FR,2021,2021-09-26,90.65,185.85,124.679,95.2
FR,2021,2021-09-27,100.0,190.84,146.561,90.84
FR,2021,2021-09-28,98.1,237.01,158.896,138.91
FR,2021,2021-09-29,87.73,204.51,153.088,116.78
FR,2021,2021-09-30,73.94,219.93,161.03,145.99
FR,2021,2021-10-01,47.94,194.09,143.375,146.15
FR,2021,2021-10-02,0.28,164.92,92.543,164.64
FR,2021,2021-10-03,-2.02,153.84,70.474,155.86
FR,2021,2021-10-04,67.3,230.0,160.054,162.7
FR,2021,2021-10-05,74.98,229.05,156.551,154.07
FR,2021,2021-10-06,60.41,290.97,197.065,230.56
FR,2021,2021-10-07,167.36,393.1,291.244,225.74
FR,2021,2021-10-08,150.0,291.42,203.968,141.42
FR,2021,2021-10-09,126.77,252.32,179.93,125.55
FR,2021,2021-10-10,69.22,240.57,149.513,171.35
FR,2021,2021-10-11,113.68,260.02,184.668,146.34
FR,2021,2021-10-12,101.12,248.08,187.899,146.96
FR,2021,2021-10-13,132.43,287.31,196.028,154.88
FR,2021,2021-10-14,127.99,260.0,200.297,132.01
FR,2021,2021-10-15,119.03,273.33,214.63,154.3
FR,2021,2021-10-16,136.8,253.06,188.884,116.26
FR,2021,2021-10-17,116.5,238.29,163.933,121.79
FR,2021,2021-10-18,106.28,268.32,194.173,162.04
FR,2021,2021-10-19,10.8,235.82,157.075,225.02
FR,2021,2021-10-20,0.91,228.31,100.231,227.4
FR,2021,2021-10-21,0.04,272.47,166.478,272.43
FR,2021,2021-10-22,134.76,259.94,213.063,125.18
FR,2021,2021-10-23,160.07,256.47,204.782,96.4
FR,2021,2021-10-24,67.7,242.15,167.654,174.45
FR,2021,2021-10-25,93.09,262.0,208.47,168.91
FR,2021,2021-10-26,178.33,266.11,214.868,87.78
FR,2021,2021-10-27,134.95,263.29,204.26,128.34
FR,2021,2021-10-28,104.18,250.34,187.094,146.16
FR,2021,2021-10-29,69.41,216.53,151.329,147.12
FR,2021,2021-10-30,58.79,186.21,121.851,127.42
FR,2021,2021-10-31,52.79,148.0,76.278,95.21
FR,2021,2021-11-01,15.0,183.0,95.141,168.0
FR,2021,2021-11-02,111.2,312.67,204.018,201.47
FR,2021,2021-11-03,130.03,274.33,186.835,144.3
FR,2021,2021-11-04,143.06,213.77,178.775,70.71
FR,2021,2021-11-05,141.36,235.57,189.141,94.21
FR,2021,2021-11-06,133.69,209.1,162.543,75.41
FR,2021,2021-11-07,58.78,200.07,138.405,141.29
FR,2021,2021-11-08,139.36,299.9,209.406,160.54
FR,2021,2021-11-09,145.36,255.0,191.637,109.64
FR,2021,2021-11-10,168.03,302.8,231.605,134.77
FR,2021,2021-11-11,152.5,252.12,187.877,99.62
FR,2021,2021-11-12,153.0,224.31,187.208,71.31
FR,2021,2021-11-13,101.97,220.0,169.879,118.03
FR,2021,2021-11-14,145.0,206.21,171.268,61.21
FR,2021,2021-11-15,149.64,300.01,228.758,150.37
FR,2021,2021-11-16,160.25,301.0,237.438,140.75
FR,2021,2021-11-17,163.22,256.23,215.388,93.01
FR,2021,2021-11-18,177.63,285.0,238.231,107.37
FR,2021,2021-11-19,198.0,294.33,244.142,96.33
FR,2021,2021-11-20,188.0,298.4,232.799,110.4
FR,2021,2021-11-21,196.84,257.63,223.636,60.79
FR,2021,2021-11-22,169.85,318.87,252.6,149.02
FR,2021,2021-11-23,190.83,348.21,270.231,157.38
FR,2021,2021-11-24,189.59,419.62,296.315,230.03
FR,2021,2021-11-25,208.88,375.0,303.208,166.12
FR,2021,2021-11-26,220.28,346.37,273.927,126.09
FR,2021,2021-11-27,173.86,277.33,219.539,103.47
FR,2021,2021-11-28,174.5,247.94,203.776,73.44
FR,2021,2021-11-29,180.0,421.87,303.446,241.87
FR,2021,2021-11-30,209.63,330.05,270.08,120.42
FR,2021,2021-12-01,120.41,350.0,281.441,229.59
FR,2021,2021-12-02,172.29,354.98,279.66,182.69
FR,2021,2021-12-03,226.39,363.54,297.266,137.15
FR,2021,2021-12-04,183.79,250.0,220.513,66.21
FR,2021,2021-12-05,135.98,326.9,221.156,190.92
FR,2021,2021-12-06,179.8,371.54,282.537,191.74
FR,2021,2021-12-07,197.73,340.0,259.046,142.27
FR,2021,2021-12-08,180.8,307.1,247.949,126.3
FR,2021,2021-12-09,194.96,355.69,287.246,160.73
FR,2021,2021-12-10,147.69,304.99,247.194,157.3
FR,2021,2021-12-11,201.6,294.94,250.582,93.34
FR,2021,2021-12-12,218.01,298.0,250.185,79.99
FR,2021,2021-12-13,217.71,382.17,303.155,164.46
FR,2021,2021-12-14,250.0,400.0,329.45,150.0
FR,2021,2021-12-15,261.73,417.26,346.106,155.53
FR,2021,2021-12-16,251.78,425.0,353.018,173.22
FR,2021,2021-12-17,250.0,403.92,342.106,153.92
FR,2021,2021-12-18,265.77,427.01,316.864,161.24
FR,2021,2021-12-19,274.9,420.0,342.467,145.1
FR,2021,2021-12-20,267.99,465.98,382.535,197.99
FR,2021,2021-12-21,294.9,620.0,445.065,325.1
FR,2021,2021-12-22,333.9,577.87,453.858,243.97
FR,2021,2021-12-23,334.36,480.0,413.882,145.64
FR,2021,2021-12-24,245.12,373.34,315.444,128.22
FR,2021,2021-12-25,125.31,280.0,215.665,154.69
FR,2021,2021-12-26,126.66,258.52,183.758,131.86
FR,2021,2021-12-27,64.5,210.04,157.617,145.54
FR,2021,2021-12-28,14.76,150.06,103.62,135.3
FR,2021,2021-12-29,73.08,205.7,153.979,132.62
FR,2021,2021-12-30,21.36,216.71,107.737,195.35
FR,2021,2021-12-31,37.33,193.15,118.692,155.82
FR,2022,2022-01-01,37.67,149.97,85.748,112.3
FR,2022,2022-01-02,2.71,70.09,46.851,67.38
FR,2022,2022-01-03,0.06,180.36,97.237,180.3
FR,2022,2022-01-04,105.0,190.0,156.075,85.0
FR,2022,2022-01-05,75.38,265.0,189.183,189.62
FR,2022,2022-01-06,170.1,278.36,226.03,108.26
FR,2022,2022-01-07,162.8,260.0,214.727,97.2
FR,2022,2022-01-08,109.18,231.0,173.4,121.82
FR,2022,2022-01-09,45.82,243.94,153.909,198.12
FR,2022,2022-01-10,178.04,315.0,261.84,136.96
FR,2022,2022-01-11,193.0,316.4,253.388,123.4
FR,2022,2022-01-12,178.33,300.1,236.927,121.77
FR,2022,2022-01-13,182.88,274.0,224.321,91.12
FR,2022,2022-01-14,192.43,292.5,234.287,100.07
FR,2022,2022-01-15,193.04,267.03,220.659,73.99
FR,2022,2022-01-16,186.6,265.36,213.658,78.76
FR,2022,2022-01-17,209.55,306.09,259.52,96.54
FR,2022,2022-01-18,193.99,294.4,244.736,100.41
FR,2022,2022-01-19,188.7,285.36,235.297,96.66
FR,2022,2022-01-20,168.18,281.62,228.16,113.44
FR,2022,2022-01-21,182.3,266.0,216.723,83.7
FR,2022,2022-01-22,176.04,245.27,202.69,69.23
FR,2022,2022-01-23,179.04,244.31,196.682,65.27
FR,2022,2022-01-24,177.46,341.85,248.246,164.39
FR,2022,2022-01-25,196.24,399.06,296.13,202.82
FR,2022,2022-01-26,225.01,361.92,275.185,136.91
FR,2022,2022-01-27,221.36,353.56,261.884,132.2
FR,2022,2022-01-28,214.81,327.68,250.483,112.87
FR,2022,2022-01-29,180.84,263.03,218.858,82.19
FR,2022,2022-01-30,203.38,263.39,222.783,60.01
FR,2022,2022-01-31,100.13,260.0,213.463,159.87
FR,2022,2022-02-01,169.97,257.15,212.779,87.18
FR,2022,2022-02-02,168.08,266.9,205.982,98.82
FR,2022,2022-02-03,158.81,246.0,205.972,87.19
FR,2022,2022-02-04,156.09,233.34,193.87,77.25
FR,2022,2022-02-05,166.0,226.5,191.254,60.5
FR,2022,2022-02-06,27.2,214.05,137.268,186.85
FR,2022,2022-02-07,154.94,261.17,205.949,106.23
FR,2022,2022-02-08,170.88,250.0,202.988,79.12
FR,2022,2022-02-09,182.59,257.28,209.535,74.69
FR,2022,2022-02-10,172.23,248.01,204.722,75.78
FR,2022,2022-02-11,165.0,245.39,206.952,80.39
FR,2022,2022-02-12,166.0,231.55,190.972,65.55
FR,2022,2022-02-13,70.0,191.08,148.458,121.08
FR,2022,2022-02-14,105.0,248.71,189.133,143.71
FR,2022,2022-02-15,156.99,250.79,191.729,93.8
FR,2022,2022-02-16,75.99,196.78,149.085,120.79
FR,2022,2022-02-17,18.53,213.27,136.753,194.74
FR,2022,2022-02-18,88.93,200.0,155.176,111.07
FR,2022,2022-02-19,60.97,170.15,116.589,109.18
FR,2022,2022-02-20,57.75,150.36,95.123,92.61
FR,2022,2022-02-21,59.72,218.02,155.902,158.3
FR,2022,2022-02-22,139.67,211.59,175.085,71.92
FR,2022,2022-02-23,161.92,236.86,189.635,74.94
FR,2022,2022-02-24,150.08,234.49,189.032,84.41
FR,2022,2022-02-25,153.32,349.0,247.743,195.68
FR,2022,2022-02-26,177.04,300.7,239.656,123.66
FR,2022,2022-02-27,111.68,279.84,196.901,168.16
FR,2022,2022-02-28,196.33,322.9,253.284,126.57
FR,2022,2022-03-01,221.0,362.75,269.644,141.75
FR,2022,2022-03-02,230.89,383.34,277.357,152.45
FR,2022,2022-03-03,301.15,410.0,347.495,108.85
FR,2022,2022-03-04,304.05,410.05,364.762,106.0
FR,2022,2022-03-05,265.53,409.3,355.63,143.77
FR,2022,2022-03-06,276.81,454.28,363.88,177.47
FR,2022,2022-03-07,338.65,515.01,424.106,176.36
FR,2022,2022-03-08,418.4,700.0,541.387,281.6
FR,2022,2022-03-09,356.74,605.0,458.315,248.26
FR,2022,2022-03-10,270.0,452.69,362.94,182.69
FR,2022,2022-03-11,144.8,356.97,279.485,212.17
FR,2022,2022-03-12,195.15,323.3,260.809,128.15
FR,2022,2022-03-13,174.51,389.9,253.53,215.39
FR,2022,2022-03-14,219.91,435.42,299.491,215.51
FR,2022,2022-03-15,240.07,405.02,295.96,164.95
FR,2022,2022-03-16,238.5,336.69,278.032,98.19
FR,2022,2022-03-17,184.49,347.21,258.462,162.72
FR,2022,2022-03-18,200.78,291.51,234.702,90.73
FR,2022,2022-03-19,93.7,285.02,208.093,191.32
FR,2022,2022-03-20,191.14,292.92,220.412,101.78
FR,2022,2022-03-21,189.99,336.98,243.173,146.99
FR,2022,2022-03-22,194.75,351.0,239.784,156.25
FR,2022,2022-03-23,196.8,374.14,242.495,177.34
FR,2022,2022-03-24,211.78,371.11,249.951,159.33
FR,2022,2022-03-25,226.01,339.9,272.941,113.89
FR,2022,2022-03-26,196.61,292.24,229.938,95.63
FR,2022,2022-03-27,93.99,285.0,206.784,191.01
FR,2022,2022-03-28,195.01,374.32,251.619,179.31
FR,2022,2022-03-29,210.0,319.09,263.028,109.09
FR,2022,2022-03-30,229.08,411.92,302.057,182.84
FR,2022,2022-03-31,224.04,423.41,294.155,199.37
FR,2022,2022-04-01,248.97,470.02,320.468,221.05
FR,2022,2022-04-02,262.8,350.0,301.91,87.2
FR,2022,2022-04-03,217.84,475.75,295.128,257.91
FR,2022,2022-04-04,267.81,2987.78,548.309,2719.97
FR,2022,2022-04-05,264.25,448.9,307.426,184.65
FR,2022,2022-04-06,198.94,395.15,271.348,196.21
FR,2022,2022-04-07,129.15,270.0,216.694,140.85
FR,2022,2022-04-08,186.11,340.0,251.321,153.89
FR,2022,2022-04-09,184.67,294.88,244.505,110.21
FR,2022,2022-04-10,38.87,283.12,213.886,244.25
FR,2022,2022-04-11,179.77,299.93,227.252,120.16
FR,2022,2022-04-12,183.0,282.26,242.608,99.26
FR,2022,2022-04-13,190.9,301.63,236.724,110.73
FR,2022,2022-04-14,191.99,282.11,226.966,90.12
FR,2022,2022-04-15,151.11,235.99,197.961,84.88
FR,2022,2022-04-16,40.32,205.81,148.908,165.49
FR,2022,2022-04-17,0.0,191.54,107.091,191.54
FR,2022,2022-04-18,45.0,250.73,132.766,205.73
FR,2022,2022-04-19,184.2,295.43,217.072,111.23
FR,2022,2022-04-20,175.6,250.0,205.515,74.4
FR,2022,2022-04-21,173.91,256.25,204.165,82.34
FR,2022,2022-04-22,173.15,244.1,198.285,70.95
FR,2022,2022-04-23,115.0,216.83,168.425,101.83
FR,2022,2022-04-24,102.0,224.95,153.583,122.95
FR,2022,2022-04-25,185.63,275.71,227.001,90.08
FR,2022,2022-04-26,198.01,286.76,240.9,88.75
FR,2022,2022-04-27,190.96,267.9,222.515,76.94
FR,2022,2022-04-28,196.3,284.91,229.892,88.61
FR,2022,2022-04-29,189.1,291.22,227.534,102.12
FR,2022,2022-04-30,158.44,252.64,201.425,94.2
FR,2022,2022-05-01,138.9,254.94,194.768,116.04
FR,2022,2022-05-02,182.09,270.0,217.292,87.91
FR,2022,2022-05-03,184.08,270.23,219.851,86.15
FR,2022,2022-05-04,200.34,296.9,235.746,96.56
FR,2022,2022-05-05,204.9,276.61,234.311,71.71
FR,2022,2022-05-06,187.01,274.92,225.677,87.91
FR,2022,2022-05-07,159.17,231.57,199.734,72.4
FR,2022,2022-05-08,93.26,238.99,175.283,145.73
FR,2022,2022-05-09,183.94,280.0,219.818,96.06
FR,2022,2022-05-10,169.98,239.95,206.207,69.97
FR,2022,2022-05-11,154.4,233.22,188.549,78.82
FR,2022,2022-05-12,161.11,241.77,199.652,80.66
FR,2022,2022-05-13,164.99,242.74,202.783,77.75
FR,2022,2022-05-14,136.59,241.87,184.654,105.28
FR,2022,2022-05-15,20.15,226.18,145.14,206.03
FR,2022,2022-05-16,169.13,298.68,220.986,129.55
FR,2022,2022-05-17,185.05,298.21,229.602,113.16
FR,2022,2022-05-18,170.98,286.99,212.811,116.01
FR,2022,2022-05-19,176.27,273.4,214.926,97.13
FR,2022,2022-05-20,169.27,263.32,204.753,94.05
FR,2022,2022-05-21,159.33,228.11,178.736,68.78
FR,2022,2022-05-22,101.4,227.9,165.125,126.5
FR,2022,2022-05-23,155.07,230.02,190.968,74.95
FR,2022,2022-05-24,137.04,220.3,184.511,83.26
FR,2022,2022-05-25,162.31,237.03,189.676,74.72
FR,2022,2022-05-26,131.07,209.55,165.577,78.48
FR,2022,2022-05-27,106.85,203.29,162.66,96.44
FR,2022,2022-05-28,110.8,179.13,151.932,68.33
FR,2022,2022-05-29,120.0,225.0,161.299,105.0
FR,2022,2022-05-30,182.92,295.0,225.38,112.08
FR,2022,2022-05-31,177.02,254.67,212.855,77.65
FR,2022,2022-06-01,175.04,262.6,214.287,87.56
FR,2022,2022-06-02,161.96,238.97,192.435,77.01
FR,2022,2022-06-03,157.41,240.0,198.835,82.59
FR,2022,2022-06-04,155.5,209.24,174.133,53.74
FR,2022,2022-06-05,121.95,214.32,152.624,92.37
FR,2022,2022-06-06,84.05,217.42,153.905,133.37
FR,2022,2022-06-07,145.72,228.81,188.852,83.09
FR,2022,2022-06-08,162.96,215.01,192.061,52.05
FR,2022,2022-06-09,155.9,215.71,185.759,59.81
FR,2022,2022-06-10,163.84,220.46,195.576,56.62
FR,2022,2022-06-11,159.0,211.06,181.099,52.06
FR,2022,2022-06-12,60.63,210.98,148.005,150.35
FR,2022,2022-06-13,146.92,250.0,203.675,103.08
FR,2022,2022-06-14,161.43,272.84,211.865,111.41
FR,2022,2022-06-15,173.02,307.48,238.228,134.46
FR,2022,2022-06-16,206.46,345.0,276.42,138.54
FR,2022,2022-06-17,206.86,368.06,305.891,161.2
FR,2022,2022-06-18,190.0,330.47,269.916,140.47
FR,2022,2022-06-19,94.15,306.93,168.076,212.78
FR,2022,2022-06-20,213.2,429.19,307.428,215.99
FR,2022,2022-06-21,223.11,457.82,355.944,234.71
FR,2022,2022-06-22,251.38,467.5,382.968,216.12
FR,2022,2022-06-23,245.82,430.0,353.82,184.18
FR,2022,2022-06-24,237.4,346.32,297.754,108.92
FR,2022,2022-06-25,203.88,327.17,260.538,123.29
FR,2022,2022-06-26,176.47,337.63,249.655,161.16
FR,2022,2022-06-27,258.92,398.59,336.502,139.67
FR,2022,2022-06-28,261.0,470.9,366.669,209.9
FR,2022,2022-06-29,278.54,390.9,335.723,112.36
FR,2022,2022-06-30,271.79,479.0,363.339,207.21
FR,2022,2022-07-01,255.0,401.65,337.895,146.65
FR,2022,2022-07-02,210.59,362.85,264.546,152.26
FR,2022,2022-07-03,122.94,348.45,219.32,225.51
FR,2022,2022-07-04,254.35,461.74,372.877,207.39
FR,2022,2022-07-05,300.16,450.0,371.019,149.84
FR,2022,2022-07-06,280.29,438.85,394.631,158.56
FR,2022,2022-07-07,293.93,424.03,380.296,130.1
FR,2022,2022-07-08,298.82,480.0,405.872,181.18
FR,2022,2022-07-09,251.07,392.71,328.774,141.64
FR,2022,2022-07-10,130.96,390.45,226.389,259.49
FR,2022,2022-07-11,269.06,469.9,390.229,200.84
FR,2022,2022-07-12,330.04,513.59,433.951,183.55
FR,2022,2022-07-13,325.04,529.0,447.885,203.96
FR,2022,2022-07-14,288.67,438.43,381.145,149.76
FR,2022,2022-07-15,305.01,444.45,400.192,139.44
FR,2022,2022-07-16,215.9,378.91,311.796,163.01
FR,2022,2022-07-17,100.71,464.99,247.689,364.28
FR,2022,2022-07-18,282.44,686.53,488.215,404.09
FR,2022,2022-07-19,318.72,650.0,522.304,331.28
FR,2022,2022-07-20,314.99,820.87,593.221,505.88
FR,2022,2022-07-21,345.07,706.1,551.589,361.03
FR,2022,2022-07-22,331.01,720.52,491.385,389.51
FR,2022,2022-07-23,244.3,441.61,349.775,197.31
FR,2022,2022-07-24,225.08,508.13,327.909,283.05
FR,2022,2022-07-25,261.71,432.3,379.285,170.59
FR,2022,2022-07-26,345.27,651.0,535.608,305.73
FR,2022,2022-07-27,378.13,670.15,529.002,292.02
FR,2022,2022-07-28,399.08,650.0,537.981,250.92
FR,2022,2022-07-29,374.83,577.49,495.802,202.66
FR,2022,2022-07-30,308.35,479.81,393.087,171.46
FR,2022,2022-07-31,208.74,483.93,319.778,275.19
FR,2022,2022-08-01,320.86,592.03,459.027,271.17
FR,2022,2022-08-02,352.69,650.0,475.449,297.31
FR,2022,2022-08-03,326.3,650.0,506.063,323.7
FR,2022,2022-08-04,345.3,570.0,478.321,224.7
FR,2022,2022-08-05,315.05,483.91,407.547,168.86
FR,2022,2022-08-06,153.25,397.44,275.484,244.19
FR,2022,2022-08-07,76.57,421.99,218.548,345.42
FR,2022,2022-08-08,272.22,495.9,361.18,223.68
FR,2022,2022-08-09,273.31,469.8,345.806,196.49
FR,2022,2022-08-10,273.81,454.73,337.13,180.92
FR,2022,2022-08-11,306.3,539.9,385.282,233.6
FR,2022,2022-08-12,379.99,565.4,444.949,185.41
FR,2022,2022-08-13,328.56,504.7,396.34,176.14
FR,2022,2022-08-14,262.1,462.6,362.628,200.5
FR,2022,2022-08-15,350.0,555.72,431.302,205.72
FR,2022,2022-08-16,386.38,664.89,505.479,278.51
FR,2022,2022-08-17,438.95,747.93,552.683,308.98
FR,2022,2022-08-18,458.45,650.0,552.537,191.55
FR,2022,2022-08-19,429.24,581.2,511.277,151.96
FR,2022,2022-08-20,345.47,541.88,454.857,196.41
FR,2022,2022-08-21,245.0,644.92,405.298,399.92
FR,2022,2022-08-22,447.59,722.79,574.384,275.2
FR,2022,2022-08-23,500.57,794.95,615.065,294.38
FR,2022,2022-08-24,522.92,850.0,643.232,327.08
FR,2022,2022-08-25,513.06,766.79,635.23,253.73
FR,2022,2022-08-26,569.21,802.99,712.245,233.78
FR,2022,2022-08-27,491.4,722.04,616.249,230.64
FR,2022,2022-08-28,372.2,702.95,491.22,330.75
FR,2022,2022-08-29,516.62,871.0,736.868,354.38
FR,2022,2022-08-30,547.24,1021.73,740.122,474.49
FR,2022,2022-08-31,532.14,759.99,650.951,227.85
FR,2022,2022-09-01,418.74,800.0,626.098,381.26
FR,2022,2022-09-02,362.68,640.26,522.51,277.58
FR,2022,2022-09-03,250.15,575.66,404.641,325.51
FR,2022,2022-09-04,170.97,509.93,312.944,338.96
FR,2022,2022-09-05,213.08,622.75,457.057,409.67
FR,2022,2022-09-06,348.95,640.72,515.635,291.77
FR,2022,2022-09-07,367.19,626.03,470.944,258.84
FR,2022,2022-09-08,238.2,558.16,440.437,319.96
FR,2022,2022-09-09,195.43,467.95,356.758,272.52
FR,2022,2022-09-10,348.07,491.86,406.259,143.79
FR,2022,2022-09-11,251.8,517.2,386.542,265.4
FR,2022,2022-09-12,314.47,540.64,415.152,226.17
FR,2022,2022-09-13,313.38,613.0,445.814,299.62
FR,2022,2022-09-14,335.64,625.28,462.728,289.64
FR,2022,2022-09-15,301.87,500.1,442.886,198.23
FR,2022,2022-09-16,229.47,528.89,381.878,299.42
FR,2022,2022-09-17,122.72,342.94,227.421,220.22
FR,2022,2022-09-18,61.01,345.1,192.823,284.09
FR,2022,2022-09-19,160.02,442.05,323.311,282.03
FR,2022,2022-09-20,260.1,580.61,381.33,320.51
FR,2022,2022-09-21,297.28,574.51,385.308,277.23
FR,2022,2022-09-22,310.94,600.0,407.83,289.06
FR,2022,2022-09-23,300.48,485.37,400.679,184.89
FR,2022,2022-09-24,230.0,440.78,343.898,210.78
FR,2022,2022-09-25,179.85,412.26,269.917,232.41
FR,2022,2022-09-26,126.43,422.6,274.896,296.17
FR,2022,2022-09-27,151.3,680.0,359.004,528.7
FR,2022,2022-09-28,242.98,640.42,397.266,397.44
FR,2022,2022-09-29,315.19,674.4,464.745,359.21
FR,2022,2022-09-30,103.8,559.91,329.691,456.11
FR,2022,2022-10-01,50.25,226.62,125.526,176.37
FR,2022,2022-10-02,88.0,425.18,199.463,337.18
FR,2022,2022-10-03,177.89,473.04,289.505,295.15
FR,2022,2022-10-04,161.38,600.0,298.749,438.62
FR,2022,2022-10-05,128.5,336.11,217.88,207.61
FR,2022,2022-10-06,174.26,424.3,258.34,250.04
FR,2022,2022-10-07,151.0,436.59,267.421,285.59
FR,2022,2022-10-08,143.08,339.69,217.925,196.61
FR,2022,2022-10-09,75.48,285.14,166.812,209.66
FR,2022,2022-10-10,102.84,298.03,207.426,195.19
FR,2022,2022-10-11,170.8,485.57,274.035,314.77
FR,2022,2022-10-12,198.99,483.88,286.2,284.89
FR,2022,2022-10-13,182.96,346.8,260.83,163.84
FR,2022,2022-10-14,174.0,412.65,256.918,238.65
FR,2022,2022-10-15,114.63,205.89,154.082,91.26
FR,2022,2022-10-16,69.86,225.84,125.277,155.98
FR,2022,2022-10-17,89.64,281.15,175.744,191.51
FR,2022,2022-10-18,125.18,286.82,190.236,161.64
FR,2022,2022-10-19,88.27,232.85,156.494,144.58
FR,2022,2022-10-20,66.74,197.01,144.841,130.27
FR,2022,2022-10-21,84.92,206.63,158.889,121.71
FR,2022,2022-10-22,99.15,183.41,127.35,84.26
FR,2022,2022-10-23,53.27,121.99,83.189,68.72
FR,2022,2022-10-24,29.85,150.16,88.6,120.31
FR,2022,2022-10-25,61.15,189.17,112.053,128.02
FR,2022,2022-10-26,80.4,173.32,111.318,92.92
FR,2022,2022-10-27,89.64,172.32,121.077,82.68
FR,2022,2022-10-28,88.02,135.31,108.811,47.29
FR,2022,2022-10-29,80.9,133.41,99.271,52.51
FR,2022,2022-10-30,97.81,170.38,118.691,72.57
FR,2022,2022-10-31,95.34,183.26,142.511,87.92
FR,2022,2022-11-01,55.24,134.54,89.963,79.3
FR,2022,2022-11-02,63.8,180.0,118.59,116.2
FR,2022,2022-11-03,74.33,173.52,122.684,99.19
FR,2022,2022-11-04,122.13,240.55,186.137,118.42
FR,2022,2022-11-05,114.72,170.0,140.588,55.28
FR,2022,2022-11-06,85.7,155.61,107.882,69.91
FR,2022,2022-11-07,96.03,167.64,122.935,71.61
FR,2022,2022-11-08,72.25,159.69,114.45,87.44
FR,2022,2022-11-09,97.27,205.29,139.395,108.02
FR,2022,2022-11-10,105.63,213.53,158.146,107.9
FR,2022,2022-11-11,104.0,208.22,138.465,104.22
FR,2022,2022-11-12,108.69,238.0,154.466,129.31
FR,2022,2022-11-13,123.66,198.31,147.805,74.65
FR,2022,2022-11-14,115.99,256.25,194.651,140.26
FR,2022,2022-11-15,113.41,231.63,183.002,118.22
FR,2022,2022-11-16,86.02,261.15,174.59,175.13
FR,2022,2022-11-17,37.06,285.1,163.963,248.04
FR,2022,2022-11-18,121.08,325.54,238.536,204.46
FR,2022,2022-11-19,144.06,287.29,212.173,143.23
FR,2022,2022-11-20,141.21,273.0,208.457,131.79
FR,2022,2022-11-21,122.28,324.05,244.202,201.77
FR,2022,2022-11-22,82.3,294.9,212.105,212.6
FR,2022,2022-11-23,124.45,268.55,185.525,144.1
FR,2022,2022-11-24,112.02,323.4,239.0,211.38
FR,2022,2022-11-25,151.82,349.9,262.066,198.08
FR,2022,2022-11-26,144.88,315.92,237.348,171.04
FR,2022,2022-11-27,99.4,250.53,177.229,151.13
FR,2022,2022-11-28,164.78,428.45,319.795,263.67
FR,2022,2022-11-29,226.38,501.1,374.315,274.72
FR,2022,2022-11-30,260.55,503.55,396.214,243.0
FR,2022,2022-12-01,270.74,484.07,392.753,213.33
FR,2022,2022-12-02,298.53,460.7,383.901,162.17
FR,2022,2022-12-03,238.67,358.73,307.446,120.06
FR,2022,2022-12-04,230.51,400.0,306.835,169.49
FR,2022,2022-12-05,268.6,455.21,374.298,186.61
FR,2022,2022-12-06,287.38,541.27,419.716,253.89
FR,2022,2022-12-07,288.03,567.8,429.869,279.77
FR,2022,2022-12-08,296.35,508.91,417.58,212.56
FR,2022,2022-12-09,309.28,561.9,447.101,252.62
FR,2022,2022-12-10,293.35,451.1,369.108,157.75
FR,2022,2022-12-11,277.66,435.64,333.372,157.98
FR,2022,2022-12-12,297.12,753.0,465.268,455.88
FR,2022,2022-12-13,284.66,665.01,464.865,380.35
FR,2022,2022-12-14,289.36,590.0,449.741,300.64
FR,2022,2022-12-15,271.39,500.0,403.8,228.61
FR,2022,2022-12-16,269.83,561.08,410.394,291.25
FR,2022,2022-12-17,240.0,335.42,280.397,95.42
FR,2022,2022-12-18,118.06,294.05,224.809,175.99
FR,2022,2022-12-19,77.24,260.14,199.634,182.9
FR,2022,2022-12-20,76.35,310.14,204.239,233.79
FR,2022,2022-12-21,158.85,273.0,216.302,114.15
FR,2022,2022-12-22,106.32,236.11,194.275,129.79
FR,2022,2022-12-23,81.2,225.09,168.451,143.89
FR,2022,2022-12-24,32.52,169.51,114.742,136.99
FR,2022,2022-12-25,50.3,137.12,105.05,86.82
FR,2022,2022-12-26,16.33,189.26,76.171,172.93
FR,2022,2022-12-27,40.28,164.69,120.964,124.41
FR,2022,2022-12-28,0.1,99.97,49.864,99.87
FR,2022,2022-12-29,-1.44,72.28,33.144,73.72
FR,2022,2022-12-30,0.57,34.27,16.896,33.7
FR,2022,2022-12-31,0.0,20.47,4.333,20.47
FR,2023,2023-01-01,-4.37,61.38,17.467,65.75
FR,2023,2023-01-02,42.75,174.74,127.435,131.99
FR,2023,2023-01-03,82.03,171.23,144.051,89.2
FR,2023,2023-01-04,8.56,167.29,97.024,158.73
FR,2023,2023-01-05,27.68,194.67,128.439,166.99
FR,2023,2023-01-06,75.75,163.5,121.078,87.75
FR,2023,2023-01-07,13.21,113.96,81.951,100.75
FR,2023,2023-01-08,4.16,122.61,70.782,118.45
FR,2023,2023-01-09,35.94,182.18,127.695,146.24
FR,2023,2023-01-10,7.41,181.67,123.972,174.26
FR,2023,2023-01-11,0.08,145.72,89.165,145.64
FR,2023,2023-01-12,6.27,132.89,81.12,126.62
FR,2023,2023-01-13,5.03,128.08,80.62,123.05
FR,2023,2023-01-14,25.0,73.5,53.634,48.5
FR,2023,2023-01-15,3.1,80.1,36.341,77.0
FR,2023,2023-01-16,56.1,185.99,138.032,129.89
FR,2023,2023-01-17,135.3,255.02,178.475,119.72
FR,2023,2023-01-18,123.54,195.39,158.034,71.85
FR,2023,2023-01-19,145.09,229.47,184.763,84.38
FR,2023,2023-01-20,153.09,235.06,186.858,81.97
FR,2023,2023-01-21,134.68,182.17,155.963,47.49
FR,2023,2023-01-22,139.04,209.16,166.942,70.12
FR,2023,2023-01-23,150.12,270.0,205.469,119.88
FR,2023,2023-01-24,152.51,256.43,204.192,103.92
FR,2023,2023-01-25,147.02,225.04,185.989,78.02
FR,2023,2023-01-26,135.85,205.51,171.011,69.66
FR,2023,2023-01-27,130.55,200.7,170.99,70.15
FR,2023,2023-01-28,122.75,178.55,147.634,55.8
FR,2023,2023-01-29,116.5,178.58,142.722,62.08
FR,2023,2023-01-30,90.0,224.39,163.928,134.39
FR,2023,2023-01-31,120.87,188.1,158.961,67.23
FR,2023,2023-02-01,103.79,189.74,151.341,85.95
FR,2023,2023-02-02,113.74,183.12,154.634,69.38
FR,2023,2023-02-03,95.64,185.13,141.92,89.49
FR,2023,2023-02-04,129.12,184.16,152.507,55.04
FR,2023,2023-02-05,107.33,176.54,133.052,69.21
FR,2023,2023-02-06,140.1,213.5,171.503,73.4
FR,2023,2023-02-07,139.07,245.6,175.777,106.53
FR,2023,2023-02-08,135.14,215.9,164.828,80.76
FR,2023,2023-02-09,146.52,256.66,179.427,110.14
FR,2023,2023-02-10,124.58,202.71,158.846,78.13
FR,2023,2023-02-11,123.31,177.96,148.746,54.65
FR,2023,2023-02-12,120.0,175.58,142.651,55.58
FR,2023,2023-02-13,129.04,229.99,163.214,100.95
FR,2023,2023-02-14,127.9,206.98,155.919,79.08
FR,2023,2023-02-15,121.75,188.76,149.768,67.01
FR,2023,2023-02-16,120.0,175.91,147.452,55.91
FR,2023,2023-02-17,84.0,164.6,132.027,80.6
FR,2023,2023-02-18,77.55,153.98,111.283,76.43
FR,2023,2023-02-19,92.55,159.44,120.683,66.89
FR,2023,2023-02-20,107.21,168.72,135.95,61.51
FR,2023,2023-02-21,130.56,179.16,153.477,48.6
FR,2023,2023-02-22,125.3,176.34,149.63,51.04
FR,2023,2023-02-23,124.81,178.24,149.058,53.43
FR,2023,2023-02-24,117.74,174.18,148.867,56.44
FR,2023,2023-02-25,117.93,163.34,141.596,45.41
FR,2023,2023-02-26,55.84,156.91,114.988,101.07
FR,2023,2023-02-27,120.07,197.23,155.354,77.16
FR,2023,2023-02-28,137.01,195.8,161.225,58.79
FR,2023,2023-03-01,126.65,199.95,152.838,73.3
FR,2023,2023-03-02,140.0,229.28,166.134,89.28
FR,2023,2023-03-03,142.24,220.0,161.794,77.76
FR,2023,2023-03-04,111.9,195.83,142.323,83.93
FR,2023,2023-03-05,123.26,194.77,146.28,71.51
FR,2023,2023-03-06,134.0,217.09,159.61,83.09
FR,2023,2023-03-07,123.82,232.47,151.814,108.65
FR,2023,2023-03-08,111.0,173.1,139.546,62.1
FR,2023,2023-03-09,102.89,159.16,126.75,56.27
FR,2023,2023-03-10,98.84,140.91,121.045,42.07
FR,2023,2023-03-11,88.22,159.24,121.842,71.02
FR,2023,2023-03-12,47.72,141.04,92.68,93.32
FR,2023,2023-03-13,8.35,102.16,42.446,93.81
FR,2023,2023-03-14,2.36,200.41,86.158,198.05
FR,2023,2023-03-15,117.39,199.72,144.172,82.33
FR,2023,2023-03-16,78.93,142.35,105.712,63.42
FR,2023,2023-03-17,65.17,141.63,102.847,76.46
FR,2023,2023-03-18,80.42,169.54,109.843,89.12
FR,2023,2023-03-19,94.04,152.91,112.228,58.87
FR,2023,2023-03-20,100.1,165.47,125.095,65.37
FR,2023,2023-03-21,79.93,145.66,114.828,65.73
FR,2023,2023-03-22,59.1,140.0,88.686,80.9
FR,2023,2023-03-23,42.06,144.43,80.793,102.37
FR,2023,2023-03-24,11.22,116.23,56.03,105.01
FR,2023,2023-03-25,-0.03,84.37,27.32,84.4
FR,2023,2023-03-26,40.0,117.86,74.092,77.86
FR,2023,2023-03-27,80.51,187.6,121.258,107.09
FR,2023,2023-03-28,92.9,175.08,121.924,82.18
FR,2023,2023-03-29,82.9,152.0,114.258,69.1
FR,2023,2023-03-30,9.53,129.3,80.908,119.77
FR,2023,2023-03-31,7.68,113.02,74.827,105.34
FR,2023,2023-04-01,35.41,97.03,58.95,61.62
FR,2023,2023-04-02,17.52,132.81,74.995,115.29
FR,2023,2023-04-03,71.56,195.0,122.772,123.44
FR,2023,2023-04-04,107.31,201.67,136.083,94.36
FR,2023,2023-04-05,112.96,208.16,143.218,95.2
FR,2023,2023-04-06,107.42,163.08,129.009,55.66
FR,2023,2023-04-07,100.22,150.11,123.539,49.89
FR,2023,2023-04-08,88.92,140.21,116.779,51.29
FR,2023,2023-04-09,55.0,133.46,102.306,78.46
FR,2023,2023-04-10,-0.03,89.7,47.844,89.73
FR,2023,2023-04-11,0.94,165.38,97.058,164.44
FR,2023,2023-04-12,66.47,138.52,105.655,72.05
FR,2023,2023-04-13,72.86,178.87,118.878,106.01
FR,2023,2023-04-14,104.72,175.67,129.92,70.95
FR,2023,2023-04-15,76.43,134.51,105.428,58.08
FR,2023,2023-04-16,94.37,140.0,110.571,45.63
FR,2023,2023-04-17,96.14,199.51,123.465,103.37
FR,2023,2023-04-18,82.28,154.88,111.208,72.6
FR,2023,2023-04-19,88.58,141.4,109.041,52.82
FR,2023,2023-04-20,86.76,147.42,114.726,60.66
FR,2023,2023-04-21,77.3,148.95,118.598,71.65
FR,2023,2023-04-22,22.56,132.0,91.925,109.44
FR,2023,2023-04-23,4.87,125.02,81.332,120.15
FR,2023,2023-04-24,75.08,135.97,107.457,60.89
FR,2023,2023-04-25,89.23,144.16,111.423,54.93
FR,2023,2023-04-26,92.85,154.97,117.879,62.12
FR,2023,2023-04-27,88.31,142.58,107.191,54.27
FR,2023,2023-04-28,83.07,126.38,105.945,43.31
FR,2023,2023-04-29,66.2,120.0,99.033,53.8
FR,2023,2023-04-30,1.5,122.2,71.325,120.7
FR,2023,2023-05-01,17.87,121.72,78.513,103.85
FR,2023,2023-05-02,80.9,142.86,107.222,61.96
FR,2023,2023-05-03,47.72,125.1,91.422,77.38
FR,2023,2023-05-04,59.79,119.9,87.668,60.11
FR,2023,2023-05-05,78.49,130.0,99.107,51.51
FR,2023,2023-05-06,50.0,112.07,89.03,62.07
FR,2023,2023-05-07,24.09,109.2,78.415,85.11
FR,2023,2023-05-08,77.99,122.76,95.691,44.77
FR,2023,2023-05-09,81.06,121.0,100.509,39.94
FR,2023,2023-05-10,71.05,134.73,100.98,63.68
FR,2023,2023-05-11,82.0,162.57,111.231,80.57
FR,2023,2023-05-12,81.16,131.98,96.778,50.82
FR,2023,2023-05-13,6.17,112.49,75.694,106.32
FR,2023,2023-05-14,0.06,106.16,58.887,106.1
FR,2023,2023-05-15,61.73,125.68,88.028,63.95
FR,2023,2023-05-16,12.59,119.54,80.382,106.95
FR,2023,2023-05-17,18.16,124.08,82.5,105.92
FR,2023,2023-05-18,29.41,119.95,80.391,90.54
FR,2023,2023-05-19,53.69,106.0,78.596,52.31
FR,2023,2023-05-20,-0.02,87.69,44.358,87.71
FR,2023,2023-05-21,-23.36,91.0,33.12,114.36
FR,2023,2023-05-22,67.7,113.42,85.0,45.72
FR,2023,2023-05-23,28.19,104.0,73.203,75.81
FR,2023,2023-05-24,71.75,109.66,84.37,37.91
FR,2023,2023-05-25,20.56,105.0,70.895,84.44
FR,2023,2023-05-26,3.45,100.38,63.832,96.93
FR,2023,2023-05-27,-0.09,100.82,59.155,100.91
FR,2023,2023-05-28,-37.13,81.92,37.555,119.05
FR,2023,2023-05-29,-45.6,85.54,30.207,131.14
FR,2023,2023-05-30,36.33,109.19,75.267,72.86
FR,2023,2023-05-31,3.45,105.0,63.799,101.55
FR,2023,2023-06-01,3.39,103.38,71.492,99.99
FR,2023,2023-06-02,36.82,99.82,72.885,63.0
FR,2023,2023-06-03,-3.39,81.17,51.621,84.56
FR,2023,2023-06-04,-33.79,97.3,48.286,131.09
FR,2023,2023-06-05,63.64,103.67,81.959,40.03
FR,2023,2023-06-06,60.66,102.7,82.896,42.04
FR,2023,2023-06-07,65.7,108.5,87.726,42.8
FR,2023,2023-06-08,64.06,101.6,81.561,37.54
FR,2023,2023-06-09,64.06,106.45,84.829,42.39
FR,2023,2023-06-10,6.56,91.25,62.732,84.69
FR,2023,2023-06-11,-9.81,111.99,50.285,121.8
FR,2023,2023-06-12,81.1,133.04,98.728,51.94
FR,2023,2023-06-13,68.15,120.73,93.262,52.58
FR,2023,2023-06-14,75.54,140.32,100.482,64.78
FR,2023,2023-06-15,90.0,147.99,113.88,57.99
FR,2023,2023-06-16,101.65,175.07,127.29,73.42
FR,2023,2023-06-17,39.38,146.97,103.173,107.59
FR,2023,2023-06-18,25.1,137.06,87.691,111.96
FR,2023,2023-06-19,88.34,167.77,114.767,79.43
FR,2023,2023-06-20,99.45,165.08,119.953,65.63
FR,2023,2023-06-21,95.78,187.46,124.463,91.68
FR,2023,2023-06-22,95.2,157.43,122.128,62.23
FR,2023,2023-06-23,82.17,137.1,108.138,54.93
FR,2023,2023-06-24,0.31,127.12,76.033,126.81
FR,2023,2023-06-25,-0.1,127.59,61.876,127.69
FR,2023,2023-06-26,48.48,129.53,91.413,81.05
FR,2023,2023-06-27,83.2,134.79,102.905,51.59
FR,2023,2023-06-28,86.16,139.3,108.052,53.14
FR,2023,2023-06-29,96.88,130.31,109.958,33.43
FR,2023,2023-06-30,64.75,127.31,97.954,62.56
FR,2023,2023-07-01,-0.01,92.97,35.392,92.98
FR,2023,2023-07-02,-134.94,94.9,2.548,229.84
FR,2023,2023-07-03,10.26,129.15,70.503,118.89
FR,2023,2023-07-04,51.75,140.7,97.658,88.95
FR,2023,2023-07-05,36.3,123.79,79.139,87.49
FR,2023,2023-07-06,81.61,131.83,104.81,50.22
FR,2023,2023-07-07,64.98,124.27,92.208,59.29
FR,2023,2023-07-08,29.42,132.86,82.312,103.44
FR,2023,2023-07-09,37.11,134.1,88.5,96.99
FR,2023,2023-07-10,88.32,173.42,116.435,85.1
FR,2023,2023-07-11,77.36,128.21,102.021,50.85
FR,2023,2023-07-12,72.33,123.79,98.188,51.46
FR,2023,2023-07-13,74.22,137.31,100.477,63.09
FR,2023,2023-07-14,45.68,104.79,77.767,59.11
FR,2023,2023-07-15,-1.0,89.0,27.885,90.0
FR,2023,2023-07-16,-40.45,114.95,21.979,155.4
FR,2023,2023-07-17,19.95,126.44,81.663,106.49
FR,2023,2023-07-18,68.55,188.0,104.283,119.45
FR,2023,2023-07-19,64.21,116.03,88.32,51.82
FR,2023,2023-07-20,70.64,145.01,96.015,74.37
FR,2023,2023-07-21,68.39,111.51,89.624,43.12
FR,2023,2023-07-22,19.52,97.79,72.76,78.27
FR,2023,2023-07-23,-0.1,100.81,31.494,100.91
FR,2023,2023-07-24,66.2,105.84,87.502,39.64
FR,2023,2023-07-25,63.43,120.07,93.028,56.64
FR,2023,2023-07-26,79.64,120.3,97.279,40.66
FR,2023,2023-07-27,64.31,111.0,88.384,46.69
FR,2023,2023-07-28,75.65,113.82,93.989,38.17
FR,2023,2023-07-29,20.16,101.97,74.332,81.81
FR,2023,2023-07-30,-0.04,93.0,39.585,93.04
FR,2023,2023-07-31,28.91,96.96,70.034,68.05
FR,2023,2023-08-01,56.94,112.77,77.798,55.83
FR,2023,2023-08-02,9.54,71.05,51.979,61.51
FR,2023,2023-08-03,0.09,98.5,52.232,98.41
FR,2023,2023-08-04,76.6,121.07,93.437,44.47
FR,2023,2023-08-05,21.93,92.58,71.645,70.65
FR,2023,2023-08-06,0.0,78.13,24.542,78.13
FR,2023,2023-08-07,7.18,124.95,70.914,117.77
FR,2023,2023-08-08,38.9,100.21,69.206,61.31
FR,2023,2023-08-09,68.38,130.81,93.376,62.43
FR,2023,2023-08-10,68.51,125.51,95.519,57.0
FR,2023,2023-08-11,46.78,130.5,95.621,83.72
FR,2023,2023-08-12,6.0,112.28,79.045,106.28
FR,2023,2023-08-13,1.52,120.01,65.611,118.49
FR,2023,2023-08-14,63.68,125.12,88.972,61.44
FR,2023,2023-08-15,23.54,133.04,87.198,109.5
FR,2023,2023-08-16,74.56,150.45,104.44,75.89
FR,2023,2023-08-17,78.3,132.25,100.897,53.95
FR,2023,2023-08-18,68.09,123.0,94.656,54.91
FR,2023,2023-08-19,10.64,132.53,70.546,121.89
FR,2023,2023-08-20,13.25,139.54,89.745,126.29
FR,2023,2023-08-21,90.56,155.66,114.68,65.1
FR,2023,2023-08-22,87.77,188.19,119.438,100.42
FR,2023,2023-08-23,94.03,276.12,147.665,182.09
FR,2023,2023-08-24,96.86,265.3,141.663,168.44
FR,2023,2023-08-25,91.33,140.61,111.58,49.28
FR,2023,2023-08-26,78.76,128.22,97.588,49.46
FR,2023,2023-08-27,37.26,127.55,88.84,90.29
FR,2023,2023-08-28,72.2,138.9,104.378,66.7
FR,2023,2023-08-29,82.19,141.95,109.305,59.76
FR,2023,2023-08-30,86.51,138.45,104.988,51.94
FR,2023,2023-08-31,88.0,136.66,102.366,48.66
FR,2023,2023-09-01,78.18,127.82,101.723,49.64
FR,2023,2023-09-02,55.35,126.96,92.482,71.61
FR,2023,2023-09-03,4.94,110.78,70.828,105.84
FR,2023,2023-09-04,52.86,138.33,88.825,85.47
FR,2023,2023-09-05,54.6,151.13,95.041,96.53
FR,2023,2023-09-06,72.8,182.52,100.965,109.72
FR,2023,2023-09-07,74.42,167.27,100.41,92.85
FR,2023,2023-09-08,71.4,164.05,102.445,92.65
FR,2023,2023-09-09,26.32,139.82,92.181,113.5
FR,2023,2023-09-10,0.0,131.57,78.516,131.57
FR,2023,2023-09-11,76.29,227.26,115.932,150.97
FR,2023,2023-09-12,72.15,147.47,108.571,75.32
FR,2023,2023-09-13,76.61,137.72,104.933,61.11
FR,2023,2023-09-14,55.0,145.91,101.287,90.91
FR,2023,2023-09-15,63.35,125.07,95.462,61.72
FR,2023,2023-09-16,32.44,121.57,80.92,89.13
FR,2023,2023-09-17,4.08,125.8,70.595,121.72
FR,2023,2023-09-18,-0.01,129.22,74.01,129.23
FR,2023,2023-09-19,-0.08,115.61,40.581,115.69
FR,2023,2023-09-20,-0.09,115.45,44.397,115.54
FR,2023,2023-09-21,0.09,121.38,85.826,121.29
FR,2023,2023-09-22,0.08,133.59,86.961,133.51
FR,2023,2023-09-23,53.42,145.0,96.783,91.58
FR,2023,2023-09-24,-1.98,134.98,45.276,136.96
FR,2023,2023-09-25,0.05,156.59,94.388,156.54
FR,2023,2023-09-26,84.56,160.34,112.716,75.78
FR,2023,2023-09-27,65.54,140.01,101.105,74.47
FR,2023,2023-09-28,9.66,143.47,94.845,133.81
FR,2023,2023-09-29,38.99,141.24,94.133,102.25
FR,2023,2023-09-30,15.04,132.03,89.107,116.99
FR,2023,2023-10-01,-0.02,130.0,67.824,130.02
FR,2023,2023-10-02,51.34,182.02,109.137,130.68
FR,2023,2023-10-03,-0.01,130.0,47.355,130.01
FR,2023,2023-10-04,17.24,130.02,78.125,112.78
FR,2023,2023-10-05,61.97,139.4,93.442,77.43
FR,2023,2023-10-06,30.27,120.8,80.376,90.53
FR,2023,2023-10-07,0.22,108.91,53.37,108.69
FR,2023,2023-10-08,54.59,139.01,89.099,84.42
FR,2023,2023-10-09,75.0,221.7,115.478,146.7
FR,2023,2023-10-10,29.0,159.48,101.793,130.48
FR,2023,2023-10-11,6.39,142.42,82.823,136.03
FR,2023,2023-10-12,89.04,221.18,126.886,132.14
FR,2023,2023-10-13,0.72,143.0,59.705,142.28
FR,2023,2023-10-14,0.04,142.22,43.593,142.18
FR,2023,2023-10-15,6.12,155.91,58.92,149.79
FR,2023,2023-10-16,96.62,240.0,134.949,143.38
FR,2023,2023-10-17,38.0,166.39,106.804,128.39
FR,2023,2023-10-18,0.98,113.47,57.972,112.49
FR,2023,2023-10-19,1.06,143.88,85.93,142.82
FR,2023,2023-10-20,5.7,127.78,84.489,122.08
FR,2023,2023-10-21,10.0,114.96,42.04,104.96
FR,2023,2023-10-22,15.63,140.59,68.513,124.96
FR,2023,2023-10-23,92.76,157.91,115.814,65.15
FR,2023,2023-10-24,89.46,154.12,115.7,64.66
FR,2023,2023-10-25,45.59,158.2,107.973,112.61
FR,2023,2023-10-26,90.0,151.41,119.76,61.41
FR,2023,2023-10-27,45.37,152.7,98.776,107.33
FR,2023,2023-10-28,1.38,89.17,43.744,87.79
FR,2023,2023-10-29,0.0,64.21,16.361,64.21
FR,2023,2023-10-30,8.2,171.0,95.465,162.8
FR,2023,2023-10-31,63.4,172.04,107.847,108.64
FR,2023,2023-11-01,6.79,81.53,36.719,74.74
FR,2023,2023-11-02,0.06,111.55,57.293,111.49
FR,2023,2023-11-03,5.73,95.25,58.378,89.52
FR,2023,2023-11-04,7.05,46.98,23.012,39.93
FR,2023,2023-11-05,2.98,72.77,19.851,69.79
FR,2023,2023-11-06,1.77,151.74,76.812,149.97
FR,2023,2023-11-07,68.01,150.59,101.756,82.58
FR,2023,2023-11-08,66.76,127.43,91.889,60.67
FR,2023,2023-11-09,64.32,132.31,97.8,67.99
FR,2023,2023-11-10,48.36,135.1,94.423,86.74
FR,2023,2023-11-11,82.71,135.76,96.894,53.05
FR,2023,2023-11-12,41.46,114.56,84.505,73.1
FR,2023,2023-11-13,12.49,107.0,72.898,94.51
FR,2023,2023-11-14,1.3,118.14,68.487,116.84
FR,2023,2023-11-15,70.69,129.9,94.13,59.21
FR,2023,2023-11-16,79.9,129.99,106.121,50.09
FR,2023,2023-11-17,92.79,150.33,121.259,57.54
FR,2023,2023-11-18,19.64,108.67,81.701,89.03
FR,2023,2023-11-19,0.07,104.68,38.798,104.61
FR,2023,2023-11-20,46.74,139.98,100.872,93.24
FR,2023,2023-11-21,90.94,142.08,118.563,51.14
FR,2023,2023-11-22,64.97,136.17,108.227,71.2
FR,2023,2023-11-23,23.96,129.38,80.829,105.42
FR,2023,2023-11-24,1.63,116.97,75.94,115.34
FR,2023,2023-11-25,69.99,130.26,97.39,60.27
FR,2023,2023-11-26,99.0,156.68,117.278,57.68
FR,2023,2023-11-27,77.74,144.99,115.452,67.25
FR,2023,2023-11-28,64.47,189.98,123.637,125.51
FR,2023,2023-11-29,85.1,250.0,140.746,164.9
FR,2023,2023-11-30,100.0,260.95,168.885,160.95
FR,2023,2023-12-01,95.88,230.09,155.628,134.21
FR,2023,2023-12-02,98.49,144.91,117.354,46.42
FR,2023,2023-12-03,89.0,129.05,104.66,40.05
FR,2023,2023-12-04,85.38,132.45,111.839,47.07
FR,2023,2023-12-05,83.62,147.47,113.797,63.85
FR,2023,2023-12-06,90.59,178.07,128.8,87.48
FR,2023,2023-12-07,85.0,150.0,104.58,65.0
FR,2023,2023-12-08,79.52,118.92,102.613,39.4
FR,2023,2023-12-09,34.02,92.37,73.255,58.35
FR,2023,2023-12-10,7.36,69.23,45.388,61.87
FR,2023,2023-12-11,10.0,123.57,82.279,113.57
FR,2023,2023-12-12,67.84,106.34,87.717,38.5
FR,2023,2023-12-13,71.57,108.34,91.0,36.77
FR,2023,2023-12-14,68.99,125.54,94.543,56.55
FR,2023,2023-12-15,67.2,121.5,92.51,54.3
FR,2023,2023-12-16,46.5,97.51,73.583,51.01
FR,2023,2023-12-17,26.39,93.37,58.986,66.98
FR,2023,2023-12-18,53.41,109.86,83.277,56.45
FR,2023,2023-12-19,57.85,101.15,80.087,43.3
FR,2023,2023-12-20,30.7,90.37,66.218,59.67
FR,2023,2023-12-21,0.72,62.42,36.109,61.7
FR,2023,2023-12-22,0.0,54.65,27.619,54.65
FR,2023,2023-12-23,-0.01,42.08,18.831,42.09
FR,2023,2023-12-24,-3.96,7.54,0.597,11.5
FR,2023,2023-12-25,-11.93,18.45,0.393,30.38
FR,2023,2023-12-26,-3.42,77.02,29.588,80.44
FR,2023,2023-12-27,1.19,80.51,55.313,79.32
FR,2023,2023-12-28,-0.01,56.91,21.9,56.92
FR,2023,2023-12-29,-0.45,39.02,15.903,39.47
FR,2023,2023-12-30,5.63,79.99,35.211,74.36
FR,2023,2023-12-31,0.0,25.94,8.672,25.94
FR,2024,2024-01-01,-0.04,54.97,13.945,55.01
FR,2024,2024-01-02,0.01,62.45,35.429,62.44
FR,2024,2024-01-03,-0.05,85.07,48.444,85.12
FR,2024,2024-01-04,25.48,102.57,80.179,77.09
FR,2024,2024-01-05,61.1,108.76,90.379,47.66
FR,2024,2024-01-06,73.01,104.3,87.62,31.29
FR,2024,2024-01-07,71.86,104.85,86.445,32.99
FR,2024,2024-01-08,78.43,129.99,102.187,51.56
FR,2024,2024-01-09,83.63,137.35,106.565,53.72
FR,2024,2024-01-10,84.75,143.79,109.885,59.04
FR,2024,2024-01-11,80.6,141.0,106.673,60.4
FR,2024,2024-01-12,83.0,140.74,106.573,57.74
FR,2024,2024-01-13,71.45,107.99,87.356,36.54
FR,2024,2024-01-14,69.71,99.94,81.771,30.23
FR,2024,2024-01-15,62.04,113.9,89.269,51.86
FR,2024,2024-01-16,72.79,144.11,102.475,71.32
FR,2024,2024-01-17,69.9,111.1,85.176,41.2
FR,2024,2024-01-18,63.81,106.54,85.908,42.73
FR,2024,2024-01-19,62.76,108.3,82.3,45.54
FR,2024,2024-01-20,63.68,99.94,77.459,36.26
FR,2024,2024-01-21,40.66,78.7,56.89,38.04
FR,2024,2024-01-22,13.34,89.87,56.619,76.53
FR,2024,2024-01-23,9.66,86.5,56.579,76.84
FR,2024,2024-01-24,0.2,83.46,50.482,83.26
FR,2024,2024-01-25,55.36,96.11,73.325,40.75
FR,2024,2024-01-26,39.82,89.8,65.915,49.98
FR,2024,2024-01-27,53.88,95.97,68.505,42.09
FR,2024,2024-01-28,38.03,73.34,52.494,35.31
FR,2024,2024-01-29,47.26,110.0,77.31,62.74
FR,2024,2024-01-30,64.0,99.76,78.121,35.76
FR,2024,2024-01-31,44.31,120.23,74.28,75.92
FR,2024,2024-02-01,46.66,101.89,75.681,55.23
FR,2024,2024-02-02,39.99,90.75,66.138,50.76
FR,2024,2024-02-03,15.45,81.43,46.096,65.98
FR,2024,2024-02-04,1.55,69.99,26.754,68.44
FR,2024,2024-02-05,1.25,90.36,54.573,89.11
FR,2024,2024-02-06,7.1,80.87,53.676,73.77
FR,2024,2024-02-07,16.02,92.09,58.886,76.07
FR,2024,2024-02-08,22.04,73.2,49.514,51.16
FR,2024,2024-02-09,3.2,87.32,50.668,84.12
FR,2024,2024-02-10,60.48,89.85,71.843,29.37
FR,2024,2024-02-11,39.23,83.98,57.638,44.75
FR,2024,2024-02-12,59.21,104.0,73.602,44.79
FR,2024,2024-02-13,60.06,94.53,70.684,34.47
FR,2024,2024-02-14,46.65,88.11,65.051,41.46
FR,2024,2024-02-15,38.25,77.18,56.498,38.93
FR,2024,2024-02-16,42.0,78.13,61.093,36.13
FR,2024,2024-02-17,49.27,82.93,62.103,33.66
FR,2024,2024-02-18,30.18,66.99,46.742,36.81
FR,2024,2024-02-19,43.91,83.97,61.864,40.06
FR,2024,2024-02-20,51.92,81.47,62.124,29.55
FR,2024,2024-02-21,32.79,76.7,54.217,43.91
FR,2024,2024-02-22,5.67,65.43,39.749,59.76
FR,2024,2024-02-23,1.83,86.44,48.008,84.61
FR,2024,2024-02-24,32.22,74.13,56.148,41.91
FR,2024,2024-02-25,46.03,76.28,58.798,30.25
FR,2024,2024-02-26,51.8,85.48,65.834,33.68
FR,2024,2024-02-27,56.87,105.17,68.646,48.3
FR,2024,2024-02-28,49.65,104.49,66.712,54.84
FR,2024,2024-02-29,47.1,86.26,63.846,39.16
FR,2024,2024-03-01,55.55,87.19,67.126,31.64
FR,2024,2024-03-02,54.88,93.6,66.033,38.72
FR,2024,2024-03-03,42.51,86.96,63.744,44.45
FR,2024,2024-03-04,61.29,105.18,74.486,43.89
FR,2024,2024-03-05,59.86,125.17,76.795,65.31
FR,2024,2024-03-06,69.29,119.27,81.762,49.98
FR,2024,2024-03-07,57.7,103.2,73.05,45.5
FR,2024,2024-03-08,29.07,94.66,65.081,65.59
FR,2024,2024-03-09,7.88,78.32,48.775,70.44
FR,2024,2024-03-10,32.28,89.63,54.156,57.35
FR,2024,2024-03-11,52.22,107.93,72.65,55.71
FR,2024,2024-03-12,55.09,99.44,71.754,44.35
FR,2024,2024-03-13,40.24,98.78,61.984,58.54
FR,2024,2024-03-14,39.42,87.85,58.039,48.43
FR,2024,2024-03-15,10.55,88.01,42.639,77.46
FR,2024,2024-03-16,15.9,92.37,52.455,76.47
FR,2024,2024-03-17,25.76,79.96,46.705,54.2
FR,2024,2024-03-18,35.0,125.16,66.751,90.16
FR,2024,2024-03-19,37.34,128.96,68.72,91.62
FR,2024,2024-03-20,27.0,124.69,59.279,97.69
FR,2024,2024-03-21,31.69,108.7,52.973,77.01
FR,2024,2024-03-22,14.7,74.73,35.012,60.03
FR,2024,2024-03-23,-7.1,37.06,9.31,44.16
FR,2024,2024-03-24,0.0,74.46,18.445,74.46
FR,2024,2024-03-25,16.44,113.87,45.716,97.43
FR,2024,2024-03-26,19.57,100.3,48.36,80.73
FR,2024,2024-03-27,19.41,95.41,49.135,76.0
FR,2024,2024-03-28,0.05,59.87,16.925,59.82
FR,2024,2024-03-29,9.86,105.5,36.72,95.64
FR,2024,2024-03-30,9.93,94.24,51.653,84.31
FR,2024,2024-03-31,1.03,48.46,23.382,47.43
FR,2024,2024-04-01,-0.01,42.93,14.958,42.94
FR,2024,2024-04-02,0.0,81.45,19.706,81.45
FR,2024,2024-04-03,0.0,37.38,12.955,37.38
FR,2024,2024-04-04,0.0,42.3,10.187,42.3
FR,2024,2024-04-05,-0.05,15.78,5.5,15.83
FR,2024,2024-04-06,-18.58,8.0,-0.887,26.58
FR,2024,2024-04-07,-19.25,35.0,4.357,54.25
FR,2024,2024-04-08,-0.01,22.72,4.689,22.73
FR,2024,2024-04-09,-2.94,20.98,2.845,23.92
FR,2024,2024-04-10,1.0,108.69,37.792,107.69
FR,2024,2024-04-11,0.0,70.95,17.793,70.95
FR,2024,2024-04-12,-0.37,78.44,21.158,78.81
FR,2024,2024-04-13,-55.01,33.82,0.035,88.83
FR,2024,2024-04-14,-39.89,30.77,2.683,70.66
FR,2024,2024-04-15,-1.0,19.72,3.569,20.72
FR,2024,2024-04-16,-0.05,25.71,4.009,25.76
FR,2024,2024-04-17,0.0,140.0,45.145,140.0
FR,2024,2024-04-18,12.23,131.19,54.487,118.96
FR,2024,2024-04-19,0.0,38.43,17.675,38.43
FR,2024,2024-04-20,-0.07,39.32,9.787,39.39
FR,2024,2024-04-21,-1.5,78.05,19.168,79.55
FR,2024,2024-04-22,10.78,125.48,62.31,114.7
FR,2024,2024-04-23,60.47,136.28,82.758,75.81
FR,2024,2024-04-24,14.8,107.62,68.752,92.82
FR,2024,2024-04-25,57.04,109.9,78.734,52.86
FR,2024,2024-04-26,65.37,104.06,80.921,38.69
FR,2024,2024-04-27,0.0,66.76,34.297,66.76
FR,2024,2024-04-28,-65.06,78.56,13.602,143.62
FR,2024,2024-04-29,35.45,102.26,61.584,66.81
FR,2024,2024-04-30,15.1,99.32,56.328,84.22
FR,2024,2024-05-01,-11.0,37.24,12.084,48.24
FR,2024,2024-05-02,0.0,59.14,18.498,59.14
FR,2024,2024-05-03,2.51,66.52,26.78,64.01
FR,2024,2024-05-04,13.17,52.51,30.671,39.34
FR,2024,2024-05-05,-0.97,82.86,31.598,83.83
FR,2024,2024-05-06,43.24,101.13,69.335,57.89
FR,2024,2024-05-07,20.18,112.66,59.216,92.48
FR,2024,2024-05-08,3.6,54.36,22.652,50.76
FR,2024,2024-05-09,-1.15,36.72,16.53,37.87
FR,2024,2024-05-10,0.44,38.28,13.907,37.84
FR,2024,2024-05-11,-22.76,41.46,9.328,64.22
FR,2024,2024-05-12,-87.29,61.5,2.002,148.79
FR,2024,2024-05-13,-0.03,50.0,21.915,50.03
FR,2024,2024-05-14,-29.66,39.01,7.592,68.67
FR,2024,2024-05-15,2.65,53.52,21.5,50.87
FR,2024,2024-05-16,2.95,82.57,30.649,79.62
FR,2024,2024-05-17,10.61,89.92,44.972,79.31
FR,2024,2024-05-18,-2.73,74.46,25.012,77.19
FR,2024,2024-05-19,-28.27,49.19,14.782,77.46
FR,2024,2024-05-20,0.54,47.34,19.093,46.8
FR,2024,2024-05-21,7.44,72.87,32.145,65.43
FR,2024,2024-05-22,3.25,63.88,30.909,60.63
FR,2024,2024-05-23,14.15,92.3,51.633,78.15
FR,2024,2024-05-24,35.01,115.92,72.128,80.91
FR,2024,2024-05-25,0.0,86.85,34.977,86.85
FR,2024,2024-05-26,-23.79,55.52,14.394,79.31
FR,2024,2024-05-27,6.0,52.82,30.278,46.82
FR,2024,2024-05-28,0.0,43.66,19.495,43.66
FR,2024,2024-05-29,5.7,69.87,32.432,64.17
FR,2024,2024-05-30,0.0,44.68,16.903,44.68
FR,2024,2024-05-31,-0.01,23.44,6.357,23.45
FR,2024,2024-06-01,-0.66,19.42,4.324,20.08
FR,2024,2024-06-02,-40.74,28.87,1.395,69.61
FR,2024,2024-06-03,1.31,99.2,34.575,97.89
FR,2024,2024-06-04,-0.01,113.22,46.098,113.23
FR,2024,2024-06-05,-0.01,93.25,38.865,93.26
FR,2024,2024-06-06,4.97,92.53,54.336,87.56
FR,2024,2024-06-07,18.34,84.29,54.704,65.95
FR,2024,2024-06-08,-28.4,60.09,18.223,88.49
FR,2024,2024-06-09,-28.52,69.64,14.642,98.16
FR,2024,2024-06-10,-0.01,70.06,29.067,70.07
FR,2024,2024-06-11,6.62,85.41,44.271,78.79
FR,2024,2024-06-12,10.43,70.4,35.026,59.97
FR,2024,2024-06-13,0.0,67.17,21.292,67.17
FR,2024,2024-06-14,0.0,64.13,16.805,64.13
FR,2024,2024-06-15,-80.02,47.7,-5.11,127.72
FR,2024,2024-06-16,-35.68,41.62,4.514,77.3
FR,2024,2024-06-17,6.13,91.27,33.641,85.14
FR,2024,2024-06-18,8.6,99.83,37.715,91.23
FR,2024,2024-06-19,22.43,109.01,57.432,86.58
FR,2024,2024-06-20,46.72,122.78,80.81,76.06
FR,2024,2024-06-21,40.0,114.32,80.124,74.32
FR,2024,2024-06-22,0.0,101.53,41.385,101.53
FR,2024,2024-06-23,-2.2,95.62,30.159,97.82
FR,2024,2024-06-24,15.95,117.33,54.464,101.38
FR,2024,2024-06-25,-0.05,107.43,50.857,107.48
FR,2024,2024-06-26,77.24,156.98,104.957,79.74
FR,2024,2024-06-27,18.75,115.0,62.561,96.25
FR,2024,2024-06-28,-2.06,113.3,36.569,115.36
FR,2024,2024-06-29,-0.19,60.23,24.315,60.42
FR,2024,2024-06-30,-1.51,103.22,25.497,104.73
FR,2024,2024-07-01,10.15,99.26,51.446,89.11
FR,2024,2024-07-02,4.0,110.41,53.568,106.41
FR,2024,2024-07-03,0.0,95.75,32.136,95.75
FR,2024,2024-07-04,-20.93,52.71,10.798,73.64
FR,2024,2024-07-05,0.1,106.33,29.54,106.23
FR,2024,2024-07-06,-54.63,20.39,-6.588,75.02
FR,2024,2024-07-07,-20.84,104.58,17.535,125.42
FR,2024,2024-07-08,31.98,115.15,67.896,83.17
FR,2024,2024-07-09,8.3,108.02,47.47,99.72
FR,2024,2024-07-10,31.56,105.0,69.525,73.44
FR,2024,2024-07-11,46.8,111.39,77.531,64.59
FR,2024,2024-07-12,24.45,89.93,53.557,65.48
FR,2024,2024-07-13,-14.8,89.19,31.494,103.99
FR,2024,2024-07-14,-74.02,106.12,18.752,180.14
FR,2024,2024-07-15,3.74,93.93,46.616,90.19
FR,2024,2024-07-16,0.0,117.23,44.367,117.23
FR,2024,2024-07-17,17.04,125.26,74.671,108.22
FR,2024,2024-07-18,37.79,138.23,82.039,100.44
FR,2024,2024-07-19,39.84,121.22,79.116,81.38
FR,2024,2024-07-20,-0.01,88.31,49.561,88.32
FR,2024,2024-07-21,-0.25,65.0,25.243,65.25
FR,2024,2024-07-22,23.18,100.59,58.724,77.41
FR,2024,2024-07-23,4.84,105.11,55.127,100.27
FR,2024,2024-07-24,0.01,112.8,57.685,112.79
FR,2024,2024-07-25,13.27,106.44,55.948,93.17
FR,2024,2024-07-26,46.51,91.02,64.68,44.51
FR,2024,2024-07-27,15.0,60.69,38.965,45.69
FR,2024,2024-07-28,-36.15,51.88,16.113,88.03
FR,2024,2024-07-29,0.0,93.66,34.918,93.66
FR,2024,2024-07-30,0.04,109.53,55.006,109.49
FR,2024,2024-07-31,16.95,111.14,66.219,94.19
FR,2024,2024-08-01,47.26,108.95,79.17,61.69
FR,2024,2024-08-02,45.41,109.7,75.772,64.29
FR,2024,2024-08-03,4.17,63.71,32.899,59.54
FR,2024,2024-08-04,-2.16,96.02,30.92,98.18
FR,2024,2024-08-05,6.97,109.62,48.467,102.65
FR,2024,2024-08-06,3.12,88.61,42.95,85.49
FR,2024,2024-08-07,6.17,67.68,34.068,61.51
FR,2024,2024-08-08,0.08,52.19,29.22,52.11
FR,2024,2024-08-09,-0.72,89.9,25.565,90.62
FR,2024,2024-08-10,-29.87,88.35,21.642,118.22
FR,2024,2024-08-11,-59.67,59.34,11.048,119.01
FR,2024,2024-08-12,0.0,130.6,51.548,130.6
FR,2024,2024-08-13,43.87,117.89,82.019,74.02
FR,2024,2024-08-14,59.32,115.77,84.561,56.45
FR,2024,2024-08-15,0.9,96.42,42.783,95.52
FR,2024,2024-08-16,50.72,119.99,77.575,69.27
FR,2024,2024-08-17,34.72,114.07,73.816,79.35
FR,2024,2024-08-18,0.0,111.64,51.643,111.64
FR,2024,2024-08-19,62.04,127.48,86.56,65.44
FR,2024,2024-08-20,11.93,100.41,52.588,88.48
FR,2024,2024-08-21,-5.32,95.94,40.184,101.26
FR,2024,2024-08-22,-2.56,118.94,38.19,121.5
FR,2024,2024-08-23,-8.98,123.9,37.869,132.88
FR,2024,2024-08-24,-41.39,72.6,23.428,113.99
FR,2024,2024-08-25,-16.7,109.91,23.025,126.61
FR,2024,2024-08-26,24.02,127.04,72.06,103.02
FR,2024,2024-08-27,4.79,125.14,69.589,120.35
FR,2024,2024-08-28,17.91,126.28,89.626,108.37
FR,2024,2024-08-29,48.09,133.14,99.321,85.05
FR,2024,2024-08-30,71.9,123.92,95.242,52.02
FR,2024,2024-08-31,9.06,123.32,68.085,114.26
FR,2024,2024-09-01,4.39,127.02,61.871,122.63
FR,2024,2024-09-02,82.25,138.0,105.093,55.75
FR,2024,2024-09-03,83.08,135.05,104.738,51.97
FR,2024,2024-09-04,78.27,133.75,104.351,55.48
FR,2024,2024-09-05,46.04,119.04,83.467,73.0
FR,2024,2024-09-06,31.2,113.83,81.196,82.63
FR,2024,2024-09-07,0.44,115.57,59.736,115.13
FR,2024,2024-09-08,0.0,101.13,34.139,101.13
FR,2024,2024-09-09,6.12,116.5,58.138,110.38
FR,2024,2024-09-10,0.0,86.45,39.34,86.45
FR,2024,2024-09-11,0.0,113.0,58.977,113.0
FR,2024,2024-09-12,9.33,120.75,68.631,111.42
FR,2024,2024-09-13,1.42,118.58,57.324,117.16
FR,2024,2024-09-14,0.44,101.72,47.738,101.28
FR,2024,2024-09-15,-0.36,65.08,27.052,65.44
FR,2024,2024-09-16,0.0,119.15,38.945,119.15
FR,2024,2024-09-17,0.0,59.53,24.602,59.53
FR,2024,2024-09-18,0.0,120.01,48.535,120.01
FR,2024,2024-09-19,0.0,112.65,53.312,112.65
FR,2024,2024-09-20,0.05,110.16,57.023,110.11
FR,2024,2024-09-21,-3.95,83.91,35.092,87.86
FR,2024,2024-09-22,0.01,110.22,44.075,110.21
FR,2024,2024-09-23,19.02,116.05,55.971,97.03
FR,2024,2024-09-24,15.48,124.76,53.634,109.28
FR,2024,2024-09-25,0.0,88.09,39.434,88.09
FR,2024,2024-09-26,-0.06,65.0,26.911,65.06
FR,2024,2024-09-27,-6.18,69.85,15.24,76.03
FR,2024,2024-09-28,0.0,111.23,32.307,111.23
FR,2024,2024-09-29,-0.5,61.43,19.502,61.93
FR,2024,2024-09-30,-0.01,61.53,11.973,61.54
FR,2024,2024-10-01,0.02,143.44,68.92,143.42
FR,2024,2024-10-02,40.0,136.26,88.092,96.26
FR,2024,2024-10-03,8.0,125.98,59.612,117.98
FR,2024,2024-10-04,49.1,141.37,89.717,92.27
FR,2024,2024-10-05,0.07,109.38,60.054,109.31
FR,2024,2024-10-06,-0.01,78.05,24.31,78.06
FR,2024,2024-10-07,18.67,108.32,55.68,89.65
FR,2024,2024-10-08,0.0,79.91,31.331,79.91
FR,2024,2024-10-09,0.0,112.03,32.887,112.03
FR,2024,2024-10-10,-0.01,129.22,53.995,129.23
FR,2024,2024-10-11,57.17,155.49,86.036,98.32
FR,2024,2024-10-12,-0.01,84.65,44.857,84.66
FR,2024,2024-10-13,-0.51,79.46,21.679,79.97
FR,2024,2024-10-14,36.68,161.89,92.003,125.21
FR,2024,2024-10-15,12.8,122.28,66.345,109.48
FR,2024,2024-10-16,1.48,83.91,30.389,82.43
FR,2024,2024-10-17,5.61,99.6,62.227,93.99
FR,2024,2024-10-18,20.4,138.94,66.584,118.54
FR,2024,2024-10-19,5.05,73.33,37.626,68.28
FR,2024,2024-10-20,-2.01,47.41,10.855,49.42
FR,2024,2024-10-21,0.0,158.4,73.579,158.4
FR,2024,2024-10-22,52.5,158.91,86.865,106.41
FR,2024,2024-10-23,51.61,155.8,83.328,104.19
FR,2024,2024-10-24,24.55,120.01,64.395,95.46
FR,2024,2024-10-25,18.7,103.06,60.429,84.36
FR,2024,2024-10-26,37.01,99.02,59.181,62.01
FR,2024,2024-10-27,39.99,128.7,73.589,88.71
FR,2024,2024-10-28,43.1,150.0,81.704,106.9
FR,2024,2024-10-29,49.04,160.11,86.568,111.07
FR,2024,2024-10-30,40.0,145.0,79.653,105.0
FR,2024,2024-10-31,70.99,134.14,97.291,63.15
FR,2024,2024-11-01,46.04,125.88,81.16,79.84
FR,2024,2024-11-02,69.84,114.64,91.901,44.8
FR,2024,2024-11-03,26.0,118.11,79.116,92.11
FR,2024,2024-11-04,83.82,160.54,108.276,76.72
FR,2024,2024-11-05,80.34,193.0,115.451,112.66
FR,2024,2024-11-06,87.62,171.89,116.311,84.27
FR,2024,2024-11-07,83.77,151.49,109.463,67.72
FR,2024,2024-11-08,88.16,133.58,112.332,45.42
FR,2024,2024-11-09,96.68,134.86,111.592,38.18
FR,2024,2024-11-10,89.18,128.02,106.043,38.84
FR,2024,2024-11-11,80.2,127.98,99.891,47.78
FR,2024,2024-11-12,31.24,150.04,103.361,118.8
FR,2024,2024-11-13,91.82,179.09,123.53,87.27
FR,2024,2024-11-14,92.85,160.04,125.466,67.19
FR,2024,2024-11-15,104.05,160.85,123.915,56.8
FR,2024,2024-11-16,90.25,134.0,106.558,43.75
FR,2024,2024-11-17,50.05,135.43,90.106,85.38
FR,2024,2024-11-18,61.78,168.2,113.189,106.42
FR,2024,2024-11-19,2.79,135.93,88.708,133.14
FR,2024,2024-11-20,76.15,143.18,112.098,67.03
FR,2024,2024-11-21,84.15,139.02,113.937,54.87
FR,2024,2024-11-22,77.13,141.31,111.148,64.18
FR,2024,2024-11-23,13.81,99.25,66.274,85.44
FR,2024,2024-11-24,3.32,41.54,10.514,38.22
FR,2024,2024-11-25,3.32,134.14,70.132,130.82
FR,2024,2024-11-26,73.04,162.07,114.012,89.03
FR,2024,2024-11-27,16.81,123.29,81.16,106.48
FR,2024,2024-11-28,41.71,158.24,111.676,116.53
FR,2024,2024-11-29,88.75,143.36,113.828,54.61
FR,2024,2024-11-30,88.13,136.71,105.378,48.58
FR,2024,2024-12-01,74.68,124.76,90.56,50.08
FR,2024,2024-12-02,38.37,149.61,108.07,111.24
FR,2024,2024-12-03,96.1,203.24,143.158,107.14
FR,2024,2024-12-04,106.98,219.09,144.278,112.11
FR,2024,2024-12-05,22.55,142.14,104.592,119.59
FR,2024,2024-12-06,10.46,146.85,89.4,136.39
FR,2024,2024-12-07,17.81,71.85,39.938,54.04
FR,2024,2024-12-08,5.85,74.97,38.71,69.12
FR,2024,2024-12-09,5.43,132.06,90.391,126.63
FR,2024,2024-12-10,85.0,181.0,126.723,96.0
FR,2024,2024-12-11,100.85,276.0,164.63,175.15
FR,2024,2024-12-12,107.35,277.0,173.452,169.65
FR,2024,2024-12-13,114.95,284.21,176.138,169.26
FR,2024,2024-12-14,86.56,125.69,108.205,39.13
FR,2024,2024-12-15,13.09,104.94,70.439,91.85
FR,2024,2024-12-16,9.64,118.02,78.165,108.38
FR,2024,2024-12-17,41.47,124.88,93.742,83.41
FR,2024,2024-12-18,7.01,81.13,56.771,74.12
FR,2024,2024-12-19,3.95,105.26,60.265,101.31
FR,2024,2024-12-20,20.15,124.91,79.475,104.76
FR,2024,2024-12-21,9.88,50.19,31.362,40.31
FR,2024,2024-12-22,4.41,77.44,25.041,73.03
FR,2024,2024-12-23,6.0,124.89,68.422,118.89
FR,2024,2024-12-24,78.0,120.95,102.709,42.95
FR,2024,2024-12-25,75.99,120.5,97.236,44.51
FR,2024,2024-12-26,89.64,138.05,112.834,48.41
FR,2024,2024-12-27,99.58,158.4,120.359,58.82
FR,2024,2024-12-28,102.93,148.3,120.365,45.37
FR,2024,2024-12-29,97.73,134.4,112.962,36.67
FR,2024,2024-12-30,82.97,144.3,117.882,61.33
FR,2024,2024-12-31,12.36,131.38,93.568,119.02
FR,2025,2025-01-01,5.9,50.14,23.735,44.24
FR,2025,2025-01-02,40.15,153.4,110.354,113.25
FR,2025,2025-01-03,84.06,144.48,115.91,60.42
FR,2025,2025-01-04,94.33,145.0,121.435,50.67
FR,2025,2025-01-05,13.28,70.5,44.263,57.22
FR,2025,2025-01-06,3.52,88.34,35.76,84.82
FR,2025,2025-01-07,0.4,128.87,76.485,128.47
FR,2025,2025-01-08,53.0,137.58,103.756,84.58
FR,2025,2025-01-09,13.01,135.73,86.717,122.72
FR,2025,2025-01-10,69.94,144.28,114.006,74.34
FR,2025,2025-01-11,90.82,123.86,106.623,33.04
FR,2025,2025-01-12,85.0,146.66,108.346,61.66
FR,2025,2025-01-13,100.0,186.0,125.656,86.0
FR,2025,2025-01-14,111.63,189.54,136.604,77.91
FR,2025,2025-01-15,109.76,275.0,160.777,165.24
FR,2025,2025-01-16,108.58,199.94,139.905,91.36
FR,2025,2025-01-17,117.26,208.13,142.866,90.87
FR,2025,2025-01-18,113.97,167.85,131.517,53.88
FR,2025,2025-01-19,107.51,159.68,127.029,52.17
FR,2025,2025-01-20,114.41,473.28,197.284,358.87
FR,2025,2025-01-21,115.3,245.0,159.38,129.7
FR,2025,2025-01-22,103.6,200.0,146.576,96.4
FR,2025,2025-01-23,65.01,160.34,108.685,95.33
FR,2025,2025-01-24,16.01,105.26,77.287,89.25
FR,2025,2025-01-25,16.8,120.74,61.563,103.94
FR,2025,2025-01-26,13.45,84.83,36.58,71.38
FR,2025,2025-01-27,0.65,57.18,28.975,56.53
FR,2025,2025-01-28,0.65,69.5,30.992,68.85
FR,2025,2025-01-29,3.52,147.4,74.388,143.88
FR,2025,2025-01-30,30.45,161.0,110.086,130.55
FR,2025,2025-01-31,100.33,184.48,132.177,84.15
FR,2025,2025-02-01,103.4,162.98,130.116,59.58
FR,2025,2025-02-02,101.26,173.95,131.987,72.69
FR,2025,2025-02-03,115.19,243.23,150.772,128.04
FR,2025,2025-02-04,113.26,211.99,140.9,98.73
FR,2025,2025-02-05,115.64,189.9,145.526,74.26
FR,2025,2025-02-06,115.25,210.56,142.261,95.31
FR,2025,2025-02-07,105.0,164.3,128.974,59.3
FR,2025,2025-02-08,89.5,166.9,124.496,77.4
FR,2025,2025-02-09,109.9,169.86,133.303,59.96
FR,2025,2025-02-10,114.48,183.73,144.029,69.25
FR,2025,2025-02-11,106.01,190.0,141.987,83.99
FR,2025,2025-02-12,126.59,200.01,154.325,73.42
FR,2025,2025-02-13,114.3,196.52,150.617,82.22
FR,2025,2025-02-14,113.86,201.66,147.694,87.8
FR,2025,2025-02-15,100.11,158.09,121.559,57.98
FR,2025,2025-02-16,97.51,161.56,125.043,64.05
FR,2025,2025-02-17,106.84,215.52,145.102,108.68
FR,2025,2025-02-18,94.11,193.8,129.065,99.69
FR,2025,2025-02-19,90.89,167.39,116.658,76.5
FR,2025,2025-02-20,76.16,133.98,98.875,57.82
FR,2025,2025-02-21,32.74,94.58,63.19,61.84
FR,2025,2025-02-22,44.72,130.72,76.825,86.0
FR,2025,2025-02-23,22.18,122.94,67.624,100.76
FR,2025,2025-02-24,17.98,159.17,89.03,141.19
FR,2025,2025-02-25,80.49,140.99,104.225,60.5
FR,2025,2025-02-26,54.59,161.95,101.838,107.36
FR,2025,2025-02-27,86.8,161.31,115.301,74.51
FR,2025,2025-02-28,80.13,152.94,112.328,72.81
FR,2025,2025-03-01,31.73,128.4,97.579,96.67
FR,2025,2025-03-02,20.1,147.09,90.621,126.99
FR,2025,2025-03-03,66.91,175.1,118.271,108.19
FR,2025,2025-03-04,50.24,169.51,107.983,119.27
FR,2025,2025-03-05,0.84,147.01,87.703,146.17
FR,2025,2025-03-06,5.82,127.32,71.843,121.5
FR,2025,2025-03-07,7.82,106.74,60.158,98.92
FR,2025,2025-03-08,0.07,98.04,35.035,97.97
FR,2025,2025-03-09,3.52,127.6,48.595,124.08
FR,2025,2025-03-10,66.7,152.05,93.223,85.35
FR,2025,2025-03-11,78.21,157.5,101.447,79.29
FR,2025,2025-03-12,85.79,176.69,111.912,90.9
FR,2025,2025-03-13,90.8,173.47,121.706,82.67
FR,2025,2025-03-14,91.37,155.0,115.908,63.63
FR,2025,2025-03-15,45.97,132.96,87.716,86.99
FR,2025,2025-03-16,9.94,140.0,73.351,130.06
FR,2025,2025-03-17,50.24,170.0,97.276,119.76
FR,2025,2025-03-18,5.19,150.79,76.01,145.6
FR,2025,2025-03-19,0.0,152.83,68.106,152.83
FR,2025,2025-03-20,0.43,101.87,44.846,101.44
FR,2025,2025-03-21,0.18,60.74,30.593,60.56
FR,2025,2025-03-22,4.65,85.17,29.653,80.52
FR,2025,2025-03-23,5.01,125.92,51.902,120.91
FR,2025,2025-03-24,61.64,179.1,102.673,117.46
FR,2025,2025-03-25,56.78,160.86,93.657,104.08
FR,2025,2025-03-26,72.06,153.43,98.57,81.37
FR,2025,2025-03-27,6.67,150.0,80.288,143.33
FR,2025,2025-03-28,8.02,122.2,61.544,114.18
FR,2025,2025-03-29,3.94,93.47,42.015,89.53
FR,2025,2025-03-30,-5.21,66.34,19.677,71.55
FR,2025,2025-03-31,-0.01,174.47,62.153,174.48
FR,2025,2025-04-01,-0.07,159.37,50.835,159.44
FR,2025,2025-04-02,-0.02,104.9,28.207,104.92
FR,2025,2025-04-03,-0.01,134.65,51.092,134.66
FR,2025,2025-04-04,-0.02,100.14,38.338,100.16
FR,2025,2025-04-05,-44.02,95.61,25.8,139.63
FR,2025,2025-04-06,-115.46,80.0,10.17,195.46
FR,2025,2025-04-07,0.0,159.86,66.43,159.86
FR,2025,2025-04-08,-0.01,136.77,58.304,136.78
FR,2025,2025-04-09,-0.04,98.21,33.63,98.25
FR,2025,2025-04-10,-0.01,72.07,28.822,72.08
FR,2025,2025-04-11,-1.67,112.46,37.88,114.13
FR,2025,2025-04-12,-6.26,53.52,25.112,59.78
FR,2025,2025-04-13,-25.38,60.55,19.151,85.93
FR,2025,2025-04-14,7.5,74.94,33.894,67.44
FR,2025,2025-04-15,-0.01,55.89,19.802,55.9
FR,2025,2025-04-16,9.6,120.13,57.975,110.53
FR,2025,2025-04-17,9.56,129.0,61.092,119.44
FR,2025,2025-04-18,-0.01,74.64,30.856,74.65
FR,2025,2025-04-19,-0.08,70.8,25.869,70.88
FR,2025,2025-04-20,-6.76,103.17,31.548,109.93
FR,2025,2025-04-21,6.56,134.09,54.152,127.53
FR,2025,2025-04-22,19.41,130.04,71.502,110.63
FR,2025,2025-04-23,35.75,116.7,67.85,80.95
FR,2025,2025-04-24,34.75,114.63,78.252,79.88
FR,2025,2025-04-25,0.0,120.33,65.318,120.33
FR,2025,2025-04-26,-3.0,89.02,37.442,92.02
FR,2025,2025-04-27,-57.54,100.7,34.07,158.24
FR,2025,2025-04-28,-6.18,131.09,45.905,137.27
FR,2025,2025-04-29,-1.9,95.0,29.423,96.9
FR,2025,2025-04-30,-6.21,117.01,42.85,123.22
FR,2025,2025-05-01,-118.01,79.12,8.263,197.13
FR,2025,2025-05-02,-4.0,67.05,17.652,71.05
FR,2025,2025-05-03,-3.04,63.8,18.655,66.84
FR,2025,2025-05-04,-5.01,35.0,11.588,40.01
FR,2025,2025-05-05,-0.01,35.0,11.798,35.01
FR,2025,2025-05-06,-0.01,65.12,14.044,65.13
FR,2025,2025-05-07,0.0,80.0,22.272,80.0
FR,2025,2025-05-08,-0.02,40.24,10.156,40.26
FR,2025,2025-05-09,-0.01,57.64,15.757,57.65
FR,2025,2025-05-10,-111.18,36.88,-2.293,148.06
FR,2025,2025-05-11,-109.84,35.01,-5.204,144.85
FR,2025,2025-05-12,-4.0,122.03,29.01,126.03
FR,2025,2025-05-13,-2.51,128.07,46.478,130.58
FR,2025,2025-05-14,-4.0,91.53,31.839,95.53
FR,2025,2025-05-15,-0.03,35.01,13.737,35.04
FR,2025,2025-05-16,-2.16,41.66,12.265,43.82
FR,2025,2025-05-17,-11.26,57.12,15.251,68.38
FR,2025,2025-05-18,-15.0,59.47,13.494,74.47
FR,2025,2025-05-19,5.0,64.12,24.539,59.12
FR,2025,2025-05-20,3.38,54.0,23.531,50.62
FR,2025,2025-05-21,2.01,80.02,32.818,78.01
FR,2025,2025-05-22,-0.02,60.79,19.683,60.81
FR,2025,2025-05-23,0.0,76.21,17.495,76.21
FR,2025,2025-05-24,-0.02,52.0,12.435,52.02
FR,2025,2025-05-25,-16.99,35.01,4.617,52.0
FR,2025,2025-05-26,-0.01,76.06,21.818,76.07
FR,2025,2025-05-27,0.0,111.16,29.925,111.16
FR,2025,2025-05-28,0.0,100.86,28.622,100.86
FR,2025,2025-05-29,-0.9,79.39,30.171,80.29
FR,2025,2025-05-30,-2.66,130.19,46.199,132.85
FR,2025,2025-05-31,-13.17,74.44,25.89,87.61
FR,2025,2025-06-01,-20.41,53.96,13.915,74.37
FR,2025,2025-06-02,0.68,95.69,35.767,95.01
FR,2025,2025-06-03,-8.71,90.01,17.266,98.72
FR,2025,2025-06-04,-0.01,55.92,19.036,55.93
FR,2025,2025-06-05,-2.2,34.63,7.232,36.83
FR,2025,2025-06-06,-1.67,119.03,23.712,120.7
FR,2025,2025-06-07,-0.02,31.5,13.33,31.52
FR,2025,2025-06-08,-50.0,64.35,3.494,114.35
FR,2025,2025-06-09,-16.01,60.99,15.832,77.0
FR,2025,2025-06-10,-0.01,71.92,28.226,71.93
FR,2025,2025-06-11,-2.08,84.01,27.491,86.09
FR,2025,2025-06-12,-21.03,116.1,31.328,137.13
FR,2025,2025-06-13,-1.02,105.47,50.612,106.49
FR,2025,2025-06-14,-23.48,105.88,26.743,129.36
FR,2025,2025-06-15,-5.6,61.7,15.997,67.3
FR,2025,2025-06-16,0.0,113.86,36.738,113.86
FR,2025,2025-06-17,-0.01,126.68,51.674,126.69
FR,2025,2025-06-18,-0.01,128.32,63.584,128.33
FR,2025,2025-06-19,-0.1,126.02,47.211,126.12
FR,2025,2025-06-20,0.02,142.18,73.656,142.16
FR,2025,2025-06-21,0.0,141.99,67.927,141.99
FR,2025,2025-06-22,-78.05,115.32,21.113,193.37
FR,2025,2025-06-23,-17.32,106.5,30.25,123.82
FR,2025,2025-06-24,-0.03,131.91,56.731,131.94
FR,2025,2025-06-25,5.79,143.33,80.167,137.54
FR,2025,2025-06-26,36.2,114.53,79.897,78.33
FR,2025,2025-06-27,19.7,134.94,83.228,115.24
FR,2025,2025-06-28,-0.02,117.48,45.821,117.5
FR,2025,2025-06-29,-0.09,118.07,57.99,118.16
FR,2025,2025-06-30,46.31,185.0,100.91,138.69
FR,2025,2025-07-01,65.53,235.0,118.259,169.47
FR,2025,2025-07-02,50.29,126.16,91.545,75.87
FR,2025,2025-07-03,34.82,118.8,82.083,83.98
FR,2025,2025-07-04,12.2,111.8,68.229,99.6
FR,2025,2025-07-05,-0.11,100.32,34.644,100.43
FR,2025,2025-07-06,0.65,71.44,28.403,70.79
FR,2025,2025-07-07,3.6,92.27,37.747,88.67
FR,2025,2025-07-08,0.0,101.59,37.75,101.59
FR,2025,2025-07-09,0.0,115.91,49.615,115.91
FR,2025,2025-07-10,11.9,111.0,65.075,99.1
FR,2025,2025-07-11,22.38,100.0,56.695,77.62
FR,2025,2025-07-12,0.0,117.17,56.816,117.17
FR,2025,2025-07-13,0.0,126.94,49.153,126.94
FR,2025,2025-07-14,18.21,117.84,52.257,99.63
FR,2025,2025-07-15,20.82,100.79,58.095,79.97
FR,2025,2025-07-16,28.81,122.84,67.675,94.03
FR,2025,2025-07-17,51.21,125.8,90.833,74.59
FR,2025,2025-07-18,71.2,119.39,91.871,48.19
FR,2025,2025-07-19,0.0,106.8,42.295,106.8
FR,2025,2025-07-20,-0.01,78.33,20.747,78.34
FR,2025,2025-07-21,0.0,81.13,26.582,81.13
FR,2025,2025-07-22,1.14,113.93,59.962,112.79
FR,2025,2025-07-23,44.88,112.0,83.834,67.12
FR,2025,2025-07-24,26.53,109.19,74.362,82.66
FR,2025,2025-07-25,16.2,105.0,70.586,88.8
FR,2025,2025-07-26,5.98,100.0,43.598,94.02
FR,2025,2025-07-27,8.85,88.64,37.358,79.79
FR,2025,2025-07-28,10.87,88.54,40.678,77.67
FR,2025,2025-07-29,3.78,103.27,42.874,99.49
FR,2025,2025-07-30,10.7,104.36,51.306,93.66
FR,2025,2025-07-31,23.5,114.45,65.915,90.95
FR,2025,2025-08-01,13.43,103.02,63.925,89.59
FR,2025,2025-08-02,0.0,99.64,41.735,99.64
FR,2025,2025-08-03,-10.08,97.4,30.535,107.48
FR,2025,2025-08-04,-0.07,78.83,41.063,78.9
FR,2025,2025-08-05,-24.02,88.22,16.574,112.24
FR,2025,2025-08-06,-1.02,117.02,50.842,118.04
FR,2025,2025-08-07,-0.07,115.42,52.903,115.49
FR,2025,2025-08-08,-0.02,104.07,54.687,104.09
FR,2025,2025-08-09,-7.75,86.33,37.595,94.08
FR,2025,2025-08-10,-50.29,98.01,29.694,148.3
FR,2025,2025-08-11,0.0,138.94,56.983,138.94
FR,2025,2025-08-12,3.0,154.93,80.067,151.93
FR,2025,2025-08-13,42.99,155.1,96.643,112.11
FR,2025,2025-08-14,40.91,142.01,89.011,101.1
FR,2025,2025-08-15,0.0,111.39,57.027,111.39
FR,2025,2025-08-16,-0.01,95.1,46.301,95.11
FR,2025,2025-08-17,0.0,108.6,41.142,108.6
FR,2025,2025-08-18,14.23,120.76,71.503,106.53
FR,2025,2025-08-19,29.14,98.05,70.714,68.91
FR,2025,2025-08-20,19.37,100.07,59.467,80.7
FR,2025,2025-08-21,3.52,83.26,35.742,79.74
FR,2025,2025-08-22,5.11,104.53,53.493,99.42
FR,2025,2025-08-23,0.65,118.85,63.641,118.2
FR,2025,2025-08-24,-7.45,114.99,56.842,122.44
FR,2025,2025-08-25,5.93,126.28,75.897,120.35
FR,2025,2025-08-26,26.28,123.46,77.178,97.18
FR,2025,2025-08-27,49.85,114.32,87.493,64.47
FR,2025,2025-08-28,0.01,97.08,56.653,97.07
FR,2025,2025-08-29,0.0,94.39,34.715,94.39
FR,2025,2025-08-30,-0.01,81.51,31.74,81.52
FR,2025,2025-08-31,-0.95,73.88,19.92,74.83
FR,2025,2025-09-01,0.0,84.74,34.153,84.74
FR,2025,2025-09-02,0.21,84.0,26.536,83.79
FR,2025,2025-09-03,-0.02,70.23,18.55,70.25
FR,2025,2025-09-04,1.55,102.5,34.604,100.95
FR,2025,2025-09-05,6.62,107.1,56.809,100.48
FR,2025,2025-09-06,-0.99,42.0,15.422,42.99
FR,2025,2025-09-07,-53.4,95.09,18.664,148.49
FR,2025,2025-09-08,27.34,108.36,63.724,81.02
FR,2025,2025-09-09,4.99,111.37,49.019,106.38
FR,2025,2025-09-10,-0.01,51.17,14.363,51.18
FR,2025,2025-09-11,-0.01,37.08,9.033,37.09
FR,2025,2025-09-12,0.0,66.34,18.964,66.34
FR,2025,2025-09-13,-0.01,45.73,11.745,45.74
FR,2025,2025-09-14,-0.01,23.58,12.242,23.59
FR,2025,2025-09-15,-0.06,28.19,3.734,28.25
FR,2025,2025-09-16,-0.01,117.0,32.019,117.01
FR,2025,2025-09-17,0.09,123.55,56.005,123.46
FR,2025,2025-09-18,0.0,127.5,54.912,127.5
FR,2025,2025-09-19,0.0,108.14,48.391,108.14
FR,2025,2025-09-20,0.0,68.65,19.962,68.65
FR,2025,2025-09-21,0.89,69.96,16.559,69.07
FR,2025,2025-09-22,-0.01,62.03,12.599,62.04
FR,2025,2025-09-23,-0.01,58.0,13.447,58.01
FR,2025,2025-09-24,0.0,100.61,36.487,100.61
FR,2025,2025-09-25,20.1,121.79,64.162,101.69
FR,2025,2025-09-26,48.35,123.6,86.744,75.25
FR,2025,2025-09-27,10.42,98.41,53.086,87.99
FR,2025,2025-09-28,8.53,74.14,45.537,65.61
FR,2025,2025-09-29,21.99,133.26,59.811,111.27
FR,2025,2025-09-30,7.43,120.0,61.235,112.57
FR,2025,2025-10-01,14.022,125.058,62.948,111.035
FR,2025,2025-10-02,16.408,122.97,54.624,106.562
FR,2025,2025-10-03,4.92,103.278,44.431,98.358
FR,2025,2025-10-04,-0.015,19.99,4.21,20.005
FR,2025,2025-10-05,-2.452,52.425,11.11,54.878
FR,2025,2025-10-06,15.735,143.408,75.262,127.672
FR,2025,2025-10-07,37.34,154.522,89.183,117.182
FR,2025,2025-10-08,64.575,155.142,95.09,90.567
FR,2025,2025-10-09,41.3,124.798,83.507,83.498
FR,2025,2025-10-10,33.225,121.478,83.463,88.252
FR,2025,2025-10-11,9.872,106.6,67.921,96.727
FR,2025,2025-10-12,1.718,110.18,58.636,108.462
FR,2025,2025-10-13,23.19,132.078,80.655,108.887
FR,2025,2025-10-14,61.718,145.16,93.985,83.442
FR,2025,2025-10-15,45.72,156.522,89.238,110.803
FR,2025,2025-10-16,55.198,142.325,87.076,87.128
FR,2025,2025-10-17,45.0,140.252,92.515,95.252
FR,2025,2025-10-18,20.0,117.972,74.654,97.972
FR,2025,2025-10-19,7.672,72.135,29.008,64.463
FR,2025,2025-10-20,0.282,92.845,32.483,92.562
FR,2025,2025-10-21,11.048,118.742,58.508,107.695
FR,2025,2025-10-22,1.458,136.335,64.591,134.878
FR,2025,2025-10-23,-0.008,45.808,11.208,45.815
FR,2025,2025-10-24,3.502,96.955,36.83,93.452
FR,2025,2025-10-25,4.075,74.712,17.876,70.638
FR,2025,2025-10-26,1.67,66.66,15.85,64.99
FR,2025,2025-10-27,2.172,129.065,49.486,126.892
FR,2025,2025-10-28,13.358,116.355,56.651,102.997
FR,2025,2025-10-29,25.64,129.928,81.969,104.288
FR,2025,2025-10-30,16.58,118.41,52.962,101.83
FR,2025,2025-10-31,11.55,37.442,22.353,25.893
FR,2025,2025-11-01,8.948,82.398,27.053,73.45
FR,2025,2025-11-02,7.768,77.062,26.337,69.295
FR,2025,2025-11-03,6.5,95.092,44.467,88.592
FR,2025,2025-11-04,3.52,66.725,21.322,63.205
FR,2025,2025-11-05,1.095,48.692,21.687,47.598
FR,2025,2025-11-06,7.858,125.428,63.907,117.57
FR,2025,2025-11-07,33.755,107.57,66.971,73.815
FR,2025,2025-11-08,35.712,88.838,56.106,53.125
FR,2025,2025-11-09,15.295,102.72,59.336,87.425
FR,2025,2025-11-10,25.365,86.73,48.988,61.365
FR,2025,2025-11-11,5.635,50.105,22.351,44.47
FR,2025,2025-11-12,0.002,52.36,21.057,52.358
FR,2025,2025-11-13,10.628,53.96,31.388,43.332
FR,2025,2025-11-14,5.315,57.702,26.149,52.388
FR,2025,2025-11-15,16.495,65.052,31.793,48.557
FR,2025,2025-11-16,12.488,81.012,37.264,68.525
FR,2025,2025-11-17,11.84,112.818,65.069,100.977
FR,2025,2025-11-18,60.345,131.675,88.104,71.33
FR,2025,2025-11-19,57.41,119.918,87.72,62.508
FR,2025,2025-11-20,72.415,156.998,102.075,84.582
FR,2025,2025-11-21,78.0,194.09,113.127,116.09
FR,2025,2025-11-22,68.288,102.83,85.784,34.543
FR,2025,2025-11-23,59.005,88.99,69.295,29.985
FR,2025,2025-11-24,35.452,106.41,77.419,70.958
FR,2025,2025-11-25,16.705,104.135,70.995,87.43
FR,2025,2025-11-26,61.99,180.0,96.768,118.01
FR,2025,2025-11-27,62.1,107.71,82.814,45.61
FR,2025,2025-11-28,49.57,103.365,78.927,53.795
FR,2025,2025-11-29,44.395,93.102,73.595,48.708
FR,2025,2025-11-30,61.825,106.808,78.482,44.982
FR,2025,2025-12-01,47.398,105.008,77.099,57.61
FR,2025,2025-12-02,41.038,126.315,84.207,85.278
FR,2025,2025-12-03,61.075,135.43,88.925,74.355
FR,2025,2025-12-04,35.7,120.078,76.863,84.378
FR,2025,2025-12-05,33.768,125.102,78.189,91.335
FR,2025,2025-12-06,12.698,55.23,25.142,42.532
FR,2025,2025-12-07,6.592,35.48,19.524,28.888
FR,2025,2025-12-08,12.825,80.668,35.418,67.842
FR,2025,2025-12-09,3.108,68.645,28.768,65.538
FR,2025,2025-12-10,11.997,105.91,68.928,93.912
FR,2025,2025-12-11,52.0,105.12,80.23,53.12
FR,2025,2025-12-12,51.862,112.978,84.089,61.115
FR,2025,2025-12-13,59.31,99.41,75.869,40.1
FR,2025,2025-12-14,51.552,92.778,68.893,41.225
FR,2025,2025-12-15,17.292,102.7,74.41,85.408
FR,2025,2025-12-16,65.702,132.915,91.968,67.212
FR,2025,2025-12-17,39.955,110.722,83.201,70.768
FR,2025,2025-12-18,0.0,77.57,33.234,77.57
FR,2025,2025-12-19,10.588,104.798,70.474,94.21
FR,2025,2025-12-20,49.782,83.505,68.69,33.722
FR,2025,2025-12-21,36.765,82.335,60.937,45.57
FR,2025,2025-12-22,24.98,101.572,74.307,76.592
FR,2025,2025-12-23,56.652,88.765,75.819,32.112
FR,2025,2025-12-24,11.0,63.905,36.274,52.905
FR,2025,2025-12-25,10.622,97.1,50.097,86.477
FR,2025,2025-12-26,72.31,99.17,87.169,26.86
FR,2025,2025-12-27,68.945,98.4,80.196,29.455
FR,2025,2025-12-28,66.232,105.208,84.269,38.975
FR,2025,2025-12-29,78.298,113.878,93.96,35.58
FR,2025,2025-12-30,69.885,105.765,84.779,35.88
FR,2025,2025-12-31,74.932,112.02,88.527,37.087
FR,2026,2026-01-01,20.68,82.328,46.667,61.648
FR,2026,2026-01-02,17.308,103.602,70.272,86.295
FR,2026,2026-01-03,73.94,110.908,89.348,36.968
FR,2026,2026-01-04,82.558,121.18,94.207,38.622
FR,2026,2026-01-05,86.312,213.585,128.719,127.273
FR,2026,2026-01-06,95.585,168.82,127.021,73.235
FR,2026,2026-01-07,81.96,134.94,104.888,52.98
FR,2026,2026-01-08,62.265,189.002,107.223,126.738
FR,2026,2026-01-09,20.0,95.012,71.152,75.012
FR,2026,2026-01-10,54.272,126.262,81.309,71.99
FR,2026,2026-01-11,75.142,103.14,87.058,27.998
FR,2026,2026-01-12,60.128,116.488,86.739,56.36
FR,2026,2026-01-13,74.658,114.19,90.643,39.532
FR,2026,2026-01-14,87.968,166.0,112.604,78.032
FR,2026,2026-01-15,80.935,116.658,96.879,35.722
FR,2026,2026-01-16,71.995,156.885,113.744,84.89
FR,2026,2026-01-17,95.188,142.848,112.975,47.66
FR,2026,2026-01-18,96.855,143.13,110.045,46.275
FR,2026,2026-01-19,100.135,193.97,134.451,93.835
FR,2026,2026-01-20,83.828,127.252,100.948,43.425
FR,2026,2026-01-21,41.058,120.655,85.816,79.598
FR,2026,2026-01-22,30.638,127.855,90.736,97.218
FR,2026,2026-01-23,61.27,126.392,103.038,65.122
FR,2026,2026-01-24,89.708,130.938,104.134,41.23
FR,2026,2026-01-25,67.385,132.575,100.26,65.19
FR,2026,2026-01-26,89.2,165.258,115.982,76.057
FR,2026,2026-01-27,9.578,139.255,95.063,129.678
FR,2026,2026-01-28,93.3,171.158,126.657,77.858
FR,2026,2026-01-29,92.488,159.888,117.43,67.4
FR,2026,2026-01-30,84.435,124.098,103.469,39.662
FR,2026,2026-01-31,94.245,141.288,112.078,47.042
FR,2026,2026-02-01,96.312,139.068,109.699,42.755
FR,2026,2026-02-02,72.25,140.175,108.757,67.925
FR,2026,2026-02-03,32.345,125.985,87.358,93.64
FR,2026,2026-02-04,58.772,127.058,87.675,68.285
FR,2026,2026-02-05,10.4,101.248,71.014,90.848
FR,2026,2026-02-06,13.555,113.378,69.599,99.822
FR,2026,2026-02-07,13.485,105.598,62.918,92.112
FR,2026,2026-02-08,45.648,126.905,76.276,81.258
FR,2026,2026-02-09,38.902,140.06,81.831,101.158
FR,2026,2026-02-10,12.245,106.862,54.498,94.617
FR,2026,2026-02-11,-0.01,54.582,13.818,54.592
FR,2026,2026-02-12,-0.002,48.352,16.904,48.355
FR,2026,2026-02-13,6.127,118.568,58.711,112.44
FR,2026,2026-02-14,0.765,125.635,35.519,124.87
FR,2026,2026-02-15,0.008,55.82,12.557,55.812
FR,2026,2026-02-16,-0.012,59.798,12.575,59.81
FR,2026,2026-02-17,0.12,129.868,47.278,129.748
FR,2026,2026-02-18,0.105,72.048,28.024,71.942
FR,2026,2026-02-19,0.0,112.638,38.1,112.638
FR,2026,2026-02-20,14.823,117.018,47.093,102.195
FR,2026,2026-02-21,-0.01,84.93,15.822,84.94
FR,2026,2026-02-22,-0.018,56.388,9.96,56.405
FR,2026,2026-02-23,0.0,113.832,28.31,113.832
FR,2026,2026-02-24,5.738,98.152,31.091,92.415
FR,2026,2026-02-25,-0.003,104.44,27.376,104.442
FR,2026,2026-02-26,-0.003,84.52,21.929,84.522
FR,2026,2026-02-27,-0.008,55.65,13.009,55.658
FR,2026,2026-02-28,-0.02,80.0,17.696,80.02
FR,2026,2026-03-01,-0.788,51.31,17.624,52.098
FR,2026,2026-03-02,0.0,118.912,30.517,118.912
FR,2026,2026-03-03,3.812,158.625,60.107,154.812
FR,2026,2026-03-04,5.995,199.293,76.342,193.298
FR,2026,2026-03-05,2.93,158.492,81.883,155.562
FR,2026,2026-03-06,40.285,127.245,72.976,86.96
FR,2026,2026-03-07,1.8,134.46,63.354,132.66
FR,2026,2026-03-08,0.02,154.052,77.445,154.032
FR,2026,2026-03-09,80.275,218.06,121.684,137.785
FR,2026,2026-03-10,14.935,194.672,119.814,179.738
FR,2026,2026-03-11,0.0,158.55,57.089,158.55
FR,2026,2026-03-12,-0.01,113.335,47.984,113.345
FR,2026,2026-03-13,0.638,157.858,46.011,157.22
FR,2026,2026-03-14,64.588,169.835,110.42,105.247
FR,2026,2026-03-15,0.08,135.185,58.493,135.105
FR,2026,2026-03-16,4.228,179.925,66.916,175.698
FR,2026,2026-03-17,-0.01,163.422,68.694,163.432
FR,2026,2026-03-18,-0.398,66.06,25.606,66.458
FR,2026,2026-03-19,-0.01,100.532,32.207,100.542
FR,2026,2026-03-20,1.37,132.725,54.863,131.355
FR,2026,2026-03-21,0.862,93.03,41.206,92.168
FR,2026,2026-03-22,-3.53,126.48,40.706,130.01
FR,2026,2026-03-23,0.262,214.65,87.145,214.388
FR,2026,2026-03-24,-0.005,127.718,47.538,127.722
FR,2026,2026-03-25,-0.012,82.848,18.844,82.86
FR,2026,2026-03-26,0.0,165.14,72.871,165.14
FR,2026,2026-03-27,50.99,176.025,113.969,125.035
FR,2026,2026-03-28,1.83,154.07,62.828,152.24
FR,2026,2026-03-29,0.325,115.038,45.142,114.712
FR,2026,2026-03-30,2.412,133.705,54.097,131.292
FR,2026,2026-03-31,54.765,171.1,111.804,116.335
FR,2026,2026-04-01,94.342,199.978,133.838,105.635
FR,2026,2026-04-02,61.112,160.008,110.229,98.895
FR,2026,2026-04-03,3.115,136.592,67.159,133.478
FR,2026,2026-04-04,-1.0,40.452,17.89,41.452
FR,2026,2026-04-05,-82.33,75.908,-0.234,158.238
FR,2026,2026-04-06,-108.682,45.008,2.454,153.69
FR,2026,2026-04-07,-10.845,118.14,38.913,128.985
FR,2026,2026-04-08,-29.832,136.34,56.634,166.172
FR,2026,2026-04-09,-7.727,129.697,45.572,137.425
FR,2026,2026-04-10,0.002,104.85,41.695,104.848
FR,2026,2026-04-11,-33.707,34.642,8.735,68.35
FR,2026,2026-04-12,1.258,136.733,48.911,135.475
FR,2026,2026-04-13,62.142,164.37,118.163,102.228
FR,2026,2026-04-14,0.002,165.078,89.016,165.075
FR,2026,2026-04-15,-0.005,134.6,69.847,134.605
FR,2026,2026-04-16,0.0,132.402,75.418,132.402
FR,2026,2026-04-17,0.0,123.005,70.111,123.005
FR,2026,2026-04-18,-2.078,84.978,44.654,87.055
FR,2026,2026-04-19,-4.278,74.72,22.262,78.998
FR,2026,2026-04-20,0.0,78.008,20.721,78.008
FR,2026,2026-04-21,-0.108,63.45,16.278,63.558
FR,2026,2026-04-22,-17.46,66.31,14.666,83.77
FR,2026,2026-04-23,-48.97,82.712,17.806,131.682
FR,2026,2026-04-24,-29.812,66.8,26.173,96.612
FR,2026,2026-04-25,-188.982,75.538,-0.598,264.52
FR,2026,2026-04-26,-412.55,95.078,-39.965,507.628
FR,2026,2026-04-27,-0.83,99.908,37.159,100.738
FR,2026,2026-04-28,-21.502,70.0,16.572,91.502
FR,2026,2026-04-29,-48.632,35.982,2.887,84.615
FR,2026,2026-04-30,-30.61,53.183,13.758,83.792
FR,2026,2026-05-01,-496.862,103.89,-37.796,600.752
FR,2026,2026-05-02,-114.98,90.852,23.691,205.832
FR,2026,2026-05-03,-2.627,114.822,36.193,117.45
FR,2026,2026-05-04,72.0,141.59,110.981,69.59
FR,2026,2026-05-05,30.005,136.998,92.6,106.992
FR,2026,2026-05-06,79.12,154.745,114.163,75.625
FR,2026,2026-05-07,37.415,147.26,97.411,109.845
FR,2026,2026-05-08,0.0,102.238,47.208,102.238
FR,2026,2026-05-09,-0.095,68.885,27.933,68.98
FR,2026,2026-05-10,-0.558,86.215,20.334,86.773
FR,2026,2026-05-11,0.128,122.245,42.551,122.118
FR,2026,2026-05-12,0.26,123.47,68.203,123.21
FR,2026,2026-05-13,-0.07,81.602,29.799,81.672
FR,2026,2026-05-14,-0.008,98.67,29.665,98.678
FR,2026,2026-05-15,-0.002,98.178,44.008,98.18
FR,2026,2026-05-16,-0.105,111.44,48.767,111.545
FR,2026,2026-05-17,0.0,119.005,50.505,119.005
FR,2026,2026-05-18,25.885,129.085,78.908,103.2
FR,2026,2026-05-19,0.0,91.392,43.995,91.392
FR,2026,2026-05-20,-0.01,132.065,48.831,132.075
FR,2026,2026-05-21,-0.01,123.198,60.394,123.208
FR,2026,2026-05-22,-0.01,120.005,58.753,120.015
FR,2026,2026-05-23,-31.55,103.532,31.145,135.082
FR,2026,2026-05-24,-75.37,89.798,16.051,165.168
FR,2026,2026-05-25,-15.89,108.652,34.757,124.542
FR,2026,2026-05-26,-0.17,151.207,69.888,151.377
FR,2026,2026-05-27,-0.008,142.603,74.703,142.61
FR,2026,2026-05-28,0.005,159.6,83.518,159.595
FR,2026,2026-05-29,0.198,152.448,83.85,152.25
FR,2026,2026-05-30,-0.105,114.49,58.05,114.595
FR,2026,2026-05-31,-0.01,101.652,30.544,101.663
FR,2026,2026-06-01,1.272,145.28,56.659,144.008
FR,2026,2026-06-02,-0.082,64.908,17.79,64.99
FR,2026,2026-06-03,-0.1,24.505,8.694,24.605
FR,2026,2026-06-04,-0.015,46.088,9.054,46.102
FR,2026,2026-06-05,0.0,128.342,35.912,128.342
FR,2026,2026-06-06,-0.11,56.625,13.07,56.735
FR,2026,2026-06-07,-44.658,114.865,16.939,159.522
FR,2026,2026-06-08,0.002,79.93,27.469,79.928
FR,2026,2026-06-09,-0.025,117.678,35.23,117.703
FR,2026,2026-06-10,-0.11,81.5,29.0,81.61
FR,2026,2026-06-11,-0.01,48.158,12.271,48.168
FR,2026,2026-06-12,-0.05,109.792,29.346,109.842
FR,2026,2026-06-13,-45.868,111.158,23.103,157.025
FR,2026,2026-06-14,-24.865,118.945,30.783,143.81
FR,2026,2026-06-15,0.42,155.9,77.436,155.48
FR,2026,2026-06-16,22.708,153.23,96.448,130.523
FR,2026,2026-06-17,8.85,151.49,97.396,142.64
FR,2026,2026-06-18,18.29,138.9,94.052,120.61
FR,2026,2026-06-19,6.705,148.468,83.841,141.762
FR,2026,2026-06-20,-0.018,129.077,72.51,129.095
FR,2026,2026-06-21,-0.01,139.288,61.623,139.297
FR,2026,2026-06-22,32.36,183.495,108.311,151.135
FR,2026,2026-06-23,72.07,268.665,137.519,196.595
FR,2026,2026-06-24,95.725,313.355,157.31,217.63
FR,2026,2026-06-25,51.79,195.005,113.954,143.215
FR,2026,2026-06-26,64.482,246.725,127.994,182.242
FR,2026,2026-06-27,0.052,152.298,87.671,152.245
FR,2026,2026-06-28,0.0,134.098,77.691,134.098
FR,2026,2026-06-29,82.028,196.895,124.666,114.868
FR,2026,2026-06-30,70.08,200.7,123.504,130.62
FR,2026,2026-07-01,11.188,139.502,95.235,128.315
FR,2026,2026-07-02,-0.01,131.025,57.473,131.035
FR,2026,2026-07-03,-0.108,133.01,65.601,133.117
FR,2026,2026-07-04,-8.65,125.892,45.474,134.542
FR,2026,2026-07-05,-1.047,128.05,38.03,129.098
FR,2026,2026-07-06,3.852,153.83,85.386,149.978
FR,2026,2026-07-07,-0.01,135.075,72.746,135.085
FR,2026,2026-07-08,0.562,159.238,94.527,158.675
FR,2026,2026-07-09,23.76,174.43,111.062,150.67
FR,2026,2026-07-10,37.36,168.0,119.335,130.64
FR,2026,2026-07-11,-0.01,155.342,90.273,155.352
FR,2026,2026-07-12,-1.112,144.93,74.43,146.043
FR,2026,2026-07-13,50.978,164.735,114.734,113.758
FR,2026,2026-07-14,61.915,173.293,121.039,111.378
FR,2026,2026-07-15,90.982,194.538,138.719,103.555
FR,2026,2026-07-16,95.355,230.032,152.999,134.678
FR,2026,2026-07-17,98.2,168.65,139.468,70.45
FR,2026,2026-07-18,-0.01,154.292,83.066,154.302
FR,2026,2026-07-19,-3.462,150.215,60.895,153.678
FR,2026,2026-07-20,-0.01,178.76,99.62,178.77
FR,2026,2026-07-21,0.0,170.612,102.873,170.612
FR,2026,2026-07-22,0.0,165.052,102.424,165.052
FR,2026,2026-07-23,0.0,190.0,113.411,190.0
FR,2026,2026-07-24,0.0,188.278,112.435,188.278
FR,2026,2026-07-25,-9.748,165.575,82.561,175.322
FR,2026,2026-07-26,-0.855,144.5,41.129,145.355
FR,2026,2026-07-27,-0.01,175.752,74.53,175.762
FR,2026,2026-07-28,-0.01,209.928,102.35,209.938
FR,2026,2026-07-29,0.0,220.02,115.703,220.02
FR,2026,2026-07-30,6.132,190.298,115.611,184.165
FR,2026,2026-07-31,69.932,176.012,132.216,106.08
FR,2026,2026-08-01,0.0,182.362,102.444,182.362
FR,2026,2026-08-02,-2.538,183.882,97.712,186.42
FR,2026,2026-08-03,47.24,187.27,133.068,140.03
FR,2026,2026-08-04,76.465,183.268,134.497,106.803
FR,2026,2026-08-05,0.0,164.147,98.334,164.147
FR,2026,2026-08-06,1.83,178.242,96.955,176.412
FR,2026,2026-08-07,7.485,169.515,106.758,162.03
FR,2026,2026-08-08,-6.67,178.605,93.52,185.275
FR,2026,2026-08-09,-0.105,174.132,90.971,174.237
FR,2026,2026-08-10,30.06,188.24,126.313,158.18
FR,2026,2026-08-11,11.933,189.0,115.616,177.068
FR,2026,2026-08-12,16.368,300.0,141.06,283.632
FR,2026,2026-08-13,34.785,338.862,155.351,304.078
FR,2026,2026-08-14,33.415,249.998,146.328,216.582
FR,2026,2026-08-15,8.35,184.99,122.731,176.64
FR,2026,2026-08-16,27.338,206.535,139.317,179.198
FR,2026,2026-08-17,141.282,213.78,175.785,72.498
FR,2026,2026-08-18,130.08,201.342,162.246,71.263
FR,2026,2026-08-19,123.802,209.642,165.816,85.84
FR,2026,2026-08-20,72.275,195.618,142.939,123.342
FR,2026,2026-08-21,55.358,198.67,152.797,143.312
FR,2026,2026-08-22,-0.01,172.57,98.194,172.58
FR,2026,2026-08-23,-3.93,164.442,76.409,168.372
FR,2026,2026-08-24,0.92,189.332,106.862,188.412
FR,2026,2026-08-25,114.762,209.68,154.707,94.918
FR,2026,2026-08-26,119.06,212.322,158.867,93.262
FR,2026,2026-08-27,107.082,207.465,157.944,100.383
FR,2026,2026-08-28,34.59,180.822,130.878,146.232
FR,2026,2026-08-29,-0.095,137.998,64.308,138.092
FR,2026,2026-08-30,-1.012,193.862,74.592,194.875
FR,2026,2026-08-31,-0.01,193.515,84.231,193.525
FR,2026,2026-09-01,34.352,233.285,149.28,198.932
FR,2026,2026-09-02,78.532,237.835,163.977,159.302
FR,2026,2026-09-03,31.635,218.968,135.951,187.332
FR,2026,2026-09-04,2.942,175.53,106.086,172.588
FR,2026,2026-09-05,-0.008,185.388,84.531,185.395
FR,2026,2026-09-06,-0.092,160.362,74.435,160.455
GB,2019,2019-01-01,25.471,73.301,50.868,47.83
GB,2019,2019-01-02,48.805,123.119,72.406,74.314
GB,2019,2019-01-03,57.379,115.477,76.997,58.099
GB,2019,2019-01-04,55.18,78.822,65.668,23.642
GB,2019,2019-01-05,57.936,98.213,71.553,40.278
GB,2019,2019-01-06,56.791,108.792,74.971,52.001
GB,2019,2019-01-07,46.807,65.888,58.936,19.082
GB,2019,2019-01-08,48.472,85.628,64.347,37.156
GB,2019,2019-01-09,,,,
GB,2019,2019-01-10,,,,
GB,2019,2019-01-11,,,,
GB,2019,2019-01-12,,,,
GB,2019,2019-01-13,19.175,74.232,50.46,55.057
GB,2019,2019-01-14,51.046,99.263,68.73,48.217
GB,2019,2019-01-15,51.873,86.105,65.184,34.232
GB,2019,2019-01-16,51.846,85.269,64.552,33.424
GB,2019,2019-01-17,54.09,73.482,63.139,19.392
GB,2019,2019-01-18,56.443,71.977,64.486,15.535
GB,2019,2019-01-19,60.153,105.498,74.727,45.345
GB,2019,2019-01-20,58.86,83.143,68.13,24.284
GB,2019,2019-01-21,58.792,92.228,69.284,33.436
GB,2019,2019-01-22,55.358,85.097,70.878,29.739
GB,2019,2019-01-23,64.365,169.682,98.48,105.317
GB,2019,2019-01-24,59.379,138.508,98.974,79.13
GB,2019,2019-01-25,54.181,74.226,63.172,20.045
GB,2019,2019-01-26,49.399,82.767,60.777,33.368
GB,2019,2019-01-27,14.466,83.38,52.348,68.913
GB,2019,2019-01-28,55.537,90.26,66.151,34.723
GB,2019,2019-01-29,54.551,76.053,67.52,21.502
GB,2019,2019-01-30,55.65,93.73,68.169,38.081
GB,2019,2019-01-31,53.398,77.011,66.506,23.613
GB,2019,2019-02-01,54.097,84.283,67.792,30.186
GB,2019,2019-02-02,48.26,83.862,60.9,35.602
GB,2019,2019-02-03,50.576,75.346,57.706,24.77
GB,2019,2019-02-04,47.121,74.004,60.32,26.882
GB,2019,2019-02-05,51.337,75.698,59.822,24.361
GB,2019,2019-02-06,48.031,76.636,57.294,28.605
GB,2019,2019-02-07,47.083,75.476,57.681,28.393
GB,2019,2019-02-08,46.228,67.871,56.927,21.642
GB,2019,2019-02-09,32.769,82.575,54.67,49.806
GB,2019,2019-02-10,45.765,71.865,62.522,26.1
GB,2019,2019-02-11,45.106,93.637,65.372,48.531
GB,2019,2019-02-12,43.281,70.139,55.228,26.857
GB,2019,2019-02-13,45.195,70.917,53.733,25.722
GB,2019,2019-02-14,44.539,81.017,57.995,36.477
GB,2019,2019-02-15,45.754,74.257,54.945,28.503
GB,2019,2019-02-16,43.389,72.454,52.045,29.066
GB,2019,2019-02-17,46.538,72.125,53.814,25.586
GB,2019,2019-02-18,41.806,69.225,51.014,27.42
GB,2019,2019-02-19,43.201,73.453,52.526,30.252
GB,2019,2019-02-20,42.527,69.739,52.715,27.213
GB,2019,2019-02-21,48.638,77.415,55.52,28.777
GB,2019,2019-02-22,44.486,64.495,51.566,20.008
GB,2019,2019-02-23,41.461,64.288,52.034,22.828
GB,2019,2019-02-24,41.3,69.755,50.913,28.454
GB,2019,2019-02-25,43.459,76.26,53.665,32.8
GB,2019,2019-02-26,44.198,88.327,52.487,44.129
GB,2019,2019-02-27,45.876,83.605,54.744,37.73
GB,2019,2019-02-28,46.438,80.958,54.313,34.52
GB,2019,2019-03-01,46.046,76.936,58.03,30.889
GB,2019,2019-03-02,41.783,82.897,55.275,41.114
GB,2019,2019-03-03,21.45,78.913,48.896,57.463
GB,2019,2019-03-04,40.6,81.498,54.727,40.898
GB,2019,2019-03-05,45.091,82.187,57.641,37.096
GB,2019,2019-03-06,36.373,74.846,53.838,38.473
GB,2019,2019-03-07,41.418,71.513,50.31,30.094
GB,2019,2019-03-08,40.987,83.936,54.583,42.949
GB,2019,2019-03-09,24.504,65.345,45.467,40.842
GB,2019,2019-03-10,40.888,65.386,55.871,24.498
GB,2019,2019-03-11,39.054,75.336,53.703,36.282
GB,2019,2019-03-12,25.248,66.504,47.664,41.256
GB,2019,2019-03-13,31.288,73.731,53.164,42.443
GB,2019,2019-03-14,34.953,74.623,55.526,39.67
GB,2019,2019-03-15,18.732,72.417,45.898,53.685
GB,2019,2019-03-16,39.226,69.73,50.674,30.504
GB,2019,2019-03-17,36.58,70.163,49.648,33.583
GB,2019,2019-03-18,45.576,92.651,60.088,47.076
GB,2019,2019-03-19,42.59,61.468,47.094,18.878
GB,2019,2019-03-20,37.575,68.875,50.674,31.299
GB,2019,2019-03-21,40.358,81.598,54.876,41.241
GB,2019,2019-03-22,38.939,67.377,48.956,28.438
GB,2019,2019-03-23,41.274,74.729,49.385,33.456
GB,2019,2019-03-24,23.763,53.982,38.155,30.219
GB,2019,2019-03-25,31.487,63.441,44.269,31.954
GB,2019,2019-03-26,38.087,63.477,45.789,25.39
GB,2019,2019-03-27,40.414,65.773,49.944,25.359
GB,2019,2019-03-28,41.167,76.559,50.242,35.392
GB,2019,2019-03-29,41.39,69.341,49.124,27.951
GB,2019,2019-03-30,40.242,63.317,48.783,23.075
GB,2019,2019-03-31,36.526,54.486,44.863,17.96
GB,2019,2019-04-01,37.294,60.088,45.913,22.794
GB,2019,2019-04-02,37.779,56.959,44.79,19.18
GB,2019,2019-04-03,37.961,71.337,53.025,33.376
GB,2019,2019-04-04,38.745,67.884,49.452,29.139
GB,2019,2019-04-05,37.888,68.392,50.579,30.505
GB,2019,2019-04-06,42.705,76.933,59.47,34.228
GB,2019,2019-04-07,46.365,71.458,57.378,25.094
GB,2019,2019-04-08,44.063,75.989,56.075,31.926
GB,2019,2019-04-09,43.65,56.802,50.855,13.152
GB,2019,2019-04-10,44.341,75.206,54.598,30.866
GB,2019,2019-04-11,42.487,58.496,48.265,16.009
GB,2019,2019-04-12,44.165,65.854,50.705,21.688
GB,2019,2019-04-13,44.084,59.955,49.82,15.871
GB,2019,2019-04-14,39.871,59.294,47.638,19.423
GB,2019,2019-04-15,36.672,57.83,46.755,21.158
GB,2019,2019-04-16,41.504,70.865,56.732,29.361
GB,2019,2019-04-17,43.092,72.31,54.496,29.217
GB,2019,2019-04-18,41.095,75.437,54.976,34.341
GB,2019,2019-04-19,39.522,70.614,51.893,31.092
GB,2019,2019-04-20,38.985,73.904,50.438,34.92
GB,2019,2019-04-21,29.606,57.679,43.504,28.073
GB,2019,2019-04-22,26.882,63.161,43.963,36.278
GB,2019,2019-04-23,34.297,59.121,44.513,24.824
GB,2019,2019-04-24,40.846,64.966,52.802,24.12
GB,2019,2019-04-25,41.193,64.852,49.191,23.659
GB,2019,2019-04-26,19.029,47.052,39.873,28.023
GB,2019,2019-04-27,11.055,60.476,43.467,49.421
GB,2019,2019-04-28,38.111,70.61,54.443,32.499
GB,2019,2019-04-29,38.557,64.686,46.424,26.129
GB,2019,2019-04-30,37.74,69.515,50.974,31.775
GB,2019,2019-05-01,39.839,66.946,50.077,27.108
GB,2019,2019-05-02,39.887,63.79,51.072,23.903
GB,2019,2019-05-03,43.032,78.574,54.618,35.542
GB,2019,2019-05-04,33.59,59.288,42.895,25.698
GB,2019,2019-05-05,42.006,55.231,49.479,13.225
GB,2019,2019-05-06,32.83,63.654,48.765,30.824
GB,2019,2019-05-07,39.961,80.483,56.121,40.522
GB,2019,2019-05-08,39.677,67.478,54.296,27.801
GB,2019,2019-05-09,40.85,110.95,67.848,70.1
GB,2019,2019-05-10,49.507,67.878,57.484,18.371
GB,2019,2019-05-11,35.101,60.301,49.795,25.2
GB,2019,2019-05-12,38.98,57.13,45.193,18.151
GB,2019,2019-05-13,35.831,66.369,46.641,30.539
GB,2019,2019-05-14,34.524,60.33,41.519,25.806
GB,2019,2019-05-15,36.322,52.338,42.76,16.016
GB,2019,2019-05-16,35.289,47.048,38.72,11.759
GB,2019,2019-05-17,32.371,62.561,46.035,30.19
GB,2019,2019-05-18,37.411,72.573,49.478,35.162
GB,2019,2019-05-19,37.611,59.49,47.239,21.879
GB,2019,2019-05-20,41.76,68.403,52.119,26.643
GB,2019,2019-05-21,42.216,60.301,47.976,18.086
GB,2019,2019-05-22,34.929,64.176,43.847,29.248
GB,2019,2019-05-23,33.309,59.972,41.765,26.663
GB,2019,2019-05-24,30.922,55.747,41.409,24.825
GB,2019,2019-05-25,35.48,56.608,41.759,21.128
GB,2019,2019-05-26,1.166,41.351,19.963,40.184
GB,2019,2019-05-27,14.752,64.704,49.963,49.952
GB,2019,2019-05-28,31.922,48.556,41.119,16.634
GB,2019,2019-05-29,27.611,51.363,42.343,23.752
GB,2019,2019-05-30,6.935,50.823,37.13,43.888
GB,2019,2019-05-31,22.211,50.353,41.415,28.142
GB,2019,2019-06-01,12.481,57.35,38.8,44.868
GB,2019,2019-06-02,17.115,47.518,32.802,30.403
GB,2019,2019-06-03,21.722,48.303,38.798,26.58
GB,2019,2019-06-04,29.153,61.49,45.597,32.337
GB,2019,2019-06-05,29.747,55.032,39.607,25.285
GB,2019,2019-06-06,31.996,61.903,43.572,29.907
GB,2019,2019-06-07,32.055,62.769,49.298,30.713
GB,2019,2019-06-08,43.823,57.542,50.568,13.719
GB,2019,2019-06-09,38.139,62.154,49.584,24.015
GB,2019,2019-06-10,33.093,64.27,45.811,31.177
GB,2019,2019-06-11,23.023,64.641,48.551,41.618
GB,2019,2019-06-12,32.425,60.12,44.82,27.696
GB,2019,2019-06-13,37.1,63.852,49.247,26.752
GB,2019,2019-06-14,34.301,57.131,43.223,22.83
GB,2019,2019-06-15,38.656,55.257,44.897,16.601
GB,2019,2019-06-16,16.718,57.025,40.522,40.306
GB,2019,2019-06-17,9.282,57.854,35.462,48.572
GB,2019,2019-06-18,36.285,75.987,44.977,39.702
GB,2019,2019-06-19,42.586,67.316,52.987,24.73
GB,2019,2019-06-20,36.459,69.626,48.434,33.167
GB,2019,2019-06-21,34.711,50.148,40.347,15.438
GB,2019,2019-06-22,32.558,49.897,38.015,17.339
GB,2019,2019-06-23,33.732,56.053,42.458,22.32
GB,2019,2019-06-24,35.769,148.727,70.228,112.958
GB,2019,2019-06-25,30.184,75.812,45.876,45.628
GB,2019,2019-06-26,33.587,59.574,43.117,25.987
GB,2019,2019-06-27,29.745,45.282,38.308,15.538
GB,2019,2019-06-28,30.941,50.237,37.944,19.296
GB,2019,2019-06-29,37.126,66.605,50.734,29.48
GB,2019,2019-06-30,-0.597,49.356,30.057,49.953
GB,2019,2019-07-01,21.283,64.58,42.256,43.297
GB,2019,2019-07-02,32.339,48.612,39.384,16.273
GB,2019,2019-07-03,33.181,55.939,41.97,22.758
GB,2019,2019-07-04,30.926,53.093,40.377,22.166
GB,2019,2019-07-05,32.524,63.777,44.979,31.253
GB,2019,2019-07-06,28.249,52.774,41.416,24.525
GB,2019,2019-07-07,32.29,51.392,39.034,19.102
GB,2019,2019-07-08,36.162,76.195,46.862,40.033
GB,2019,2019-07-09,33.12,53.959,43.646,20.839
GB,2019,2019-07-10,37.941,53.571,45.257,15.629
GB,2019,2019-07-11,45.484,72.748,54.844,27.264
GB,2019,2019-07-12,44.588,62.675,51.682,18.087
GB,2019,2019-07-13,38.307,60.905,46.232,22.598
GB,2019,2019-07-14,42.199,50.536,46.65,8.336
GB,2019,2019-07-15,41.025,59.868,48.024,18.843
GB,2019,2019-07-16,40.544,72.496,51.011,31.952
GB,2019,2019-07-17,32.97,54.522,42.922,21.552
GB,2019,2019-07-18,35.547,59.458,44.43,23.911
GB,2019,2019-07-19,37.491,56.273,46.552,18.782
GB,2019,2019-07-20,28.399,52.546,41.114,24.148
GB,2019,2019-07-21,32.409,56.54,42.759,24.131
GB,2019,2019-07-22,11.176,52.93,38.698,41.754
GB,2019,2019-07-23,36.001,71.591,47.303,35.589
GB,2019,2019-07-24,37.619,95.835,62.76,58.215
GB,2019,2019-07-25,35.717,94.663,54.321,58.946
GB,2019,2019-07-26,36.906,72.925,50.969,36.019
GB,2019,2019-07-27,31.819,52.726,44.336,20.907
GB,2019,2019-07-28,31.484,53.329,44.464,21.845
GB,2019,2019-07-29,32.114,54.775,40.457,22.661
GB,2019,2019-07-30,29.039,47.904,40.111,18.865
GB,2019,2019-07-31,35.542,49.513,40.798,13.97
GB,2019,2019-08-01,37.296,59.594,45.014,22.298
GB,2019,2019-08-02,38.828,65.69,52.699,26.862
GB,2019,2019-08-03,37.626,56.237,45.459,18.611
GB,2019,2019-08-04,36.796,58.423,45.852,21.627
GB,2019,2019-08-05,31.498,52.955,41.924,21.457
GB,2019,2019-08-06,28.101,44.027,37.149,15.926
GB,2019,2019-08-07,16.94,45.96,36.629,29.019
GB,2019,2019-08-08,31.45,61.933,46.368,30.484
GB,2019,2019-08-09,23.756,57.498,43.064,33.743
GB,2019,2019-08-10,15.972,53.453,41.582,37.481
GB,2019,2019-08-11,11.318,54.573,33.926,43.256
GB,2019,2019-08-12,25.568,64.504,45.755,38.935
GB,2019,2019-08-13,35.861,63.853,47.421,27.992
GB,2019,2019-08-14,36.068,55.259,42.846,19.191
GB,2019,2019-08-15,11.071,50.445,32.617,39.374
GB,2019,2019-08-16,17.137,55.65,41.359,38.514
GB,2019,2019-08-17,14.27,55.54,34.63,41.271
GB,2019,2019-08-18,5.372,52.464,28.203,47.093
GB,2019,2019-08-19,20.872,45.041,33.845,24.169
GB,2019,2019-08-20,25.676,54.621,41.002,28.945
GB,2019,2019-08-21,31.422,56.388,41.229,24.966
GB,2019,2019-08-22,33.006,59.139,43.156,26.133
GB,2019,2019-08-23,27.91,55.338,38.187,27.429
GB,2019,2019-08-24,23.366,58.196,41.651,34.83
GB,2019,2019-08-25,30.541,52.801,41.94,22.26
GB,2019,2019-08-26,31.858,56.586,43.288,24.728
GB,2019,2019-08-27,35.655,84.364,57.93,48.709
GB,2019,2019-08-28,29.343,51.903,40.369,22.56
GB,2019,2019-08-29,16.784,47.625,37.969,30.84
GB,2019,2019-08-30,-0.359,51.284,30.633,51.642
GB,2019,2019-08-31,8.999,40.706,25.184,31.707
GB,2019,2019-09-01,13.35,56.943,32.108,43.593
GB,2019,2019-09-02,-1.437,52.175,29.447,53.612
GB,2019,2019-09-03,0.484,46.696,31.03,46.212
GB,2019,2019-09-04,2.349,52.102,36.518,49.753
GB,2019,2019-09-05,1.602,47.31,28.778,45.708
GB,2019,2019-09-06,5.366,48.117,30.258,42.751
GB,2019,2019-09-07,26.212,54.638,37.346,28.426
GB,2019,2019-09-08,23.25,61.65,38.648,38.4
GB,2019,2019-09-09,22.386,54.461,38.89,32.075
GB,2019,2019-09-10,2.531,66.87,37.235,64.339
GB,2019,2019-09-11,-15.022,52.73,28.344,67.753
GB,2019,2019-09-12,26.13,54.054,39.268,27.924
GB,2019,2019-09-13,35.738,55.274,43.249,19.536
GB,2019,2019-09-14,23.144,54.292,39.946,31.147
GB,2019,2019-09-15,9.63,67.609,35.925,57.979
GB,2019,2019-09-16,32.369,66.405,49.509,34.036
GB,2019,2019-09-17,20.447,64.09,41.861,43.642
GB,2019,2019-09-18,31.312,72.385,47.632,41.073
GB,2019,2019-09-19,27.312,63.521,47.972,36.209
GB,2019,2019-09-20,11.13,45.857,33.934,34.727
GB,2019,2019-09-21,5.446,55.582,28.712,50.136
GB,2019,2019-09-22,21.897,60.178,45.013,38.281
GB,2019,2019-09-23,23.567,53.23,39.698,29.663
GB,2019,2019-09-24,27.208,64.864,46.585,37.656
GB,2019,2019-09-25,34.33,58.087,42.407,23.757
GB,2019,2019-09-26,17.355,54.381,37.82,37.026
GB,2019,2019-09-27,16.569,52.541,36.721,35.972
GB,2019,2019-09-28,16.446,61.079,36.079,44.634
GB,2019,2019-09-29,11.9,62.279,39.43,50.378
GB,2019,2019-09-30,13.751,49.485,36.446,35.733
GB,2019,2019-10-01,28.75,48.609,39.419,19.858
GB,2019,2019-10-02,26.391,53.58,38.245,27.189
GB,2019,2019-10-03,25.093,56.279,43.68,31.186
GB,2019,2019-10-04,14.863,79.976,52.093,65.113
GB,2019,2019-10-05,18.333,61.357,44.433,43.023
GB,2019,2019-10-06,13.179,56.544,30.891,43.366
GB,2019,2019-10-07,28.45,56.402,42.648,27.951
GB,2019,2019-10-08,6.504,48.672,36.419,42.168
GB,2019,2019-10-09,5.042,54.129,32.928,49.087
GB,2019,2019-10-10,24.89,46.858,34.909,21.968
GB,2019,2019-10-11,4.77,56.737,30.614,51.966
GB,2019,2019-10-12,26.692,58.845,41.358,32.153
GB,2019,2019-10-13,28.223,45.271,39.409,17.048
GB,2019,2019-10-14,21.839,67.212,48.241,45.372
GB,2019,2019-10-15,23.387,81.911,50.737,58.524
GB,2019,2019-10-16,37.685,77.01,53.056,39.325
GB,2019,2019-10-17,33.447,67.423,49.461,33.976
GB,2019,2019-10-18,25.285,60.357,42.657,35.073
GB,2019,2019-10-19,18.835,65.714,34.574,46.879
GB,2019,2019-10-20,17.539,58.663,37.045,41.123
GB,2019,2019-10-21,19.289,68.387,44.606,49.098
GB,2019,2019-10-22,25.423,56.213,39.495,30.791
GB,2019,2019-10-23,18.974,55.319,41.829,36.345
GB,2019,2019-10-24,31.169,61.903,46.886,30.734
GB,2019,2019-10-25,40.428,58.593,46.368,18.164
GB,2019,2019-10-26,2.835,67.092,44.213,64.257
GB,2019,2019-10-27,-36.046,56.78,22.731,92.825
GB,2019,2019-10-28,30.784,78.399,48.049,47.615
GB,2019,2019-10-29,32.353,59.616,43.127,27.262
GB,2019,2019-10-30,28.765,66.705,39.98,37.941
GB,2019,2019-10-31,16.016,53.864,37.102,37.848
GB,2019,2019-11-01,33.846,56.082,42.372,22.236
GB,2019,2019-11-02,20.859,58.361,42.19,37.502
GB,2019,2019-11-03,37.119,76.388,48.059,39.27
GB,2019,2019-11-04,19.446,57.944,41.825,38.498
GB,2019,2019-11-05,19.231,65.879,42.547,46.648
GB,2019,2019-11-06,28.925,93.115,53.139,64.19
GB,2019,2019-11-07,31.484,52.26,41.37,20.777
GB,2019,2019-11-08,21.838,70.928,48.213,49.09
GB,2019,2019-11-09,31.465,72.541,46.906,41.076
GB,2019,2019-11-10,32.847,81.467,47.121,48.62
GB,2019,2019-11-11,-5.4,66.839,39.842,72.239
GB,2019,2019-11-12,36.623,75.192,50.712,38.569
GB,2019,2019-11-13,40.24,71.385,55.965,31.145
GB,2019,2019-11-14,28.0,81.116,54.709,53.116
GB,2019,2019-11-15,42.651,62.339,52.775,19.688
GB,2019,2019-11-16,44.233,89.126,61.881,44.893
GB,2019,2019-11-17,46.685,92.686,58.682,46.002
GB,2019,2019-11-18,37.138,73.286,54.155,36.148
GB,2019,2019-11-19,48.327,81.837,60.215,33.509
GB,2019,2019-11-20,34.486,66.669,53.506,32.182
GB,2019,2019-11-21,28.154,67.091,51.697,38.937
GB,2019,2019-11-22,28.146,70.644,54.003,42.498
GB,2019,2019-11-23,18.754,74.89,48.454,56.135
GB,2019,2019-11-24,38.108,88.224,53.575,50.116
GB,2019,2019-11-25,47.12,72.777,57.888,25.656
GB,2019,2019-11-26,36.732,59.89,48.603,23.158
GB,2019,2019-11-27,50.293,74.956,59.067,24.664
GB,2019,2019-11-28,35.871,78.651,55.602,42.78
GB,2019,2019-11-29,30.443,83.696,54.133,53.253
GB,2019,2019-11-30,32.109,76.392,50.091,44.283
GB,2019,2019-12-01,42.124,75.166,53.522,33.042
GB,2019,2019-12-02,42.79,81.814,61.084,39.023
GB,2019,2019-12-03,31.244,76.408,53.168,45.164
GB,2019,2019-12-04,41.904,91.354,52.818,49.45
GB,2019,2019-12-05,-2.51,74.547,50.991,77.057
GB,2019,2019-12-06,10.284,52.923,39.717,42.639
GB,2019,2019-12-07,-13.203,51.194,34.089,64.397
GB,2019,2019-12-08,-86.054,67.245,-5.474,153.298
GB,2019,2019-12-09,7.483,101.14,53.965,93.658
GB,2019,2019-12-10,29.296,64.789,48.35,35.493
GB,2019,2019-12-11,31.147,71.488,52.564,40.341
GB,2019,2019-12-12,32.456,64.41,49.683,31.954
GB,2019,2019-12-13,40.93,65.772,52.079,24.842
GB,2019,2019-12-14,18.549,61.389,44.297,42.84
GB,2019,2019-12-15,20.591,60.365,42.839,39.775
GB,2019,2019-12-16,24.498,65.084,47.393,40.586
GB,2019,2019-12-17,28.231,71.866,49.204,43.635
GB,2019,2019-12-18,6.137,57.845,43.227,51.708
GB,2019,2019-12-19,3.844,63.616,36.559,59.772
GB,2019,2019-12-20,13.191,59.718,41.883,46.527
GB,2019,2019-12-21,33.665,61.504,45.046,27.839
GB,2019,2019-12-22,38.181,70.214,48.13,32.032
GB,2019,2019-12-23,18.907,55.753,41.468,36.846
GB,2019,2019-12-24,29.638,47.11,36.206,17.473
GB,2019,2019-12-25,15.053,53.821,39.51,38.769
GB,2019,2019-12-26,29.1,52.898,39.057,23.798
GB,2019,2019-12-27,28.78,64.772,44.695,35.992
GB,2019,2019-12-28,28.944,55.503,39.998,26.559
GB,2019,2019-12-29,21.89,54.376,39.085,32.486
GB,2019,2019-12-30,19.81,50.582,34.466,30.772
GB,2019,2019-12-31,28.796,58.833,42.202,30.036
GB,2020,2020-01-01,31.852,57.117,43.708,25.264
GB,2020,2020-01-02,19.321,46.252,34.814,26.931
GB,2020,2020-01-03,21.03,49.38,34.08,28.35
GB,2020,2020-01-04,12.231,94.073,39.03,81.842
GB,2020,2020-01-05,22.147,56.106,32.043,33.96
GB,2020,2020-01-06,20.36,52.995,36.367,32.635
GB,2020,2020-01-07,9.374,52.499,38.769,43.125
GB,2020,2020-01-08,16.585,58.974,38.577,42.389
GB,2020,2020-01-09,18.462,54.91,39.411,36.448
GB,2020,2020-01-10,34.642,52.671,46.06,18.029
GB,2020,2020-01-11,28.912,58.472,39.281,29.56
GB,2020,2020-01-12,24.195,59.079,41.599,34.884
GB,2020,2020-01-13,18.581,51.947,39.102,33.366
GB,2020,2020-01-14,13.63,62.919,41.479,49.289
GB,2020,2020-01-15,17.6,58.057,39.137,40.457
GB,2020,2020-01-16,22.698,52.358,40.597,29.66
GB,2020,2020-01-17,29.593,49.821,39.435,20.228
GB,2020,2020-01-18,15.481,55.514,40.09,40.033
GB,2020,2020-01-19,29.082,54.022,42.896,24.94
GB,2020,2020-01-20,31.223,48.478,38.939,17.256
GB,2020,2020-01-21,34.847,77.308,55.27,42.461
GB,2020,2020-01-22,38.202,102.155,62.779,63.953
GB,2020,2020-01-23,38.078,62.907,48.435,24.829
GB,2020,2020-01-24,34.508,61.295,47.398,26.787
GB,2020,2020-01-25,21.474,53.8,40.7,32.326
GB,2020,2020-01-26,14.245,66.917,42.358,52.673
GB,2020,2020-01-27,9.75,68.316,38.654,58.566
GB,2020,2020-01-28,14.716,49.803,40.275,35.087
GB,2020,2020-01-29,14.814,54.197,40.819,39.383
GB,2020,2020-01-30,6.064,46.464,34.046,40.4
GB,2020,2020-01-31,6.629,49.825,35.262,43.196
GB,2020,2020-02-01,-20.487,54.802,25.113,75.29
GB,2020,2020-02-02,13.347,55.474,39.584,42.127
GB,2020,2020-02-03,-10.463,56.874,28.871,67.337
GB,2020,2020-02-04,6.739,52.498,36.82,45.759
GB,2020,2020-02-05,26.834,46.694,35.606,19.859
GB,2020,2020-02-06,26.18,60.954,41.777,34.773
GB,2020,2020-02-07,19.11,52.927,36.874,33.817
GB,2020,2020-02-08,9.378,50.596,34.219,41.218
GB,2020,2020-02-09,5.5,52.957,32.627,47.456
GB,2020,2020-02-10,11.385,51.608,36.064,40.223
GB,2020,2020-02-11,1.536,53.063,33.726,51.527
GB,2020,2020-02-12,-7.994,55.146,29.811,63.141
GB,2020,2020-02-13,17.001,63.88,38.388,46.879
GB,2020,2020-02-14,32.028,54.111,39.326,22.083
GB,2020,2020-02-15,10.516,51.479,31.92,40.964
GB,2020,2020-02-16,-1.592,53.318,27.023,54.911
GB,2020,2020-02-17,16.267,52.308,33.768,36.041
GB,2020,2020-02-18,16.792,52.841,34.644,36.049
GB,2020,2020-02-19,12.213,46.634,33.669,34.421
GB,2020,2020-02-20,9.101,51.431,32.319,42.331
GB,2020,2020-02-21,15.663,49.964,32.873,34.301
GB,2020,2020-02-22,26.111,54.347,39.548,28.236
GB,2020,2020-02-23,14.465,50.551,36.108,36.085
GB,2020,2020-02-24,31.271,54.298,46.201,23.028
GB,2020,2020-02-25,30.784,66.86,45.66,36.076
GB,2020,2020-02-26,14.415,59.15,40.003,44.736
GB,2020,2020-02-27,31.884,64.257,41.477,32.372
GB,2020,2020-02-28,20.794,42.29,33.609,21.497
GB,2020,2020-02-29,4.261,47.764,23.34,43.503
GB,2020,2020-03-01,-5.204,45.983,19.793,51.187
GB,2020,2020-03-02,28.561,55.726,40.231,27.166
GB,2020,2020-03-03,20.251,72.325,44.327,52.074
GB,2020,2020-03-04,33.201,214.893,61.974,181.693
GB,2020,2020-03-05,24.657,53.265,38.512,28.609
GB,2020,2020-03-06,31.922,47.29,38.194,15.367
GB,2020,2020-03-07,-0.82,45.064,28.777,45.884
GB,2020,2020-03-08,-4.314,52.074,23.262,56.387
GB,2020,2020-03-09,21.051,57.134,35.599,36.083
GB,2020,2020-03-10,3.467,45.998,26.551,42.53
GB,2020,2020-03-11,18.617,55.08,35.8,36.464
GB,2020,2020-03-12,-18.009,54.32,31.941,72.329
GB,2020,2020-03-13,24.621,57.264,36.707,32.643
GB,2020,2020-03-14,16.313,42.697,30.219,26.384
GB,2020,2020-03-15,4.693,49.972,29.987,45.279
GB,2020,2020-03-16,11.455,46.657,32.024,35.202
GB,2020,2020-03-17,19.615,43.915,31.21,24.3
GB,2020,2020-03-18,21.787,56.237,35.533,34.451
GB,2020,2020-03-19,24.574,101.215,42.69,76.641
GB,2020,2020-03-20,24.091,34.539,28.678,10.447
GB,2020,2020-03-21,2.604,50.501,27.439,47.897
GB,2020,2020-03-22,25.119,50.863,34.716,25.745
GB,2020,2020-03-23,16.333,44.052,27.83,27.719
GB,2020,2020-03-24,17.128,39.647,24.705,22.519
GB,2020,2020-03-25,16.076,42.348,24.495,26.272
GB,2020,2020-03-26,25.063,47.549,32.877,22.485
GB,2020,2020-03-27,19.818,36.822,27.695,17.004
GB,2020,2020-03-28,-0.117,35.451,15.028,35.568
GB,2020,2020-03-29,-0.011,41.101,20.289,41.112
GB,2020,2020-03-30,22.475,40.439,31.186,17.964
GB,2020,2020-03-31,21.998,42.276,32.984,20.278
GB,2020,2020-04-01,29.686,44.845,37.492,15.159
GB,2020,2020-04-02,17.78,44.884,30.624,27.103
GB,2020,2020-04-03,21.52,40.017,31.567,18.497
GB,2020,2020-04-04,12.191,43.33,28.58,31.138
GB,2020,2020-04-05,-25.35,31.343,5.634,56.693
GB,2020,2020-04-06,-26.885,45.199,18.005,72.084
GB,2020,2020-04-07,21.069,46.837,31.808,25.768
GB,2020,2020-04-08,20.069,39.955,28.521,19.887
GB,2020,2020-04-09,20.625,40.17,34.152,19.545
GB,2020,2020-04-10,31.291,47.907,40.13,16.616
GB,2020,2020-04-11,11.888,40.313,25.417,28.425
GB,2020,2020-04-12,6.469,41.164,31.776,34.694
GB,2020,2020-04-13,-34.7,41.329,13.23,76.029
GB,2020,2020-04-14,21.082,39.959,27.868,18.876
GB,2020,2020-04-15,16.942,42.215,28.519,25.273
GB,2020,2020-04-16,18.391,34.866,26.425,16.475
GB,2020,2020-04-17,16.154,35.704,26.136,19.551
GB,2020,2020-04-18,12.612,47.046,32.488,34.434
GB,2020,2020-04-19,-1.644,37.929,22.433,39.573
GB,2020,2020-04-20,-36.248,32.166,7.452,68.414
GB,2020,2020-04-21,-37.648,38.124,12.489,75.772
GB,2020,2020-04-22,3.714,44.0,30.939,40.287
GB,2020,2020-04-23,23.005,48.681,33.258,25.677
GB,2020,2020-04-24,14.983,31.806,24.513,16.823
GB,2020,2020-04-25,14.657,39.824,31.118,25.166
GB,2020,2020-04-26,10.12,40.687,23.829,30.566
GB,2020,2020-04-27,16.502,39.106,24.403,22.604
GB,2020,2020-04-28,20.987,46.435,33.393,25.448
GB,2020,2020-04-29,13.35,32.983,25.227,19.633
GB,2020,2020-04-30,5.661,32.127,22.216,26.466
GB,2020,2020-05-01,24.653,38.059,31.194,13.405
GB,2020,2020-05-02,13.613,40.97,28.35,27.357
GB,2020,2020-05-03,25.332,51.056,36.672,25.723
GB,2020,2020-05-04,8.191,39.182,29.779,30.99
GB,2020,2020-05-05,2.033,41.517,23.205,39.484
GB,2020,2020-05-06,18.458,34.377,27.43,15.919
GB,2020,2020-05-07,26.475,41.376,35.373,14.901
GB,2020,2020-05-08,23.579,44.125,35.074,20.546
GB,2020,2020-05-09,23.705,42.217,36.894,18.513
GB,2020,2020-05-10,-1.811,38.396,15.907,40.207
GB,2020,2020-05-11,-12.37,42.168,15.103,54.538
GB,2020,2020-05-12,17.38,42.411,28.455,25.03
GB,2020,2020-05-13,12.613,36.778,26.828,24.166
GB,2020,2020-05-14,16.532,36.584,28.482,20.052
GB,2020,2020-05-15,16.453,35.171,27.23,18.718
GB,2020,2020-05-16,10.835,39.47,24.117,28.635
GB,2020,2020-05-17,7.905,40.315,27.47,32.41
GB,2020,2020-05-18,13.802,39.393,28.712,25.591
GB,2020,2020-05-19,12.314,37.365,27.133,25.052
GB,2020,2020-05-20,18.353,37.478,28.063,19.125
GB,2020,2020-05-21,11.613,33.799,22.948,22.186
GB,2020,2020-05-22,-58.646,23.52,-11.341,82.166
GB,2020,2020-05-23,3.087,27.115,13.822,24.028
GB,2020,2020-05-24,-35.204,52.589,0.101,87.793
GB,2020,2020-05-25,14.646,47.109,33.363,32.464
GB,2020,2020-05-26,22.368,45.821,32.919,23.453
GB,2020,2020-05-27,25.169,38.613,30.692,13.444
GB,2020,2020-05-28,14.226,34.694,25.347,20.467
GB,2020,2020-05-29,15.352,34.394,24.425,19.042
GB,2020,2020-05-30,-1.859,31.231,16.687,33.09
GB,2020,2020-05-31,1.848,40.96,22.432,39.112
GB,2020,2020-06-01,6.858,42.231,31.861,35.373
GB,2020,2020-06-02,22.838,43.712,33.138,20.874
GB,2020,2020-06-03,14.871,31.039,24.876,16.168
GB,2020,2020-06-04,22.696,39.973,32.666,17.277
GB,2020,2020-06-05,-4.992,27.983,16.528,32.974
GB,2020,2020-06-06,-35.21,44.696,7.077,79.907
GB,2020,2020-06-07,8.351,44.014,29.185,35.663
GB,2020,2020-06-08,22.72,43.062,36.466,20.342
GB,2020,2020-06-09,26.257,41.612,32.634,15.356
GB,2020,2020-06-10,23.572,37.313,30.686,13.742
GB,2020,2020-06-11,14.537,42.291,30.774,27.753
GB,2020,2020-06-12,16.118,43.323,32.502,27.205
GB,2020,2020-06-13,26.145,43.495,35.578,17.35
GB,2020,2020-06-14,22.013,42.821,32.945,20.808
GB,2020,2020-06-15,26.18,46.214,36.746,20.034
GB,2020,2020-06-16,23.727,46.168,34.257,22.44
GB,2020,2020-06-17,22.572,43.959,30.959,21.387
GB,2020,2020-06-18,22.737,40.604,32.271,17.867
GB,2020,2020-06-19,26.623,42.197,33.171,15.574
GB,2020,2020-06-20,19.292,45.196,33.616,25.905
GB,2020,2020-06-21,-2.309,39.385,14.792,41.694
GB,2020,2020-06-22,20.68,38.432,29.069,17.752
GB,2020,2020-06-23,24.026,47.004,36.813,22.978
GB,2020,2020-06-24,21.286,48.155,33.834,26.87
GB,2020,2020-06-25,25.041,45.444,33.689,20.403
GB,2020,2020-06-26,24.764,42.876,33.13,18.112
GB,2020,2020-06-27,-0.878,34.585,21.678,35.462
GB,2020,2020-06-28,-51.344,28.087,-13.85,79.431
GB,2020,2020-06-29,-9.438,39.24,23.307,48.678
GB,2020,2020-06-30,4.121,47.061,32.272,42.94
GB,2020,2020-07-01,23.432,43.741,32.941,20.309
GB,2020,2020-07-02,29.105,42.206,36.083,13.101
GB,2020,2020-07-03,4.683,39.27,28.906,34.587
GB,2020,2020-07-04,-27.674,47.931,20.894,75.605
GB,2020,2020-07-05,-24.922,39.925,10.781,64.847
GB,2020,2020-07-06,-42.373,41.456,21.132,83.83
GB,2020,2020-07-07,,,,
GB,2020,2020-07-08,27.585,57.872,38.365,30.287
GB,2020,2020-07-09,17.539,49.189,30.837,31.649
GB,2020,2020-07-10,25.511,38.021,31.784,12.51
GB,2020,2020-07-11,24.802,40.689,30.21,15.887
GB,2020,2020-07-12,16.998,34.079,26.451,17.082
GB,2020,2020-07-13,21.882,39.483,31.428,17.601
GB,2020,2020-07-14,30.046,41.943,35.998,11.897
GB,2020,2020-07-15,22.189,39.866,32.144,17.677
GB,2020,2020-07-16,19.978,47.565,35.799,27.587
GB,2020,2020-07-17,21.602,30.715,26.952,9.113
GB,2020,2020-07-18,24.979,40.41,32.038,15.432
GB,2020,2020-07-19,11.243,43.803,28.856,32.56
GB,2020,2020-07-20,,,,
GB,2020,2020-07-21,27.367,39.365,33.272,11.998
GB,2020,2020-07-22,23.968,38.113,29.737,14.146
GB,2020,2020-07-23,25.347,42.497,32.601,17.15
GB,2020,2020-07-24,25.229,49.129,36.705,23.9
GB,2020,2020-07-25,20.196,45.656,35.392,25.46
GB,2020,2020-07-26,19.069,40.182,28.347,21.113
GB,2020,2020-07-27,5.381,38.28,26.934,32.899
GB,2020,2020-07-28,11.009,45.522,27.597,34.512
GB,2020,2020-07-29,23.085,46.722,33.554,23.638
GB,2020,2020-07-30,27.474,62.032,40.461,34.558
GB,2020,2020-07-31,20.943,54.834,33.972,33.891
GB,2020,2020-08-01,13.531,33.98,25.308,20.449
GB,2020,2020-08-02,20.932,41.814,29.315,20.882
GB,2020,2020-08-03,26.857,43.916,35.43,17.059
GB,2020,2020-08-04,15.62,38.496,31.1,22.876
GB,2020,2020-08-05,6.198,41.943,30.193,35.745
GB,2020,2020-08-06,29.073,47.338,38.628,18.266
GB,2020,2020-08-07,27.104,48.101,38.91,20.996
GB,2020,2020-08-08,26.916,44.715,35.702,17.798
GB,2020,2020-08-09,28.792,47.614,38.548,18.822
GB,2020,2020-08-10,29.338,56.236,44.618,26.898
GB,2020,2020-08-11,29.618,71.091,45.766,41.472
GB,2020,2020-08-12,29.229,58.591,40.016,29.362
GB,2020,2020-08-13,24.056,51.437,39.538,27.381
GB,2020,2020-08-14,29.948,51.972,40.581,22.024
GB,2020,2020-08-15,33.802,56.214,43.144,22.412
GB,2020,2020-08-16,30.325,57.417,42.367,27.092
GB,2020,2020-08-17,32.232,62.058,45.06,29.826
GB,2020,2020-08-18,30.102,50.91,40.159,20.808
GB,2020,2020-08-19,28.651,63.141,43.769,34.49
GB,2020,2020-08-20,21.409,57.04,40.495,35.632
GB,2020,2020-08-21,27.141,49.752,41.741,22.612
GB,2020,2020-08-22,20.768,55.718,36.226,34.951
GB,2020,2020-08-23,10.668,43.881,30.125,33.213
GB,2020,2020-08-24,21.242,61.924,39.093,40.682
GB,2020,2020-08-25,10.979,45.656,32.765,34.677
GB,2020,2020-08-26,6.89,64.673,41.093,57.782
GB,2020,2020-08-27,35.791,59.756,48.863,23.965
GB,2020,2020-08-28,22.634,48.61,40.349,25.976
GB,2020,2020-08-29,31.022,55.361,43.033,24.338
GB,2020,2020-08-30,34.694,58.663,44.675,23.969
GB,2020,2020-08-31,36.879,65.376,47.533,28.497
GB,2020,2020-09-01,37.511,68.176,50.515,30.666
GB,2020,2020-09-02,37.506,67.548,50.221,30.043
GB,2020,2020-09-03,28.765,53.032,43.484,24.267
GB,2020,2020-09-04,20.006,55.634,42.763,35.628
GB,2020,2020-09-05,21.556,62.547,41.283,40.991
GB,2020,2020-09-06,37.364,71.57,51.394,34.207
GB,2020,2020-09-07,27.434,58.118,43.194,30.684
GB,2020,2020-09-08,25.826,63.928,47.303,38.103
GB,2020,2020-09-09,21.834,58.813,43.27,36.979
GB,2020,2020-09-10,34.311,75.423,49.094,41.113
GB,2020,2020-09-11,33.92,54.622,40.822,20.702
GB,2020,2020-09-12,10.546,47.296,26.771,36.75
GB,2020,2020-09-13,17.255,55.92,31.098,38.665
GB,2020,2020-09-14,33.491,165.511,65.935,132.021
GB,2020,2020-09-15,35.241,535.816,115.997,500.575
GB,2020,2020-09-16,31.469,64.437,44.966,32.968
GB,2020,2020-09-17,23.916,56.075,41.997,32.159
GB,2020,2020-09-18,26.988,46.951,37.405,19.963
GB,2020,2020-09-19,18.824,56.845,37.837,38.021
GB,2020,2020-09-20,21.808,59.917,40.094,38.109
GB,2020,2020-09-21,30.276,57.457,41.681,27.181
GB,2020,2020-09-22,31.506,59.176,45.417,27.67
GB,2020,2020-09-23,33.934,58.29,48.622,24.357
GB,2020,2020-09-24,28.692,78.276,48.997,49.585
GB,2020,2020-09-25,14.292,64.816,41.95,50.524
GB,2020,2020-09-26,18.666,60.191,39.108,41.525
GB,2020,2020-09-27,6.289,53.677,32.613,47.387
GB,2020,2020-09-28,24.517,98.207,59.878,73.69
GB,2020,2020-09-29,44.93,103.658,65.961,58.727
GB,2020,2020-09-30,15.093,77.646,51.897,62.553
GB,2020,2020-10-01,18.071,73.256,46.373,55.184
GB,2020,2020-10-02,15.247,54.608,41.022,39.361
GB,2020,2020-10-03,17.078,68.764,52.164,51.686
GB,2020,2020-10-04,-5.018,74.234,42.034,79.252
GB,2020,2020-10-05,32.463,55.451,47.027,22.988
GB,2020,2020-10-06,23.683,61.411,45.872,37.729
GB,2020,2020-10-07,21.403,67.359,44.768,45.956
GB,2020,2020-10-08,18.85,88.741,51.631,69.891
GB,2020,2020-10-09,29.391,57.137,44.543,27.746
GB,2020,2020-10-10,23.567,69.526,48.078,45.96
GB,2020,2020-10-11,18.943,64.031,42.902,45.088
GB,2020,2020-10-12,27.186,72.546,49.057,45.36
GB,2020,2020-10-13,10.382,78.821,51.706,68.439
GB,2020,2020-10-14,25.472,83.827,50.62,58.355
GB,2020,2020-10-15,17.087,84.42,47.34,67.333
GB,2020,2020-10-16,35.583,68.927,50.287,33.344
GB,2020,2020-10-17,40.714,67.926,49.189,27.212
GB,2020,2020-10-18,44.899,79.31,55.262,34.411
GB,2020,2020-10-19,22.834,67.995,47.692,45.161
GB,2020,2020-10-20,25.233,64.788,44.681,39.555
GB,2020,2020-10-21,25.459,67.044,47.289,41.585
GB,2020,2020-10-22,21.191,71.865,43.931,50.674
GB,2020,2020-10-23,43.165,60.778,51.42,17.612
GB,2020,2020-10-24,-0.143,80.463,40.216,80.607
GB,2020,2020-10-25,-19.702,78.224,31.796,97.927
GB,2020,2020-10-26,11.112,73.103,39.326,61.991
GB,2020,2020-10-27,29.101,68.702,48.394,39.601
GB,2020,2020-10-28,25.661,73.107,46.324,47.445
GB,2020,2020-10-29,-11.191,63.983,41.533,75.174
GB,2020,2020-10-30,-10.742,93.556,38.577,104.298
GB,2020,2020-10-31,21.001,60.122,35.193,39.121
GB,2020,2020-11-01,,,,
GB,2020,2020-11-02,,,,
GB,2020,2020-11-03,,,,
GB,2020,2020-11-04,30.955,112.619,48.789,81.664
GB,2020,2020-11-05,17.85,125.196,43.09,107.347
GB,2020,2020-11-06,39.268,61.915,47.925,22.647
GB,2020,2020-11-07,21.038,78.752,49.781,57.713
GB,2020,2020-11-08,,,,
GB,2020,2020-11-09,,,,
GB,2020,2020-11-10,31.503,78.103,49.158,46.601
GB,2020,2020-11-11,,,,
GB,2020,2020-11-12,,,,
GB,2020,2020-11-13,30.045,64.695,44.492,34.65
GB,2020,2020-11-14,,,,
GB,2020,2020-11-15,-2.592,73.096,26.246,75.689
GB,2020,2020-11-16,,,,
GB,2020,2020-11-17,,,,
GB,2020,2020-11-18,,,,
GB,2020,2020-11-19,,,,
GB,2020,2020-11-20,4.212,65.408,46.478,61.196
GB,2020,2020-11-21,,,,
GB,2020,2020-11-22,25.27,63.954,39.32,38.683
GB,2020,2020-11-23,20.503,56.425,42.84,35.922
GB,2020,2020-11-24,,,,
GB,2020,2020-11-25,34.158,77.203,51.799,43.044
GB,2020,2020-11-26,,,,
GB,2020,2020-11-27,41.323,105.476,64.726,64.153
GB,2020,2020-11-28,,,,
GB,2020,2020-11-29,,,,
GB,2020,2020-11-30,,,,
GB,2020,2020-12-01,42.785,84.93,59.626,42.145
GB,2020,2020-12-02,34.468,127.821,71.402,93.353
GB,2020,2020-12-03,26.434,139.462,66.509,113.028
GB,2020,2020-12-04,15.767,78.011,49.544,62.244
GB,2020,2020-12-05,14.399,105.985,48.294,91.585
GB,2020,2020-12-06,26.035,233.286,65.668,207.251
GB,2020,2020-12-07,43.414,284.586,126.624,241.172
GB,2020,2020-12-08,36.339,99.657,63.478,63.318
GB,2020,2020-12-09,18.783,119.489,72.86,100.706
GB,2020,2020-12-10,9.034,64.286,43.803,55.252
GB,2020,2020-12-11,23.723,102.076,56.167,78.353
GB,2020,2020-12-12,49.136,71.251,57.152,22.114
GB,2020,2020-12-13,10.412,66.684,49.69,56.271
GB,2020,2020-12-14,-0.391,71.499,47.016,71.891
GB,2020,2020-12-15,23.448,77.003,56.61,53.555
GB,2020,2020-12-16,20.334,76.898,52.98,56.565
GB,2020,2020-12-17,13.065,73.809,57.549,60.744
GB,2020,2020-12-18,8.356,68.806,46.651,60.449
GB,2020,2020-12-19,15.733,68.597,48.12,52.864
GB,2020,2020-12-20,25.317,80.636,52.943,55.319
GB,2020,2020-12-21,25.03,79.789,59.23,54.759
GB,2020,2020-12-22,13.966,80.413,46.078,66.447
GB,2020,2020-12-23,47.685,66.18,57.252,18.495
GB,2020,2020-12-24,1.192,76.285,51.534,75.093
GB,2020,2020-12-25,47.72,78.718,63.573,30.998
GB,2020,2020-12-26,-28.359,63.166,24.542,91.525
GB,2020,2020-12-27,-0.089,110.34,47.331,110.429
GB,2020,2020-12-28,45.787,184.204,80.436,138.417
GB,2020,2020-12-29,45.128,129.673,75.978,84.545
GB,2020,2020-12-30,59.038,161.466,79.282,102.428
GB,2020,2020-12-31,56.405,93.456,70.453,37.051
GB,2021,2021-01-01,41.434,102.155,70.439,60.721
GB,2021,2021-01-02,49.17,115.074,66.002,65.904
GB,2021,2021-01-03,27.802,91.554,62.943,63.752
GB,2021,2021-01-04,53.167,87.323,69.031,34.156
GB,2021,2021-01-05,53.231,104.502,73.242,51.271
GB,2021,2021-01-06,38.401,215.927,90.478,177.525
GB,2021,2021-01-07,60.611,645.132,128.832,584.522
GB,2021,2021-01-08,60.63,884.548,172.656,823.917
GB,2021,2021-01-09,63.604,114.676,76.532,51.072
GB,2021,2021-01-10,29.031,92.674,70.188,63.643
GB,2021,2021-01-11,28.431,77.88,58.848,49.449
GB,2021,2021-01-12,44.41,622.881,114.411,578.472
GB,2021,2021-01-13,65.861,1087.275,177.623,1021.414
GB,2021,2021-01-14,28.383,157.994,73.784,129.611
GB,2021,2021-01-15,51.849,112.126,79.718,60.277
GB,2021,2021-01-16,21.793,81.429,54.962,59.636
GB,2021,2021-01-17,37.456,91.142,58.158,53.687
GB,2021,2021-01-18,21.83,98.212,61.322,76.381
GB,2021,2021-01-19,49.517,88.67,67.028,39.153
GB,2021,2021-01-20,59.421,137.919,87.765,78.498
GB,2021,2021-01-21,31.346,93.884,68.264,62.539
GB,2021,2021-01-22,28.278,172.879,80.692,144.601
GB,2021,2021-01-23,60.913,119.355,76.25,58.442
GB,2021,2021-01-24,43.304,136.571,73.602,93.267
GB,2021,2021-01-25,51.441,82.827,67.021,31.385
GB,2021,2021-01-26,48.885,92.832,71.81,43.947
GB,2021,2021-01-27,64.257,112.122,80.075,47.865
GB,2021,2021-01-28,50.388,87.954,66.409,37.566
GB,2021,2021-01-29,23.342,104.63,66.376,81.288
GB,2021,2021-01-30,26.962,77.385,53.969,50.423
GB,2021,2021-01-31,32.71,68.316,52.758,35.606
GB,2021,2021-02-01,56.587,375.425,115.731,318.838
GB,2021,2021-02-02,41.385,86.284,64.913,44.899
GB,2021,2021-02-03,41.063,74.4,63.789,33.337
GB,2021,2021-02-04,48.088,78.108,64.98,30.019
GB,2021,2021-02-05,48.385,84.066,62.24,35.682
GB,2021,2021-02-06,7.957,81.216,63.363,73.26
GB,2021,2021-02-07,-6.591,78.806,36.812,85.397
GB,2021,2021-02-08,21.381,92.181,65.369,70.799
GB,2021,2021-02-09,36.776,103.333,72.604,66.556
GB,2021,2021-02-10,47.148,209.977,97.652,162.829
GB,2021,2021-02-11,57.735,116.506,75.674,58.772
GB,2021,2021-02-12,44.283,75.069,63.471,30.785
GB,2021,2021-02-13,49.406,86.054,63.806,36.648
GB,2021,2021-02-14,36.7,80.869,59.061,44.169
GB,2021,2021-02-15,32.038,94.216,63.798,62.178
GB,2021,2021-02-16,,,,
GB,2021,2021-02-17,,,,
GB,2021,2021-02-18,,,,
GB,2021,2021-02-19,32.523,71.034,51.897,38.511
GB,2021,2021-02-20,,,,
GB,2021,2021-02-21,3.763,100.083,46.766,96.321
GB,2021,2021-02-22,37.987,85.878,60.807,47.891
GB,2021,2021-02-23,-1.257,69.229,40.648,70.486
GB,2021,2021-02-24,,,,
GB,2021,2021-02-25,,,,
GB,2021,2021-02-26,,,,
GB,2021,2021-02-27,,,,
GB,2021,2021-02-28,49.642,128.267,62.898,78.625
GB,2021,2021-03-01,49.25,123.143,71.569,73.893
GB,2021,2021-03-02,46.041,305.907,92.845,259.866
GB,2021,2021-03-03,43.601,263.002,94.967,219.401
GB,2021,2021-03-04,40.854,85.992,70.67,45.137
GB,2021,2021-03-05,41.234,115.579,64.164,74.345
GB,2021,2021-03-06,55.104,259.826,86.543,204.722
GB,2021,2021-03-07,53.708,204.849,77.892,151.141
GB,2021,2021-03-08,46.98,118.334,67.539,71.354
GB,2021,2021-03-09,46.736,89.797,63.081,43.061
GB,2021,2021-03-10,,,,
GB,2021,2021-03-11,,,,
GB,2021,2021-03-12,31.129,83.631,61.82,52.502
GB,2021,2021-03-13,56.044,103.845,76.521,47.801
GB,2021,2021-03-14,19.52,81.791,39.045,62.271
GB,2021,2021-03-15,27.839,203.315,73.061,175.476
GB,2021,2021-03-16,41.567,73.122,57.013,31.555
GB,2021,2021-03-17,30.344,105.74,65.589,75.396
GB,2021,2021-03-18,42.816,97.038,64.997,54.221
GB,2021,2021-03-19,44.67,127.555,65.694,82.885
GB,2021,2021-03-20,44.85,80.262,60.624,35.412
GB,2021,2021-03-21,48.663,95.117,62.541,46.454
GB,2021,2021-03-22,46.6,86.226,61.396,39.625
GB,2021,2021-03-23,38.858,77.873,60.238,39.015
GB,2021,2021-03-24,37.791,75.936,55.549,38.145
GB,2021,2021-03-25,46.179,84.549,62.66,38.371
GB,2021,2021-03-26,12.076,79.342,54.419,67.267
GB,2021,2021-03-27,19.286,77.442,51.874,58.156
GB,2021,2021-03-28,-8.906,79.611,32.235,88.517
GB,2021,2021-03-29,3.56,65.707,37.891,62.148
GB,2021,2021-03-30,26.998,82.791,56.222,55.793
GB,2021,2021-03-31,30.812,84.774,62.575,53.961
GB,2021,2021-04-01,47.256,86.842,67.105,39.586
GB,2021,2021-04-02,40.754,89.759,62.344,49.005
GB,2021,2021-04-03,36.722,80.339,54.981,43.618
GB,2021,2021-04-04,-9.261,83.919,53.428,93.18
GB,2021,2021-04-05,15.705,87.869,51.584,72.164
GB,2021,2021-04-06,46.194,94.607,73.36,48.414
GB,2021,2021-04-07,51.264,148.516,91.661,97.252
GB,2021,2021-04-08,34.882,79.511,60.113,44.629
GB,2021,2021-04-09,57.565,99.171,76.74,41.606
GB,2021,2021-04-10,56.596,95.917,75.153,39.321
GB,2021,2021-04-11,50.295,109.28,70.448,58.985
GB,2021,2021-04-12,56.89,456.119,169.352,399.229
GB,2021,2021-04-13,54.494,209.422,117.957,154.929
GB,2021,2021-04-14,36.132,116.155,75.406,80.024
GB,2021,2021-04-15,61.266,90.971,72.977,29.705
GB,2021,2021-04-16,51.79,104.565,80.413,52.775
GB,2021,2021-04-17,56.174,104.836,78.939,48.662
GB,2021,2021-04-18,49.497,82.403,64.904,32.906
GB,2021,2021-04-19,55.197,104.175,71.028,48.978
GB,2021,2021-04-20,57.865,94.351,72.42,36.485
GB,2021,2021-04-21,44.377,91.849,74.71,47.472
GB,2021,2021-04-22,59.288,98.135,74.39,38.846
GB,2021,2021-04-23,55.261,103.843,76.502,48.582
GB,2021,2021-04-24,34.906,87.757,65.841,52.851
GB,2021,2021-04-25,45.579,91.007,61.456,45.429
GB,2021,2021-04-26,49.646,103.65,71.59,54.004
GB,2021,2021-04-27,,,,
GB,2021,2021-04-28,,,,
GB,2021,2021-04-29,68.847,110.166,91.035,41.319
GB,2021,2021-04-30,71.722,137.205,100.157,65.482
GB,2021,2021-05-01,60.808,105.31,82.286,44.501
GB,2021,2021-05-02,75.268,125.968,94.416,50.701
GB,2021,2021-05-03,3.564,94.958,67.493,91.394
GB,2021,2021-05-04,-45.696,95.073,55.691,140.769
GB,2021,2021-05-05,53.759,125.449,92.998,71.69
GB,2021,2021-05-06,65.109,133.846,89.135,68.736
GB,2021,2021-05-07,70.309,112.752,81.757,42.443
GB,2021,2021-05-08,59.93,104.844,88.926,44.914
GB,2021,2021-05-09,23.206,96.942,72.671,73.736
GB,2021,2021-05-10,61.831,112.158,84.322,50.328
GB,2021,2021-05-11,61.485,111.919,77.9,50.434
GB,2021,2021-05-12,65.363,119.601,95.949,54.238
GB,2021,2021-05-13,69.885,116.618,89.628,46.733
GB,2021,2021-05-14,70.072,134.957,104.962,64.885
GB,2021,2021-05-15,94.885,122.208,110.34,27.322
GB,2021,2021-05-16,67.685,120.947,95.138,53.263
GB,2021,2021-05-17,73.317,124.711,98.111,51.395
GB,2021,2021-05-18,54.181,132.032,87.951,77.851
GB,2021,2021-05-19,58.73,114.521,83.329,55.791
GB,2021,2021-05-20,-46.644,95.648,69.98,142.292
GB,2021,2021-05-21,-45.295,103.045,65.514,148.341
GB,2021,2021-05-22,63.579,101.048,90.071,37.469
GB,2021,2021-05-23,36.893,98.789,70.513,61.896
GB,2021,2021-05-24,52.582,94.499,75.498,41.917
GB,2021,2021-05-25,54.393,137.462,99.698,83.069
GB,2021,2021-05-26,70.96,117.323,94.803,46.363
GB,2021,2021-05-27,53.121,115.362,79.849,62.241
GB,2021,2021-05-28,68.571,121.075,89.871,52.504
GB,2021,2021-05-29,92.87,97.207,95.039,4.337
GB,2021,2021-05-30,65.131,102.781,84.175,37.649
GB,2021,2021-05-31,54.399,111.059,83.425,56.66
GB,2021,2021-06-01,76.694,94.084,83.713,17.39
GB,2021,2021-06-02,72.017,111.878,91.808,39.861
GB,2021,2021-06-03,58.455,100.285,72.167,41.83
GB,2021,2021-06-04,70.592,96.861,81.891,26.269
GB,2021,2021-06-05,61.501,98.465,78.464,36.965
GB,2021,2021-06-06,60.462,105.368,76.877,44.906
GB,2021,2021-06-07,58.421,85.086,71.512,26.665
GB,2021,2021-06-08,59.64,112.84,85.048,53.2
GB,2021,2021-06-09,64.513,115.719,86.639,51.207
GB,2021,2021-06-10,55.804,105.565,87.538,49.761
GB,2021,2021-06-11,66.783,113.942,92.152,47.159
GB,2021,2021-06-12,58.214,118.913,94.086,60.699
GB,2021,2021-06-13,58.05,105.431,78.341,47.381
GB,2021,2021-06-14,37.597,127.576,89.606,89.979
GB,2021,2021-06-15,66.135,130.772,94.949,64.637
GB,2021,2021-06-16,67.663,138.273,96.893,70.611
GB,2021,2021-06-17,76.311,148.775,105.024,72.464
GB,2021,2021-06-18,78.778,112.048,98.275,33.269
GB,2021,2021-06-19,80.049,131.666,105.814,51.617
GB,2021,2021-06-20,68.922,123.646,93.57,54.724
GB,2021,2021-06-21,64.859,104.161,87.315,39.302
GB,2021,2021-06-22,71.593,92.654,81.081,21.061
GB,2021,2021-06-23,83.455,134.716,99.288,51.261
GB,2021,2021-06-24,83.509,128.943,100.648,45.434
GB,2021,2021-06-25,68.674,112.926,92.259,44.252
GB,2021,2021-06-26,79.139,127.388,99.957,48.249
GB,2021,2021-06-27,61.123,111.297,85.291,50.175
GB,2021,2021-06-28,97.089,200.735,148.821,103.646
GB,2021,2021-06-29,81.171,133.208,105.1,52.037
GB,2021,2021-06-30,78.684,132.947,103.708,54.263
GB,2021,2021-07-01,79.382,123.191,105.513,43.809
GB,2021,2021-07-02,90.462,155.907,113.873,65.445
GB,2021,2021-07-03,87.131,131.135,105.904,44.004
GB,2021,2021-07-04,78.189,113.141,95.601,34.952
GB,2021,2021-07-05,74.319,154.129,101.215,79.811
GB,2021,2021-07-06,76.63,135.588,105.618,58.958
GB,2021,2021-07-07,76.491,144.901,104.972,68.409
GB,2021,2021-07-08,81.426,146.001,113.59,64.575
GB,2021,2021-07-09,92.615,135.165,115.714,42.55
GB,2021,2021-07-10,94.015,144.167,118.362,50.153
GB,2021,2021-07-11,89.076,145.776,114.673,56.7
GB,2021,2021-07-12,88.524,138.506,111.15,49.982
GB,2021,2021-07-13,86.058,127.114,105.87,41.056
GB,2021,2021-07-14,78.249,130.88,100.916,52.632
GB,2021,2021-07-15,75.204,120.445,95.118,45.241
GB,2021,2021-07-16,82.804,144.341,110.999,61.537
GB,2021,2021-07-17,74.134,125.507,95.62,51.373
GB,2021,2021-07-18,92.37,144.933,115.335,52.563
GB,2021,2021-07-19,99.601,168.397,123.65,68.796
GB,2021,2021-07-20,86.423,174.874,124.529,88.451
GB,2021,2021-07-21,83.67,153.196,122.064,69.526
GB,2021,2021-07-22,88.631,197.1,128.739,108.47
GB,2021,2021-07-23,88.517,138.135,114.37,49.618
GB,2021,2021-07-24,71.759,117.695,91.651,45.936
GB,2021,2021-07-25,76.277,138.24,101.91,61.963
GB,2021,2021-07-26,84.856,158.2,115.992,73.343
GB,2021,2021-07-27,86.927,133.598,111.939,46.671
GB,2021,2021-07-28,72.36,129.99,112.409,57.63
GB,2021,2021-07-29,7.71,148.513,86.566,140.803
GB,2021,2021-07-30,90.21,125.417,111.158,35.207
GB,2021,2021-07-31,90.251,155.039,125.498,64.787
GB,2021,2021-08-01,82.605,140.956,105.478,58.351
GB,2021,2021-08-02,77.412,146.819,107.638,69.407
GB,2021,2021-08-03,89.169,136.167,114.524,46.998
GB,2021,2021-08-04,95.528,155.226,121.88,59.698
GB,2021,2021-08-05,106.331,142.094,125.168,35.763
GB,2021,2021-08-06,81.624,140.736,122.659,59.111
GB,2021,2021-08-07,38.69,142.462,107.623,103.772
GB,2021,2021-08-08,14.745,153.689,105.54,138.944
GB,2021,2021-08-09,101.906,164.594,132.695,62.688
GB,2021,2021-08-10,96.632,152.706,122.389,56.073
GB,2021,2021-08-11,93.91,154.207,121.931,60.297
GB,2021,2021-08-12,106.015,151.423,125.531,45.408
GB,2021,2021-08-13,77.421,153.879,119.065,76.458
GB,2021,2021-08-14,95.037,146.822,123.118,51.785
GB,2021,2021-08-15,51.097,142.468,120.096,91.371
GB,2021,2021-08-16,4.259,168.552,112.549,164.293
GB,2021,2021-08-17,88.323,168.981,129.612,80.658
GB,2021,2021-08-18,78.132,164.98,129.225,86.848
GB,2021,2021-08-19,104.428,214.843,149.788,110.415
GB,2021,2021-08-20,104.222,163.924,131.281,59.703
GB,2021,2021-08-21,96.187,166.717,137.181,70.531
GB,2021,2021-08-22,88.315,153.079,123.002,64.764
GB,2021,2021-08-23,88.568,165.773,131.238,77.206
GB,2021,2021-08-24,105.009,156.144,126.597,51.135
GB,2021,2021-08-25,100.859,164.33,136.058,63.471
GB,2021,2021-08-26,93.335,165.0,131.321,71.665
GB,2021,2021-08-27,96.939,155.298,125.098,58.359
GB,2021,2021-08-28,78.988,150.788,109.775,71.8
GB,2021,2021-08-29,93.147,141.092,121.049,47.945
GB,2021,2021-08-30,102.9,174.494,139.153,71.594
GB,2021,2021-08-31,106.253,189.706,151.588,83.453
GB,2021,2021-09-01,107.427,252.623,160.134,145.196
GB,2021,2021-09-02,108.491,246.29,182.074,137.799
GB,2021,2021-09-03,108.935,222.658,172.155,113.723
GB,2021,2021-09-04,117.509,205.784,164.326,88.275
GB,2021,2021-09-05,106.407,212.745,142.638,106.337
GB,2021,2021-09-06,103.232,387.954,206.045,284.722
GB,2021,2021-09-07,108.448,997.056,252.517,888.608
GB,2021,2021-09-08,122.943,386.274,217.937,263.331
GB,2021,2021-09-09,121.185,2221.39,780.376,2100.205
GB,2021,2021-09-10,123.698,342.494,210.284,218.795
GB,2021,2021-09-11,121.734,189.538,150.798,67.804
GB,2021,2021-09-12,108.351,213.688,154.163,105.337
GB,2021,2021-09-13,107.09,257.031,163.211,149.941
GB,2021,2021-09-14,122.648,1071.687,385.542,949.038
GB,2021,2021-09-15,138.633,727.897,318.716,589.264
GB,2021,2021-09-16,126.727,288.262,175.587,161.535
GB,2021,2021-09-17,125.704,231.043,162.901,105.338
GB,2021,2021-09-18,142.064,286.266,198.176,144.202
GB,2021,2021-09-19,123.83,220.418,149.391,96.588
GB,2021,2021-09-20,113.616,272.93,167.787,159.314
GB,2021,2021-09-21,131.233,252.996,178.619,121.763
GB,2021,2021-09-22,157.994,251.372,191.261,93.378
GB,2021,2021-09-23,78.209,266.045,163.906,187.836
GB,2021,2021-09-24,127.668,215.465,171.531,87.797
GB,2021,2021-09-25,130.048,249.04,188.564,118.992
GB,2021,2021-09-26,76.013,164.58,128.835,88.567
GB,2021,2021-09-27,93.965,205.104,144.215,111.139
GB,2021,2021-09-28,92.379,261.332,172.435,168.953
GB,2021,2021-09-29,134.285,243.525,172.957,109.24
GB,2021,2021-09-30,83.687,246.703,173.214,163.016
GB,2021,2021-10-01,123.895,278.245,203.49,154.35
GB,2021,2021-10-02,93.149,272.746,216.129,179.597
GB,2021,2021-10-03,21.459,250.412,136.432,228.953
GB,2021,2021-10-04,84.602,260.569,177.29,175.967
GB,2021,2021-10-05,100.108,249.909,196.583,149.801
GB,2021,2021-10-06,89.396,332.517,244.9,243.121
GB,2021,2021-10-07,169.172,340.608,237.757,171.436
GB,2021,2021-10-08,157.468,263.724,202.985,106.255
GB,2021,2021-10-09,136.842,330.793,205.054,193.951
GB,2021,2021-10-10,118.989,250.501,157.666,131.511
GB,2021,2021-10-11,112.079,291.147,195.587,179.069
GB,2021,2021-10-12,109.616,685.847,261.574,576.231
GB,2021,2021-10-13,130.221,325.608,224.866,195.387
GB,2021,2021-10-14,122.409,271.904,214.966,149.495
GB,2021,2021-10-15,123.637,530.444,235.58,406.807
GB,2021,2021-10-16,157.175,278.802,208.356,121.628
GB,2021,2021-10-17,127.762,292.664,206.77,164.903
GB,2021,2021-10-18,111.946,266.687,201.609,154.741
GB,2021,2021-10-19,13.462,269.297,188.452,255.835
GB,2021,2021-10-20,1.319,295.487,188.8,294.167
GB,2021,2021-10-21,26.326,267.203,189.897,240.877
GB,2021,2021-10-22,50.486,391.567,216.394,341.081
GB,2021,2021-10-23,68.905,244.601,192.571,175.696
GB,2021,2021-10-24,7.076,263.885,163.247,256.809
GB,2021,2021-10-25,120.396,252.904,194.082,132.508
GB,2021,2021-10-26,1.717,239.237,176.061,237.52
GB,2021,2021-10-27,82.515,269.224,195.688,186.709
GB,2021,2021-10-28,123.837,265.429,189.6,141.592
GB,2021,2021-10-29,112.132,198.384,153.805,86.253
GB,2021,2021-10-30,68.286,202.864,135.7,134.578
GB,2021,2021-10-31,36.253,192.538,102.17,156.285
GB,2021,2021-11-01,-21.33,223.299,117.674,244.629
GB,2021,2021-11-02,131.823,2068.807,367.405,1936.984
GB,2021,2021-11-03,89.622,302.636,205.355,213.014
GB,2021,2021-11-04,141.33,237.34,184.735,96.011
GB,2021,2021-11-05,148.723,257.888,197.971,109.165
GB,2021,2021-11-06,33.555,204.699,139.01,171.144
GB,2021,2021-11-07,-19.183,267.993,141.424,287.176
GB,2021,2021-11-08,145.195,272.614,209.18,127.419
GB,2021,2021-11-09,104.047,240.56,180.315,136.513
GB,2021,2021-11-10,80.744,292.73,205.199,211.986
GB,2021,2021-11-11,141.224,218.651,184.395,77.428
GB,2021,2021-11-12,81.042,227.455,179.135,146.412
GB,2021,2021-11-13,133.489,260.646,196.517,127.156
GB,2021,2021-11-14,142.424,222.42,180.773,79.995
GB,2021,2021-11-15,119.703,1283.209,326.397,1163.506
GB,2021,2021-11-16,172.122,260.673,205.246,88.551
GB,2021,2021-11-17,116.673,290.992,206.904,174.319
GB,2021,2021-11-18,93.373,238.806,169.958,145.433
GB,2021,2021-11-19,115.605,293.275,199.511,177.67
GB,2021,2021-11-20,133.227,271.739,222.121,138.512
GB,2021,2021-11-21,165.922,267.968,209.661,102.046
GB,2021,2021-11-22,106.681,283.605,203.575,176.924
GB,2021,2021-11-23,134.893,531.223,270.157,396.33
GB,2021,2021-11-24,156.728,692.679,332.154,535.95
GB,2021,2021-11-25,138.745,319.574,238.976,180.829
GB,2021,2021-11-26,130.235,289.855,236.758,159.619
GB,2021,2021-11-27,188.584,294.983,245.705,106.399
GB,2021,2021-11-28,204.686,317.147,252.181,112.462
GB,2021,2021-11-29,96.651,373.367,269.343,276.716
GB,2021,2021-11-30,96.104,336.92,216.402,240.816
GB,2021,2021-12-01,64.024,303.735,205.218,239.712
GB,2021,2021-12-02,204.833,504.176,298.314,299.342
GB,2021,2021-12-03,79.731,1059.031,312.62,979.3
GB,2021,2021-12-04,163.76,240.758,195.683,76.998
GB,2021,2021-12-05,124.741,298.625,213.929,173.884
GB,2021,2021-12-06,163.642,323.583,256.751,159.941
GB,2021,2021-12-07,165.907,251.322,219.802,85.414
GB,2021,2021-12-08,118.81,317.717,239.429,198.907
GB,2021,2021-12-09,154.729,334.389,269.85,179.659
GB,2021,2021-12-10,169.961,319.97,248.374,150.009
GB,2021,2021-12-11,152.211,298.594,264.703,146.383
GB,2021,2021-12-12,86.17,258.813,202.22,172.644
GB,2021,2021-12-13,129.477,368.791,276.536,239.314
GB,2021,2021-12-14,125.356,321.413,252.282,196.057
GB,2021,2021-12-15,51.347,385.661,282.692,334.314
GB,2021,2021-12-16,261.013,730.984,386.763,469.971
GB,2021,2021-12-17,253.45,430.922,350.548,177.472
GB,2021,2021-12-18,281.546,392.088,345.417,110.541
GB,2021,2021-12-19,317.194,401.711,360.221,84.517
GB,2021,2021-12-20,294.079,494.771,385.775,200.692
GB,2021,2021-12-21,305.06,503.219,411.927,198.159
GB,2021,2021-12-22,360.135,591.437,467.765,231.302
GB,2021,2021-12-23,283.172,503.633,409.911,220.461
GB,2021,2021-12-24,98.467,267.096,221.611,168.63
GB,2021,2021-12-25,9.03,224.336,150.995,215.306
GB,2021,2021-12-26,126.729,219.857,182.149,93.128
GB,2021,2021-12-27,170.473,238.337,207.024,67.864
GB,2021,2021-12-28,197.227,251.442,225.475,54.215
GB,2021,2021-12-29,-22.552,263.08,178.336,285.633
GB,2021,2021-12-30,-68.885,219.665,102.308,288.55
GB,2021,2021-12-31,-27.663,191.395,123.493,219.058
GB,2022,2022-01-01,-74.445,87.893,20.355,162.339
GB,2022,2022-01-02,-4.183,102.882,43.044,107.066
GB,2022,2022-01-03,-54.264,196.155,92.036,250.419
GB,2022,2022-01-04,95.117,271.999,189.863,176.882
GB,2022,2022-01-05,112.208,310.583,222.098,198.376
GB,2022,2022-01-06,179.423,274.0,219.863,94.577
GB,2022,2022-01-07,142.802,302.14,231.756,159.337
GB,2022,2022-01-08,173.055,261.279,211.326,88.224
GB,2022,2022-01-09,93.144,322.264,218.902,229.12
GB,2022,2022-01-10,182.516,294.138,242.169,111.621
GB,2022,2022-01-11,189.057,268.446,229.985,79.389
GB,2022,2022-01-12,121.511,296.965,210.561,175.454
GB,2022,2022-01-13,130.289,262.637,194.445,132.348
GB,2022,2022-01-14,135.388,832.615,291.762,697.227
GB,2022,2022-01-15,176.648,373.629,262.267,196.981
GB,2022,2022-01-16,161.811,291.595,238.051,129.784
GB,2022,2022-01-17,156.833,447.154,249.355,290.321
GB,2022,2022-01-18,184.928,314.229,252.285,129.301
GB,2022,2022-01-19,165.063,269.869,209.918,104.806
GB,2022,2022-01-20,157.257,252.093,204.991,94.836
GB,2022,2022-01-21,135.688,238.267,192.493,102.579
GB,2022,2022-01-22,184.509,276.32,224.297,91.812
GB,2022,2022-01-23,158.197,278.586,208.98,120.389
GB,2022,2022-01-24,155.281,1859.373,530.234,1704.092
GB,2022,2022-01-25,157.048,665.906,374.749,508.858
GB,2022,2022-01-26,179.066,284.964,224.027,105.898
GB,2022,2022-01-27,152.906,321.976,236.537,169.07
GB,2022,2022-01-28,165.2,293.142,223.086,127.942
GB,2022,2022-01-29,104.944,280.831,215.692,175.888
GB,2022,2022-01-30,86.375,267.721,216.709,181.346
GB,2022,2022-01-31,42.458,293.152,208.344,250.695
GB,2022,2022-02-01,131.806,248.814,185.591,117.009
GB,2022,2022-02-02,131.465,250.321,193.253,118.856
GB,2022,2022-02-03,149.421,215.676,179.085,66.256
GB,2022,2022-02-04,146.513,236.137,199.246,89.623
GB,2022,2022-02-05,124.26,223.902,175.915,99.642
GB,2022,2022-02-06,-16.786,252.864,134.872,269.65
GB,2022,2022-02-07,109.063,272.923,196.296,163.86
GB,2022,2022-02-08,40.664,237.011,151.599,196.348
GB,2022,2022-02-09,29.939,271.972,175.262,242.033
GB,2022,2022-02-10,147.831,245.246,197.773,97.415
GB,2022,2022-02-11,144.971,208.706,175.929,63.734
GB,2022,2022-02-12,132.804,227.691,169.796,94.887
GB,2022,2022-02-13,130.035,255.449,180.792,125.414
GB,2022,2022-02-14,122.784,234.042,177.412,111.258
GB,2022,2022-02-15,142.613,231.815,189.648,89.202
GB,2022,2022-02-16,32.928,226.573,161.401,193.644
GB,2022,2022-02-17,46.513,253.093,172.605,206.58
GB,2022,2022-02-18,105.448,282.445,189.236,176.997
GB,2022,2022-02-19,120.971,330.656,206.934,209.685
GB,2022,2022-02-20,102.487,283.704,187.491,181.217
GB,2022,2022-02-21,175.334,311.232,223.069,135.898
GB,2022,2022-02-22,83.563,255.344,180.161,171.781
GB,2022,2022-02-23,111.912,225.417,181.19,113.505
GB,2022,2022-02-24,160.586,360.693,249.096,200.107
GB,2022,2022-02-25,144.698,290.638,229.595,145.94
GB,2022,2022-02-26,150.072,251.738,204.916,101.666
GB,2022,2022-02-27,68.79,242.954,157.545,174.164
GB,2022,2022-02-28,134.925,299.677,226.081,164.752
GB,2022,2022-03-01,224.865,379.475,291.901,154.61
GB,2022,2022-03-02,195.935,559.172,329.548,363.238
GB,2022,2022-03-03,287.352,528.705,387.582,241.353
GB,2022,2022-03-04,288.798,501.687,404.324,212.889
GB,2022,2022-03-05,279.513,521.836,395.426,242.323
GB,2022,2022-03-06,249.575,506.821,372.804,257.246
GB,2022,2022-03-07,320.278,613.12,458.232,292.841
GB,2022,2022-03-08,105.686,556.362,390.842,450.676
GB,2022,2022-03-09,254.08,460.404,370.94,206.324
GB,2022,2022-03-10,228.833,402.091,313.501,173.258
GB,2022,2022-03-11,118.215,343.051,241.548,224.836
GB,2022,2022-03-12,136.388,301.56,217.329,165.172
GB,2022,2022-03-13,100.863,331.208,220.327,230.344
GB,2022,2022-03-14,212.292,392.558,275.899,180.266
GB,2022,2022-03-15,216.054,359.737,270.305,143.683
GB,2022,2022-03-16,210.685,332.28,274.813,121.595
GB,2022,2022-03-17,198.328,305.557,234.264,107.229
GB,2022,2022-03-18,115.436,290.706,227.554,175.27
GB,2022,2022-03-19,-49.02,219.249,102.201,268.269
GB,2022,2022-03-20,9.64,321.013,175.816,311.373
GB,2022,2022-03-21,207.001,332.408,256.092,125.407
GB,2022,2022-03-22,196.929,328.519,247.745,131.59
GB,2022,2022-03-23,206.628,346.236,262.428,139.607
GB,2022,2022-03-24,215.373,382.414,271.173,167.041
GB,2022,2022-03-25,224.16,360.602,266.132,136.442
GB,2022,2022-03-26,182.922,293.835,233.57,110.914
GB,2022,2022-03-27,173.327,274.023,218.708,100.696
GB,2022,2022-03-28,198.857,337.93,246.623,139.073
GB,2022,2022-03-29,227.611,360.83,289.487,133.219
GB,2022,2022-03-30,221.971,349.065,283.583,127.095
GB,2022,2022-03-31,186.985,331.172,262.896,144.187
GB,2022,2022-04-01,230.436,455.387,318.036,224.951
GB,2022,2022-04-02,248.292,338.422,295.571,90.13
GB,2022,2022-04-03,113.994,294.504,244.888,180.51
GB,2022,2022-04-04,42.097,323.811,213.15,281.714
GB,2022,2022-04-05,171.314,297.898,228.206,126.584
GB,2022,2022-04-06,193.284,307.513,232.386,114.229
GB,2022,2022-04-07,183.194,283.565,231.317,100.371
GB,2022,2022-04-08,201.92,348.527,251.445,146.608
GB,2022,2022-04-09,200.066,314.918,255.537,114.852
GB,2022,2022-04-10,203.419,290.672,227.046,87.253
GB,2022,2022-04-11,152.707,311.842,217.832,159.135
GB,2022,2022-04-12,184.303,259.745,225.082,75.442
GB,2022,2022-04-13,185.002,277.348,230.554,92.345
GB,2022,2022-04-14,153.158,238.107,199.838,84.95
GB,2022,2022-04-15,122.346,216.644,168.192,94.297
GB,2022,2022-04-16,66.936,185.006,138.247,118.071
GB,2022,2022-04-17,9.927,197.484,113.077,187.557
GB,2022,2022-04-18,73.865,234.091,162.468,160.226
GB,2022,2022-04-19,148.641,245.645,189.374,97.004
GB,2022,2022-04-20,159.097,237.986,192.089,78.889
GB,2022,2022-04-21,136.154,256.001,182.473,119.847
GB,2022,2022-04-22,134.513,209.455,165.78,74.942
GB,2022,2022-04-23,137.248,228.013,183.2,90.766
GB,2022,2022-04-24,124.963,243.569,171.542,118.606
GB,2022,2022-04-25,148.547,279.017,233.753,130.47
GB,2022,2022-04-26,116.717,260.171,199.138,143.454
GB,2022,2022-04-27,134.976,248.311,187.033,113.335
GB,2022,2022-04-28,139.336,266.598,208.909,127.261
GB,2022,2022-04-29,115.37,236.318,195.005,120.948
GB,2022,2022-04-30,81.345,176.86,118.634,95.515
GB,2022,2022-05-01,77.496,219.818,135.142,142.323
GB,2022,2022-05-02,146.814,246.337,188.387,99.523
GB,2022,2022-05-03,109.693,277.101,211.111,167.408
GB,2022,2022-05-04,121.386,261.521,183.823,140.135
GB,2022,2022-05-05,112.443,239.253,169.684,126.811
GB,2022,2022-05-06,92.531,192.216,134.078,99.685
GB,2022,2022-05-07,167.159,236.245,202.539,69.086
GB,2022,2022-05-08,107.264,193.606,155.526,86.342
GB,2022,2022-05-09,49.193,127.219,94.022,78.025
GB,2022,2022-05-10,45.271,102.477,68.504,57.205
GB,2022,2022-05-11,36.35,106.32,67.315,69.971
GB,2022,2022-05-12,62.092,135.029,91.915,72.937
GB,2022,2022-05-13,58.568,115.038,85.221,56.471
GB,2022,2022-05-14,83.634,240.369,139.08,156.735
GB,2022,2022-05-15,78.077,162.756,112.523,84.68
GB,2022,2022-05-16,96.872,201.293,140.354,104.421
GB,2022,2022-05-17,116.031,169.959,142.033,53.928
GB,2022,2022-05-18,44.124,130.601,94.759,86.477
GB,2022,2022-05-19,82.423,211.247,131.067,128.824
GB,2022,2022-05-20,85.994,157.917,119.463,71.923
GB,2022,2022-05-21,78.513,194.966,139.968,116.452
GB,2022,2022-05-22,100.318,166.376,133.401,66.058
GB,2022,2022-05-23,150.431,226.602,189.044,76.171
GB,2022,2022-05-24,100.093,220.49,155.801,120.397
GB,2022,2022-05-25,100.428,160.261,123.587,59.834
GB,2022,2022-05-26,80.319,133.832,112.291,53.513
GB,2022,2022-05-27,44.589,184.613,130.624,140.024
GB,2022,2022-05-28,147.434,207.128,174.759,59.694
GB,2022,2022-05-29,117.773,238.633,177.217,120.86
GB,2022,2022-05-30,157.463,257.334,209.006,99.871
GB,2022,2022-05-31,147.519,226.679,182.382,79.16
GB,2022,2022-06-01,138.407,229.01,188.388,90.602
GB,2022,2022-06-02,153.014,211.726,177.9,58.712
GB,2022,2022-06-03,106.058,179.671,145.273,73.613
GB,2022,2022-06-04,95.183,182.428,138.763,87.245
GB,2022,2022-06-05,103.898,206.755,164.345,102.856
GB,2022,2022-06-06,112.966,194.0,162.394,81.034
GB,2022,2022-06-07,118.971,221.672,180.188,102.7
GB,2022,2022-06-08,128.717,207.409,167.27,78.691
GB,2022,2022-06-09,38.971,191.978,108.347,153.007
GB,2022,2022-06-10,15.321,95.087,39.715,79.767
GB,2022,2022-06-11,-17.296,189.552,86.694,206.848
GB,2022,2022-06-12,61.583,206.907,147.548,145.324
GB,2022,2022-06-13,113.133,231.555,179.614,118.422
GB,2022,2022-06-14,151.21,286.874,200.149,135.664
GB,2022,2022-06-15,139.451,287.41,206.643,147.959
GB,2022,2022-06-16,175.161,303.676,223.901,128.515
GB,2022,2022-06-17,113.123,223.784,171.369,110.661
GB,2022,2022-06-18,167.947,219.661,193.019,51.713
GB,2022,2022-06-19,104.316,274.585,180.976,170.269
GB,2022,2022-06-20,156.412,321.279,214.928,164.867
GB,2022,2022-06-21,135.194,403.558,258.183,268.364
GB,2022,2022-06-22,161.675,297.945,220.192,136.269
GB,2022,2022-06-23,153.424,315.184,234.899,161.761
GB,2022,2022-06-24,155.678,346.525,258.559,190.847
GB,2022,2022-06-25,55.046,217.452,134.156,162.405
GB,2022,2022-06-26,102.672,214.549,170.295,111.877
GB,2022,2022-06-27,107.181,347.024,229.824,239.843
GB,2022,2022-06-28,128.17,208.894,163.149,80.724
GB,2022,2022-06-29,161.836,343.658,250.979,181.822
GB,2022,2022-06-30,222.943,346.353,287.763,123.409
GB,2022,2022-07-01,198.879,330.96,254.395,132.08
GB,2022,2022-07-02,144.949,260.231,200.779,115.283
GB,2022,2022-07-03,156.264,224.044,184.589,67.78
GB,2022,2022-07-04,100.122,229.933,180.502,129.81
GB,2022,2022-07-05,177.296,423.135,314.764,245.838
GB,2022,2022-07-06,155.382,378.869,249.195,223.487
GB,2022,2022-07-07,147.377,407.126,244.247,259.75
GB,2022,2022-07-08,177.141,351.883,259.693,174.741
GB,2022,2022-07-09,144.931,315.895,205.171,170.964
GB,2022,2022-07-10,151.611,422.587,237.838,270.976
GB,2022,2022-07-11,211.645,432.866,326.676,221.221
GB,2022,2022-07-12,216.71,532.556,381.864,315.846
GB,2022,2022-07-13,235.075,388.161,320.401,153.086
GB,2022,2022-07-14,189.457,356.055,273.808,166.598
GB,2022,2022-07-15,198.946,346.167,237.948,147.221
GB,2022,2022-07-16,122.906,263.331,179.313,140.426
GB,2022,2022-07-17,127.889,266.043,173.661,138.155
GB,2022,2022-07-18,141.209,665.728,344.012,524.52
GB,2022,2022-07-19,235.343,636.027,420.908,400.683
GB,2022,2022-07-20,181.027,398.871,245.196,217.844
GB,2022,2022-07-21,169.034,314.01,256.095,144.976
GB,2022,2022-07-22,233.09,405.392,322.049,172.302
GB,2022,2022-07-23,189.521,327.809,278.714,138.288
GB,2022,2022-07-24,174.98,280.634,236.451,105.654
GB,2022,2022-07-25,190.737,325.811,252.87,135.074
GB,2022,2022-07-26,213.286,488.464,362.74,275.178
GB,2022,2022-07-27,245.65,359.421,306.359,113.771
GB,2022,2022-07-28,253.134,392.488,324.511,139.353
GB,2022,2022-07-29,269.788,460.507,382.362,190.719
GB,2022,2022-07-30,185.802,435.689,309.046,249.887
GB,2022,2022-07-31,214.829,368.383,277.021,153.554
GB,2022,2022-08-01,229.211,487.855,319.958,258.644
GB,2022,2022-08-02,167.812,281.109,234.529,113.297
GB,2022,2022-08-03,262.66,498.087,339.531,235.427
GB,2022,2022-08-04,224.43,446.492,334.189,222.062
GB,2022,2022-08-05,169.335,387.229,287.103,217.894
GB,2022,2022-08-06,178.935,330.837,253.646,151.902
GB,2022,2022-08-07,177.873,378.382,238.486,200.509
GB,2022,2022-08-08,223.389,410.622,301.143,187.233
GB,2022,2022-08-09,251.526,428.017,321.694,176.491
GB,2022,2022-08-10,253.989,522.468,359.175,268.479
GB,2022,2022-08-11,345.25,705.805,476.965,360.556
GB,2022,2022-08-12,296.152,512.436,396.288,216.284
GB,2022,2022-08-13,300.136,487.611,368.544,187.476
GB,2022,2022-08-14,325.804,556.519,399.217,230.715
GB,2022,2022-08-15,332.024,521.055,423.936,189.031
GB,2022,2022-08-16,319.106,627.93,474.554,308.824
GB,2022,2022-08-17,297.501,664.491,478.437,366.99
GB,2022,2022-08-18,347.786,520.701,411.31,172.915
GB,2022,2022-08-19,312.646,560.45,411.215,247.804
GB,2022,2022-08-20,234.112,406.102,338.18,171.99
GB,2022,2022-08-21,331.047,617.468,441.327,286.421
GB,2022,2022-08-22,396.708,577.789,471.83,181.082
GB,2022,2022-08-23,389.345,773.947,607.183,384.602
GB,2022,2022-08-24,449.853,756.368,570.911,306.515
GB,2022,2022-08-25,418.819,738.685,610.061,319.866
GB,2022,2022-08-26,580.618,791.305,708.488,210.687
GB,2022,2022-08-27,430.79,721.847,583.973,291.057
GB,2022,2022-08-28,403.257,675.115,493.846,271.858
GB,2022,2022-08-29,365.635,678.635,516.459,313.0
GB,2022,2022-08-30,314.607,552.385,426.373,237.778
GB,2022,2022-08-31,196.112,510.536,354.785,314.424
GB,2022,2022-09-01,169.567,604.564,429.664,434.997
GB,2022,2022-09-02,220.01,538.646,402.365,318.636
GB,2022,2022-09-03,238.413,348.644,280.603,110.23
GB,2022,2022-09-04,245.455,457.799,315.084,212.343
GB,2022,2022-09-05,214.282,535.463,347.39,321.18
GB,2022,2022-09-06,199.124,427.125,294.161,228.001
GB,2022,2022-09-07,166.068,383.407,244.258,217.339
GB,2022,2022-09-08,199.802,404.438,309.424,204.637
GB,2022,2022-09-09,238.061,402.314,306.427,164.253
GB,2022,2022-09-10,255.417,447.565,349.533,192.148
GB,2022,2022-09-11,278.719,409.17,331.247,130.451
GB,2022,2022-09-12,274.81,492.763,364.602,217.953
GB,2022,2022-09-13,271.802,486.059,356.855,214.257
GB,2022,2022-09-14,278.4,594.736,415.646,316.337
GB,2022,2022-09-15,237.03,443.865,327.162,206.835
GB,2022,2022-09-16,175.646,451.413,245.209,275.767
GB,2022,2022-09-17,99.445,229.548,184.516,130.103
GB,2022,2022-09-18,112.986,230.263,180.559,117.277
GB,2022,2022-09-19,165.723,398.616,265.973,232.893
GB,2022,2022-09-20,178.569,409.36,291.773,230.791
GB,2022,2022-09-21,190.244,388.71,260.497,198.466
GB,2022,2022-09-22,211.963,509.827,340.819,297.865
GB,2022,2022-09-23,291.799,553.491,383.551,261.692
GB,2022,2022-09-24,177.158,329.361,244.06,152.203
GB,2022,2022-09-25,35.912,270.706,194.528,234.793
GB,2022,2022-09-26,-37.806,257.455,153.81,295.261
GB,2022,2022-09-27,161.613,426.234,255.46,264.621
GB,2022,2022-09-28,179.56,496.051,330.021,316.491
GB,2022,2022-09-29,174.75,471.621,304.903,296.871
GB,2022,2022-09-30,128.375,251.535,203.942,123.16
GB,2022,2022-10-01,19.949,281.948,137.688,261.999
GB,2022,2022-10-02,31.025,271.874,151.008,240.849
GB,2022,2022-10-03,190.559,426.042,260.837,235.483
GB,2022,2022-10-04,103.961,229.086,182.11,125.125
GB,2022,2022-10-05,-14.249,254.946,143.04,269.195
GB,2022,2022-10-06,-26.472,218.439,125.675,244.911
GB,2022,2022-10-07,-15.735,422.971,176.254,438.707
GB,2022,2022-10-08,101.227,273.451,166.316,172.225
GB,2022,2022-10-09,44.786,250.541,147.429,205.755
GB,2022,2022-10-10,102.644,262.932,165.823,160.287
GB,2022,2022-10-11,136.82,306.871,203.911,170.051
GB,2022,2022-10-12,140.841,340.056,205.605,199.214
GB,2022,2022-10-13,135.708,290.043,198.601,154.335
GB,2022,2022-10-14,131.492,330.298,201.927,198.807
GB,2022,2022-10-15,82.513,188.378,134.565,105.865
GB,2022,2022-10-16,55.204,213.354,119.513,158.149
GB,2022,2022-10-17,16.562,162.041,97.13,145.478
GB,2022,2022-10-18,36.697,196.335,91.39,159.638
GB,2022,2022-10-19,40.107,82.231,56.506,42.124
GB,2022,2022-10-20,77.07,217.281,140.511,140.211
GB,2022,2022-10-21,107.611,237.438,176.998,129.827
GB,2022,2022-10-22,61.674,113.39,77.974,51.717
GB,2022,2022-10-23,37.297,141.323,82.561,104.026
GB,2022,2022-10-24,34.966,112.438,66.26,77.472
GB,2022,2022-10-25,41.151,143.11,86.357,101.959
GB,2022,2022-10-26,36.2,91.683,65.715,55.483
GB,2022,2022-10-27,58.557,153.092,96.267,94.536
GB,2022,2022-10-28,72.724,128.954,100.472,56.23
GB,2022,2022-10-29,83.262,133.953,104.811,50.691
GB,2022,2022-10-30,59.464,150.726,106.865,91.262
GB,2022,2022-10-31,59.264,171.637,129.156,112.373
GB,2022,2022-11-01,44.65,130.644,83.769,85.994
GB,2022,2022-11-02,-35.726,154.117,78.92,189.843
GB,2022,2022-11-03,78.92,251.255,159.067,172.336
GB,2022,2022-11-04,92.88,189.339,131.264,96.459
GB,2022,2022-11-05,115.892,173.747,141.112,57.855
GB,2022,2022-11-06,105.827,176.513,136.959,70.686
GB,2022,2022-11-07,36.977,143.834,104.202,106.857
GB,2022,2022-11-08,19.41,170.066,112.769,150.656
GB,2022,2022-11-09,16.258,202.987,103.139,186.73
GB,2022,2022-11-10,-64.085,146.04,62.373,210.125
GB,2022,2022-11-11,-72.534,145.742,72.539,218.277
GB,2022,2022-11-12,89.967,187.079,141.572,97.112
GB,2022,2022-11-13,129.652,207.75,158.832,78.098
GB,2022,2022-11-14,96.346,164.684,130.629,68.338
GB,2022,2022-11-15,84.278,226.002,137.375,141.724
GB,2022,2022-11-16,72.243,293.817,192.277,221.574
GB,2022,2022-11-17,9.528,189.666,114.484,180.137
GB,2022,2022-11-18,87.23,231.815,148.247,144.585
GB,2022,2022-11-19,77.099,132.984,97.427,55.885
GB,2022,2022-11-20,72.895,226.33,122.67,153.435
GB,2022,2022-11-21,91.799,194.998,150.74,103.2
GB,2022,2022-11-22,89.488,299.862,195.814,210.374
GB,2022,2022-11-23,118.26,198.567,150.966,80.307
GB,2022,2022-11-24,113.024,215.488,168.559,102.464
GB,2022,2022-11-25,138.185,196.344,167.614,58.159
GB,2022,2022-11-26,99.825,179.455,156.671,79.63
GB,2022,2022-11-27,50.998,251.912,176.821,200.914
GB,2022,2022-11-28,173.781,582.806,314.584,409.025
GB,2022,2022-11-29,250.226,518.726,394.368,268.5
GB,2022,2022-11-30,272.46,502.492,376.51,230.032
GB,2022,2022-12-01,267.217,494.978,395.029,227.761
GB,2022,2022-12-02,285.19,425.293,348.934,140.102
GB,2022,2022-12-03,271.37,405.201,324.009,133.83
GB,2022,2022-12-04,255.949,409.772,323.886,153.823
GB,2022,2022-12-05,228.896,384.242,303.219,155.346
GB,2022,2022-12-06,276.587,481.42,387.252,204.833
GB,2022,2022-12-07,287.687,463.424,370.548,175.736
GB,2022,2022-12-08,286.304,455.575,383.255,169.271
GB,2022,2022-12-09,284.956,548.255,417.722,263.298
GB,2022,2022-12-10,303.618,484.433,374.149,180.814
GB,2022,2022-12-11,293.473,546.748,383.26,253.275
GB,2022,2022-12-12,321.995,860.434,519.392,538.439
GB,2022,2022-12-13,311.4,634.287,476.133,322.887
GB,2022,2022-12-14,288.854,597.186,442.106,308.333
GB,2022,2022-12-15,282.009,533.036,428.938,251.027
GB,2022,2022-12-16,262.189,583.111,388.022,320.922
GB,2022,2022-12-17,226.296,371.964,292.985,145.667
GB,2022,2022-12-18,193.195,310.639,277.25,117.444
GB,2022,2022-12-19,91.21,303.307,221.128,212.097
GB,2022,2022-12-20,12.938,286.667,182.559,273.729
GB,2022,2022-12-21,158.943,264.578,224.687,105.635
GB,2022,2022-12-22,180.904,296.069,233.612,115.165
GB,2022,2022-12-23,145.587,224.821,185.058,79.234
GB,2022,2022-12-24,48.29,196.569,132.772,148.279
GB,2022,2022-12-25,5.18,253.709,130.867,248.529
GB,2022,2022-12-26,-3.453,161.473,76.264,164.927
GB,2022,2022-12-27,25.087,182.757,111.266,157.67
GB,2022,2022-12-28,-53.879,210.185,83.087,264.065
GB,2022,2022-12-29,-7.086,227.761,100.084,234.847
GB,2022,2022-12-30,-50.393,131.397,43.796,181.79
GB,2022,2022-12-31,-15.024,336.571,143.715,351.595
GB,2023,2023-01-01,-29.247,248.221,127.043,277.468
GB,2023,2023-01-02,46.852,240.697,141.898,193.845
GB,2023,2023-01-03,46.725,202.424,161.397,155.699
GB,2023,2023-01-04,-55.923,177.801,83.571,233.724
GB,2023,2023-01-05,92.975,163.715,133.426,70.739
GB,2023,2023-01-06,51.783,187.2,130.903,135.417
GB,2023,2023-01-07,-23.685,183.702,75.296,207.386
GB,2023,2023-01-08,7.946,221.255,112.271,213.309
GB,2023,2023-01-09,26.713,214.201,147.34,187.489
GB,2023,2023-01-10,-10.993,212.765,139.078,223.758
GB,2023,2023-01-11,-12.27,206.523,110.825,218.793
GB,2023,2023-01-12,9.685,213.401,122.618,203.715
GB,2023,2023-01-13,12.889,223.97,147.279,211.081
GB,2023,2023-01-14,20.828,171.791,99.907,150.963
GB,2023,2023-01-15,3.423,265.721,124.738,262.297
GB,2023,2023-01-16,107.726,214.285,152.859,106.559
GB,2023,2023-01-17,126.638,235.149,170.77,108.511
GB,2023,2023-01-18,137.233,215.452,180.72,78.219
GB,2023,2023-01-19,136.027,279.527,208.452,143.5
GB,2023,2023-01-20,133.927,236.935,188.027,103.008
GB,2023,2023-01-21,130.576,226.102,166.71,95.525
GB,2023,2023-01-22,126.387,240.16,174.159,113.773
GB,2023,2023-01-23,140.599,258.634,199.617,118.035
GB,2023,2023-01-24,127.586,243.901,180.331,116.315
GB,2023,2023-01-25,121.425,270.459,187.985,149.035
GB,2023,2023-01-26,123.185,225.226,185.667,102.041
GB,2023,2023-01-27,144.649,204.887,174.213,60.238
GB,2023,2023-01-28,131.194,193.668,161.089,62.474
GB,2023,2023-01-29,108.494,167.503,135.455,59.009
GB,2023,2023-01-30,114.995,225.392,164.805,110.397
GB,2023,2023-01-31,78.441,194.424,141.331,115.983
GB,2023,2023-02-01,57.763,192.947,139.07,135.184
GB,2023,2023-02-02,79.836,191.351,140.26,111.514
GB,2023,2023-02-03,70.157,202.868,153.659,132.711
GB,2023,2023-02-04,116.863,200.818,163.259,83.955
GB,2023,2023-02-05,49.692,214.319,142.32,164.627
GB,2023,2023-02-06,127.299,214.857,171.364,87.558
GB,2023,2023-02-07,139.409,274.525,190.083,135.116
GB,2023,2023-02-08,131.222,212.635,163.846,81.413
GB,2023,2023-02-09,136.367,239.699,179.499,103.333
GB,2023,2023-02-10,106.522,204.0,156.998,97.478
GB,2023,2023-02-11,100.54,233.576,165.303,133.036
GB,2023,2023-02-12,113.574,216.219,165.891,102.645
GB,2023,2023-02-13,123.26,205.429,161.781,82.169
GB,2023,2023-02-14,142.899,209.782,170.747,66.882
GB,2023,2023-02-15,125.877,194.185,165.619,68.308
GB,2023,2023-02-16,85.028,189.187,138.856,104.159
GB,2023,2023-02-17,64.137,174.41,117.478,110.274
GB,2023,2023-02-18,56.627,197.085,122.047,140.458
GB,2023,2023-02-19,86.311,168.69,125.003,82.379
GB,2023,2023-02-20,54.999,167.747,121.096,112.748
GB,2023,2023-02-21,126.921,203.037,173.52,76.116
GB,2023,2023-02-22,124.06,191.091,158.561,67.031
GB,2023,2023-02-23,118.76,184.042,154.475,65.283
GB,2023,2023-02-24,105.859,181.795,143.734,75.936
GB,2023,2023-02-25,125.639,207.207,153.499,81.568
GB,2023,2023-02-26,112.329,188.362,138.514,76.033
GB,2023,2023-02-27,111.68,196.922,159.476,85.242
GB,2023,2023-02-28,125.033,188.276,154.716,63.243
GB,2023,2023-03-01,117.8,188.757,143.152,70.958
GB,2023,2023-03-02,119.891,200.817,152.253,80.926
GB,2023,2023-03-03,125.551,206.026,167.468,80.476
GB,2023,2023-03-04,119.587,219.44,157.418,99.853
GB,2023,2023-03-05,128.183,233.61,159.117,105.428
GB,2023,2023-03-06,124.518,181.034,148.516,56.516
GB,2023,2023-03-07,133.413,608.011,190.37,474.598
GB,2023,2023-03-08,122.146,194.221,148.614,72.075
GB,2023,2023-03-09,119.407,189.126,154.164,69.719
GB,2023,2023-03-10,113.225,208.066,149.541,94.841
GB,2023,2023-03-11,97.362,194.481,155.812,97.119
GB,2023,2023-03-12,37.708,176.975,103.027,139.268
GB,2023,2023-03-13,0.221,197.505,107.735,197.284
GB,2023,2023-03-14,134.946,237.627,180.321,102.681
GB,2023,2023-03-15,113.442,194.325,151.935,80.883
GB,2023,2023-03-16,95.155,174.009,127.908,78.854
GB,2023,2023-03-17,117.079,192.478,153.143,75.399
GB,2023,2023-03-18,85.772,143.202,119.564,57.431
GB,2023,2023-03-19,103.849,192.449,139.803,88.601
GB,2023,2023-03-20,124.046,201.616,156.013,77.57
GB,2023,2023-03-21,85.087,165.659,120.758,80.572
GB,2023,2023-03-22,31.845,137.077,91.296,105.232
GB,2023,2023-03-23,-5.055,160.631,91.0,165.686
GB,2023,2023-03-24,-11.434,141.005,59.682,152.439
GB,2023,2023-03-25,-26.848,177.405,49.309,204.253
GB,2023,2023-03-26,99.602,186.622,142.715,87.02
GB,2023,2023-03-27,96.313,197.721,133.055,101.409
GB,2023,2023-03-28,104.96,176.841,137.818,71.88
GB,2023,2023-03-29,114.124,161.977,139.052,47.853
GB,2023,2023-03-30,97.778,147.997,124.064,50.219
GB,2023,2023-03-31,46.537,138.188,117.013,91.652
GB,2023,2023-04-01,45.797,164.53,119.666,118.733
GB,2023,2023-04-02,115.793,186.653,146.141,70.86
GB,2023,2023-04-03,99.875,198.069,133.701,98.195
GB,2023,2023-04-04,91.775,208.827,122.471,117.052
GB,2023,2023-04-05,95.718,186.503,130.357,90.785
GB,2023,2023-04-06,67.427,155.512,121.96,88.085
GB,2023,2023-04-07,93.108,158.655,116.971,65.547
GB,2023,2023-04-08,93.245,163.335,125.142,70.09
GB,2023,2023-04-09,35.299,108.778,82.957,73.478
GB,2023,2023-04-10,-65.609,70.038,14.917,135.648
GB,2023,2023-04-11,-12.817,155.212,95.001,168.029
GB,2023,2023-04-12,74.297,153.644,119.103,79.346
GB,2023,2023-04-13,90.685,145.285,111.667,54.6
GB,2023,2023-04-14,95.223,147.688,115.873,52.465
GB,2023,2023-04-15,87.364,129.059,105.159,41.695
GB,2023,2023-04-16,81.716,154.998,115.959,73.281
GB,2023,2023-04-17,118.435,219.428,138.653,100.992
GB,2023,2023-04-18,89.128,146.177,120.978,57.049
GB,2023,2023-04-19,56.465,151.916,108.525,95.451
GB,2023,2023-04-20,81.931,160.097,115.802,78.165
GB,2023,2023-04-21,91.402,160.929,120.033,69.527
GB,2023,2023-04-22,85.667,148.148,113.533,62.482
GB,2023,2023-04-23,80.778,131.433,106.453,50.655
GB,2023,2023-04-24,79.604,130.405,105.635,50.801
GB,2023,2023-04-25,86.102,134.633,106.598,48.531
GB,2023,2023-04-26,91.074,154.268,116.417,63.194
GB,2023,2023-04-27,83.927,135.246,105.109,51.319
GB,2023,2023-04-28,101.278,180.647,139.761,79.37
GB,2023,2023-04-29,90.977,127.961,109.274,36.985
GB,2023,2023-04-30,81.005,127.252,103.83,46.246
GB,2023,2023-05-01,85.764,134.537,103.994,48.773
GB,2023,2023-05-02,87.768,141.559,110.864,53.791
GB,2023,2023-05-03,60.437,128.919,95.587,68.481
GB,2023,2023-05-04,35.318,113.39,75.983,78.072
GB,2023,2023-05-05,76.942,127.406,99.601,50.465
GB,2023,2023-05-06,87.751,128.865,107.427,41.114
GB,2023,2023-05-07,76.501,127.046,97.668,50.545
GB,2023,2023-05-08,75.595,155.598,107.815,80.003
GB,2023,2023-05-09,89.574,162.352,116.522,72.778
GB,2023,2023-05-10,86.75,150.87,103.99,64.121
GB,2023,2023-05-11,81.865,160.735,107.09,78.87
GB,2023,2023-05-12,77.879,122.265,97.078,44.386
GB,2023,2023-05-13,85.17,140.64,109.756,55.47
GB,2023,2023-05-14,68.588,140.945,104.838,72.357
GB,2023,2023-05-15,73.887,132.943,95.448,59.056
GB,2023,2023-05-16,68.112,117.756,87.768,49.645
GB,2023,2023-05-17,72.478,115.484,85.455,43.006
GB,2023,2023-05-18,68.477,105.979,82.18,37.501
GB,2023,2023-05-19,70.21,138.283,95.9,68.073
GB,2023,2023-05-20,46.591,106.696,76.018,60.105
GB,2023,2023-05-21,52.418,119.0,78.511,66.582
GB,2023,2023-05-22,77.263,129.528,96.402,52.265
GB,2023,2023-05-23,66.925,101.778,82.0,34.853
GB,2023,2023-05-24,58.309,101.956,78.942,43.647
GB,2023,2023-05-25,67.154,113.92,87.735,46.766
GB,2023,2023-05-26,46.485,93.229,71.747,46.744
GB,2023,2023-05-27,-25.342,114.603,60.386,139.944
GB,2023,2023-05-28,-14.629,87.556,59.7,102.185
GB,2023,2023-05-29,-32.135,94.107,43.937,126.243
GB,2023,2023-05-30,41.759,119.777,89.177,78.018
GB,2023,2023-05-31,61.218,107.123,83.998,45.906
GB,2023,2023-06-01,63.981,119.426,90.121,55.446
GB,2023,2023-06-02,53.835,102.642,72.729,48.807
GB,2023,2023-06-03,54.824,90.795,75.947,35.971
GB,2023,2023-06-04,31.782,97.021,68.28,65.239
GB,2023,2023-06-05,47.519,106.281,83.337,58.762
GB,2023,2023-06-06,75.892,121.912,98.05,46.02
GB,2023,2023-06-07,65.412,109.393,85.241,43.98
GB,2023,2023-06-08,67.696,112.079,84.805,44.384
GB,2023,2023-06-09,66.595,115.98,87.545,49.385
GB,2023,2023-06-10,10.723,135.806,94.097,125.083
GB,2023,2023-06-11,104.744,157.725,132.496,52.981
GB,2023,2023-06-12,103.644,175.097,144.313,71.454
GB,2023,2023-06-13,75.475,143.162,108.58,67.688
GB,2023,2023-06-14,73.928,144.725,103.363,70.797
GB,2023,2023-06-15,90.269,168.418,119.204,78.149
GB,2023,2023-06-16,89.766,150.091,117.111,60.326
GB,2023,2023-06-17,82.321,142.371,107.717,60.051
GB,2023,2023-06-18,72.131,130.186,97.976,58.055
GB,2023,2023-06-19,80.323,146.438,105.24,66.115
GB,2023,2023-06-20,80.24,147.103,108.591,66.863
GB,2023,2023-06-21,85.357,153.266,110.936,67.909
GB,2023,2023-06-22,96.092,136.173,113.965,40.08
GB,2023,2023-06-23,76.159,130.71,105.796,54.551
GB,2023,2023-06-24,67.789,143.263,107.749,75.475
GB,2023,2023-06-25,16.747,141.725,81.672,124.978
GB,2023,2023-06-26,80.224,135.535,109.01,55.311
GB,2023,2023-06-27,53.814,133.516,98.336,79.701
GB,2023,2023-06-28,83.707,163.799,115.954,80.091
GB,2023,2023-06-29,77.865,123.356,102.767,45.492
GB,2023,2023-06-30,39.929,113.256,86.493,73.327
GB,2023,2023-07-01,-45.247,61.227,3.387,106.475
GB,2023,2023-07-02,-80.545,97.765,7.528,178.31
GB,2023,2023-07-03,-8.333,121.168,53.603,129.501
GB,2023,2023-07-04,23.368,171.396,105.766,148.028
GB,2023,2023-07-05,51.66,113.094,86.854,61.434
GB,2023,2023-07-06,77.541,150.311,107.514,72.77
GB,2023,2023-07-07,54.978,113.115,84.184,58.137
GB,2023,2023-07-08,56.619,142.7,104.204,86.081
GB,2023,2023-07-09,84.252,136.551,103.631,52.299
GB,2023,2023-07-10,85.609,137.987,109.813,52.378
GB,2023,2023-07-11,78.757,123.681,99.317,44.924
GB,2023,2023-07-12,72.554,148.932,102.236,76.378
GB,2023,2023-07-13,63.405,114.239,82.378,50.834
GB,2023,2023-07-14,23.42,97.155,77.891,73.735
GB,2023,2023-07-15,-10.837,85.168,31.304,96.004
GB,2023,2023-07-16,-36.967,106.677,28.827,143.644
GB,2023,2023-07-17,31.366,108.061,70.791,76.695
GB,2023,2023-07-18,67.831,218.318,107.474,150.487
GB,2023,2023-07-19,71.959,116.932,99.088,44.973
GB,2023,2023-07-20,73.786,128.566,99.123,54.78
GB,2023,2023-07-21,80.992,108.845,92.302,27.853
GB,2023,2023-07-22,38.123,118.792,86.43,80.669
GB,2023,2023-07-23,-44.968,97.058,25.641,142.026
GB,2023,2023-07-24,70.718,134.447,108.448,63.729
GB,2023,2023-07-25,81.766,120.299,98.354,38.533
GB,2023,2023-07-26,75.028,108.005,93.284,32.977
GB,2023,2023-07-27,71.31,114.252,95.438,42.941
GB,2023,2023-07-28,76.812,116.935,95.463,40.124
GB,2023,2023-07-29,28.98,96.961,76.188,67.982
GB,2023,2023-07-30,-3.267,111.939,54.856,115.206
GB,2023,2023-07-31,22.369,106.215,73.576,83.845
GB,2023,2023-08-01,51.767,124.498,78.115,72.73
GB,2023,2023-08-02,48.014,112.944,74.908,64.931
GB,2023,2023-08-03,49.273,118.35,90.971,69.078
GB,2023,2023-08-04,69.75,134.199,94.627,64.448
GB,2023,2023-08-05,63.213,102.903,80.525,39.69
GB,2023,2023-08-06,65.713,95.106,79.978,29.393
GB,2023,2023-08-07,36.443,109.473,76.951,73.03
GB,2023,2023-08-08,36.683,117.319,80.781,80.637
GB,2023,2023-08-09,68.705,128.794,89.857,60.089
GB,2023,2023-08-10,75.319,143.46,103.633,68.142
GB,2023,2023-08-11,18.371,124.718,89.794,106.347
GB,2023,2023-08-12,0.469,110.334,82.053,109.865
GB,2023,2023-08-13,41.173,112.77,85.938,71.596
GB,2023,2023-08-14,82.723,128.928,100.93,46.204
GB,2023,2023-08-15,80.693,137.235,102.413,56.541
GB,2023,2023-08-16,82.638,123.522,97.674,40.884
GB,2023,2023-08-17,73.183,103.191,87.321,30.008
GB,2023,2023-08-18,61.315,114.787,84.39,53.472
GB,2023,2023-08-19,-19.937,125.852,52.954,145.79
GB,2023,2023-08-20,67.947,133.882,106.433,65.935
GB,2023,2023-08-21,92.67,148.19,116.563,55.519
GB,2023,2023-08-22,95.09,172.598,126.691,77.508
GB,2023,2023-08-23,98.537,227.908,134.766,129.371
GB,2023,2023-08-24,84.6,163.859,113.327,79.259
GB,2023,2023-08-25,80.701,135.125,104.654,54.424
GB,2023,2023-08-26,82.213,115.532,94.203,33.319
GB,2023,2023-08-27,72.248,106.022,84.216,33.774
GB,2023,2023-08-28,73.746,141.922,108.4,68.176
GB,2023,2023-08-29,77.586,135.115,101.465,57.53
GB,2023,2023-08-30,81.588,126.088,99.571,44.501
GB,2023,2023-08-31,79.336,130.527,102.905,51.191
GB,2023,2023-09-01,89.218,131.17,109.442,41.952
GB,2023,2023-09-02,63.96,123.577,99.337,59.617
GB,2023,2023-09-03,46.582,127.785,87.525,81.204
GB,2023,2023-09-04,78.545,133.448,94.703,54.904
GB,2023,2023-09-05,70.743,133.314,95.255,62.571
GB,2023,2023-09-06,78.553,188.368,104.244,109.815
GB,2023,2023-09-07,80.431,131.333,98.164,50.902
GB,2023,2023-09-08,84.254,214.988,121.9,130.734
GB,2023,2023-09-09,81.513,146.877,107.591,65.364
GB,2023,2023-09-10,86.732,135.452,110.519,48.72
GB,2023,2023-09-11,78.803,179.083,107.861,100.28
GB,2023,2023-09-12,81.205,153.017,108.177,71.813
GB,2023,2023-09-13,75.822,118.626,98.05,42.804
GB,2023,2023-09-14,76.592,142.229,106.094,65.638
GB,2023,2023-09-15,81.01,131.978,102.794,50.968
GB,2023,2023-09-16,73.15,138.906,101.401,65.756
GB,2023,2023-09-17,64.667,156.431,105.573,91.764
GB,2023,2023-09-18,5.259,138.755,86.119,133.496
GB,2023,2023-09-19,-27.973,115.971,75.711,143.944
GB,2023,2023-09-20,-14.18,129.984,74.478,144.164
GB,2023,2023-09-21,1.424,174.61,96.974,173.186
GB,2023,2023-09-22,82.66,150.475,108.124,67.815
GB,2023,2023-09-23,42.906,124.996,96.439,82.09
GB,2023,2023-09-24,-54.56,106.792,5.125,161.351
GB,2023,2023-09-25,-88.507,142.856,59.36,231.363
GB,2023,2023-09-26,56.769,145.65,110.149,88.882
GB,2023,2023-09-27,-31.557,153.306,96.782,184.863
GB,2023,2023-09-28,19.222,161.74,106.647,142.518
GB,2023,2023-09-29,55.194,122.875,90.091,67.68
GB,2023,2023-09-30,92.542,140.016,109.675,47.474
GB,2023,2023-10-01,54.009,139.848,96.156,85.839
GB,2023,2023-10-02,39.918,175.896,103.99,135.978
GB,2023,2023-10-03,-7.848,126.724,57.14,134.572
GB,2023,2023-10-04,8.182,123.539,76.388,115.357
GB,2023,2023-10-05,-24.219,113.891,66.525,138.11
GB,2023,2023-10-06,-83.557,115.559,35.015,199.116
GB,2023,2023-10-07,1.48,117.397,58.91,115.917
GB,2023,2023-10-08,79.765,144.001,104.211,64.235
GB,2023,2023-10-09,84.189,187.841,110.058,103.652
GB,2023,2023-10-10,39.287,140.693,102.14,101.406
GB,2023,2023-10-11,-9.442,166.151,103.647,175.593
GB,2023,2023-10-12,102.266,185.503,129.105,83.237
GB,2023,2023-10-13,4.259,152.41,89.578,148.151
GB,2023,2023-10-14,-11.451,157.218,43.0,168.669
GB,2023,2023-10-15,2.615,237.129,90.88,234.514
GB,2023,2023-10-16,107.557,201.04,140.136,93.483
GB,2023,2023-10-17,40.498,157.366,96.902,116.868
GB,2023,2023-10-18,23.156,142.154,88.319,118.999
GB,2023,2023-10-19,18.611,148.166,100.561,129.555
GB,2023,2023-10-20,0.212,136.757,92.371,136.545
GB,2023,2023-10-21,24.085,154.673,107.358,130.588
GB,2023,2023-10-22,106.836,188.149,142.015,81.312
GB,2023,2023-10-23,102.131,166.632,134.515,64.502
GB,2023,2023-10-24,109.618,160.689,135.952,51.072
GB,2023,2023-10-25,105.198,158.15,131.227,52.952
GB,2023,2023-10-26,101.956,143.719,115.332,41.763
GB,2023,2023-10-27,101.312,165.749,129.672,64.437
GB,2023,2023-10-28,37.134,162.308,117.596,125.174
GB,2023,2023-10-29,-6.09,150.552,68.444,156.642
GB,2023,2023-10-30,-14.489,181.922,107.254,196.411
GB,2023,2023-10-31,75.916,132.969,106.755,57.053
GB,2023,2023-11-01,26.655,106.274,83.482,79.619
GB,2023,2023-11-02,10.853,125.714,85.776,114.862
GB,2023,2023-11-03,2.288,139.32,94.836,137.033
GB,2023,2023-11-04,91.317,141.384,118.495,50.067
GB,2023,2023-11-05,77.463,159.698,115.919,82.234
GB,2023,2023-11-06,46.387,147.692,92.786,101.304
GB,2023,2023-11-07,53.981,148.034,101.118,94.053
GB,2023,2023-11-08,69.609,135.253,101.372,65.644
GB,2023,2023-11-09,51.155,134.144,95.949,82.988
GB,2023,2023-11-10,59.456,135.998,100.285,76.543
GB,2023,2023-11-11,63.95,139.721,97.888,75.771
GB,2023,2023-11-12,82.055,125.447,99.042,43.392
GB,2023,2023-11-13,67.334,104.836,88.386,37.502
GB,2023,2023-11-14,21.879,123.535,90.634,101.657
GB,2023,2023-11-15,60.874,143.73,109.215,82.855
GB,2023,2023-11-16,94.733,170.927,134.581,76.194
GB,2023,2023-11-17,90.634,156.576,113.837,65.942
GB,2023,2023-11-18,12.798,133.829,91.784,121.031
GB,2023,2023-11-19,-13.656,150.403,70.465,164.06
GB,2023,2023-11-20,71.129,144.3,107.988,73.171
GB,2023,2023-11-21,82.112,130.826,109.45,48.714
GB,2023,2023-11-22,57.566,124.647,100.095,67.08
GB,2023,2023-11-23,8.753,137.687,79.097,128.934
GB,2023,2023-11-24,-9.842,157.68,94.778,167.523
GB,2023,2023-11-25,74.835,166.786,106.929,91.951
GB,2023,2023-11-26,101.471,159.523,121.488,58.052
GB,2023,2023-11-27,95.58,140.012,119.487,44.432
GB,2023,2023-11-28,90.359,168.106,132.449,77.747
GB,2023,2023-11-29,86.57,223.126,138.141,136.556
GB,2023,2023-11-30,91.371,192.982,141.432,101.612
GB,2023,2023-12-01,100.599,186.763,145.193,86.164
GB,2023,2023-12-02,101.034,172.939,139.162,71.904
GB,2023,2023-12-03,98.53,142.019,110.12,43.489
GB,2023,2023-12-04,66.943,132.97,108.41,66.028
GB,2023,2023-12-05,74.799,144.564,114.902,69.765
GB,2023,2023-12-06,83.67,205.502,135.762,121.832
GB,2023,2023-12-07,65.312,130.111,107.371,64.799
GB,2023,2023-12-08,65.562,132.052,96.693,66.49
GB,2023,2023-12-09,47.012,88.954,67.972,41.942
GB,2023,2023-12-10,61.367,105.817,84.289,44.451
GB,2023,2023-12-11,39.974,124.252,91.545,84.278
GB,2023,2023-12-12,70.274,108.422,90.882,38.148
GB,2023,2023-12-13,70.622,106.503,91.265,35.88
GB,2023,2023-12-14,76.569,124.955,99.142,48.386
GB,2023,2023-12-15,66.565,100.62,84.115,34.055
GB,2023,2023-12-16,34.841,82.963,64.031,48.123
GB,2023,2023-12-17,29.697,102.187,62.068,72.49
GB,2023,2023-12-18,51.001,93.256,75.686,42.255
GB,2023,2023-12-19,32.714,106.406,79.935,73.692
GB,2023,2023-12-20,-19.508,77.5,48.201,97.008
GB,2023,2023-12-21,2.794,90.122,46.749,87.328
GB,2023,2023-12-22,-6.202,107.102,56.396,113.305
GB,2023,2023-12-23,-5.325,74.273,33.998,79.598
GB,2023,2023-12-24,-16.345,55.279,6.463,71.625
GB,2023,2023-12-25,-23.54,128.306,39.75,151.846
GB,2023,2023-12-26,-16.132,139.205,59.694,155.337
GB,2023,2023-12-27,-3.0,86.33,49.094,89.33
GB,2023,2023-12-28,-10.86,89.369,23.453,100.23
GB,2023,2023-12-29,-1.594,124.268,69.208,125.862
GB,2023,2023-12-30,10.402,106.858,72.373,96.456
GB,2023,2023-12-31,-18.106,101.887,45.524,119.993
GB,2024,2024-01-01,-19.498,92.429,59.471,111.927
GB,2024,2024-01-02,-16.169,90.357,56.754,106.527
GB,2024,2024-01-03,62.779,111.773,90.331,48.994
GB,2024,2024-01-04,62.623,130.19,89.539,67.566
GB,2024,2024-01-05,70.717,107.29,90.253,36.573
GB,2024,2024-01-06,74.301,123.576,95.057,49.275
GB,2024,2024-01-07,80.64,130.75,101.1,50.11
GB,2024,2024-01-08,75.897,115.769,93.227,39.872
GB,2024,2024-01-09,65.71,107.804,83.392,42.094
GB,2024,2024-01-10,72.963,142.625,106.134,69.662
GB,2024,2024-01-11,80.266,122.834,98.631,42.568
GB,2024,2024-01-12,76.981,129.116,107.195,52.135
GB,2024,2024-01-13,86.486,125.684,101.935,39.197
GB,2024,2024-01-14,85.201,105.294,95.243,20.093
GB,2024,2024-01-15,72.582,108.173,90.6,35.591
GB,2024,2024-01-16,70.349,131.265,96.884,60.916
GB,2024,2024-01-17,67.329,120.074,90.244,52.745
GB,2024,2024-01-18,67.3,125.768,97.217,58.468
GB,2024,2024-01-19,63.694,109.648,82.42,45.954
GB,2024,2024-01-20,68.331,96.959,79.803,28.628
GB,2024,2024-01-21,63.262,109.112,82.79,45.849
GB,2024,2024-01-22,34.572,101.256,75.369,66.684
GB,2024,2024-01-23,5.269,89.153,56.579,83.884
GB,2024,2024-01-24,7.558,97.232,61.731,89.674
GB,2024,2024-01-25,60.043,98.12,77.497,38.077
GB,2024,2024-01-26,29.724,93.46,66.23,63.736
GB,2024,2024-01-27,38.422,95.879,64.808,57.457
GB,2024,2024-01-28,24.629,102.714,60.063,78.085
GB,2024,2024-01-29,71.707,104.481,90.6,32.774
GB,2024,2024-01-30,55.221,95.086,74.681,39.864
GB,2024,2024-01-31,44.794,90.929,71.771,46.134
GB,2024,2024-02-01,38.171,91.907,66.94,53.736
GB,2024,2024-02-02,24.055,81.911,58.167,57.856
GB,2024,2024-02-03,2.357,88.297,47.084,85.94
GB,2024,2024-02-04,-7.829,98.882,35.364,106.711
GB,2024,2024-02-05,-4.784,100.204,61.072,104.989
GB,2024,2024-02-06,4.131,119.009,62.632,114.878
GB,2024,2024-02-07,65.5,121.534,88.641,56.034
GB,2024,2024-02-08,61.573,107.083,79.381,45.509
GB,2024,2024-02-09,65.578,93.773,77.842,28.195
GB,2024,2024-02-10,64.115,92.814,80.989,28.699
GB,2024,2024-02-11,63.904,95.892,76.737,31.987
GB,2024,2024-02-12,63.432,102.23,79.157,38.798
GB,2024,2024-02-13,64.849,86.318,74.922,21.469
GB,2024,2024-02-14,54.705,86.608,72.701,31.903
GB,2024,2024-02-15,50.236,80.364,66.312,30.128
GB,2024,2024-02-16,63.378,96.408,76.863,33.03
GB,2024,2024-02-17,54.366,77.717,63.273,23.351
GB,2024,2024-02-18,37.212,77.764,61.441,40.553
GB,2024,2024-02-19,17.309,95.181,57.539,77.872
GB,2024,2024-02-20,47.239,86.651,65.5,39.412
GB,2024,2024-02-21,20.772,84.584,58.171,63.812
GB,2024,2024-02-22,29.454,98.342,72.634,68.888
GB,2024,2024-02-23,54.289,101.418,73.492,47.129
GB,2024,2024-02-24,67.313,103.943,81.938,36.63
GB,2024,2024-02-25,57.206,83.9,68.471,26.693
GB,2024,2024-02-26,50.599,79.163,65.394,28.563
GB,2024,2024-02-27,53.644,105.705,69.024,52.061
GB,2024,2024-02-28,59.914,105.134,74.935,45.22
GB,2024,2024-02-29,48.777,91.606,72.864,42.829
GB,2024,2024-03-01,62.906,110.565,81.812,47.659
GB,2024,2024-03-02,65.716,87.162,73.889,21.446
GB,2024,2024-03-03,62.48,87.752,73.171,25.272
GB,2024,2024-03-04,59.533,101.13,75.259,41.597
GB,2024,2024-03-05,59.853,110.062,77.843,50.209
GB,2024,2024-03-06,65.75,113.71,82.154,47.96
GB,2024,2024-03-07,59.693,98.572,79.462,38.879
GB,2024,2024-03-08,48.316,103.942,74.699,55.625
GB,2024,2024-03-09,37.144,90.415,65.594,53.271
GB,2024,2024-03-10,37.379,95.235,71.933,57.856
GB,2024,2024-03-11,62.829,125.34,86.398,62.512
GB,2024,2024-03-12,63.329,99.394,78.421,36.064
GB,2024,2024-03-13,55.424,104.931,71.355,49.508
GB,2024,2024-03-14,49.59,101.253,76.698,51.662
GB,2024,2024-03-15,29.639,89.369,55.583,59.73
GB,2024,2024-03-16,61.72,91.072,77.071,29.353
GB,2024,2024-03-17,48.993,103.635,76.277,54.642
GB,2024,2024-03-18,41.356,109.313,77.521,67.957
GB,2024,2024-03-19,47.2,141.898,81.626,94.698
GB,2024,2024-03-20,76.032,137.626,95.207,61.594
GB,2024,2024-03-21,24.861,97.773,71.604,72.913
GB,2024,2024-03-22,1.463,90.308,42.55,88.846
GB,2024,2024-03-23,-17.402,79.055,15.422,96.457
GB,2024,2024-03-24,-15.904,114.581,48.25,130.485
GB,2024,2024-03-25,62.825,124.583,83.529,61.758
GB,2024,2024-03-26,51.715,113.302,83.011,61.587
GB,2024,2024-03-27,36.121,98.93,76.196,62.809
GB,2024,2024-03-28,53.479,104.508,80.92,51.029
GB,2024,2024-03-29,75.061,121.892,90.444,46.831
GB,2024,2024-03-30,71.559,107.485,88.582,35.926
GB,2024,2024-03-31,31.575,92.147,69.213,60.572
GB,2024,2024-04-01,34.376,107.631,75.875,73.255
GB,2024,2024-04-02,48.024,101.205,76.772,53.181
GB,2024,2024-04-03,37.55,93.784,71.308,56.234
GB,2024,2024-04-04,42.337,83.607,63.877,41.27
GB,2024,2024-04-05,7.322,81.657,38.672,74.336
GB,2024,2024-04-06,-28.418,65.866,7.541,94.284
GB,2024,2024-04-07,-70.372,78.539,1.009,148.91
GB,2024,2024-04-08,22.839,98.158,67.971,75.319
GB,2024,2024-04-09,0.829,50.127,24.594,49.298
GB,2024,2024-04-10,3.268,104.707,57.667,101.438
GB,2024,2024-04-11,-3.859,89.307,55.758,93.166
GB,2024,2024-04-12,-5.566,69.243,22.7,74.809
GB,2024,2024-04-13,-36.922,54.51,7.905,91.432
GB,2024,2024-04-14,-56.231,99.796,8.717,156.028
GB,2024,2024-04-15,-10.117,72.566,22.344,82.683
GB,2024,2024-04-16,-12.172,99.228,64.496,111.4
GB,2024,2024-04-17,64.145,122.371,85.961,58.226
GB,2024,2024-04-18,17.95,115.581,70.488,97.632
GB,2024,2024-04-19,-2.383,96.665,57.522,99.048
GB,2024,2024-04-20,43.576,99.924,76.526,56.348
GB,2024,2024-04-21,26.641,102.061,60.062,75.42
GB,2024,2024-04-22,65.494,128.689,91.884,63.195
GB,2024,2024-04-23,67.716,103.306,81.058,35.59
GB,2024,2024-04-24,70.865,112.729,88.916,41.864
GB,2024,2024-04-25,68.305,104.167,81.221,35.862
GB,2024,2024-04-26,72.592,115.987,85.13,43.395
GB,2024,2024-04-27,75.499,111.504,91.868,36.004
GB,2024,2024-04-28,27.159,96.931,71.623,69.772
GB,2024,2024-04-29,30.026,106.073,68.62,76.047
GB,2024,2024-04-30,8.096,100.277,59.786,92.182
GB,2024,2024-05-01,56.787,120.405,87.834,63.619
GB,2024,2024-05-02,31.378,98.95,75.197,67.572
GB,2024,2024-05-03,56.256,117.052,85.266,60.796
GB,2024,2024-05-04,65.652,114.493,87.829,48.841
GB,2024,2024-05-05,78.313,100.084,87.643,21.771
GB,2024,2024-05-06,71.428,117.675,89.411,46.247
GB,2024,2024-05-07,71.365,108.484,85.669,37.119
GB,2024,2024-05-08,69.816,97.162,81.935,27.346
GB,2024,2024-05-09,66.202,111.123,81.315,44.921
GB,2024,2024-05-10,65.911,100.552,82.517,34.641
GB,2024,2024-05-11,-3.713,111.458,67.247,115.171
GB,2024,2024-05-12,-31.3,96.647,31.778,127.947
GB,2024,2024-05-13,69.342,114.121,92.075,44.779
GB,2024,2024-05-14,80.272,118.756,91.277,38.484
GB,2024,2024-05-15,77.161,111.795,90.532,34.634
GB,2024,2024-05-16,72.813,107.833,91.461,35.02
GB,2024,2024-05-17,68.577,94.947,82.409,26.37
GB,2024,2024-05-18,74.681,102.585,88.323,27.905
GB,2024,2024-05-19,68.349,112.721,84.997,44.372
GB,2024,2024-05-20,76.565,123.954,91.893,47.389
GB,2024,2024-05-21,75.246,123.584,96.845,48.338
GB,2024,2024-05-22,46.856,106.934,80.83,60.077
GB,2024,2024-05-23,23.44,127.708,91.056,104.268
GB,2024,2024-05-24,92.543,127.662,109.154,35.118
GB,2024,2024-05-25,51.155,104.005,83.182,52.85
GB,2024,2024-05-26,41.911,114.018,89.14,72.107
GB,2024,2024-05-27,30.093,134.307,79.505,104.214
GB,2024,2024-05-28,33.492,118.512,91.141,85.02
GB,2024,2024-05-29,13.879,118.425,79.453,104.546
GB,2024,2024-05-30,57.928,116.115,85.828,58.187
GB,2024,2024-05-31,65.331,117.894,96.545,52.563
GB,2024,2024-06-01,79.459,110.18,94.507,30.721
GB,2024,2024-06-02,10.836,126.434,67.347,115.598
GB,2024,2024-06-03,76.349,148.336,106.451,71.987
GB,2024,2024-06-04,30.578,115.829,76.433,85.251
GB,2024,2024-06-05,-41.794,112.507,46.37,154.301
GB,2024,2024-06-06,35.269,120.04,85.127,84.771
GB,2024,2024-06-07,5.545,97.239,61.346,91.694
GB,2024,2024-06-08,-15.69,95.53,37.174,111.219
GB,2024,2024-06-09,-17.763,129.958,47.079,147.721
GB,2024,2024-06-10,-1.106,103.867,57.301,104.973
GB,2024,2024-06-11,48.742,129.956,90.794,81.213
GB,2024,2024-06-12,73.241,120.156,99.183,46.915
GB,2024,2024-06-13,62.556,123.787,97.826,61.23
GB,2024,2024-06-14,56.618,133.822,100.781,77.204
GB,2024,2024-06-15,60.709,125.212,108.684,64.503
GB,2024,2024-06-16,-15.219,111.62,33.45,126.839
GB,2024,2024-06-17,80.966,131.88,108.612,50.915
GB,2024,2024-06-18,87.751,130.051,103.72,42.3
GB,2024,2024-06-19,78.669,119.354,96.392,40.684
GB,2024,2024-06-20,83.656,120.331,100.857,36.675
GB,2024,2024-06-21,82.703,120.861,99.91,38.158
GB,2024,2024-06-22,61.392,108.114,87.631,46.723
GB,2024,2024-06-23,68.578,112.675,88.673,44.096
GB,2024,2024-06-24,79.618,134.12,96.214,54.503
GB,2024,2024-06-25,77.097,123.359,95.845,46.262
GB,2024,2024-06-26,77.907,123.027,99.327,45.12
GB,2024,2024-06-27,-4.545,122.314,64.533,126.859
GB,2024,2024-06-28,-4.23,121.317,46.07,125.546
GB,2024,2024-06-29,20.434,128.66,81.773,108.226
GB,2024,2024-06-30,48.069,114.877,89.741,66.808
GB,2024,2024-07-01,71.665,118.387,97.061,46.721
GB,2024,2024-07-02,23.686,119.486,89.944,95.8
GB,2024,2024-07-03,3.218,123.524,79.736,120.306
GB,2024,2024-07-04,-12.497,37.248,10.838,49.744
GB,2024,2024-07-05,-1.702,116.442,64.609,118.144
GB,2024,2024-07-06,38.115,100.877,74.754,62.762
GB,2024,2024-07-07,5.844,106.497,72.724,100.652
GB,2024,2024-07-08,71.526,114.637,90.038,43.111
GB,2024,2024-07-09,73.866,109.864,91.096,35.998
GB,2024,2024-07-10,46.073,110.757,86.271,64.684
GB,2024,2024-07-11,75.156,121.932,92.599,46.777
GB,2024,2024-07-12,67.518,97.05,80.803,29.531
GB,2024,2024-07-13,50.268,104.648,75.056,54.38
GB,2024,2024-07-14,22.421,95.64,69.652,73.219
GB,2024,2024-07-15,71.604,123.999,94.073,52.395
GB,2024,2024-07-16,72.712,128.132,100.206,55.42
GB,2024,2024-07-17,74.969,120.366,93.429,45.397
GB,2024,2024-07-18,65.809,125.821,83.168,60.012
GB,2024,2024-07-19,61.408,106.283,79.914,44.874
GB,2024,2024-07-20,71.488,98.582,83.089,27.094
GB,2024,2024-07-21,56.2,119.411,82.695,63.212
GB,2024,2024-07-22,72.339,132.328,96.094,59.989
GB,2024,2024-07-23,85.955,125.908,105.354,39.953
GB,2024,2024-07-24,73.994,121.884,90.95,47.89
GB,2024,2024-07-25,70.657,100.641,86.351,29.983
GB,2024,2024-07-26,61.236,104.239,81.379,43.003
GB,2024,2024-07-27,69.319,103.558,83.753,34.239
GB,2024,2024-07-28,71.968,110.443,87.969,38.476
GB,2024,2024-07-29,73.739,110.997,86.329,37.258
GB,2024,2024-07-30,68.858,127.451,91.887,58.592
GB,2024,2024-07-31,70.064,115.649,86.441,45.585
GB,2024,2024-08-01,77.133,129.37,101.364,52.237
GB,2024,2024-08-02,69.5,115.835,90.822,46.335
GB,2024,2024-08-03,65.976,114.106,89.37,48.129
GB,2024,2024-08-04,4.971,91.759,61.563,86.788
GB,2024,2024-08-05,1.782,108.555,61.375,106.774
GB,2024,2024-08-06,19.518,109.549,75.862,90.031
GB,2024,2024-08-07,24.864,98.604,64.638,73.74
GB,2024,2024-08-08,38.174,97.592,81.346,59.418
GB,2024,2024-08-09,-17.064,91.077,20.609,108.14
GB,2024,2024-08-10,-33.982,112.44,24.851,146.422
GB,2024,2024-08-11,-1.202,103.923,75.533,105.124
GB,2024,2024-08-12,-15.639,127.767,51.131,143.407
GB,2024,2024-08-13,36.737,113.319,87.043,76.581
GB,2024,2024-08-14,65.339,105.528,85.529,40.189
GB,2024,2024-08-15,-4.339,97.191,52.306,101.53
GB,2024,2024-08-16,57.631,110.398,83.588,52.768
GB,2024,2024-08-17,48.421,114.022,82.91,65.601
GB,2024,2024-08-18,16.293,114.199,68.527,97.906
GB,2024,2024-08-19,74.006,120.978,94.479,46.972
GB,2024,2024-08-20,6.878,114.726,58.577,107.848
GB,2024,2024-08-21,-16.436,86.679,20.469,103.115
GB,2024,2024-08-22,-22.091,128.816,22.7,150.907
GB,2024,2024-08-23,-12.303,114.672,32.719,126.975
GB,2024,2024-08-24,-0.401,73.094,45.111,73.496
GB,2024,2024-08-25,-26.943,93.594,18.977,120.537
GB,2024,2024-08-26,30.445,128.177,73.517,97.732
GB,2024,2024-08-27,-8.118,142.921,66.008,151.04
GB,2024,2024-08-28,68.748,128.566,103.013,59.818
GB,2024,2024-08-29,86.683,141.764,113.303,55.082
GB,2024,2024-08-30,85.271,113.267,97.431,27.996
GB,2024,2024-08-31,59.623,127.247,94.771,67.624
GB,2024,2024-09-01,25.226,130.629,79.395,105.403
GB,2024,2024-09-02,92.7,141.425,110.896,48.725
GB,2024,2024-09-03,87.976,121.895,102.766,33.918
GB,2024,2024-09-04,85.29,143.63,100.669,58.34
GB,2024,2024-09-05,63.51,132.386,94.994,68.876
GB,2024,2024-09-06,81.62,130.966,105.647,49.346
GB,2024,2024-09-07,84.527,156.923,110.102,72.396
GB,2024,2024-09-08,85.387,123.925,101.259,38.538
GB,2024,2024-09-09,70.082,118.296,94.781,48.213
GB,2024,2024-09-10,-6.705,121.432,57.618,128.137
GB,2024,2024-09-11,-6.85,120.119,62.104,126.969
GB,2024,2024-09-12,73.597,143.31,95.211,69.713
GB,2024,2024-09-13,70.175,135.028,91.523,64.854
GB,2024,2024-09-14,-28.642,96.318,41.415,124.96
GB,2024,2024-09-15,57.532,120.006,96.257,62.474
GB,2024,2024-09-16,89.015,166.722,109.016,77.707
GB,2024,2024-09-17,73.109,144.599,96.2,71.49
GB,2024,2024-09-18,78.86,129.552,98.337,50.692
GB,2024,2024-09-19,77.031,137.648,103.053,60.617
GB,2024,2024-09-20,79.275,115.386,89.462,36.11
GB,2024,2024-09-21,89.09,137.576,106.217,48.486
GB,2024,2024-09-22,82.547,135.651,103.533,53.105
GB,2024,2024-09-23,74.565,121.567,95.278,47.002
GB,2024,2024-09-24,80.005,118.571,95.861,38.566
GB,2024,2024-09-25,81.629,118.43,95.541,36.801
GB,2024,2024-09-26,-0.318,116.352,91.944,116.669
GB,2024,2024-09-27,-17.279,126.725,71.799,144.004
GB,2024,2024-09-28,22.547,149.98,92.079,127.433
GB,2024,2024-09-29,0.666,131.021,87.361,130.355
GB,2024,2024-09-30,-1.801,109.554,76.158,111.356
GB,2024,2024-10-01,36.007,130.912,97.743,94.906
GB,2024,2024-10-02,76.416,127.431,101.125,51.016
GB,2024,2024-10-03,75.346,130.041,97.053,54.695
GB,2024,2024-10-04,68.466,144.503,99.312,76.037
GB,2024,2024-10-05,54.463,134.591,88.971,80.128
GB,2024,2024-10-06,65.015,135.529,98.699,70.514
GB,2024,2024-10-07,36.702,157.416,93.699,120.713
GB,2024,2024-10-08,50.019,116.809,92.545,66.79
GB,2024,2024-10-09,34.47,123.28,82.102,88.811
GB,2024,2024-10-10,29.742,145.897,99.843,116.154
GB,2024,2024-10-11,67.374,151.705,102.18,84.332
GB,2024,2024-10-12,5.728,115.835,80.25,110.107
GB,2024,2024-10-13,3.25,197.587,97.282,194.337
GB,2024,2024-10-14,84.51,718.819,182.153,634.309
GB,2024,2024-10-15,42.067,127.161,97.785,85.094
GB,2024,2024-10-16,12.822,124.329,91.722,111.506
GB,2024,2024-10-17,84.123,134.623,107.392,50.5
GB,2024,2024-10-18,84.423,115.03,94.332,30.608
GB,2024,2024-10-19,75.693,153.869,108.883,78.176
GB,2024,2024-10-20,-4.227,91.842,21.138,96.068
GB,2024,2024-10-21,-7.052,150.675,75.694,157.727
GB,2024,2024-10-22,62.203,132.355,94.688,70.152
GB,2024,2024-10-23,73.868,151.645,106.632,77.777
GB,2024,2024-10-24,41.888,144.688,102.727,102.8
GB,2024,2024-10-25,96.511,171.471,120.665,74.96
GB,2024,2024-10-26,83.243,144.719,108.579,61.476
GB,2024,2024-10-27,49.593,139.009,91.66,89.416
GB,2024,2024-10-28,20.867,135.292,88.426,114.426
GB,2024,2024-10-29,95.278,157.263,114.148,61.985
GB,2024,2024-10-30,89.781,142.194,114.824,52.412
GB,2024,2024-10-31,70.415,132.891,102.286,62.475
GB,2024,2024-11-01,83.139,135.843,108.455,52.704
GB,2024,2024-11-02,85.931,137.247,101.495,51.317
GB,2024,2024-11-03,87.812,136.95,109.208,49.138
GB,2024,2024-11-04,90.028,198.684,118.51,108.657
GB,2024,2024-11-05,90.89,216.337,132.313,125.447
GB,2024,2024-11-06,91.153,177.89,125.006,86.737
GB,2024,2024-11-07,88.423,148.278,105.001,59.855
GB,2024,2024-11-08,99.071,167.662,131.185,68.592
GB,2024,2024-11-09,97.183,140.898,114.536,43.714
GB,2024,2024-11-10,96.33,129.291,107.817,32.961
GB,2024,2024-11-11,96.982,155.642,124.24,58.66
GB,2024,2024-11-12,103.887,152.49,119.845,48.603
GB,2024,2024-11-13,94.883,152.464,122.774,57.581
GB,2024,2024-11-14,88.266,159.618,118.726,71.352
GB,2024,2024-11-15,67.575,141.052,115.013,73.477
GB,2024,2024-11-16,44.485,144.407,102.932,99.922
GB,2024,2024-11-17,50.099,150.83,104.862,100.731
GB,2024,2024-11-18,87.853,159.616,123.311,71.763
GB,2024,2024-11-19,83.957,146.584,122.447,62.627
GB,2024,2024-11-20,101.613,140.849,119.745,39.236
GB,2024,2024-11-21,102.29,141.348,125.479,39.058
GB,2024,2024-11-22,98.894,153.633,128.725,54.738
GB,2024,2024-11-23,7.061,152.377,94.218,145.316
GB,2024,2024-11-24,4.381,104.525,37.635,100.144
GB,2024,2024-11-25,-3.642,141.245,92.577,144.887
GB,2024,2024-11-26,106.241,199.671,135.8,93.43
GB,2024,2024-11-27,101.763,138.573,117.719,36.811
GB,2024,2024-11-28,116.118,162.592,133.782,46.474
GB,2024,2024-11-29,95.006,150.442,123.031,55.435
GB,2024,2024-11-30,89.898,136.578,115.532,46.68
GB,2024,2024-12-01,74.346,148.573,113.34,74.226
GB,2024,2024-12-02,58.192,163.176,119.04,104.984
GB,2024,2024-12-03,114.673,205.815,150.358,91.142
GB,2024,2024-12-04,109.2,216.214,144.907,107.014
GB,2024,2024-12-05,10.35,138.062,107.008,127.711
GB,2024,2024-12-06,3.283,130.891,90.577,127.608
GB,2024,2024-12-07,36.377,135.031,85.275,98.654
GB,2024,2024-12-08,9.505,139.412,75.082,129.908
GB,2024,2024-12-09,7.113,155.413,106.705,148.3
GB,2024,2024-12-10,94.573,196.663,132.347,102.09
GB,2024,2024-12-11,102.094,357.909,200.273,255.815
GB,2024,2024-12-12,107.288,431.704,239.51,324.416
GB,2024,2024-12-13,93.686,177.378,142.204,83.692
GB,2024,2024-12-14,57.916,128.927,103.753,71.011
GB,2024,2024-12-15,2.318,106.818,60.002,104.5
GB,2024,2024-12-16,9.964,125.42,81.292,115.456
GB,2024,2024-12-17,24.973,126.724,95.49,101.751
GB,2024,2024-12-18,3.375,125.8,67.662,122.425
GB,2024,2024-12-19,-13.639,118.661,69.377,132.3
GB,2024,2024-12-20,12.981,128.566,89.316,115.585
GB,2024,2024-12-21,-3.303,33.002,13.898,36.304
GB,2024,2024-12-22,-3.146,102.875,50.104,106.021
GB,2024,2024-12-23,21.182,122.869,90.637,101.687
GB,2024,2024-12-24,87.664,130.234,111.611,42.57
GB,2024,2024-12-25,75.907,140.982,106.282,65.075
GB,2024,2024-12-26,83.413,154.399,125.9,70.986
GB,2024,2024-12-27,105.61,176.996,134.277,71.386
GB,2024,2024-12-28,111.272,156.069,128.045,44.797
GB,2024,2024-12-29,67.926,141.772,112.412,73.847
GB,2024,2024-12-30,23.14,153.635,96.099,130.494
GB,2024,2024-12-31,-10.299,107.257,36.543,117.556
GB,2025,2025-01-01,-7.532,152.271,67.42,159.802
GB,2025,2025-01-02,101.103,164.561,129.588,63.458
GB,2025,2025-01-03,69.138,165.978,111.388,96.839
GB,2025,2025-01-04,110.648,165.61,130.04,54.962
GB,2025,2025-01-05,88.128,169.9,133.393,81.772
GB,2025,2025-01-06,56.818,142.344,118.359,85.526
GB,2025,2025-01-07,72.49,152.638,125.182,80.148
GB,2025,2025-01-08,63.163,1555.55,403.423,1492.386
GB,2025,2025-01-09,89.043,161.017,126.964,71.974
GB,2025,2025-01-10,86.393,170.528,135.024,84.135
GB,2025,2025-01-11,107.052,181.61,128.161,74.558
GB,2025,2025-01-12,99.608,150.216,128.442,50.608
GB,2025,2025-01-13,96.144,149.75,115.226,53.606
GB,2025,2025-01-14,95.067,160.729,117.712,65.662
GB,2025,2025-01-15,100.797,161.09,129.095,60.293
GB,2025,2025-01-16,106.304,165.866,131.398,59.561
GB,2025,2025-01-17,105.378,185.565,137.901,80.187
GB,2025,2025-01-18,106.42,179.692,129.759,73.272
GB,2025,2025-01-19,114.04,178.804,138.703,64.764
GB,2025,2025-01-20,110.205,299.995,184.157,189.791
GB,2025,2025-01-21,119.818,259.748,167.251,139.93
GB,2025,2025-01-22,109.038,289.886,184.472,180.848
GB,2025,2025-01-23,93.272,160.203,133.762,66.931
GB,2025,2025-01-24,8.287,145.683,102.007,137.396
GB,2025,2025-01-25,18.783,173.474,94.095,154.692
GB,2025,2025-01-26,27.099,150.397,111.691,123.299
GB,2025,2025-01-27,25.462,140.026,95.882,114.564
GB,2025,2025-01-28,12.687,139.153,102.701,126.467
GB,2025,2025-01-29,59.135,165.731,119.775,106.596
GB,2025,2025-01-30,95.848,194.647,134.637,98.799
GB,2025,2025-01-31,134.879,175.832,149.245,40.953
GB,2025,2025-02-01,114.283,159.554,134.672,45.271
GB,2025,2025-02-02,99.321,173.925,132.265,74.604
GB,2025,2025-02-03,109.964,183.236,131.943,73.272
GB,2025,2025-02-04,104.023,174.797,135.948,70.773
GB,2025,2025-02-05,116.242,190.883,148.724,74.64
GB,2025,2025-02-06,117.747,202.484,140.211,84.737
GB,2025,2025-02-07,108.19,162.946,135.293,54.755
GB,2025,2025-02-08,108.952,188.344,152.79,79.391
GB,2025,2025-02-09,113.715,161.11,134.646,47.395
GB,2025,2025-02-10,101.467,167.369,135.625,65.902
GB,2025,2025-02-11,128.187,175.556,154.566,47.37
GB,2025,2025-02-12,122.549,194.143,158.764,71.594
GB,2025,2025-02-13,120.593,197.844,157.466,77.251
GB,2025,2025-02-14,111.711,161.882,130.308,50.171
GB,2025,2025-02-15,117.821,165.805,139.382,47.984
GB,2025,2025-02-16,98.468,157.892,119.532,59.424
GB,2025,2025-02-17,104.17,176.669,128.756,72.498
GB,2025,2025-02-18,82.325,180.765,120.215,98.44
GB,2025,2025-02-19,83.325,163.089,121.298,79.764
GB,2025,2025-02-20,50.149,136.128,98.134,85.979
GB,2025,2025-02-21,13.557,105.921,58.373,92.363
GB,2025,2025-02-22,43.62,149.323,86.354,105.703
GB,2025,2025-02-23,9.721,121.593,56.731,111.872
GB,2025,2025-02-24,9.284,131.722,73.35,122.438
GB,2025,2025-02-25,95.956,154.424,118.639,58.468
GB,2025,2025-02-26,98.174,162.952,118.248,64.778
GB,2025,2025-02-27,94.317,151.277,113.97,56.959
GB,2025,2025-02-28,104.185,147.825,119.534,43.64
GB,2025,2025-03-01,97.079,148.018,118.492,50.939
GB,2025,2025-03-02,102.315,155.372,123.436,53.058
GB,2025,2025-03-03,80.534,171.901,116.14,91.367
GB,2025,2025-03-04,51.094,156.907,101.232,105.812
GB,2025,2025-03-05,15.695,153.85,82.574,138.156
GB,2025,2025-03-06,48.622,149.779,111.119,101.158
GB,2025,2025-03-07,50.245,158.489,106.247,108.244
GB,2025,2025-03-08,86.6,136.333,107.791,49.734
GB,2025,2025-03-09,88.919,135.186,109.66,46.267
GB,2025,2025-03-10,83.805,136.579,102.35,52.773
GB,2025,2025-03-11,84.28,148.452,104.834,64.173
GB,2025,2025-03-12,94.05,168.475,117.551,74.425
GB,2025,2025-03-13,94.303,166.207,122.22,71.904
GB,2025,2025-03-14,103.115,150.09,121.422,46.975
GB,2025,2025-03-15,99.307,137.427,111.971,38.119
GB,2025,2025-03-16,101.054,145.748,114.067,44.694
GB,2025,2025-03-17,102.296,154.19,122.665,51.895
GB,2025,2025-03-18,84.445,145.949,112.489,61.504
GB,2025,2025-03-19,98.646,213.587,137.665,114.941
GB,2025,2025-03-20,100.072,166.967,127.211,66.896
GB,2025,2025-03-21,69.635,144.452,109.262,74.816
GB,2025,2025-03-22,43.819,157.87,107.762,114.051
GB,2025,2025-03-23,92.986,148.356,119.215,55.369
GB,2025,2025-03-24,94.66,156.891,118.527,62.232
GB,2025,2025-03-25,90.798,143.816,109.259,53.019
GB,2025,2025-03-26,95.685,149.474,116.536,53.789
GB,2025,2025-03-27,33.27,130.374,98.397,97.104
GB,2025,2025-03-28,0.576,131.247,59.016,130.671
GB,2025,2025-03-29,-16.297,129.136,65.749,145.433
GB,2025,2025-03-30,-16.939,134.378,35.659,151.317
GB,2025,2025-03-31,84.251,169.047,112.562,84.796
GB,2025,2025-04-01,0.335,142.025,78.075,141.69
GB,2025,2025-04-02,-14.972,152.639,65.069,167.611
GB,2025,2025-04-03,75.663,163.296,118.516,87.634
GB,2025,2025-04-04,20.056,136.336,95.168,116.279
GB,2025,2025-04-05,-80.161,120.615,39.63,200.777
GB,2025,2025-04-06,-12.808,120.08,49.764,132.888
GB,2025,2025-04-07,70.863,141.206,96.31,70.343
GB,2025,2025-04-08,88.01,139.636,104.483,51.627
GB,2025,2025-04-09,80.384,122.711,101.751,42.327
GB,2025,2025-04-10,64.702,143.945,94.17,79.243
GB,2025,2025-04-11,68.483,124.784,90.196,56.3
GB,2025,2025-04-12,-3.155,118.254,78.335,121.409
GB,2025,2025-04-13,24.487,106.774,76.465,82.287
GB,2025,2025-04-14,50.479,114.704,88.144,64.226
GB,2025,2025-04-15,85.503,116.817,103.633,31.314
GB,2025,2025-04-16,73.209,126.802,94.935,53.593
GB,2025,2025-04-17,65.347,128.585,101.473,63.239
GB,2025,2025-04-18,81.463,124.62,99.513,43.157
GB,2025,2025-04-19,21.578,121.528,81.119,99.95
GB,2025,2025-04-20,85.382,127.654,104.057,42.272
GB,2025,2025-04-21,95.897,124.608,108.18,28.711
GB,2025,2025-04-22,82.031,142.124,97.449,60.093
GB,2025,2025-04-23,79.977,138.246,96.176,58.268
GB,2025,2025-04-24,77.596,105.684,89.95,28.088
GB,2025,2025-04-25,78.783,139.814,100.117,61.03
GB,2025,2025-04-26,65.666,119.898,94.001,54.232
GB,2025,2025-04-27,-38.495,101.559,45.879,140.054
GB,2025,2025-04-28,68.71,174.131,100.074,105.42
GB,2025,2025-04-29,77.589,130.278,100.873,52.689
GB,2025,2025-04-30,80.171,125.493,97.817,45.322
GB,2025,2025-05-01,68.537,117.14,90.105,48.603
GB,2025,2025-05-02,61.713,120.626,88.498,58.912
GB,2025,2025-05-03,18.481,96.303,63.017,77.821
GB,2025,2025-05-04,-9.868,103.311,31.15,113.178
GB,2025,2025-05-05,71.01,103.341,90.014,32.331
GB,2025,2025-05-06,70.032,134.986,95.584,64.955
GB,2025,2025-05-07,82.64,147.38,106.507,64.74
GB,2025,2025-05-08,88.432,155.781,111.8,67.349
GB,2025,2025-05-09,80.565,154.489,109.758,73.924
GB,2025,2025-05-10,62.805,116.167,90.799,53.362
GB,2025,2025-05-11,46.349,110.098,81.847,63.749
GB,2025,2025-05-12,85.277,125.151,104.816,39.874
GB,2025,2025-05-13,66.53,142.874,101.676,76.344
GB,2025,2025-05-14,76.97,110.113,91.209,33.143
GB,2025,2025-05-15,79.612,134.687,101.459,55.075
GB,2025,2025-05-16,19.064,110.971,80.546,91.907
GB,2025,2025-05-17,0.712,121.823,76.361,121.111
GB,2025,2025-05-18,19.562,113.374,83.131,93.812
GB,2025,2025-05-19,63.113,121.143,97.538,58.029
GB,2025,2025-05-20,76.134,129.128,99.612,52.994
GB,2025,2025-05-21,52.297,123.029,100.016,70.732
GB,2025,2025-05-22,92.002,127.714,110.725,35.713
GB,2025,2025-05-23,79.396,115.271,90.535,35.874
GB,2025,2025-05-24,-8.649,81.162,25.03,89.812
GB,2025,2025-05-25,-8.5,90.766,18.803,99.266
GB,2025,2025-05-26,-4.51,112.566,36.004,117.076
GB,2025,2025-05-27,11.657,132.717,86.576,121.06
GB,2025,2025-05-28,89.265,130.305,103.915,41.04
GB,2025,2025-05-29,-20.676,88.606,31.358,109.281
GB,2025,2025-05-30,40.204,131.241,84.758,91.037
GB,2025,2025-05-31,-2.116,108.113,66.712,110.229
GB,2025,2025-06-01,-8.785,105.926,36.111,114.711
GB,2025,2025-06-02,-0.611,108.531,73.843,109.142
GB,2025,2025-06-03,-40.576,100.788,14.96,141.364
GB,2025,2025-06-04,1.354,109.328,54.13,107.974
GB,2025,2025-06-05,63.505,144.78,101.859,81.274
GB,2025,2025-06-06,44.131,142.654,104.23,98.522
GB,2025,2025-06-07,92.624,135.883,116.272,43.259
GB,2025,2025-06-08,-13.441,108.99,46.47,122.431
GB,2025,2025-06-09,45.192,124.662,93.569,79.469
GB,2025,2025-06-10,22.265,117.125,67.483,94.861
GB,2025,2025-06-11,82.639,124.652,98.154,42.013
GB,2025,2025-06-12,43.605,121.076,91.56,77.471
GB,2025,2025-06-13,7.454,141.811,80.168,134.356
GB,2025,2025-06-14,-30.67,135.35,73.957,166.02
GB,2025,2025-06-15,28.301,118.36,86.001,90.059
GB,2025,2025-06-16,49.284,125.601,95.567,76.317
GB,2025,2025-06-17,45.959,143.243,88.366,97.284
GB,2025,2025-06-18,92.99,160.892,119.173,67.902
GB,2025,2025-06-19,93.315,140.639,115.165,47.325
GB,2025,2025-06-20,97.564,144.143,119.287,46.58
GB,2025,2025-06-21,83.993,139.446,108.584,55.453
GB,2025,2025-06-22,-65.445,113.283,14.738,178.728
GB,2025,2025-06-23,-9.14,115.781,43.539,124.921
GB,2025,2025-06-24,6.866,126.621,71.157,119.755
GB,2025,2025-06-25,84.641,190.089,118.961,105.448
GB,2025,2025-06-26,-14.341,107.827,70.174,122.168
GB,2025,2025-06-27,17.077,109.051,70.126,91.974
GB,2025,2025-06-28,-52.239,102.984,8.384,155.223
GB,2025,2025-06-29,10.294,116.725,80.644,106.431
GB,2025,2025-06-30,72.87,241.853,114.307,168.983
GB,2025,2025-07-01,80.985,265.883,123.113,184.898
GB,2025,2025-07-02,75.067,109.047,90.085,33.98
GB,2025,2025-07-03,71.914,127.767,94.489,55.852
GB,2025,2025-07-04,-27.53,109.217,51.456,136.748
GB,2025,2025-07-05,-13.345,107.507,29.275,120.852
GB,2025,2025-07-06,83.826,124.47,105.098,40.643
GB,2025,2025-07-07,3.583,118.476,73.525,114.894
GB,2025,2025-07-08,58.393,118.987,87.187,60.594
GB,2025,2025-07-09,76.948,121.92,94.688,44.973
GB,2025,2025-07-10,77.443,128.602,93.74,51.159
GB,2025,2025-07-11,75.303,128.959,97.68,53.656
GB,2025,2025-07-12,54.759,121.618,92.729,66.859
GB,2025,2025-07-13,50.11,116.524,89.717,66.414
GB,2025,2025-07-14,62.542,102.331,85.531,39.789
GB,2025,2025-07-15,45.587,117.444,94.073,71.857
GB,2025,2025-07-16,78.161,136.061,103.079,57.899
GB,2025,2025-07-17,81.438,112.06,96.465,30.622
GB,2025,2025-07-18,82.844,113.06,96.77,30.216
GB,2025,2025-07-19,71.598,109.641,93.769,38.043
GB,2025,2025-07-20,81.059,124.752,105.648,43.692
GB,2025,2025-07-21,77.357,103.789,92.532,26.433
GB,2025,2025-07-22,77.36,111.504,97.935,34.144
GB,2025,2025-07-23,80.716,126.151,99.321,45.436
GB,2025,2025-07-24,92.075,117.441,100.277,25.366
GB,2025,2025-07-25,78.497,122.002,95.767,43.505
GB,2025,2025-07-26,80.763,107.424,93.128,26.661
GB,2025,2025-07-27,82.129,107.229,95.564,25.1
GB,2025,2025-07-28,77.042,105.531,90.222,28.488
GB,2025,2025-07-29,76.618,128.214,94.923,51.595
GB,2025,2025-07-30,80.324,116.643,92.824,36.32
GB,2025,2025-07-31,75.714,125.685,95.669,49.971
GB,2025,2025-08-01,46.117,116.082,92.722,69.965
GB,2025,2025-08-02,30.179,105.239,63.957,75.061
GB,2025,2025-08-03,5.753,127.421,56.023,121.668
GB,2025,2025-08-04,-12.31,101.436,37.247,113.747
GB,2025,2025-08-05,-7.966,102.847,27.806,110.813
GB,2025,2025-08-06,18.074,127.487,66.754,109.413
GB,2025,2025-08-07,-13.208,124.225,60.095,137.432
GB,2025,2025-08-08,19.34,118.602,83.742,99.262
GB,2025,2025-08-09,-13.459,111.262,52.87,124.72
GB,2025,2025-08-10,38.594,121.232,87.705,82.638
GB,2025,2025-08-11,78.425,175.271,99.724,96.846
GB,2025,2025-08-12,79.881,147.118,103.216,67.237
GB,2025,2025-08-13,85.934,127.702,101.118,41.768
GB,2025,2025-08-14,79.861,125.401,92.893,45.54
GB,2025,2025-08-15,75.754,115.182,92.132,39.428
GB,2025,2025-08-16,80.422,115.878,98.034,35.456
GB,2025,2025-08-17,62.416,111.013,88.471,48.597
GB,2025,2025-08-18,85.083,121.361,103.693,36.278
GB,2025,2025-08-19,79.543,109.497,90.399,29.954
GB,2025,2025-08-20,84.482,137.426,104.943,52.944
GB,2025,2025-08-21,77.56,111.573,90.128,34.013
GB,2025,2025-08-22,83.861,132.607,100.823,48.746
GB,2025,2025-08-23,82.827,120.767,96.991,37.941
GB,2025,2025-08-24,83.306,115.053,97.156,31.746
GB,2025,2025-08-25,10.538,130.852,90.049,120.314
GB,2025,2025-08-26,83.32,166.142,113.611,82.822
GB,2025,2025-08-27,77.023,124.009,93.811,46.986
GB,2025,2025-08-28,77.643,120.678,92.426,43.036
GB,2025,2025-08-29,78.403,128.842,98.928,50.438
GB,2025,2025-08-30,-8.41,103.299,46.499,111.71
GB,2025,2025-08-31,-4.551,106.859,34.151,111.41
GB,2025,2025-09-01,6.321,109.218,61.118,102.898
GB,2025,2025-09-02,77.718,122.765,93.787,45.047
GB,2025,2025-09-03,73.558,128.376,102.544,54.818
GB,2025,2025-09-04,71.909,118.833,92.218,46.924
GB,2025,2025-09-05,76.1,143.218,93.64,67.118
GB,2025,2025-09-06,-118.599,98.398,19.061,216.997
GB,2025,2025-09-07,-0.64,95.454,35.464,96.094
GB,2025,2025-09-08,63.56,276.895,118.384,213.335
GB,2025,2025-09-09,68.112,125.978,95.671,57.867
GB,2025,2025-09-10,-5.879,119.497,65.788,125.376
GB,2025,2025-09-11,-25.622,109.558,19.849,135.18
GB,2025,2025-09-12,-12.337,129.637,29.876,141.974
GB,2025,2025-09-13,-11.25,118.693,41.988,129.943
GB,2025,2025-09-14,14.024,108.939,86.126,94.915
GB,2025,2025-09-15,-8.518,108.141,31.158,116.659
GB,2025,2025-09-16,-15.631,120.055,45.169,135.686
GB,2025,2025-09-17,26.357,113.683,66.166,87.326
GB,2025,2025-09-18,25.628,125.04,74.355,99.412
GB,2025,2025-09-19,-0.31,143.575,79.772,143.885
GB,2025,2025-09-20,7.315,119.333,75.376,112.018
GB,2025,2025-09-21,-13.694,118.138,43.443,131.833
GB,2025,2025-09-22,65.815,118.244,89.494,52.429
GB,2025,2025-09-23,83.916,140.446,104.455,56.53
GB,2025,2025-09-24,80.369,126.566,98.559,46.197
GB,2025,2025-09-25,81.802,132.39,102.836,50.589
GB,2025,2025-09-26,83.015,121.178,94.598,38.164
GB,2025,2025-09-27,76.831,117.042,90.794,40.212
GB,2025,2025-09-28,89.354,138.478,104.146,49.125
GB,2025,2025-09-29,77.674,147.638,99.693,69.964
GB,2025,2025-09-30,79.9,137.967,96.751,58.066
GB,2025,2025-10-01,76.068,134.105,93.773,58.037
GB,2025,2025-10-02,21.345,123.81,84.883,102.465
GB,2025,2025-10-03,9.391,124.41,64.51,115.018
GB,2025,2025-10-04,-0.986,26.049,9.979,27.034
GB,2025,2025-10-05,1.685,118.766,36.875,117.081
GB,2025,2025-10-06,37.004,150.017,94.445,113.013
GB,2025,2025-10-07,74.589,155.038,101.849,80.449
GB,2025,2025-10-08,86.703,138.173,103.254,51.47
GB,2025,2025-10-09,85.356,142.416,107.368,57.06
GB,2025,2025-10-10,89.166,118.911,100.768,29.745
GB,2025,2025-10-11,80.486,144.064,104.146,63.578
GB,2025,2025-10-12,89.08,136.571,110.812,47.491
GB,2025,2025-10-13,89.593,330.754,145.953,241.161
GB,2025,2025-10-14,88.011,191.104,114.383,103.093
GB,2025,2025-10-15,82.131,159.787,110.079,77.657
GB,2025,2025-10-16,82.227,145.436,100.173,63.209
GB,2025,2025-10-17,86.021,136.86,103.069,50.84
GB,2025,2025-10-18,79.477,125.377,97.13,45.9
GB,2025,2025-10-19,49.908,108.039,74.368,58.131
GB,2025,2025-10-20,55.73,116.667,91.917,60.937
GB,2025,2025-10-21,61.541,118.91,90.277,57.369
GB,2025,2025-10-22,66.17,289.084,112.431,222.914
GB,2025,2025-10-23,0.138,106.777,78.326,106.639
GB,2025,2025-10-24,-1.937,114.17,45.645,116.107
GB,2025,2025-10-25,2.315,99.828,28.089,97.513
GB,2025,2025-10-26,-8.698,80.203,30.501,88.901
GB,2025,2025-10-27,-17.125,126.19,62.851,143.315
GB,2025,2025-10-28,1.341,118.841,56.086,117.5
GB,2025,2025-10-29,27.223,124.083,79.168,96.86
GB,2025,2025-10-30,6.391,103.079,82.628,96.688
GB,2025,2025-10-31,2.717,107.328,67.888,104.611
GB,2025,2025-11-01,12.256,116.776,51.626,104.52
GB,2025,2025-11-02,57.084,110.311,84.962,53.227
GB,2025,2025-11-03,8.448,88.962,54.098,80.513
GB,2025,2025-11-04,4.775,116.589,72.993,111.814
GB,2025,2025-11-05,43.354,107.191,85.039,63.837
GB,2025,2025-11-06,78.716,124.18,98.821,45.464
GB,2025,2025-11-07,73.403,120.429,93.533,47.026
GB,2025,2025-11-08,73.403,116.173,86.641,42.77
GB,2025,2025-11-09,78.26,113.931,89.873,35.671
GB,2025,2025-11-10,47.448,106.738,81.442,59.29
GB,2025,2025-11-11,50.795,99.75,80.062,48.955
GB,2025,2025-11-12,7.101,106.29,59.533,99.19
GB,2025,2025-11-13,8.34,110.835,64.687,102.495
GB,2025,2025-11-14,49.457,99.927,81.809,50.469
GB,2025,2025-11-15,63.503,117.675,84.611,54.171
GB,2025,2025-11-16,80.211,123.768,95.575,43.556
GB,2025,2025-11-17,75.964,141.114,96.651,65.151
GB,2025,2025-11-18,79.243,116.75,93.176,37.507
GB,2025,2025-11-19,84.315,113.51,100.254,29.195
GB,2025,2025-11-20,81.809,164.067,115.973,82.258
GB,2025,2025-11-21,75.542,229.655,126.405,154.112
GB,2025,2025-11-22,76.758,102.011,88.683,25.253
GB,2025,2025-11-23,64.166,122.969,84.44,58.804
GB,2025,2025-11-24,78.589,114.295,97.096,35.705
GB,2025,2025-11-25,73.737,181.02,104.625,107.283
GB,2025,2025-11-26,70.773,137.773,98.156,67.001
GB,2025,2025-11-27,51.257,99.983,75.843,48.726
GB,2025,2025-11-28,62.991,108.541,87.822,45.55
GB,2025,2025-11-29,39.808,89.648,73.871,49.84
GB,2025,2025-11-30,31.724,116.305,77.237,84.581
GB,2025,2025-12-01,50.695,100.046,83.696,49.351
GB,2025,2025-12-02,65.695,139.359,95.61,73.664
GB,2025,2025-12-03,85.866,131.075,101.815,45.209
GB,2025,2025-12-04,77.747,102.773,89.542,25.026
GB,2025,2025-12-05,70.339,124.08,86.024,53.741
GB,2025,2025-12-06,70.282,99.805,82.513,29.523
GB,2025,2025-12-07,18.798,100.653,79.143,81.855
GB,2025,2025-12-08,22.496,102.527,76.003,80.031
GB,2025,2025-12-09,16.394,105.117,78.322,88.724
GB,2025,2025-12-10,10.125,101.825,64.645,91.7
GB,2025,2025-12-11,47.932,98.4,75.999,50.469
GB,2025,2025-12-12,74.039,112.901,92.278,38.862
GB,2025,2025-12-13,26.799,100.656,85.829,73.857
GB,2025,2025-12-14,14.691,91.947,56.811,77.256
GB,2025,2025-12-15,64.136,120.447,91.295,56.311
GB,2025,2025-12-16,84.859,123.06,100.077,38.202
GB,2025,2025-12-17,70.7,105.094,87.841,34.394
GB,2025,2025-12-18,2.515,98.651,70.786,96.135
GB,2025,2025-12-19,2.494,105.337,68.905,102.842
GB,2025,2025-12-20,83.522,116.501,99.827,32.979
GB,2025,2025-12-21,82.22,98.293,90.109,16.073
GB,2025,2025-12-22,38.853,106.417,83.501,67.565
GB,2025,2025-12-23,66.285,100.796,85.393,34.511
GB,2025,2025-12-24,52.039,101.65,81.875,49.61
GB,2025,2025-12-25,59.56,114.836,91.53,55.276
GB,2025,2025-12-26,78.984,111.851,94.216,32.867
GB,2025,2025-12-27,73.141,98.219,81.833,25.077
GB,2025,2025-12-28,75.272,110.614,94.184,35.342
GB,2025,2025-12-29,79.802,114.606,96.783,34.804
GB,2025,2025-12-30,85.359,124.185,99.918,38.826
GB,2025,2025-12-31,59.105,111.873,83.244,52.768
GB,2026,2026-01-01,36.288,104.584,62.978,68.296
GB,2026,2026-01-02,50.361,125.508,92.209,75.146
GB,2026,2026-01-03,75.789,114.595,93.779,38.806
GB,2026,2026-01-04,85.641,130.629,102.407,44.988
GB,2026,2026-01-05,88.509,246.923,139.283,158.414
GB,2026,2026-01-06,88.26,314.227,169.721,225.967
GB,2026,2026-01-07,75.762,110.14,90.993,34.378
GB,2026,2026-01-08,84.333,320.542,166.906,236.209
GB,2026,2026-01-09,90.602,116.486,101.526,25.885
GB,2026,2026-01-10,82.379,113.184,95.661,30.806
GB,2026,2026-01-11,75.17,109.704,92.317,34.534
GB,2026,2026-01-12,79.773,117.166,98.536,37.393
GB,2026,2026-01-13,89.983,128.17,105.957,38.187
GB,2026,2026-01-14,83.376,142.518,104.313,59.143
GB,2026,2026-01-15,88.961,149.032,111.824,60.07
GB,2026,2026-01-16,98.552,154.464,116.734,55.911
GB,2026,2026-01-17,102.249,143.443,119.151,41.194
GB,2026,2026-01-18,97.843,143.662,119.59,45.819
GB,2026,2026-01-19,96.408,158.494,118.049,62.086
GB,2026,2026-01-20,86.385,125.94,99.749,39.555
GB,2026,2026-01-21,74.503,134.035,107.6,59.532
GB,2026,2026-01-22,77.379,136.878,111.013,59.499
GB,2026,2026-01-23,84.495,132.456,108.909,47.961
GB,2026,2026-01-24,74.392,134.397,104.785,60.005
GB,2026,2026-01-25,89.903,138.181,112.085,48.278
GB,2026,2026-01-26,101.729,154.231,123.488,52.501
GB,2026,2026-01-27,75.153,134.654,110.641,59.501
GB,2026,2026-01-28,108.089,158.515,129.419,50.426
GB,2026,2026-01-29,110.396,164.639,133.978,54.243
GB,2026,2026-01-30,96.046,125.762,111.608,29.716
GB,2026,2026-01-31,99.942,130.507,110.951,30.565
GB,2026,2026-02-01,88.611,169.233,114.88,80.622
GB,2026,2026-02-02,85.303,128.511,109.774,43.209
GB,2026,2026-02-03,63.905,130.082,99.278,66.178
GB,2026,2026-02-04,72.841,127.368,106.098,54.526
GB,2026,2026-02-05,49.885,123.455,94.153,73.57
GB,2026,2026-02-06,98.514,122.14,108.588,23.626
GB,2026,2026-02-07,93.214,122.624,103.634,29.41
GB,2026,2026-02-08,86.329,130.482,97.022,44.153
GB,2026,2026-02-09,86.358,120.923,105.364,34.565
GB,2026,2026-02-10,77.688,111.075,92.426,33.387
GB,2026,2026-02-11,82.067,109.277,94.108,27.21
GB,2026,2026-02-12,76.093,106.107,89.199,30.014
GB,2026,2026-02-13,79.102,120.25,90.791,41.148
GB,2026,2026-02-14,74.943,127.036,94.03,52.094
GB,2026,2026-02-15,80.369,110.2,90.648,29.83
GB,2026,2026-02-16,77.215,106.761,88.467,29.545
GB,2026,2026-02-17,79.165,116.077,90.975,36.912
GB,2026,2026-02-18,68.036,100.579,81.155,32.542
GB,2026,2026-02-19,83.148,151.757,105.435,68.608
GB,2026,2026-02-20,65.376,100.327,87.194,34.951
GB,2026,2026-02-21,32.167,113.732,81.225,81.565
GB,2026,2026-02-22,26.398,111.349,55.407,84.951
GB,2026,2026-02-23,-3.744,113.087,73.284,116.831
GB,2026,2026-02-24,61.322,117.547,95.159,56.225
GB,2026,2026-02-25,68.608,111.258,85.867,42.65
GB,2026,2026-02-26,10.672,93.405,56.496,82.733
GB,2026,2026-02-27,33.054,121.836,83.421,88.782
GB,2026,2026-02-28,68.15,125.374,91.043,57.224
GB,2026,2026-03-01,-4.781,107.172,50.915,111.954
GB,2026,2026-03-02,25.318,132.2,82.672,106.883
GB,2026,2026-03-03,113.164,176.942,133.738,63.778
GB,2026,2026-03-04,112.211,177.783,138.809,65.572
GB,2026,2026-03-05,96.067,151.432,123.381,55.365
GB,2026,2026-03-06,105.885,179.559,128.364,73.674
GB,2026,2026-03-07,129.151,180.614,148.002,51.463
GB,2026,2026-03-08,124.295,183.014,147.373,58.719
GB,2026,2026-03-09,128.331,198.411,156.342,70.08
GB,2026,2026-03-10,54.457,141.788,105.439,87.33
GB,2026,2026-03-11,16.384,129.731,69.404,113.347
GB,2026,2026-03-12,3.032,161.057,99.449,158.024
GB,2026,2026-03-13,-3.156,149.55,89.727,152.706
GB,2026,2026-03-14,108.927,164.624,128.783,55.697
GB,2026,2026-03-15,-28.762,124.637,65.011,153.399
GB,2026,2026-03-16,29.442,169.73,118.249,140.288
GB,2026,2026-03-17,35.908,153.934,98.378,118.026
GB,2026,2026-03-18,93.596,170.193,127.336,76.598
GB,2026,2026-03-19,111.462,191.826,136.346,80.364
GB,2026,2026-03-20,123.366,173.645,145.433,50.279
GB,2026,2026-03-21,117.957,171.863,144.371,53.906
GB,2026,2026-03-22,115.354,197.141,140.717,81.787
GB,2026,2026-03-23,45.267,184.512,141.475,139.244
GB,2026,2026-03-24,-0.168,113.362,65.606,113.53
GB,2026,2026-03-25,-3.911,157.634,49.638,161.545
GB,2026,2026-03-26,106.525,170.479,137.752,63.954
GB,2026,2026-03-27,78.338,149.856,114.13,71.518
GB,2026,2026-03-28,-9.807,168.018,67.159,177.825
GB,2026,2026-03-29,3.321,118.831,61.526,115.51
GB,2026,2026-03-30,0.922,167.235,70.022,166.313
GB,2026,2026-03-31,105.68,171.375,133.526,65.695
GB,2026,2026-04-01,103.251,174.624,129.575,71.373
GB,2026,2026-04-02,96.14,147.313,116.999,51.173
GB,2026,2026-04-03,-6.046,126.764,61.331,132.809
GB,2026,2026-04-04,7.547,149.353,70.905,141.806
GB,2026,2026-04-05,-65.568,128.425,27.969,193.993
GB,2026,2026-04-06,-58.05,141.56,89.462,199.609
GB,2026,2026-04-07,-65.977,135.884,63.031,201.861
GB,2026,2026-04-08,94.887,159.892,121.17,65.005
GB,2026,2026-04-09,65.822,136.767,112.892,70.945
GB,2026,2026-04-10,12.938,143.074,95.413,130.136
GB,2026,2026-04-11,-18.535,37.512,5.173,56.047
GB,2026,2026-04-12,15.671,156.627,70.369,140.956
GB,2026,2026-04-13,108.474,212.755,134.968,104.281
GB,2026,2026-04-14,81.087,156.381,114.72,75.294
GB,2026,2026-04-15,38.281,140.657,98.305,102.375
GB,2026,2026-04-16,80.403,129.976,108.728,49.573
GB,2026,2026-04-17,25.887,127.484,90.296,101.597
GB,2026,2026-04-18,40.089,126.813,86.968,86.723
GB,2026,2026-04-19,66.24,136.73,105.482,70.49
GB,2026,2026-04-20,93.848,141.553,110.526,47.705
GB,2026,2026-04-21,21.698,134.86,99.818,113.161
GB,2026,2026-04-22,-27.237,142.406,69.356,169.643
GB,2026,2026-04-23,99.584,153.566,122.533,53.982
GB,2026,2026-04-24,99.766,146.326,120.174,46.559
GB,2026,2026-04-25,97.796,143.411,117.04,45.615
GB,2026,2026-04-26,89.582,141.003,112.371,51.421
GB,2026,2026-04-27,85.638,154.291,110.697,68.653
GB,2026,2026-04-28,87.816,130.594,107.935,42.778
GB,2026,2026-04-29,30.441,146.336,96.916,115.895
GB,2026,2026-04-30,-20.087,151.885,63.846,171.971
GB,2026,2026-05-01,86.938,173.472,124.078,86.534
GB,2026,2026-05-02,69.166,175.088,116.181,105.922
GB,2026,2026-05-03,105.726,143.019,120.757,37.293
GB,2026,2026-05-04,102.417,168.913,125.682,66.496
GB,2026,2026-05-05,108.845,170.981,130.984,62.136
GB,2026,2026-05-06,90.784,149.01,121.287,58.226
GB,2026,2026-05-07,103.79,181.813,138.939,78.023
GB,2026,2026-05-08,102.992,154.126,127.271,51.134
GB,2026,2026-05-09,54.317,152.5,111.221,98.183
GB,2026,2026-05-10,12.747,126.866,78.493,114.119
GB,2026,2026-05-11,100.997,140.118,120.179,39.121
GB,2026,2026-05-12,72.227,173.946,116.825,101.719
GB,2026,2026-05-13,112.336,175.695,138.736,63.358
GB,2026,2026-05-14,92.533,149.859,116.995,57.326
GB,2026,2026-05-15,115.882,145.859,126.95,29.977
GB,2026,2026-05-16,113.498,141.999,124.99,28.501
GB,2026,2026-05-17,67.823,162.033,115.998,94.21
GB,2026,2026-05-18,109.199,156.987,134.358,47.788
GB,2026,2026-05-19,75.977,142.585,111.843,66.608
GB,2026,2026-05-20,109.075,143.446,129.169,34.371
GB,2026,2026-05-21,83.463,180.579,124.758,97.116
GB,2026,2026-05-22,93.759,170.775,126.975,77.015
GB,2026,2026-05-23,100.043,165.347,126.863,65.305
GB,2026,2026-05-24,70.304,133.954,110.626,63.65
GB,2026,2026-05-25,94.064,182.714,124.031,88.65
GB,2026,2026-05-26,117.279,181.065,141.312,63.786
GB,2026,2026-05-27,85.773,140.617,117.509,54.844
GB,2026,2026-05-28,11.469,133.958,92.359,122.489
GB,2026,2026-05-29,77.724,155.766,118.356,78.042
GB,2026,2026-05-30,106.656,139.519,122.565,32.863
GB,2026,2026-05-31,98.059,152.059,119.613,54.0
GB,2026,2026-06-01,98.713,160.556,125.291,61.843
GB,2026,2026-06-02,108.339,159.134,131.998,50.795
GB,2026,2026-06-03,32.286,152.171,109.489,119.885
GB,2026,2026-06-04,-48.208,117.661,49.562,165.869
GB,2026,2026-06-05,70.679,145.066,115.699,74.387
GB,2026,2026-06-06,25.899,139.299,94.172,113.4
GB,2026,2026-06-07,-20.687,143.741,46.756,164.428
GB,2026,2026-06-08,107.26,158.21,123.896,50.95
GB,2026,2026-06-09,60.557,150.069,112.919,89.512
GB,2026,2026-06-10,95.566,176.781,125.748,81.215
GB,2026,2026-06-11,109.979,157.518,129.734,47.539
GB,2026,2026-06-12,-6.251,150.351,91.127,156.602
GB,2026,2026-06-13,-24.854,95.359,30.989,120.213
GB,2026,2026-06-14,-12.954,130.908,58.923,143.862
GB,2026,2026-06-15,91.897,144.468,118.52,52.571
GB,2026,2026-06-16,93.569,173.064,125.572,79.495
GB,2026,2026-06-17,100.153,168.801,127.688,68.648
GB,2026,2026-06-18,105.0,150.673,123.039,45.673
GB,2026,2026-06-19,58.29,150.733,102.119,92.443
GB,2026,2026-06-20,107.307,171.114,127.841,63.806
GB,2026,2026-06-21,99.293,154.172,121.803,54.88
GB,2026,2026-06-22,79.133,191.181,124.222,112.047
GB,2026,2026-06-23,99.06,641.543,207.106,542.483
GB,2026,2026-06-24,90.756,277.543,143.947,186.787
GB,2026,2026-06-25,100.925,141.867,120.176,40.942
GB,2026,2026-06-26,90.107,194.874,126.352,104.767
GB,2026,2026-06-27,29.205,132.39,96.475,103.185
GB,2026,2026-06-28,-39.517,164.058,73.737,203.576
GB,2026,2026-06-29,97.031,183.309,128.674,86.278
GB,2026,2026-06-30,98.61,172.66,127.658,74.05
GB,2026,2026-07-01,79.99,142.3,122.835,62.31
GB,2026,2026-07-02,-8.16,132.971,55.426,141.131
GB,2026,2026-07-03,92.575,143.537,126.847,50.962
GB,2026,2026-07-04,-14.297,139.145,60.239,153.441
GB,2026,2026-07-05,70.497,142.989,112.767,72.492
GB,2026,2026-07-06,-11.989,134.028,82.598,146.017
GB,2026,2026-07-07,79.779,149.015,116.351,69.236
GB,2026,2026-07-08,115.427,174.536,137.741,59.109
GB,2026,2026-07-09,101.607,207.936,140.066,106.328
GB,2026,2026-07-10,123.064,176.466,142.302,53.403
GB,2026,2026-07-11,123.622,147.907,133.751,24.285
GB,2026,2026-07-12,-5.625,143.826,80.172,149.451
GB,2026,2026-07-13,83.968,171.95,128.456,87.982
GB,2026,2026-07-14,69.917,202.67,136.244,132.752
GB,2026,2026-07-15,91.617,184.057,140.946,92.44
GB,2026,2026-07-16,109.204,228.754,149.799,119.549
GB,2026,2026-07-17,101.789,166.52,140.191,64.731
GB,2026,2026-07-18,79.173,173.153,129.094,93.98
GB,2026,2026-07-19,5.247,175.222,89.684,169.975
GB,2026,2026-07-20,105.521,186.976,142.051,81.454
GB,2026,2026-07-21,136.576,193.956,162.06,57.379
GB,2026,2026-07-22,145.196,188.974,163.258,43.778
GB,2026,2026-07-23,114.618,175.297,147.185,60.679
GB,2026,2026-07-24,68.856,193.558,140.813,124.701
GB,2026,2026-07-25,-21.461,172.554,86.271,194.014
GB,2026,2026-07-26,-22.316,171.857,72.148,194.172
GB,2026,2026-07-27,98.464,174.436,148.795,75.973
GB,2026,2026-07-28,13.144,197.008,119.002,183.863
GB,2026,2026-07-29,130.431,214.719,150.643,84.288
GB,2026,2026-07-30,135.251,191.128,153.665,55.877
GB,2026,2026-07-31,128.142,174.599,149.983,46.457
GB,2026,2026-08-01,48.204,184.468,133.499,136.264
GB,2026,2026-08-02,125.916,179.823,151.457,53.907
GB,2026,2026-08-03,111.995,181.495,147.557,69.5
GB,2026,2026-08-04,112.443,179.404,140.217,66.961
GB,2026,2026-08-05,4.935,152.088,97.587,147.154
GB,2026,2026-08-06,69.232,181.81,134.505,112.578
GB,2026,2026-08-07,66.088,182.487,126.619,116.399
GB,2026,2026-08-08,-7.783,187.308,96.79,195.091
GB,2026,2026-08-09,3.381,171.719,107.396,168.338
GB,2026,2026-08-10,100.099,187.577,140.664,87.477
GB,2026,2026-08-11,100.435,211.124,155.278,110.689
GB,2026,2026-08-12,131.628,251.951,159.014,120.323
GB,2026,2026-08-13,135.203,252.731,167.568,117.528
GB,2026,2026-08-14,122.855,224.57,162.02,101.714
GB,2026,2026-08-15,142.417,195.02,165.408,52.604
GB,2026,2026-08-16,134.359,219.479,173.231,85.12
GB,2026,2026-08-17,156.825,233.661,188.792,76.836
GB,2026,2026-08-18,147.444,223.778,181.241,76.333
GB,2026,2026-08-19,154.232,209.414,183.483,55.182
GB,2026,2026-08-20,153.59,191.368,170.282,37.778
GB,2026,2026-08-21,141.0,191.689,159.07,50.689
GB,2026,2026-08-22,10.926,181.791,105.158,170.865
GB,2026,2026-08-23,19.511,194.531,129.406,175.02
GB,2026,2026-08-24,115.646,195.12,159.481,79.474
GB,2026,2026-08-25,112.496,204.524,157.087,92.028
GB,2026,2026-08-26,139.909,226.788,171.793,86.879
GB,2026,2026-08-27,134.109,250.373,192.748,116.264
GB,2026,2026-08-28,117.429,194.727,156.547,77.298
GB,2026,2026-08-29,94.745,187.792,151.462,93.047
GB,2026,2026-08-30,152.543,199.51,183.001,46.967
GB,2026,2026-08-31,68.723,209.947,154.773,141.223
GB,2026,2026-09-01,37.639,220.32,142.848,182.681
GB,2026,2026-09-02,161.267,225.772,193.082,64.504
GB,2026,2026-09-03,7.617,208.988,140.606,201.371
GB,2026,2026-09-04,-0.792,184.969,91.297,185.761
GB,2026,2026-09-05,-22.55,242.305,72.825,264.855
GB,2026,2026-09-06,-18.761,176.576,50.014,195.336
IT,2019,2019-01-01,20.0,66.249,44.188,46.249
IT,2019,2019-01-02,36.0,74.605,58.812,38.605
IT,2019,2019-01-03,40.423,74.532,60.063,34.108
IT,2019,2019-01-04,47.0,80.908,67.975,33.908
IT,2019,2019-01-05,53.5,82.531,67.821,29.031
IT,2019,2019-01-06,47.17,75.191,58.908,28.021
IT,2019,2019-01-07,50.0,86.489,69.018,36.489
IT,2019,2019-01-08,60.055,94.419,76.101,34.365
IT,2019,2019-01-09,60.135,85.319,70.422,25.184
IT,2019,2019-01-10,53.55,88.671,72.0,35.121
IT,2019,2019-01-11,57.12,82.963,70.566,25.843
IT,2019,2019-01-12,56.63,83.614,66.325,26.984
IT,2019,2019-01-13,49.58,81.03,64.992,31.45
IT,2019,2019-01-14,39.75,86.031,65.289,46.281
IT,2019,2019-01-15,52.43,91.589,72.139,39.159
IT,2019,2019-01-16,59.01,95.331,72.075,36.321
IT,2019,2019-01-17,56.26,84.26,69.327,28.0
IT,2019,2019-01-18,55.0,93.233,71.33,38.233
IT,2019,2019-01-19,60.37,82.47,69.044,22.1
IT,2019,2019-01-20,58.59,81.242,65.645,22.652
IT,2019,2019-01-21,54.48,88.169,72.728,33.689
IT,2019,2019-01-22,60.624,88.841,71.719,28.216
IT,2019,2019-01-23,60.39,94.924,77.265,34.534
IT,2019,2019-01-24,62.684,108.491,83.122,45.807
IT,2019,2019-01-25,55.32,92.882,69.251,37.562
IT,2019,2019-01-26,49.9,80.245,61.471,30.345
IT,2019,2019-01-27,49.9,76.915,62.355,27.015
IT,2019,2019-01-28,37.8,77.12,61.362,39.32
IT,2019,2019-01-29,55.0,86.967,70.724,31.967
IT,2019,2019-01-30,53.941,89.244,70.91,35.303
IT,2019,2019-01-31,44.646,85.49,64.0,40.844
IT,2019,2019-02-01,49.423,80.418,64.913,30.995
IT,2019,2019-02-02,42.71,68.476,55.583,25.766
IT,2019,2019-02-03,40.0,79.407,54.943,39.407
IT,2019,2019-02-04,54.093,80.371,65.463,26.279
IT,2019,2019-02-05,44.968,70.41,58.871,25.442
IT,2019,2019-02-06,38.14,72.211,56.645,34.071
IT,2019,2019-02-07,54.14,84.955,64.809,30.815
IT,2019,2019-02-08,52.99,81.573,63.027,28.583
IT,2019,2019-02-09,51.72,82.997,65.304,31.277
IT,2019,2019-02-10,30.0,68.078,50.799,38.078
IT,2019,2019-02-11,18.72,73.97,51.539,55.25
IT,2019,2019-02-12,40.659,79.734,57.731,39.075
IT,2019,2019-02-13,39.525,79.568,54.194,40.042
IT,2019,2019-02-14,42.0,84.202,57.11,42.202
IT,2019,2019-02-15,43.164,74.019,55.285,30.855
IT,2019,2019-02-16,40.8,74.005,54.164,33.205
IT,2019,2019-02-17,41.394,76.33,56.358,34.936
IT,2019,2019-02-18,42.79,85.258,63.05,42.468
IT,2019,2019-02-19,49.597,78.48,58.43,28.883
IT,2019,2019-02-20,48.925,80.815,59.852,31.891
IT,2019,2019-02-21,51.3,79.672,62.272,28.372
IT,2019,2019-02-22,47.73,70.592,57.802,22.862
IT,2019,2019-02-23,34.343,68.737,50.43,34.394
IT,2019,2019-02-24,30.818,70.0,45.363,39.182
IT,2019,2019-02-25,36.37,83.031,57.818,46.661
IT,2019,2019-02-26,43.395,75.366,57.431,31.971
IT,2019,2019-02-27,38.0,75.226,55.266,37.226
IT,2019,2019-02-28,47.36,76.732,59.578,29.372
IT,2019,2019-03-01,44.14,75.964,54.969,31.824
IT,2019,2019-03-02,39.48,71.699,50.914,32.219
IT,2019,2019-03-03,44.97,68.811,52.707,23.841
IT,2019,2019-03-04,36.32,66.89,49.457,30.57
IT,2019,2019-03-05,36.321,94.002,58.761,57.68
IT,2019,2019-03-06,48.77,75.554,59.46,26.784
IT,2019,2019-03-07,42.049,68.467,54.256,26.418
IT,2019,2019-03-08,44.0,77.886,58.618,33.886
IT,2019,2019-03-09,39.35,71.074,53.19,31.724
IT,2019,2019-03-10,32.921,61.265,43.659,28.344
IT,2019,2019-03-11,23.2,62.897,47.877,39.697
IT,2019,2019-03-12,32.459,74.421,50.933,41.962
IT,2019,2019-03-13,45.643,80.089,59.945,34.447
IT,2019,2019-03-14,41.128,79.854,57.151,38.726
IT,2019,2019-03-15,43.493,80.088,57.544,36.595
IT,2019,2019-03-16,24.898,71.425,47.037,46.527
IT,2019,2019-03-17,43.829,70.712,55.722,26.883
IT,2019,2019-03-18,35.0,79.306,55.339,44.306
IT,2019,2019-03-19,49.795,79.256,61.077,29.461
IT,2019,2019-03-20,47.154,71.689,54.705,24.535
IT,2019,2019-03-21,38.444,71.282,51.264,32.837
IT,2019,2019-03-22,42.962,77.202,54.954,34.24
IT,2019,2019-03-23,28.52,73.063,46.558,44.543
IT,2019,2019-03-24,37.15,68.852,47.035,31.702
IT,2019,2019-03-25,34.732,72.742,49.449,38.01
IT,2019,2019-03-26,38.0,73.595,51.384,35.595
IT,2019,2019-03-27,39.99,69.659,50.837,29.669
IT,2019,2019-03-28,38.587,70.49,49.378,31.903
IT,2019,2019-03-29,39.843,79.232,55.852,39.389
IT,2019,2019-03-30,26.79,77.974,49.379,51.184
IT,2019,2019-03-31,35.924,70.97,49.173,35.046
IT,2019,2019-04-01,38.676,81.214,60.039,42.538
IT,2019,2019-04-02,46.22,77.82,57.484,31.6
IT,2019,2019-04-03,44.15,86.789,60.156,42.639
IT,2019,2019-04-04,40.0,77.974,56.488,37.974
IT,2019,2019-04-05,38.0,74.429,53.229,36.429
IT,2019,2019-04-06,40.395,72.263,52.583,31.869
IT,2019,2019-04-07,39.05,66.897,52.194,27.847
IT,2019,2019-04-08,36.3,76.774,55.857,40.474
IT,2019,2019-04-09,42.45,75.683,57.336,33.233
IT,2019,2019-04-10,42.24,78.057,60.815,35.817
IT,2019,2019-04-11,46.219,75.061,61.717,28.842
IT,2019,2019-04-12,52.973,74.761,61.167,21.789
IT,2019,2019-04-13,50.42,69.199,55.878,18.779
IT,2019,2019-04-14,48.4,63.011,55.436,14.611
IT,2019,2019-04-15,41.21,71.634,55.51,30.424
IT,2019,2019-04-16,48.99,73.488,58.541,24.498
IT,2019,2019-04-17,48.07,75.114,59.134,27.044
IT,2019,2019-04-18,45.76,73.414,55.091,27.654
IT,2019,2019-04-19,38.285,69.659,51.417,31.374
IT,2019,2019-04-20,20.632,68.96,45.906,48.328
IT,2019,2019-04-21,6.193,57.02,38.704,50.827
IT,2019,2019-04-22,7.213,59.95,35.789,52.737
IT,2019,2019-04-23,37.11,79.992,60.333,42.882
IT,2019,2019-04-24,41.0,73.956,55.904,32.956
IT,2019,2019-04-25,30.0,66.64,45.517,36.64
IT,2019,2019-04-26,41.885,60.407,51.729,18.522
IT,2019,2019-04-27,24.95,61.337,45.294,36.387
IT,2019,2019-04-28,19.897,58.617,37.683,38.719
IT,2019,2019-04-29,37.47,61.15,51.747,23.68
IT,2019,2019-04-30,45.53,61.99,52.968,16.46
IT,2019,2019-05-01,21.86,66.834,46.14,44.974
IT,2019,2019-05-02,48.084,72.985,60.466,24.901
IT,2019,2019-05-03,49.741,70.825,60.353,21.084
IT,2019,2019-05-04,44.81,66.745,57.145,21.935
IT,2019,2019-05-05,30.544,59.942,41.085,29.398
IT,2019,2019-05-06,32.943,66.137,52.881,33.194
IT,2019,2019-05-07,47.9,76.359,58.379,28.459
IT,2019,2019-05-08,53.333,75.951,62.096,22.618
IT,2019,2019-05-09,47.427,75.789,56.852,28.361
IT,2019,2019-05-10,47.475,71.024,56.575,23.549
IT,2019,2019-05-11,40.0,63.489,52.405,23.489
IT,2019,2019-05-12,35.51,56.725,45.577,21.215
IT,2019,2019-05-13,48.62,69.814,57.263,21.194
IT,2019,2019-05-14,48.49,59.921,54.052,11.431
IT,2019,2019-05-15,49.351,68.328,55.897,18.977
IT,2019,2019-05-16,48.175,65.805,53.648,17.63
IT,2019,2019-05-17,45.333,62.034,53.066,16.701
IT,2019,2019-05-18,39.9,56.965,46.693,17.065
IT,2019,2019-05-19,35.0,58.992,43.286,23.992
IT,2019,2019-05-20,34.1,60.99,49.2,26.89
IT,2019,2019-05-21,35.27,60.476,47.755,25.206
IT,2019,2019-05-22,41.422,64.224,50.833,22.801
IT,2019,2019-05-23,43.174,64.014,49.899,20.839
IT,2019,2019-05-24,41.17,57.766,47.536,16.596
IT,2019,2019-05-25,37.065,58.053,44.458,20.988
IT,2019,2019-05-26,29.46,57.003,42.366,27.543
IT,2019,2019-05-27,20.0,57.071,45.298,37.071
IT,2019,2019-05-28,33.07,58.436,43.991,25.366
IT,2019,2019-05-29,30.32,53.255,41.684,22.935
IT,2019,2019-05-30,33.0,59.19,45.541,26.19
IT,2019,2019-05-31,37.59,59.41,48.301,21.82
IT,2019,2019-06-01,21.456,50.971,39.046,29.515
IT,2019,2019-06-02,10.0,60.198,33.771,50.198
IT,2019,2019-06-03,36.48,59.806,47.359,23.326
IT,2019,2019-06-04,32.929,57.169,42.925,24.24
IT,2019,2019-06-05,34.755,70.681,47.33,35.925
IT,2019,2019-06-06,34.237,69.96,50.665,35.723
IT,2019,2019-06-07,42.267,74.139,52.56,31.872
IT,2019,2019-06-08,33.726,63.254,46.869,29.528
IT,2019,2019-06-09,27.8,60.832,39.591,33.032
IT,2019,2019-06-10,36.416,62.079,50.83,25.664
IT,2019,2019-06-11,37.457,58.79,49.434,21.333
IT,2019,2019-06-12,39.822,61.587,51.125,21.765
IT,2019,2019-06-13,36.384,63.54,49.966,27.156
IT,2019,2019-06-14,37.562,66.776,50.945,29.214
IT,2019,2019-06-15,33.023,53.04,42.534,20.017
IT,2019,2019-06-16,25.6,60.695,40.113,35.095
IT,2019,2019-06-17,36.916,68.091,49.565,31.175
IT,2019,2019-06-18,45.02,67.98,54.281,22.96
IT,2019,2019-06-19,44.056,72.341,56.649,28.284
IT,2019,2019-06-20,43.129,68.658,55.888,25.53
IT,2019,2019-06-21,40.765,58.575,51.723,17.809
IT,2019,2019-06-22,36.061,53.451,43.61,17.391
IT,2019,2019-06-23,31.532,62.398,41.119,30.865
IT,2019,2019-06-24,33.037,58.827,48.353,25.79
IT,2019,2019-06-25,40.428,62.945,49.101,22.517
IT,2019,2019-06-26,44.42,75.19,59.106,30.77
IT,2019,2019-06-27,49.0,76.858,64.973,27.858
IT,2019,2019-06-28,45.0,68.0,55.264,23.0
IT,2019,2019-06-29,37.01,60.086,47.587,23.076
IT,2019,2019-06-30,34.629,66.301,45.216,31.672
IT,2019,2019-07-01,46.272,81.03,63.291,34.759
IT,2019,2019-07-02,51.832,75.065,63.855,23.232
IT,2019,2019-07-03,48.451,75.518,61.702,27.068
IT,2019,2019-07-04,45.979,71.995,57.796,26.016
IT,2019,2019-07-05,45.89,72.803,56.987,26.913
IT,2019,2019-07-06,43.223,63.764,50.43,20.541
IT,2019,2019-07-07,35.848,57.993,42.384,22.145
IT,2019,2019-07-08,36.743,62.183,52.235,25.439
IT,2019,2019-07-09,45.576,65.653,54.946,20.077
IT,2019,2019-07-10,43.7,59.62,50.922,15.92
IT,2019,2019-07-11,42.0,63.904,54.077,21.904
IT,2019,2019-07-12,48.128,62.336,55.565,14.208
IT,2019,2019-07-13,39.79,54.759,45.309,14.969
IT,2019,2019-07-14,34.04,55.23,41.413,21.19
IT,2019,2019-07-15,42.499,61.09,52.607,18.591
IT,2019,2019-07-16,42.06,52.77,46.482,10.71
IT,2019,2019-07-17,42.0,58.054,48.274,16.054
IT,2019,2019-07-18,43.58,57.828,49.872,14.248
IT,2019,2019-07-19,47.387,62.805,54.992,15.418
IT,2019,2019-07-20,38.07,52.544,44.256,14.474
IT,2019,2019-07-21,35.327,56.88,43.264,21.553
IT,2019,2019-07-22,43.214,66.4,54.087,23.186
IT,2019,2019-07-23,42.0,65.851,53.739,23.851
IT,2019,2019-07-24,41.47,75.992,59.688,34.522
IT,2019,2019-07-25,44.705,73.105,62.265,28.4
IT,2019,2019-07-26,47.165,73.428,62.525,26.262
IT,2019,2019-07-27,41.2,59.727,48.745,18.527
IT,2019,2019-07-28,30.2,47.785,36.688,17.585
IT,2019,2019-07-29,32.46,63.553,48.984,31.093
IT,2019,2019-07-30,39.742,64.459,49.851,24.717
IT,2019,2019-07-31,40.0,66.552,54.606,26.552
IT,2019,2019-08-01,41.0,67.154,50.563,26.154
IT,2019,2019-08-02,40.588,56.959,48.317,16.371
IT,2019,2019-08-03,37.34,59.369,45.869,22.029
IT,2019,2019-08-04,35.85,59.651,43.816,23.801
IT,2019,2019-08-05,41.363,61.541,49.918,20.178
IT,2019,2019-08-06,44.042,59.557,49.621,15.515
IT,2019,2019-08-07,43.073,61.292,51.426,18.219
IT,2019,2019-08-08,40.061,64.397,50.743,24.336
IT,2019,2019-08-09,42.682,65.062,50.767,22.38
IT,2019,2019-08-10,41.684,65.943,52.629,24.259
IT,2019,2019-08-11,43.378,67.858,53.822,24.481
IT,2019,2019-08-12,47.226,73.864,58.71,26.637
IT,2019,2019-08-13,40.273,66.259,48.47,25.986
IT,2019,2019-08-14,33.13,58.411,40.277,25.281
IT,2019,2019-08-15,20.0,57.781,37.401,37.781
IT,2019,2019-08-16,33.9,63.135,42.515,29.235
IT,2019,2019-08-17,31.5,63.519,41.2,32.019
IT,2019,2019-08-18,31.14,62.952,39.094,31.812
IT,2019,2019-08-19,35.97,70.033,46.79,34.063
IT,2019,2019-08-20,39.884,65.899,46.728,26.015
IT,2019,2019-08-21,39.13,67.066,46.06,27.936
IT,2019,2019-08-22,37.859,66.157,46.103,28.298
IT,2019,2019-08-23,37.123,66.382,47.608,29.259
IT,2019,2019-08-24,35.281,61.399,44.828,26.118
IT,2019,2019-08-25,35.483,64.476,43.959,28.992
IT,2019,2019-08-26,39.89,75.004,53.327,35.114
IT,2019,2019-08-27,48.955,87.422,62.278,38.468
IT,2019,2019-08-28,47.017,89.98,69.57,42.963
IT,2019,2019-08-29,46.43,87.51,65.367,41.08
IT,2019,2019-08-30,43.948,76.107,60.144,32.159
IT,2019,2019-08-31,42.85,71.563,49.49,28.713
IT,2019,2019-09-01,41.73,68.264,49.328,26.534
IT,2019,2019-09-02,39.622,74.48,61.224,34.857
IT,2019,2019-09-03,39.0,71.19,52.803,32.19
IT,2019,2019-09-04,37.52,74.44,49.957,36.92
IT,2019,2019-09-05,39.0,73.988,52.817,34.988
IT,2019,2019-09-06,40.63,66.688,52.351,26.058
IT,2019,2019-09-07,34.88,56.17,41.267,21.29
IT,2019,2019-09-08,32.2,52.532,38.208,20.332
IT,2019,2019-09-09,34.05,60.609,45.871,26.559
IT,2019,2019-09-10,42.71,59.88,50.651,17.17
IT,2019,2019-09-11,41.64,59.212,48.443,17.572
IT,2019,2019-09-12,42.03,59.588,48.394,17.558
IT,2019,2019-09-13,40.25,60.621,49.003,20.371
IT,2019,2019-09-14,37.61,57.032,44.205,19.422
IT,2019,2019-09-15,36.46,64.624,43.378,28.164
IT,2019,2019-09-16,39.784,74.192,54.081,34.408
IT,2019,2019-09-17,40.39,73.755,50.795,33.366
IT,2019,2019-09-18,42.661,74.091,57.215,31.43
IT,2019,2019-09-19,41.556,74.716,61.646,33.16
IT,2019,2019-09-20,39.77,74.219,54.028,34.449
IT,2019,2019-09-21,33.35,61.747,43.724,28.397
IT,2019,2019-09-22,35.752,61.974,45.386,26.222
IT,2019,2019-09-23,31.9,72.809,52.221,40.909
IT,2019,2019-09-24,38.92,75.244,55.315,36.324
IT,2019,2019-09-25,40.29,75.025,60.028,34.735
IT,2019,2019-09-26,39.29,77.984,56.479,38.694
IT,2019,2019-09-27,42.0,94.03,63.305,52.03
IT,2019,2019-09-28,39.0,74.907,51.942,35.907
IT,2019,2019-09-29,35.03,70.091,44.78,35.061
IT,2019,2019-09-30,30.5,79.976,55.931,49.476
IT,2019,2019-10-01,41.88,78.465,60.264,36.585
IT,2019,2019-10-02,40.42,81.97,60.955,41.55
IT,2019,2019-10-03,39.655,71.643,55.543,31.988
IT,2019,2019-10-04,39.57,75.923,59.835,36.353
IT,2019,2019-10-05,37.5,71.532,50.501,34.032
IT,2019,2019-10-06,35.8,63.71,43.668,27.91
IT,2019,2019-10-07,42.05,80.516,61.382,38.466
IT,2019,2019-10-08,41.14,99.61,60.936,58.47
IT,2019,2019-10-09,43.55,75.856,58.282,32.306
IT,2019,2019-10-10,43.35,76.727,56.538,33.377
IT,2019,2019-10-11,44.62,78.064,60.018,33.444
IT,2019,2019-10-12,38.206,66.392,47.684,28.186
IT,2019,2019-10-13,37.93,71.039,45.967,33.109
IT,2019,2019-10-14,39.409,77.899,60.555,38.49
IT,2019,2019-10-15,40.888,76.858,59.041,35.97
IT,2019,2019-10-16,39.862,76.393,58.025,36.531
IT,2019,2019-10-17,43.621,80.966,60.964,37.345
IT,2019,2019-10-18,45.687,77.72,62.797,32.032
IT,2019,2019-10-19,39.593,74.698,52.582,35.105
IT,2019,2019-10-20,35.941,65.317,43.624,29.376
IT,2019,2019-10-21,33.478,74.222,51.6,40.744
IT,2019,2019-10-22,40.818,66.207,50.005,25.389
IT,2019,2019-10-23,36.71,68.59,49.256,31.88
IT,2019,2019-10-24,30.38,66.19,46.898,35.81
IT,2019,2019-10-25,29.99,58.406,43.301,28.416
IT,2019,2019-10-26,30.84,65.289,40.369,34.449
IT,2019,2019-10-27,33.83,63.542,40.988,29.712
IT,2019,2019-10-28,30.85,64.264,49.142,33.414
IT,2019,2019-10-29,35.83,66.683,49.608,30.853
IT,2019,2019-10-30,35.58,67.236,50.065,31.656
IT,2019,2019-10-31,33.16,62.045,47.285,28.885
IT,2019,2019-11-01,35.658,53.079,41.954,17.421
IT,2019,2019-11-02,24.94,57.447,41.659,32.507
IT,2019,2019-11-03,7.13,42.83,27.493,35.7
IT,2019,2019-11-04,11.32,54.238,36.311,42.918
IT,2019,2019-11-05,24.99,62.89,41.567,37.9
IT,2019,2019-11-06,33.79,77.349,51.819,43.559
IT,2019,2019-11-07,32.11,59.248,44.827,27.138
IT,2019,2019-11-08,31.82,69.798,50.077,37.978
IT,2019,2019-11-09,36.2,57.205,43.162,21.005
IT,2019,2019-11-10,33.86,55.921,41.562,22.061
IT,2019,2019-11-11,34.75,58.666,46.986,23.916
IT,2019,2019-11-12,32.53,65.0,50.665,32.47
IT,2019,2019-11-13,36.32,80.16,54.757,43.84
IT,2019,2019-11-14,40.36,78.876,55.156,38.516
IT,2019,2019-11-15,37.57,70.762,55.128,33.192
IT,2019,2019-11-16,37.19,57.8,46.848,20.61
IT,2019,2019-11-17,32.23,56.609,42.496,24.379
IT,2019,2019-11-18,35.68,85.0,56.746,49.32
IT,2019,2019-11-19,43.638,79.964,61.094,36.326
IT,2019,2019-11-20,42.4,75.689,57.817,33.289
IT,2019,2019-11-21,41.27,70.245,56.021,28.975
IT,2019,2019-11-22,41.441,69.792,52.009,28.351
IT,2019,2019-11-23,32.09,54.334,44.809,22.244
IT,2019,2019-11-24,30.0,51.8,42.018,21.8
IT,2019,2019-11-25,35.38,67.026,52.041,31.646
IT,2019,2019-11-26,35.91,74.282,52.123,38.372
IT,2019,2019-11-27,30.23,63.816,47.159,33.586
IT,2019,2019-11-28,29.55,75.059,51.406,45.509
IT,2019,2019-11-29,29.817,67.159,49.06,37.342
IT,2019,2019-11-30,35.39,67.725,50.438,32.335
IT,2019,2019-12-01,38.242,56.318,46.567,18.076
IT,2019,2019-12-02,34.46,70.812,52.404,36.352
IT,2019,2019-12-03,39.68,74.98,56.111,35.3
IT,2019,2019-12-04,39.822,74.95,55.547,35.129
IT,2019,2019-12-05,38.932,80.375,57.191,41.443
IT,2019,2019-12-06,41.76,68.477,53.323,26.717
IT,2019,2019-12-07,42.52,63.008,51.093,20.488
IT,2019,2019-12-08,40.296,63.548,48.111,23.253
IT,2019,2019-12-09,27.86,59.587,47.331,31.727
IT,2019,2019-12-10,35.41,59.251,48.711,23.841
IT,2019,2019-12-11,32.85,70.675,51.301,37.825
IT,2019,2019-12-12,41.885,68.305,52.455,26.42
IT,2019,2019-12-13,35.905,58.607,47.933,22.701
IT,2019,2019-12-14,29.012,53.01,41.93,23.998
IT,2019,2019-12-15,28.8,52.593,40.852,23.793
IT,2019,2019-12-16,30.0,65.0,48.175,35.0
IT,2019,2019-12-17,31.467,60.77,46.481,29.303
IT,2019,2019-12-18,29.02,56.03,44.036,27.01
IT,2019,2019-12-19,32.46,76.061,49.777,43.601
IT,2019,2019-12-20,26.036,51.0,40.651,24.964
IT,2019,2019-12-21,9.636,45.906,29.901,36.27
IT,2019,2019-12-22,6.76,40.0,26.305,33.24
IT,2019,2019-12-23,1.0,49.99,28.323,48.99
IT,2019,2019-12-24,2.0,48.957,27.78,46.957
IT,2019,2019-12-25,9.5,44.14,22.56,34.64
IT,2019,2019-12-26,21.74,50.854,34.954,29.114
IT,2019,2019-12-27,34.86,60.777,46.027,25.917
IT,2019,2019-12-28,27.37,44.232,34.928,16.862
IT,2019,2019-12-29,20.0,43.973,30.88,23.973
IT,2019,2019-12-30,15.07,53.879,37.564,38.809
IT,2019,2019-12-31,28.59,59.471,44.003,30.881
IT,2020,2020-01-01,30.0,48.994,35.527,18.994
IT,2020,2020-01-02,28.79,61.959,45.773,33.169
IT,2020,2020-01-03,28.5,58.131,44.172,29.631
IT,2020,2020-01-04,34.04,59.769,44.444,25.729
IT,2020,2020-01-05,29.16,46.16,37.442,17.0
IT,2020,2020-01-06,27.03,52.815,40.347,25.785
IT,2020,2020-01-07,35.9,76.287,52.642,40.387
IT,2020,2020-01-08,36.65,62.671,48.12,26.021
IT,2020,2020-01-09,44.041,77.842,55.31,33.801
IT,2020,2020-01-10,40.814,73.529,53.078,32.715
IT,2020,2020-01-11,38.429,56.162,45.178,17.734
IT,2020,2020-01-12,34.9,62.02,45.085,27.12
IT,2020,2020-01-13,37.52,72.441,54.373,34.921
IT,2020,2020-01-14,44.209,77.451,56.351,33.242
IT,2020,2020-01-15,43.001,74.603,54.527,31.602
IT,2020,2020-01-16,39.716,63.804,50.226,24.089
IT,2020,2020-01-17,39.262,70.109,51.866,30.847
IT,2020,2020-01-18,40.0,56.761,46.605,16.761
IT,2020,2020-01-19,35.59,53.041,42.723,17.451
IT,2020,2020-01-20,31.5,59.32,46.033,27.82
IT,2020,2020-01-21,36.02,62.05,47.724,26.03
IT,2020,2020-01-22,40.0,68.222,50.73,28.222
IT,2020,2020-01-23,37.56,71.483,51.654,33.923
IT,2020,2020-01-24,39.98,66.74,51.764,26.76
IT,2020,2020-01-25,37.78,61.082,45.792,23.302
IT,2020,2020-01-26,36.578,59.335,45.175,22.757
IT,2020,2020-01-27,34.7,65.815,48.079,31.115
IT,2020,2020-01-28,34.04,59.061,45.108,25.021
IT,2020,2020-01-29,30.0,62.15,44.645,32.15
IT,2020,2020-01-30,33.88,58.405,45.361,24.525
IT,2020,2020-01-31,31.89,58.628,44.846,26.738
IT,2020,2020-02-01,34.2,49.95,40.456,15.75
IT,2020,2020-02-02,27.99,52.197,38.39,24.207
IT,2020,2020-02-03,10.51,53.569,37.97,43.059
IT,2020,2020-02-04,24.94,49.52,39.79,24.58
IT,2020,2020-02-05,23.63,51.47,39.138,27.84
IT,2020,2020-02-06,21.544,59.041,40.992,37.497
IT,2020,2020-02-07,35.19,65.789,48.014,30.599
IT,2020,2020-02-08,31.76,57.739,41.209,25.979
IT,2020,2020-02-09,29.01,51.777,36.422,22.767
IT,2020,2020-02-10,20.51,50.01,38.445,29.5
IT,2020,2020-02-11,20.51,54.47,38.822,33.96
IT,2020,2020-02-12,30.38,61.028,43.015,30.648
IT,2020,2020-02-13,31.57,57.349,41.947,25.779
IT,2020,2020-02-14,25.03,55.74,38.219,30.71
IT,2020,2020-02-15,25.02,54.88,36.369,29.86
IT,2020,2020-02-16,26.0,55.296,36.259,29.296
IT,2020,2020-02-17,25.0,55.022,40.578,30.022
IT,2020,2020-02-18,28.0,54.758,39.549,26.758
IT,2020,2020-02-19,32.16,49.59,39.949,17.43
IT,2020,2020-02-20,24.95,60.41,39.036,35.46
IT,2020,2020-02-21,37.26,65.025,45.968,27.765
IT,2020,2020-02-22,24.17,53.091,37.658,28.921
IT,2020,2020-02-23,16.96,44.1,31.878,27.14
IT,2020,2020-02-24,15.02,60.21,38.98,45.19
IT,2020,2020-02-25,26.7,50.158,39.886,23.458
IT,2020,2020-02-26,23.53,46.17,35.077,22.64
IT,2020,2020-02-27,25.096,60.01,38.928,34.914
IT,2020,2020-02-28,25.3,63.28,41.005,37.98
IT,2020,2020-02-29,25.8,43.058,34.717,17.258
IT,2020,2020-03-01,10.85,39.9,24.743,29.05
IT,2020,2020-03-02,19.15,49.5,35.34,30.35
IT,2020,2020-03-03,24.1,56.9,38.269,32.8
IT,2020,2020-03-04,26.9,64.7,42.372,37.8
IT,2020,2020-03-05,24.55,63.22,45.184,38.67
IT,2020,2020-03-06,19.99,52.57,37.086,32.58
IT,2020,2020-03-07,26.85,52.971,39.535,26.121
IT,2020,2020-03-08,10.0,46.75,23.295,36.75
IT,2020,2020-03-09,29.63,67.053,43.612,37.423
IT,2020,2020-03-10,29.71,65.399,39.708,35.689
IT,2020,2020-03-11,30.99,63.14,39.725,32.15
IT,2020,2020-03-12,24.28,60.902,39.2,36.622
IT,2020,2020-03-13,20.5,50.259,34.588,29.759
IT,2020,2020-03-14,20.01,47.078,35.638,27.068
IT,2020,2020-03-15,9.11,41.39,20.737,32.28
IT,2020,2020-03-16,19.92,61.79,33.467,41.87
IT,2020,2020-03-17,22.71,56.261,33.665,33.551
IT,2020,2020-03-18,20.34,45.139,29.284,24.799
IT,2020,2020-03-19,22.16,55.166,30.874,33.006
IT,2020,2020-03-20,21.59,53.315,30.582,31.725
IT,2020,2020-03-21,11.07,46.078,26.343,35.008
IT,2020,2020-03-22,12.76,33.14,24.121,20.38
IT,2020,2020-03-23,9.28,33.14,17.464,23.86
IT,2020,2020-03-24,15.0,51.011,27.113,36.011
IT,2020,2020-03-25,19.21,40.487,25.464,21.277
IT,2020,2020-03-26,18.32,34.4,24.421,16.08
IT,2020,2020-03-27,18.25,52.125,30.323,33.875
IT,2020,2020-03-28,25.0,51.136,31.401,26.136
IT,2020,2020-03-29,17.0,44.64,28.758,27.64
IT,2020,2020-03-30,19.69,47.716,33.691,28.026
IT,2020,2020-03-31,19.01,40.0,24.957,20.99
IT,2020,2020-04-01,17.677,40.685,25.498,23.009
IT,2020,2020-04-02,20.8,47.825,29.488,27.025
IT,2020,2020-04-03,19.4,44.0,27.384,24.6
IT,2020,2020-04-04,8.986,30.5,18.905,21.514
IT,2020,2020-04-05,0.0,50.0,17.665,50.0
IT,2020,2020-04-06,17.05,47.04,29.488,29.99
IT,2020,2020-04-07,19.0,55.16,30.594,36.16
IT,2020,2020-04-08,17.17,46.125,27.592,28.955
IT,2020,2020-04-09,15.15,47.161,25.853,32.011
IT,2020,2020-04-10,10.0,39.35,22.704,29.35
IT,2020,2020-04-11,8.29,42.852,23.421,34.562
IT,2020,2020-04-12,0.0,36.222,15.687,36.222
IT,2020,2020-04-13,0.0,33.0,13.96,33.0
IT,2020,2020-04-14,17.08,38.149,25.294,21.069
IT,2020,2020-04-15,8.0,43.531,19.948,35.531
IT,2020,2020-04-16,12.0,40.968,23.861,28.968
IT,2020,2020-04-17,25.0,42.47,30.623,17.47
IT,2020,2020-04-18,12.32,42.793,28.703,30.473
IT,2020,2020-04-19,5.01,46.49,24.153,41.48
IT,2020,2020-04-20,14.79,41.256,30.2,26.466
IT,2020,2020-04-21,14.77,43.765,28.574,28.995
IT,2020,2020-04-22,19.64,42.801,31.734,23.161
IT,2020,2020-04-23,18.3,42.561,26.938,24.261
IT,2020,2020-04-24,20.0,39.844,27.361,19.844
IT,2020,2020-04-25,0.11,30.72,14.205,30.61
IT,2020,2020-04-26,10.0,38.196,22.134,28.196
IT,2020,2020-04-27,23.73,41.842,31.185,18.112
IT,2020,2020-04-28,15.9,33.532,25.234,17.632
IT,2020,2020-04-29,14.281,34.007,20.602,19.726
IT,2020,2020-04-30,13.64,37.105,24.741,23.465
IT,2020,2020-05-01,0.984,25.59,10.002,24.606
IT,2020,2020-05-02,5.077,34.94,14.964,29.863
IT,2020,2020-05-03,4.731,32.0,14.81,27.269
IT,2020,2020-05-04,20.14,45.613,29.751,25.473
IT,2020,2020-05-05,19.1,35.201,25.062,16.101
IT,2020,2020-05-06,19.5,36.247,25.965,16.747
IT,2020,2020-05-07,16.739,35.304,22.268,18.566
IT,2020,2020-05-08,16.184,34.758,23.171,18.574
IT,2020,2020-05-09,16.0,35.321,25.659,19.321
IT,2020,2020-05-10,10.0,28.078,19.828,18.078
IT,2020,2020-05-11,17.0,35.85,23.899,18.85
IT,2020,2020-05-12,15.987,34.476,23.187,18.489
IT,2020,2020-05-13,17.91,39.85,27.908,21.94
IT,2020,2020-05-14,16.75,29.79,22.509,13.04
IT,2020,2020-05-15,15.14,33.048,21.755,17.908
IT,2020,2020-05-16,13.75,30.475,20.613,16.724
IT,2020,2020-05-17,6.95,33.367,18.45,26.417
IT,2020,2020-05-18,17.525,38.838,25.115,21.314
IT,2020,2020-05-19,17.34,36.114,27.253,18.774
IT,2020,2020-05-20,16.0,30.27,24.207,14.27
IT,2020,2020-05-21,11.612,24.713,17.829,13.101
IT,2020,2020-05-22,13.744,34.331,20.836,20.587
IT,2020,2020-05-23,9.01,30.954,18.272,21.944
IT,2020,2020-05-24,1.0,29.693,11.773,28.693
IT,2020,2020-05-25,8.49,30.483,18.937,21.993
IT,2020,2020-05-26,17.159,32.46,24.273,15.301
IT,2020,2020-05-27,15.508,30.65,21.308,15.142
IT,2020,2020-05-28,14.33,39.1,21.484,24.77
IT,2020,2020-05-29,19.009,37.727,28.196,18.718
IT,2020,2020-05-30,16.1,41.371,24.834,25.271
IT,2020,2020-05-31,10.0,39.423,21.256,29.423
IT,2020,2020-06-01,13.362,30.23,19.366,16.868
IT,2020,2020-06-02,15.0,31.208,21.165,16.208
IT,2020,2020-06-03,20.19,35.811,26.452,15.621
IT,2020,2020-06-04,16.569,32.489,24.327,15.92
IT,2020,2020-06-05,15.61,32.827,23.608,17.217
IT,2020,2020-06-06,12.162,29.616,17.26,17.454
IT,2020,2020-06-07,10.555,34.703,20.449,24.148
IT,2020,2020-06-08,21.08,38.262,31.494,17.182
IT,2020,2020-06-09,23.48,40.596,30.055,17.116
IT,2020,2020-06-10,21.36,36.309,27.792,14.949
IT,2020,2020-06-11,18.96,33.998,25.225,15.038
IT,2020,2020-06-12,20.142,34.381,26.273,14.239
IT,2020,2020-06-13,15.84,29.041,23.395,13.201
IT,2020,2020-06-14,13.005,27.357,19.873,14.353
IT,2020,2020-06-15,18.4,44.166,31.826,25.766
IT,2020,2020-06-16,24.34,42.051,31.546,17.711
IT,2020,2020-06-17,25.26,40.21,31.215,14.95
IT,2020,2020-06-18,22.82,37.527,30.094,14.707
IT,2020,2020-06-19,23.516,38.891,31.664,15.376
IT,2020,2020-06-20,14.9,35.792,26.062,20.892
IT,2020,2020-06-21,8.0,35.52,20.021,27.52
IT,2020,2020-06-22,21.71,39.093,30.589,17.383
IT,2020,2020-06-23,24.4,43.537,31.77,19.137
IT,2020,2020-06-24,26.76,47.615,35.479,20.855
IT,2020,2020-06-25,32.027,48.312,38.212,16.285
IT,2020,2020-06-26,27.302,48.554,37.222,21.252
IT,2020,2020-06-27,17.52,41.453,29.422,23.933
IT,2020,2020-06-28,22.15,39.945,28.465,17.795
IT,2020,2020-06-29,21.389,42.145,32.392,20.756
IT,2020,2020-06-30,32.877,44.469,39.088,11.591
IT,2020,2020-07-01,34.203,53.228,44.415,19.025
IT,2020,2020-07-02,29.476,58.711,44.896,29.235
IT,2020,2020-07-03,29.9,49.95,39.194,20.05
IT,2020,2020-07-04,20.528,37.896,31.46,17.368
IT,2020,2020-07-05,15.0,34.919,23.143,19.919
IT,2020,2020-07-06,18.01,46.504,33.224,28.494
IT,2020,2020-07-07,27.15,42.81,34.278,15.66
IT,2020,2020-07-08,29.55,56.825,42.087,27.275
IT,2020,2020-07-09,30.0,52.662,41.069,22.662
IT,2020,2020-07-10,31.03,43.946,39.348,12.916
IT,2020,2020-07-11,25.12,41.316,31.507,16.196
IT,2020,2020-07-12,20.63,39.546,27.751,18.916
IT,2020,2020-07-13,25.07,47.139,35.806,22.069
IT,2020,2020-07-14,28.6,46.703,37.553,18.103
IT,2020,2020-07-15,31.162,48.52,40.7,17.358
IT,2020,2020-07-16,29.0,48.64,41.21,19.64
IT,2020,2020-07-17,28.76,45.2,37.957,16.44
IT,2020,2020-07-18,25.43,40.688,30.846,15.258
IT,2020,2020-07-19,19.46,44.068,28.718,24.608
IT,2020,2020-07-20,26.0,47.885,37.278,21.885
IT,2020,2020-07-21,30.281,45.1,38.427,14.819
IT,2020,2020-07-22,31.256,47.678,40.017,16.422
IT,2020,2020-07-23,29.87,48.091,41.794,18.221
IT,2020,2020-07-24,28.204,42.039,36.653,13.835
IT,2020,2020-07-25,22.85,39.494,29.613,16.644
IT,2020,2020-07-26,11.49,46.037,28.149,34.547
IT,2020,2020-07-27,30.133,50.191,40.061,20.058
IT,2020,2020-07-28,31.715,53.329,41.851,21.614
IT,2020,2020-07-29,36.879,64.572,51.685,27.693
IT,2020,2020-07-30,34.317,64.675,49.949,30.358
IT,2020,2020-07-31,40.964,69.049,57.137,28.085
IT,2020,2020-08-01,29.031,47.587,36.561,18.555
IT,2020,2020-08-02,25.7,52.873,34.089,27.173
IT,2020,2020-08-03,29.092,48.268,40.161,19.176
IT,2020,2020-08-04,28.915,45.505,38.418,16.589
IT,2020,2020-08-05,31.83,53.186,41.94,21.355
IT,2020,2020-08-06,27.6,54.993,37.901,27.393
IT,2020,2020-08-07,31.43,52.312,38.538,20.882
IT,2020,2020-08-08,27.145,43.723,33.125,16.578
IT,2020,2020-08-09,22.425,43.63,30.277,21.205
IT,2020,2020-08-10,27.466,56.863,40.734,29.397
IT,2020,2020-08-11,33.119,53.246,41.434,20.127
IT,2020,2020-08-12,34.931,58.322,42.744,23.392
IT,2020,2020-08-13,34.906,55.655,41.141,20.749
IT,2020,2020-08-14,30.07,49.058,38.742,18.988
IT,2020,2020-08-15,26.07,44.356,32.966,18.286
IT,2020,2020-08-16,27.4,45.869,33.782,18.469
IT,2020,2020-08-17,29.867,58.077,42.504,28.21
IT,2020,2020-08-18,30.15,65.49,44.244,35.34
IT,2020,2020-08-19,35.727,62.935,44.048,27.208
IT,2020,2020-08-20,33.722,67.433,43.762,33.711
IT,2020,2020-08-21,30.391,57.983,40.656,27.592
IT,2020,2020-08-22,30.36,57.93,38.769,27.57
IT,2020,2020-08-23,10.0,44.159,27.909,34.159
IT,2020,2020-08-24,26.741,71.214,46.314,44.473
IT,2020,2020-08-25,32.732,50.878,41.041,18.146
IT,2020,2020-08-26,36.902,66.549,48.779,29.648
IT,2020,2020-08-27,38.409,75.651,51.889,37.242
IT,2020,2020-08-28,36.644,58.038,46.962,21.394
IT,2020,2020-08-29,32.39,55.669,39.731,23.279
IT,2020,2020-08-30,29.23,49.599,34.588,20.369
IT,2020,2020-08-31,28.454,75.189,54.723,46.735
IT,2020,2020-09-01,34.91,67.202,49.419,32.292
IT,2020,2020-09-02,34.72,69.865,50.489,35.145
IT,2020,2020-09-03,36.761,63.755,47.462,26.994
IT,2020,2020-09-04,36.956,56.795,44.86,19.839
IT,2020,2020-09-05,30.5,50.656,38.27,20.156
IT,2020,2020-09-06,30.28,52.755,37.433,22.475
IT,2020,2020-09-07,35.257,65.957,48.884,30.7
IT,2020,2020-09-08,37.741,69.349,48.382,31.609
IT,2020,2020-09-09,38.355,66.263,51.054,27.908
IT,2020,2020-09-10,39.0,78.109,52.411,39.109
IT,2020,2020-09-11,37.987,70.883,56.798,32.896
IT,2020,2020-09-12,36.709,55.578,41.4,18.868
IT,2020,2020-09-13,30.45,53.023,37.222,22.573
IT,2020,2020-09-14,32.32,85.556,54.887,53.236
IT,2020,2020-09-15,40.337,162.596,71.624,122.259
IT,2020,2020-09-16,43.462,81.528,59.023,38.067
IT,2020,2020-09-17,37.609,79.225,52.028,41.616
IT,2020,2020-09-18,34.2,58.951,46.141,24.751
IT,2020,2020-09-19,34.719,54.932,42.26,20.213
IT,2020,2020-09-20,35.746,55.728,42.133,19.981
IT,2020,2020-09-21,38.813,85.81,60.247,46.996
IT,2020,2020-09-22,42.691,84.9,57.65,42.209
IT,2020,2020-09-23,40.042,63.762,51.537,23.721
IT,2020,2020-09-24,37.371,69.966,49.054,32.595
IT,2020,2020-09-25,30.71,67.369,48.597,36.659
IT,2020,2020-09-26,24.044,48.19,33.587,24.146
IT,2020,2020-09-27,27.167,52.583,35.103,25.416
IT,2020,2020-09-28,29.889,77.92,48.264,48.032
IT,2020,2020-09-29,34.79,84.35,55.66,49.56
IT,2020,2020-09-30,35.4,73.35,51.152,37.95
IT,2020,2020-10-01,31.1,62.619,45.823,31.519
IT,2020,2020-10-02,31.39,54.28,42.207,22.89
IT,2020,2020-10-03,17.75,49.871,31.073,32.121
IT,2020,2020-10-04,4.9,50.027,19.551,45.127
IT,2020,2020-10-05,6.23,56.225,37.997,49.995
IT,2020,2020-10-06,25.324,55.175,40.563,29.851
IT,2020,2020-10-07,18.58,63.349,40.445,44.769
IT,2020,2020-10-08,22.02,65.153,38.882,43.133
IT,2020,2020-10-09,34.561,62.625,47.372,28.064
IT,2020,2020-10-10,28.24,57.833,38.564,29.593
IT,2020,2020-10-11,26.924,51.467,34.914,24.543
IT,2020,2020-10-12,33.228,78.68,49.057,45.452
IT,2020,2020-10-13,35.46,71.215,47.837,35.755
IT,2020,2020-10-14,35.282,77.5,52.253,42.218
IT,2020,2020-10-15,28.38,63.699,45.314,35.319
IT,2020,2020-10-16,34.159,69.6,49.674,35.441
IT,2020,2020-10-17,37.267,61.405,45.599,24.138
IT,2020,2020-10-18,34.404,61.551,43.611,27.148
IT,2020,2020-10-19,37.997,74.362,51.879,36.365
IT,2020,2020-10-20,40.944,67.113,49.537,26.169
IT,2020,2020-10-21,38.613,62.894,47.004,24.281
IT,2020,2020-10-22,35.992,69.865,51.227,33.873
IT,2020,2020-10-23,38.08,59.0,48.211,20.92
IT,2020,2020-10-24,32.3,55.037,44.561,22.737
IT,2020,2020-10-25,21.88,50.231,33.113,28.351
IT,2020,2020-10-26,19.5,55.798,41.799,36.298
IT,2020,2020-10-27,28.04,74.755,48.723,46.715
IT,2020,2020-10-28,30.01,76.404,49.823,46.394
IT,2020,2020-10-29,38.606,61.407,46.224,22.801
IT,2020,2020-10-30,35.97,59.293,46.326,23.323
IT,2020,2020-10-31,30.0,49.745,39.933,19.745
IT,2020,2020-11-01,19.108,46.34,37.035,27.233
IT,2020,2020-11-02,20.806,68.772,44.875,47.966
IT,2020,2020-11-03,28.128,68.655,45.409,40.527
IT,2020,2020-11-04,30.577,60.602,44.544,30.025
IT,2020,2020-11-05,30.27,63.127,43.422,32.857
IT,2020,2020-11-06,30.05,53.925,42.871,23.875
IT,2020,2020-11-07,32.86,51.438,39.94,18.578
IT,2020,2020-11-08,35.842,50.972,41.632,15.131
IT,2020,2020-11-09,31.0,69.51,46.051,38.51
IT,2020,2020-11-10,37.197,77.475,50.419,40.277
IT,2020,2020-11-11,35.371,71.388,48.102,36.017
IT,2020,2020-11-12,42.516,79.992,57.761,37.476
IT,2020,2020-11-13,37.2,74.625,51.45,37.425
IT,2020,2020-11-14,39.86,62.621,48.132,22.761
IT,2020,2020-11-15,27.766,55.357,44.513,27.592
IT,2020,2020-11-16,29.88,70.43,52.267,40.55
IT,2020,2020-11-17,33.5,57.937,46.306,24.437
IT,2020,2020-11-18,30.0,70.995,48.415,40.995
IT,2020,2020-11-19,35.48,59.569,47.139,24.089
IT,2020,2020-11-20,33.6,64.251,49.651,30.651
IT,2020,2020-11-21,30.4,53.009,40.976,22.609
IT,2020,2020-11-22,29.75,55.692,40.863,25.942
IT,2020,2020-11-23,34.0,74.276,54.886,40.276
IT,2020,2020-11-24,40.378,74.393,55.22,34.014
IT,2020,2020-11-25,36.5,75.606,55.425,39.106
IT,2020,2020-11-26,38.457,81.636,57.913,43.179
IT,2020,2020-11-27,44.098,102.744,68.794,58.646
IT,2020,2020-11-28,41.41,72.0,53.926,30.59
IT,2020,2020-11-29,35.97,60.849,47.138,24.879
IT,2020,2020-11-30,38.82,76.445,57.356,37.625
IT,2020,2020-12-01,39.76,78.797,58.975,39.037
IT,2020,2020-12-02,43.42,105.61,72.696,62.19
IT,2020,2020-12-03,42.9,89.36,64.949,46.46
IT,2020,2020-12-04,40.88,82.324,59.354,41.444
IT,2020,2020-12-05,38.28,67.63,51.097,29.35
IT,2020,2020-12-06,33.59,63.955,46.356,30.365
IT,2020,2020-12-07,30.25,76.007,55.218,45.757
IT,2020,2020-12-08,35.511,78.744,58.108,43.233
IT,2020,2020-12-09,34.099,106.697,71.994,72.598
IT,2020,2020-12-10,36.19,102.393,68.442,66.203
IT,2020,2020-12-11,41.03,71.292,57.878,30.262
IT,2020,2020-12-12,43.31,63.248,52.548,19.938
IT,2020,2020-12-13,34.01,53.0,43.182,18.99
IT,2020,2020-12-14,25.18,69.866,52.69,44.686
IT,2020,2020-12-15,34.0,78.656,57.963,44.656
IT,2020,2020-12-16,43.71,92.39,65.481,48.68
IT,2020,2020-12-17,51.35,86.8,68.563,35.45
IT,2020,2020-12-18,44.38,83.605,65.149,39.225
IT,2020,2020-12-19,44.325,71.027,57.095,26.702
IT,2020,2020-12-20,35.03,60.122,46.732,25.092
IT,2020,2020-12-21,32.93,75.816,57.083,42.886
IT,2020,2020-12-22,39.815,67.642,56.114,27.828
IT,2020,2020-12-23,31.13,61.776,51.327,30.646
IT,2020,2020-12-24,15.0,56.882,39.636,41.882
IT,2020,2020-12-25,8.0,51.723,32.91,43.723
IT,2020,2020-12-26,17.22,51.038,37.221,33.818
IT,2020,2020-12-27,15.0,54.202,35.227,39.202
IT,2020,2020-12-28,11.24,57.659,41.788,46.419
IT,2020,2020-12-29,34.06,62.94,49.665,28.88
IT,2020,2020-12-30,33.5,61.422,51.37,27.922
IT,2020,2020-12-31,24.924,64.706,49.321,39.782
IT,2021,2021-01-01,39.63,60.61,47.992,20.98
IT,2021,2021-01-02,30.548,65.716,51.231,35.168
IT,2021,2021-01-03,35.5,62.855,47.928,27.355
IT,2021,2021-01-04,41.62,72.007,59.301,30.387
IT,2021,2021-01-05,44.58,68.32,59.238,23.74
IT,2021,2021-01-06,47.2,69.549,58.374,22.349
IT,2021,2021-01-07,49.35,94.716,71.953,45.366
IT,2021,2021-01-08,50.86,100.934,75.877,50.074
IT,2021,2021-01-09,50.25,72.938,60.604,22.688
IT,2021,2021-01-10,48.45,70.022,57.15,21.572
IT,2021,2021-01-11,46.36,83.417,67.218,37.057
IT,2021,2021-01-12,49.5,85.489,68.275,35.989
IT,2021,2021-01-13,52.616,94.499,74.042,41.883
IT,2021,2021-01-14,53.51,93.478,76.076,39.968
IT,2021,2021-01-15,46.6,98.081,72.173,51.481
IT,2021,2021-01-16,47.75,68.742,57.303,20.992
IT,2021,2021-01-17,48.14,75.0,58.12,26.86
IT,2021,2021-01-18,46.96,91.028,69.994,44.068
IT,2021,2021-01-19,47.9,94.233,70.086,46.333
IT,2021,2021-01-20,46.0,81.0,62.924,35.0
IT,2021,2021-01-21,41.02,79.9,60.923,38.88
IT,2021,2021-01-22,30.89,81.968,60.13,51.078
IT,2021,2021-01-23,37.921,66.13,52.621,28.209
IT,2021,2021-01-24,38.385,65.0,48.593,26.615
IT,2021,2021-01-25,40.727,75.764,59.628,35.037
IT,2021,2021-01-26,46.83,82.04,62.769,35.21
IT,2021,2021-01-27,47.8,72.821,60.629,25.021
IT,2021,2021-01-28,42.71,73.17,60.341,30.46
IT,2021,2021-01-29,35.31,73.0,54.02,37.69
IT,2021,2021-01-30,32.488,65.383,49.696,32.895
IT,2021,2021-01-31,33.417,63.88,46.389,30.463
IT,2021,2021-02-01,34.87,84.08,60.554,49.21
IT,2021,2021-02-02,40.82,76.28,59.113,35.46
IT,2021,2021-02-03,34.574,71.347,57.184,36.774
IT,2021,2021-02-04,26.556,71.5,54.665,44.944
IT,2021,2021-02-05,42.7,85.028,63.0,42.328
IT,2021,2021-02-06,45.8,67.12,56.329,21.32
IT,2021,2021-02-07,10.0,55.39,36.535,45.39
IT,2021,2021-02-08,12.79,64.32,48.111,51.53
IT,2021,2021-02-09,27.943,80.64,59.165,52.697
IT,2021,2021-02-10,31.22,101.656,63.911,70.436
IT,2021,2021-02-11,38.493,108.507,69.064,70.014
IT,2021,2021-02-12,50.5,89.73,66.409,39.23
IT,2021,2021-02-13,45.339,72.96,58.062,27.621
IT,2021,2021-02-14,24.159,63.96,45.145,39.801
IT,2021,2021-02-15,24.853,81.0,58.756,56.147
IT,2021,2021-02-16,42.35,84.405,61.733,42.055
IT,2021,2021-02-17,44.0,86.413,63.125,42.413
IT,2021,2021-02-18,39.6,81.83,60.586,42.23
IT,2021,2021-02-19,45.01,82.03,61.664,37.02
IT,2021,2021-02-20,43.86,73.617,54.245,29.757
IT,2021,2021-02-21,25.47,62.387,43.244,36.917
IT,2021,2021-02-22,37.22,75.222,56.549,38.002
IT,2021,2021-02-23,46.05,77.408,57.14,31.358
IT,2021,2021-02-24,43.0,76.293,54.765,33.293
IT,2021,2021-02-25,45.0,86.8,59.194,41.8
IT,2021,2021-02-26,43.1,93.948,61.327,50.848
IT,2021,2021-02-27,36.38,67.618,51.444,31.238
IT,2021,2021-02-28,25.7,61.85,42.77,36.15
IT,2021,2021-03-01,40.8,77.713,56.205,36.913
IT,2021,2021-03-02,48.48,90.287,61.371,41.807
IT,2021,2021-03-03,51.08,95.515,62.47,44.435
IT,2021,2021-03-04,49.86,89.572,61.717,39.712
IT,2021,2021-03-05,44.67,82.077,58.155,37.407
IT,2021,2021-03-06,46.58,68.302,55.643,21.722
IT,2021,2021-03-07,47.3,63.077,53.23,15.777
IT,2021,2021-03-08,43.02,100.87,63.532,57.85
IT,2021,2021-03-09,53.705,93.782,64.029,40.077
IT,2021,2021-03-10,48.713,69.9,55.362,21.187
IT,2021,2021-03-11,48.35,87.88,61.5,39.53
IT,2021,2021-03-12,50.1,79.236,60.597,29.136
IT,2021,2021-03-13,44.9,73.634,56.177,28.734
IT,2021,2021-03-14,31.64,60.0,43.852,28.36
IT,2021,2021-03-15,33.41,72.0,53.882,38.59
IT,2021,2021-03-16,51.21,81.981,62.52,30.771
IT,2021,2021-03-17,48.7,87.228,60.832,38.528
IT,2021,2021-03-18,56.84,99.698,71.969,42.858
IT,2021,2021-03-19,57.91,76.153,64.009,18.243
IT,2021,2021-03-20,57.49,77.101,65.251,19.611
IT,2021,2021-03-21,44.4,74.21,54.918,29.81
IT,2021,2021-03-22,47.01,91.473,63.095,44.463
IT,2021,2021-03-23,50.094,83.49,61.414,33.396
IT,2021,2021-03-24,51.974,87.139,62.204,35.165
IT,2021,2021-03-25,52.5,94.267,66.048,41.767
IT,2021,2021-03-26,58.0,84.771,65.658,26.771
IT,2021,2021-03-27,49.67,76.267,58.139,26.597
IT,2021,2021-03-28,46.4,89.789,62.883,43.389
IT,2021,2021-03-29,52.54,91.093,63.088,38.553
IT,2021,2021-03-30,47.51,90.0,62.253,42.49
IT,2021,2021-03-31,43.752,91.942,60.721,48.19
IT,2021,2021-04-01,50.49,76.992,61.274,26.502
IT,2021,2021-04-02,39.18,74.25,56.567,35.07
IT,2021,2021-04-03,41.1,93.142,59.04,52.042
IT,2021,2021-04-04,3.49,78.345,40.408,74.855
IT,2021,2021-04-05,30.0,81.546,53.627,51.546
IT,2021,2021-04-06,43.93,75.7,61.293,31.77
IT,2021,2021-04-07,58.0,87.0,67.462,29.0
IT,2021,2021-04-08,61.794,96.733,72.581,34.939
IT,2021,2021-04-09,60.953,86.49,70.665,25.538
IT,2021,2021-04-10,50.01,69.381,59.57,19.371
IT,2021,2021-04-11,45.5,73.0,58.448,27.5
IT,2021,2021-04-12,53.73,99.987,74.61,46.257
IT,2021,2021-04-13,60.261,105.603,75.805,45.342
IT,2021,2021-04-14,64.78,118.092,80.837,53.312
IT,2021,2021-04-15,64.11,112.07,76.641,47.96
IT,2021,2021-04-16,65.87,96.1,73.928,30.23
IT,2021,2021-04-17,59.17,79.875,68.154,20.705
IT,2021,2021-04-18,61.26,86.318,68.987,25.058
IT,2021,2021-04-19,67.35,109.8,81.129,42.45
IT,2021,2021-04-20,64.779,101.73,79.069,36.951
IT,2021,2021-04-21,68.62,92.62,78.189,24.0
IT,2021,2021-04-22,64.91,85.0,73.522,20.09
IT,2021,2021-04-23,59.61,92.9,70.72,33.29
IT,2021,2021-04-24,49.85,83.0,65.188,33.15
IT,2021,2021-04-25,28.66,94.85,66.609,66.19
IT,2021,2021-04-26,59.96,85.526,72.449,25.566
IT,2021,2021-04-27,58.886,94.798,77.85,35.912
IT,2021,2021-04-28,64.72,88.889,75.852,24.169
IT,2021,2021-04-29,61.132,88.461,76.683,27.33
IT,2021,2021-04-30,63.589,89.784,74.49,26.195
IT,2021,2021-05-01,45.53,72.658,56.762,27.128
IT,2021,2021-05-02,3.0,78.219,45.821,75.219
IT,2021,2021-05-03,52.51,89.543,73.402,37.033
IT,2021,2021-05-04,59.254,88.33,74.074,29.076
IT,2021,2021-05-05,59.734,94.33,72.823,34.596
IT,2021,2021-05-06,58.59,92.73,74.039,34.14
IT,2021,2021-05-07,59.341,99.565,74.689,40.225
IT,2021,2021-05-08,56.5,84.535,71.667,28.035
IT,2021,2021-05-09,49.25,87.379,68.748,38.129
IT,2021,2021-05-10,45.655,92.07,72.811,46.416
IT,2021,2021-05-11,58.2,93.37,75.506,35.17
IT,2021,2021-05-12,54.81,83.193,68.794,28.383
IT,2021,2021-05-13,59.9,88.37,71.95,28.47
IT,2021,2021-05-14,62.2,90.01,77.212,27.81
IT,2021,2021-05-15,45.06,80.274,61.188,35.214
IT,2021,2021-05-16,22.08,80.251,46.649,58.171
IT,2021,2021-05-17,27.93,90.807,68.951,62.877
IT,2021,2021-05-18,56.68,91.818,75.441,35.138
IT,2021,2021-05-19,55.606,97.01,76.564,41.404
IT,2021,2021-05-20,49.007,94.9,71.546,45.893
IT,2021,2021-05-21,65.0,90.09,77.298,25.09
IT,2021,2021-05-22,31.98,78.506,61.468,46.526
IT,2021,2021-05-23,32.83,84.231,63.399,51.401
IT,2021,2021-05-24,36.0,90.0,75.024,54.0
IT,2021,2021-05-25,47.97,85.0,69.586,37.03
IT,2021,2021-05-26,67.53,97.485,81.716,29.955
IT,2021,2021-05-27,70.92,99.18,82.647,28.26
IT,2021,2021-05-28,69.99,97.0,79.422,27.01
IT,2021,2021-05-29,45.43,83.486,67.779,38.056
IT,2021,2021-05-30,34.61,81.838,59.508,47.228
IT,2021,2021-05-31,55.02,88.936,72.014,33.916
IT,2021,2021-06-01,56.12,90.522,73.055,34.402
IT,2021,2021-06-02,53.83,86.89,69.255,33.06
IT,2021,2021-06-03,57.36,89.72,71.834,32.36
IT,2021,2021-06-04,67.882,94.037,79.76,26.155
IT,2021,2021-06-05,54.276,83.08,69.099,28.804
IT,2021,2021-06-06,48.0,89.047,68.902,41.047
IT,2021,2021-06-07,59.97,92.003,78.646,32.033
IT,2021,2021-06-08,65.808,93.85,77.727,28.042
IT,2021,2021-06-09,64.0,88.11,76.573,24.11
IT,2021,2021-06-10,67.72,101.704,83.726,33.984
IT,2021,2021-06-11,71.331,97.731,84.236,26.4
IT,2021,2021-06-12,62.4,92.724,75.954,30.324
IT,2021,2021-06-13,43.296,97.03,67.517,53.734
IT,2021,2021-06-14,45.7,99.804,76.478,54.104
IT,2021,2021-06-15,68.03,106.869,84.733,38.839
IT,2021,2021-06-16,76.423,118.319,90.927,41.896
IT,2021,2021-06-17,81.922,112.731,90.253,30.809
IT,2021,2021-06-18,77.255,103.483,89.375,26.227
IT,2021,2021-06-19,65.767,97.93,78.477,32.163
IT,2021,2021-06-20,67.749,106.484,79.905,38.734
IT,2021,2021-06-21,60.446,102.561,85.689,42.114
IT,2021,2021-06-22,72.486,107.5,91.647,35.014
IT,2021,2021-06-23,85.191,120.594,101.766,35.403
IT,2021,2021-06-24,82.407,127.773,106.562,45.366
IT,2021,2021-06-25,76.829,121.36,99.168,44.531
IT,2021,2021-06-26,68.864,109.133,90.681,40.269
IT,2021,2021-06-27,77.826,106.461,87.01,28.634
IT,2021,2021-06-28,79.828,123.96,100.564,44.132
IT,2021,2021-06-29,81.0,139.07,112.016,58.07
IT,2021,2021-06-30,80.02,121.177,103.552,41.157
IT,2021,2021-07-01,82.11,111.017,98.824,28.907
IT,2021,2021-07-02,92.19,123.11,110.991,30.92
IT,2021,2021-07-03,93.496,117.478,105.965,23.983
IT,2021,2021-07-04,79.0,106.602,93.101,27.602
IT,2021,2021-07-05,75.0,115.77,98.496,40.77
IT,2021,2021-07-06,95.847,121.27,105.951,25.422
IT,2021,2021-07-07,94.996,137.327,112.476,42.331
IT,2021,2021-07-08,85.2,123.417,110.342,38.217
IT,2021,2021-07-09,80.067,109.583,97.491,29.516
IT,2021,2021-07-10,71.385,108.487,92.07,37.102
IT,2021,2021-07-11,65.0,109.312,87.474,44.312
IT,2021,2021-07-12,86.221,120.69,104.226,34.469
IT,2021,2021-07-13,87.933,126.139,107.103,38.206
IT,2021,2021-07-14,82.1,110.55,99.106,28.45
IT,2021,2021-07-15,73.25,109.9,96.608,36.65
IT,2021,2021-07-16,85.0,116.85,99.82,31.85
IT,2021,2021-07-17,85.08,102.15,93.19,17.07
IT,2021,2021-07-18,60.0,102.048,82.195,42.048
IT,2021,2021-07-19,78.306,114.495,100.075,36.189
IT,2021,2021-07-20,94.536,122.138,110.209,27.602
IT,2021,2021-07-21,89.256,116.662,103.581,27.407
IT,2021,2021-07-22,89.503,117.19,103.668,27.686
IT,2021,2021-07-23,95.936,127.384,110.18,31.448
IT,2021,2021-07-24,90.076,112.916,103.352,22.84
IT,2021,2021-07-25,80.967,98.548,88.389,17.582
IT,2021,2021-07-26,76.69,127.0,106.342,50.31
IT,2021,2021-07-27,84.61,131.356,112.643,46.746
IT,2021,2021-07-28,89.869,136.628,115.518,46.759
IT,2021,2021-07-29,89.668,148.451,115.082,58.783
IT,2021,2021-07-30,87.009,139.742,110.908,52.733
IT,2021,2021-07-31,98.376,122.402,108.404,24.027
IT,2021,2021-08-01,60.12,133.037,92.099,72.916
IT,2021,2021-08-02,83.432,123.222,109.296,39.79
IT,2021,2021-08-03,93.453,133.03,112.474,39.577
IT,2021,2021-08-04,95.062,131.693,113.544,36.632
IT,2021,2021-08-05,90.589,123.835,106.855,33.245
IT,2021,2021-08-06,91.419,124.405,109.94,32.986
IT,2021,2021-08-07,76.82,134.003,100.159,57.183
IT,2021,2021-08-08,72.966,135.159,96.45,62.193
IT,2021,2021-08-09,67.859,156.61,109.429,88.752
IT,2021,2021-08-10,100.706,138.939,113.996,38.233
IT,2021,2021-08-11,100.27,157.062,121.031,56.791
IT,2021,2021-08-12,106.113,141.9,120.255,35.787
IT,2021,2021-08-13,113.741,145.98,123.538,32.239
IT,2021,2021-08-14,106.326,136.696,115.719,30.37
IT,2021,2021-08-15,99.47,140.25,114.694,40.78
IT,2021,2021-08-16,100.682,137.867,117.385,37.185
IT,2021,2021-08-17,97.739,135.478,114.948,37.738
IT,2021,2021-08-18,99.061,134.33,112.411,35.269
IT,2021,2021-08-19,100.248,150.498,121.812,50.25
IT,2021,2021-08-20,94.79,133.208,109.925,38.419
IT,2021,2021-08-21,83.1,132.957,105.593,49.857
IT,2021,2021-08-22,76.16,137.741,101.018,61.581
IT,2021,2021-08-23,85.7,126.653,108.961,40.953
IT,2021,2021-08-24,94.686,146.183,116.294,51.497
IT,2021,2021-08-25,90.464,132.954,110.261,42.49
IT,2021,2021-08-26,103.188,151.11,128.602,47.921
IT,2021,2021-08-27,99.3,128.296,113.642,28.996
IT,2021,2021-08-28,80.032,130.6,112.294,50.567
IT,2021,2021-08-29,75.815,125.3,103.043,49.485
IT,2021,2021-08-30,101.268,146.93,126.928,45.661
IT,2021,2021-08-31,110.329,145.439,127.211,35.11
IT,2021,2021-09-01,114.664,143.155,127.188,28.491
IT,2021,2021-09-02,116.07,162.344,139.508,46.274
IT,2021,2021-09-03,127.884,169.179,145.724,41.295
IT,2021,2021-09-04,121.747,145.64,135.414,23.893
IT,2021,2021-09-05,60.06,140.484,111.791,80.424
IT,2021,2021-09-06,97.97,154.798,133.242,56.828
IT,2021,2021-09-07,119.05,168.04,137.893,48.99
IT,2021,2021-09-08,125.819,166.214,139.853,40.394
IT,2021,2021-09-09,130.526,174.23,144.661,43.704
IT,2021,2021-09-10,128.54,165.118,145.401,36.578
IT,2021,2021-09-11,125.78,156.086,139.174,30.306
IT,2021,2021-09-12,116.77,159.37,133.098,42.6
IT,2021,2021-09-13,121.764,174.25,148.72,52.486
IT,2021,2021-09-14,128.5,177.82,153.775,49.32
IT,2021,2021-09-15,152.712,200.0,175.416,47.288
IT,2021,2021-09-16,141.2,212.0,182.024,70.8
IT,2021,2021-09-17,140.99,187.823,167.803,46.833
IT,2021,2021-09-18,140.0,195.0,158.149,55.0
IT,2021,2021-09-19,126.4,171.549,154.85,45.149
IT,2021,2021-09-20,119.0,205.0,162.303,86.0
IT,2021,2021-09-21,152.64,235.0,175.813,82.36
IT,2021,2021-09-22,146.64,250.0,179.779,103.36
IT,2021,2021-09-23,145.0,230.0,173.501,85.0
IT,2021,2021-09-24,163.09,250.0,191.05,86.91
IT,2021,2021-09-25,137.37,198.09,163.433,60.72
IT,2021,2021-09-26,147.34,185.85,162.632,38.51
IT,2021,2021-09-27,146.02,210.0,175.474,63.98
IT,2021,2021-09-28,154.03,237.01,179.968,82.98
IT,2021,2021-09-29,175.4,256.29,218.838,80.89
IT,2021,2021-09-30,178.9,247.732,205.775,68.832
IT,2021,2021-10-01,168.84,250.0,209.824,81.16
IT,2021,2021-10-02,184.97,290.0,223.805,105.03
IT,2021,2021-10-03,158.78,233.83,188.63,75.05
IT,2021,2021-10-04,156.6,265.85,213.403,109.25
IT,2021,2021-10-05,162.57,240.041,208.858,77.471
IT,2021,2021-10-06,196.218,300.0,246.176,103.782
IT,2021,2021-10-07,189.01,380.288,302.7,191.278
IT,2021,2021-10-08,183.0,312.7,229.674,129.7
IT,2021,2021-10-09,159.092,254.62,198.312,95.528
IT,2021,2021-10-10,132.06,237.381,169.105,105.321
IT,2021,2021-10-11,132.57,283.185,206.371,150.615
IT,2021,2021-10-12,170.703,287.296,219.719,116.593
IT,2021,2021-10-13,176.182,297.989,214.447,121.807
IT,2021,2021-10-14,168.38,297.314,214.653,128.934
IT,2021,2021-10-15,155.05,290.506,215.008,135.456
IT,2021,2021-10-16,171.99,313.0,215.163,141.01
IT,2021,2021-10-17,157.579,264.367,191.864,106.788
IT,2021,2021-10-18,189.366,315.135,247.195,125.769
IT,2021,2021-10-19,188.05,350.0,251.286,161.95
IT,2021,2021-10-20,179.715,305.954,230.478,126.239
IT,2021,2021-10-21,172.0,271.247,216.783,99.247
IT,2021,2021-10-22,171.997,312.66,236.898,140.663
IT,2021,2021-10-23,179.8,280.0,216.926,100.2
IT,2021,2021-10-24,151.9,242.15,187.638,90.25
IT,2021,2021-10-25,130.5,265.634,213.965,135.134
IT,2021,2021-10-26,182.837,309.986,239.761,127.149
IT,2021,2021-10-27,181.811,269.353,223.539,87.541
IT,2021,2021-10-28,178.986,258.881,213.301,79.895
IT,2021,2021-10-29,179.12,254.983,217.355,75.863
IT,2021,2021-10-30,163.889,250.057,190.999,86.167
IT,2021,2021-10-31,170.762,242.66,193.489,71.899
IT,2021,2021-11-01,139.532,187.545,165.586,48.013
IT,2021,2021-11-02,119.0,310.07,203.263,191.07
IT,2021,2021-11-03,146.22,278.003,199.933,131.783
IT,2021,2021-11-04,143.06,250.0,192.759,106.94
IT,2021,2021-11-05,177.29,255.0,208.874,77.71
IT,2021,2021-11-06,160.73,209.1,174.015,48.37
IT,2021,2021-11-07,162.53,239.0,195.123,76.47
IT,2021,2021-11-08,155.07,299.9,217.762,144.83
IT,2021,2021-11-09,160.57,259.24,211.341,98.67
IT,2021,2021-11-10,168.03,302.8,232.365,134.77
IT,2021,2021-11-11,152.5,280.0,199.432,127.5
IT,2021,2021-11-12,153.0,270.93,204.31,117.93
IT,2021,2021-11-13,171.14,232.181,188.509,61.041
IT,2021,2021-11-14,156.97,221.049,178.338,64.079
IT,2021,2021-11-15,153.71,300.01,228.717,146.3
IT,2021,2021-11-16,160.25,301.0,238.066,140.75
IT,2021,2021-11-17,185.0,299.327,245.854,114.327
IT,2021,2021-11-18,197.83,290.1,247.412,92.27
IT,2021,2021-11-19,198.0,292.329,243.946,94.329
IT,2021,2021-11-20,194.782,297.218,230.788,102.435
IT,2021,2021-11-21,196.84,257.63,221.626,60.79
IT,2021,2021-11-22,175.11,318.87,259.288,143.76
IT,2021,2021-11-23,190.83,348.21,270.216,157.38
IT,2021,2021-11-24,189.59,385.0,289.772,195.41
IT,2021,2021-11-25,208.88,350.062,292.328,141.182
IT,2021,2021-11-26,206.9,319.765,256.154,112.865
IT,2021,2021-11-27,184.1,277.33,222.628,93.23
IT,2021,2021-11-28,174.5,247.94,203.776,73.44
IT,2021,2021-11-29,180.0,398.107,288.144,218.107
IT,2021,2021-11-30,220.12,330.0,269.454,109.88
IT,2021,2021-12-01,199.1,350.0,280.947,150.9
IT,2021,2021-12-02,202.0,346.842,276.53,144.842
IT,2021,2021-12-03,220.282,362.411,289.654,142.129
IT,2021,2021-12-04,197.31,250.0,221.768,52.69
IT,2021,2021-12-05,159.46,320.0,221.994,160.54
IT,2021,2021-12-06,179.8,350.12,269.635,170.32
IT,2021,2021-12-07,195.96,321.157,252.755,125.198
IT,2021,2021-12-08,184.2,293.8,245.351,109.6
IT,2021,2021-12-09,205.0,349.131,278.542,144.131
IT,2021,2021-12-10,203.9,317.99,256.257,114.09
IT,2021,2021-12-11,188.942,293.232,247.054,104.29
IT,2021,2021-12-12,198.758,296.102,239.347,97.345
IT,2021,2021-12-13,217.71,369.06,295.248,151.35
IT,2021,2021-12-14,228.391,384.403,311.047,156.011
IT,2021,2021-12-15,261.73,410.0,341.449,148.27
IT,2021,2021-12-16,251.78,425.0,347.237,173.22
IT,2021,2021-12-17,250.0,391.664,330.353,141.664
IT,2021,2021-12-18,233.226,390.197,297.985,156.97
IT,2021,2021-12-19,274.9,420.0,333.063,145.1
IT,2021,2021-12-20,264.814,459.094,364.746,194.28
IT,2021,2021-12-21,294.9,508.44,420.073,213.54
IT,2021,2021-12-22,333.9,533.19,438.689,199.29
IT,2021,2021-12-23,342.71,480.0,411.174,137.29
IT,2021,2021-12-24,245.12,335.7,302.424,90.58
IT,2021,2021-12-25,153.86,266.6,216.575,112.74
IT,2021,2021-12-26,153.0,258.52,210.097,105.52
IT,2021,2021-12-27,153.39,300.0,242.039,146.61
IT,2021,2021-12-28,144.39,238.47,197.882,94.08
IT,2021,2021-12-29,149.74,274.1,217.89,124.36
IT,2021,2021-12-30,120.9,224.3,184.064,103.4
IT,2021,2021-12-31,94.48,233.93,169.592,139.45
IT,2022,2022-01-01,67.99,214.66,149.895,146.67
IT,2022,2022-01-02,100.0,245.0,166.208,145.0
IT,2022,2022-01-03,83.27,305.466,194.66,222.196
IT,2022,2022-01-04,105.0,202.844,165.77,97.844
IT,2022,2022-01-05,75.38,265.0,195.228,189.62
IT,2022,2022-01-06,170.1,278.36,225.964,108.26
IT,2022,2022-01-07,202.54,273.696,234.2,71.156
IT,2022,2022-01-08,201.0,300.0,234.329,99.0
IT,2022,2022-01-09,172.0,269.6,212.494,97.6
IT,2022,2022-01-10,178.04,310.841,252.225,132.801
IT,2022,2022-01-11,184.352,309.112,244.259,124.759
IT,2022,2022-01-12,178.33,300.069,234.096,121.739
IT,2022,2022-01-13,186.57,274.0,223.849,87.43
IT,2022,2022-01-14,188.356,280.67,228.386,92.314
IT,2022,2022-01-15,190.34,267.03,218.761,76.69
IT,2022,2022-01-16,186.6,265.36,213.179,78.76
IT,2022,2022-01-17,197.7,299.03,244.25,101.33
IT,2022,2022-01-18,193.99,294.36,240.055,100.37
IT,2022,2022-01-19,188.7,283.024,233.665,94.324
IT,2022,2022-01-20,168.18,265.45,220.531,97.27
IT,2022,2022-01-21,182.07,266.0,216.457,83.93
IT,2022,2022-01-22,176.04,245.27,204.58,69.23
IT,2022,2022-01-23,179.04,244.31,197.097,65.27
IT,2022,2022-01-24,177.46,341.85,242.946,164.39
IT,2022,2022-01-25,196.24,392.132,282.275,195.892
IT,2022,2022-01-26,225.01,361.92,272.384,136.91
IT,2022,2022-01-27,221.36,348.244,263.626,126.884
IT,2022,2022-01-28,214.81,330.0,261.126,115.19
IT,2022,2022-01-29,192.635,331.0,237.764,138.365
IT,2022,2022-01-30,195.14,263.39,217.951,68.25
IT,2022,2022-01-31,193.21,268.667,230.982,75.457
IT,2022,2022-02-01,180.102,296.702,238.527,116.6
IT,2022,2022-02-02,179.059,266.9,213.204,87.841
IT,2022,2022-02-03,177.43,275.56,213.622,98.13
IT,2022,2022-02-04,179.34,302.59,229.151,123.25
IT,2022,2022-02-05,190.25,303.566,223.995,113.316
IT,2022,2022-02-06,178.0,250.0,204.349,72.0
IT,2022,2022-02-07,154.94,245.473,204.673,90.533
IT,2022,2022-02-08,170.88,250.512,205.717,79.632
IT,2022,2022-02-09,183.85,307.25,220.455,123.4
IT,2022,2022-02-10,184.27,261.7,213.443,77.43
IT,2022,2022-02-11,184.0,294.0,219.689,110.0
IT,2022,2022-02-12,167.56,231.55,191.534,63.99
IT,2022,2022-02-13,167.37,265.31,196.521,97.94
IT,2022,2022-02-14,170.2,253.98,210.983,83.78
IT,2022,2022-02-15,174.02,262.88,209.986,88.86
IT,2022,2022-02-16,179.18,299.67,221.258,120.49
IT,2022,2022-02-17,164.86,213.27,182.416,48.41
IT,2022,2022-02-18,166.62,274.902,201.754,108.282
IT,2022,2022-02-19,162.728,205.79,178.268,43.062
IT,2022,2022-02-20,161.73,251.0,182.025,89.27
IT,2022,2022-02-21,154.98,218.02,185.627,63.04
IT,2022,2022-02-22,158.0,245.0,184.9,87.0
IT,2022,2022-02-23,162.097,245.0,191.907,82.903
IT,2022,2022-02-24,180.79,274.0,220.773,93.21
IT,2022,2022-02-25,235.0,349.0,285.899,114.0
IT,2022,2022-02-26,180.33,300.7,246.661,120.37
IT,2022,2022-02-27,153.76,279.84,202.694,126.08
IT,2022,2022-02-28,196.33,312.577,249.385,116.247
IT,2022,2022-03-01,222.168,359.716,270.683,137.547
IT,2022,2022-03-02,223.007,385.0,278.639,161.993
IT,2022,2022-03-03,307.01,406.584,363.946,99.574
IT,2022,2022-03-04,329.0,410.0,383.232,81.0
IT,2022,2022-03-05,313.0,409.125,364.273,96.125
IT,2022,2022-03-06,330.07,451.176,377.752,121.106
IT,2022,2022-03-07,390.99,572.811,460.523,181.821
IT,2022,2022-03-08,468.46,688.868,583.152,220.408
IT,2022,2022-03-09,362.604,593.705,459.956,231.1
IT,2022,2022-03-10,330.769,480.0,385.679,149.231
IT,2022,2022-03-11,298.73,480.0,369.719,181.27
IT,2022,2022-03-12,249.13,357.16,281.159,108.03
IT,2022,2022-03-13,262.72,419.0,306.893,156.28
IT,2022,2022-03-14,272.628,435.42,322.313,162.792
IT,2022,2022-03-15,264.63,410.0,301.037,145.37
IT,2022,2022-03-16,248.85,354.0,280.397,105.15
IT,2022,2022-03-17,221.14,338.918,261.108,117.778
IT,2022,2022-03-18,209.83,293.45,247.417,83.62
IT,2022,2022-03-19,204.07,349.15,253.384,145.08
IT,2022,2022-03-20,191.14,292.92,227.939,101.78
IT,2022,2022-03-21,194.05,336.98,243.491,142.93
IT,2022,2022-03-22,205.799,351.0,242.147,145.201
IT,2022,2022-03-23,191.732,374.14,238.656,182.408
IT,2022,2022-03-24,201.04,371.11,246.277,170.07
IT,2022,2022-03-25,240.44,352.74,276.105,112.3
IT,2022,2022-03-26,196.61,292.24,233.992,95.63
IT,2022,2022-03-27,93.99,285.0,206.078,191.01
IT,2022,2022-03-28,200.89,354.33,252.647,153.44
IT,2022,2022-03-29,210.0,319.09,252.364,109.09
IT,2022,2022-03-30,235.92,370.1,294.268,134.18
IT,2022,2022-03-31,229.588,376.072,281.911,146.485
IT,2022,2022-04-01,244.39,449.636,308.316,205.246
IT,2022,2022-04-02,234.926,340.631,277.686,105.705
IT,2022,2022-04-03,221.537,435.0,281.725,213.463
IT,2022,2022-04-04,271.64,470.0,345.792,198.36
IT,2022,2022-04-05,256.878,398.451,295.787,141.573
IT,2022,2022-04-06,221.93,395.15,280.283,173.22
IT,2022,2022-04-07,208.751,300.237,238.456,91.487
IT,2022,2022-04-08,195.689,346.27,270.989,150.581
IT,2022,2022-04-09,151.429,301.71,236.828,150.281
IT,2022,2022-04-10,21.597,283.12,192.177,261.523
IT,2022,2022-04-11,183.69,299.93,238.83,116.24
IT,2022,2022-04-12,228.27,375.0,267.476,146.73
IT,2022,2022-04-13,208.0,301.63,245.595,93.63
IT,2022,2022-04-14,193.64,321.0,243.914,127.36
IT,2022,2022-04-15,194.59,313.0,244.836,118.41
IT,2022,2022-04-16,42.97,240.0,192.054,197.03
IT,2022,2022-04-17,10.0,237.92,171.927,227.92
IT,2022,2022-04-18,25.426,258.18,176.154,232.754
IT,2022,2022-04-19,189.84,295.43,232.72,105.59
IT,2022,2022-04-20,183.1,320.839,241.102,137.739
IT,2022,2022-04-21,207.573,301.349,244.123,93.776
IT,2022,2022-04-22,199.866,297.386,235.026,97.52
IT,2022,2022-04-23,209.995,320.0,256.862,110.005
IT,2022,2022-04-24,108.241,308.0,210.992,199.759
IT,2022,2022-04-25,147.511,320.0,255.993,172.489
IT,2022,2022-04-26,219.0,310.0,251.285,91.0
IT,2022,2022-04-27,210.58,298.13,240.551,87.55
IT,2022,2022-04-28,200.09,284.91,242.111,84.82
IT,2022,2022-04-29,197.25,315.0,242.812,117.75
IT,2022,2022-04-30,159.69,288.3,211.333,128.61
IT,2022,2022-05-01,165.0,273.49,206.929,108.49
IT,2022,2022-05-02,193.76,270.384,230.409,76.624
IT,2022,2022-05-03,221.801,355.637,255.917,133.836
IT,2022,2022-05-04,219.02,324.092,249.48,105.072
IT,2022,2022-05-05,223.696,350.0,261.731,126.304
IT,2022,2022-05-06,217.294,400.403,270.581,183.108
IT,2022,2022-05-07,172.156,264.5,218.298,92.344
IT,2022,2022-05-08,118.893,273.081,208.536,154.188
IT,2022,2022-05-09,208.842,357.218,256.294,148.376
IT,2022,2022-05-10,204.116,342.022,236.918,137.906
IT,2022,2022-05-11,184.43,335.0,236.548,150.57
IT,2022,2022-05-12,189.162,312.156,229.725,122.995
IT,2022,2022-05-13,223.498,314.501,253.087,91.002
IT,2022,2022-05-14,142.773,298.094,215.585,155.321
IT,2022,2022-05-15,170.429,294.0,216.407,123.571
IT,2022,2022-05-16,202.76,320.0,238.404,117.24
IT,2022,2022-05-17,207.26,298.21,238.051,90.95
IT,2022,2022-05-18,189.97,281.74,229.717,91.77
IT,2022,2022-05-19,195.27,360.0,247.683,164.73
IT,2022,2022-05-20,212.46,316.0,246.141,103.54
IT,2022,2022-05-21,164.6,288.0,211.931,123.4
IT,2022,2022-05-22,149.96,246.17,191.468,96.21
IT,2022,2022-05-23,173.23,300.43,222.688,127.2
IT,2022,2022-05-24,194.33,280.0,226.465,85.67
IT,2022,2022-05-25,187.38,260.0,215.007,72.62
IT,2022,2022-05-26,194.66,278.31,223.565,83.65
IT,2022,2022-05-27,204.06,310.0,244.279,105.94
IT,2022,2022-05-28,162.3,238.56,201.316,76.26
IT,2022,2022-05-29,131.99,225.0,187.851,93.01
IT,2022,2022-05-30,192.65,295.0,226.176,102.35
IT,2022,2022-05-31,205.67,310.0,233.978,104.33
IT,2022,2022-06-01,205.0,332.2,241.923,127.2
IT,2022,2022-06-02,169.43,300.0,212.553,130.57
IT,2022,2022-06-03,199.69,348.84,267.034,149.15
IT,2022,2022-06-04,168.03,302.33,210.158,134.3
IT,2022,2022-06-05,165.0,260.0,200.852,95.0
IT,2022,2022-06-06,181.26,360.0,248.976,178.74
IT,2022,2022-06-07,179.62,286.818,227.076,107.198
IT,2022,2022-06-08,168.7,244.98,197.376,76.28
IT,2022,2022-06-09,168.43,260.752,212.576,92.322
IT,2022,2022-06-10,186.95,220.46,203.717,33.51
IT,2022,2022-06-11,159.0,225.11,188.261,66.11
IT,2022,2022-06-12,95.8,231.9,165.359,136.1
IT,2022,2022-06-13,180.0,254.36,212.355,74.36
IT,2022,2022-06-14,197.53,272.84,218.428,75.31
IT,2022,2022-06-15,202.39,326.34,252.826,123.95
IT,2022,2022-06-16,239.5,345.0,280.962,105.5
IT,2022,2022-06-17,277.94,368.06,329.165,90.12
IT,2022,2022-06-18,227.796,380.0,293.181,152.204
IT,2022,2022-06-19,132.8,370.0,255.993,237.2
IT,2022,2022-06-20,260.5,394.275,306.703,133.775
IT,2022,2022-06-21,257.27,445.448,344.493,188.178
IT,2022,2022-06-22,270.56,447.714,367.777,177.154
IT,2022,2022-06-23,275.83,430.0,365.295,154.17
IT,2022,2022-06-24,290.48,346.32,318.138,55.84
IT,2022,2022-06-25,253.0,393.99,304.727,140.99
IT,2022,2022-06-26,219.98,380.0,285.438,160.02
IT,2022,2022-06-27,277.41,446.0,350.09,168.59
IT,2022,2022-06-28,287.07,470.9,385.872,183.83
IT,2022,2022-06-29,284.74,390.9,336.083,106.16
IT,2022,2022-06-30,301.55,479.0,366.796,177.45
IT,2022,2022-07-01,328.98,454.0,374.204,125.02
IT,2022,2022-07-02,300.0,393.0,355.508,93.0
IT,2022,2022-07-03,319.588,460.0,369.6,140.412
IT,2022,2022-07-04,322.0,499.99,394.015,177.99
IT,2022,2022-07-05,353.53,515.0,420.946,161.47
IT,2022,2022-07-06,375.34,474.86,428.637,99.52
IT,2022,2022-07-07,370.0,482.0,413.285,112.0
IT,2022,2022-07-08,360.0,480.0,421.504,120.0
IT,2022,2022-07-09,278.471,460.79,368.127,182.319
IT,2022,2022-07-10,148.6,458.46,323.233,309.86
IT,2022,2022-07-11,344.61,480.0,416.563,135.39
IT,2022,2022-07-12,341.5,513.59,435.842,172.09
IT,2022,2022-07-13,350.68,508.39,440.058,157.71
IT,2022,2022-07-14,389.55,543.0,446.162,153.45
IT,2022,2022-07-15,389.21,500.0,442.519,110.79
IT,2022,2022-07-16,344.38,503.0,419.562,158.62
IT,2022,2022-07-17,228.47,474.99,360.88,246.52
IT,2022,2022-07-18,341.43,617.637,462.8,276.207
IT,2022,2022-07-19,339.79,650.0,496.285,310.21
IT,2022,2022-07-20,370.13,650.65,542.634,280.52
IT,2022,2022-07-21,369.06,650.648,543.759,281.588
IT,2022,2022-07-22,350.201,650.0,527.772,299.799
IT,2022,2022-07-23,368.01,650.0,449.258,281.99
IT,2022,2022-07-24,299.99,508.13,360.347,208.14
IT,2022,2022-07-25,329.26,650.298,529.766,321.038
IT,2022,2022-07-26,349.29,651.0,523.794,301.71
IT,2022,2022-07-27,378.13,650.0,531.297,271.87
IT,2022,2022-07-28,452.53,650.0,562.28,197.47
IT,2022,2022-07-29,420.08,603.0,515.648,182.92
IT,2022,2022-07-30,357.0,498.84,436.093,141.84
IT,2022,2022-07-31,208.74,550.0,382.627,341.26
IT,2022,2022-08-01,378.52,592.03,465.555,213.51
IT,2022,2022-08-02,408.52,650.0,485.062,241.48
IT,2022,2022-08-03,403.7,650.0,517.101,246.3
IT,2022,2022-08-04,448.57,650.0,538.597,201.43
IT,2022,2022-08-05,446.0,650.0,539.525,204.0
IT,2022,2022-08-06,430.46,650.0,525.747,219.54
IT,2022,2022-08-07,412.46,570.0,457.995,157.54
IT,2022,2022-08-08,406.57,614.0,478.071,207.43
IT,2022,2022-08-09,422.27,598.0,472.947,175.73
IT,2022,2022-08-10,397.0,554.27,436.967,157.27
IT,2022,2022-08-11,427.59,584.99,486.579,157.4
IT,2022,2022-08-12,440.65,565.4,483.004,124.75
IT,2022,2022-08-13,368.863,552.57,445.439,183.707
IT,2022,2022-08-14,279.015,555.0,406.089,275.985
IT,2022,2022-08-15,378.421,590.0,460.654,211.579
IT,2022,2022-08-16,422.59,650.0,507.958,227.41
IT,2022,2022-08-17,460.07,650.0,537.927,189.93
IT,2022,2022-08-18,475.64,650.0,548.108,174.36
IT,2022,2022-08-19,436.011,566.166,501.409,130.155
IT,2022,2022-08-20,414.224,636.58,512.852,222.356
IT,2022,2022-08-21,238.575,644.92,448.12,406.345
IT,2022,2022-08-22,447.59,722.79,570.398,275.2
IT,2022,2022-08-23,500.57,770.0,610.085,269.43
IT,2022,2022-08-24,535.98,770.0,634.41,234.02
IT,2022,2022-08-25,513.45,766.79,625.334,253.34
IT,2022,2022-08-26,631.71,799.943,723.088,168.233
IT,2022,2022-08-27,608.708,870.0,712.672,261.292
IT,2022,2022-08-28,542.515,822.254,662.339,279.74
IT,2022,2022-08-29,583.103,867.461,740.367,284.358
IT,2022,2022-08-30,547.24,870.0,704.012,322.76
IT,2022,2022-08-31,523.122,759.99,611.776,236.868
IT,2022,2022-09-01,465.51,816.06,656.612,350.55
IT,2022,2022-09-02,430.5,640.26,528.716,209.76
IT,2022,2022-09-03,412.77,575.66,467.117,162.89
IT,2022,2022-09-04,300.9,509.93,391.666,209.03
IT,2022,2022-09-05,300.0,631.0,474.262,331.0
IT,2022,2022-09-06,430.96,730.0,545.893,299.04
IT,2022,2022-09-07,420.0,632.0,486.095,212.0
IT,2022,2022-09-08,409.0,691.14,499.422,282.14
IT,2022,2022-09-09,390.672,551.0,445.442,160.328
IT,2022,2022-09-10,348.584,520.0,425.373,171.416
IT,2022,2022-09-11,251.8,540.26,405.615,288.46
IT,2022,2022-09-12,386.85,560.0,448.729,173.15
IT,2022,2022-09-13,363.27,613.0,456.289,249.73
IT,2022,2022-09-14,356.96,628.63,466.067,271.67
IT,2022,2022-09-15,324.92,550.0,452.184,225.08
IT,2022,2022-09-16,415.0,546.34,483.274,131.34
IT,2022,2022-09-17,184.496,469.99,352.566,285.494
IT,2022,2022-09-18,84.92,460.0,301.315,375.08
IT,2022,2022-09-19,299.99,450.0,371.501,150.01
IT,2022,2022-09-20,307.94,580.61,393.752,272.67
IT,2022,2022-09-21,323.606,547.639,395.38,224.033
IT,2022,2022-09-22,310.94,600.0,416.957,289.06
IT,2022,2022-09-23,360.0,609.99,424.93,249.99
IT,2022,2022-09-24,316.07,458.29,366.634,142.22
IT,2022,2022-09-25,179.85,415.0,314.717,235.15
IT,2022,2022-09-26,149.0,489.99,353.785,340.99
IT,2022,2022-09-27,261.759,578.978,371.299,317.219
IT,2022,2022-09-28,235.933,633.5,365.495,397.568
IT,2022,2022-09-29,315.19,615.049,436.561,299.859
IT,2022,2022-09-30,257.17,524.0,379.858,266.83
IT,2022,2022-10-01,137.66,397.91,239.308,260.25
IT,2022,2022-10-02,79.716,436.939,209.443,357.223
IT,2022,2022-10-03,177.341,547.78,345.285,370.439
IT,2022,2022-10-04,222.0,600.0,352.663,378.0
IT,2022,2022-10-05,193.35,495.0,285.836,301.65
IT,2022,2022-10-06,174.26,424.3,253.403,250.04
IT,2022,2022-10-07,151.0,436.59,277.91,285.59
IT,2022,2022-10-08,197.061,481.0,287.569,283.939
IT,2022,2022-10-09,100.0,305.0,204.939,205.0
IT,2022,2022-10-10,176.16,450.0,283.744,273.84
IT,2022,2022-10-11,207.4,483.2,285.515,275.8
IT,2022,2022-10-12,198.99,479.97,289.534,280.98
IT,2022,2022-10-13,217.76,391.01,273.363,173.25
IT,2022,2022-10-14,211.62,404.251,263.278,192.631
IT,2022,2022-10-15,132.607,360.0,210.286,227.393
IT,2022,2022-10-16,128.77,318.0,183.255,189.23
IT,2022,2022-10-17,149.59,331.564,216.079,181.974
IT,2022,2022-10-18,145.81,332.924,214.345,187.114
IT,2022,2022-10-19,135.0,290.599,176.824,155.599
IT,2022,2022-10-20,153.82,310.0,201.089,156.18
IT,2022,2022-10-21,144.169,296.505,196.494,152.336
IT,2022,2022-10-22,99.15,183.41,138.534,84.26
IT,2022,2022-10-23,71.464,148.752,103.078,77.287
IT,2022,2022-10-24,93.291,189.97,137.801,96.679
IT,2022,2022-10-25,94.18,215.0,133.862,120.82
IT,2022,2022-10-26,93.09,210.0,131.756,116.91
IT,2022,2022-10-27,122.614,220.0,160.186,97.386
IT,2022,2022-10-28,92.562,190.152,132.805,97.59
IT,2022,2022-10-29,80.9,143.967,100.956,63.067
IT,2022,2022-10-30,93.951,170.38,113.676,76.429
IT,2022,2022-10-31,107.39,183.26,143.187,75.87
IT,2022,2022-11-01,80.88,135.0,108.175,54.12
IT,2022,2022-11-02,90.0,180.0,123.545,90.0
IT,2022,2022-11-03,106.9,171.889,133.446,64.989
IT,2022,2022-11-04,127.1,238.402,191.01,111.302
IT,2022,2022-11-05,104.202,169.809,136.927,65.607
IT,2022,2022-11-06,80.315,198.944,123.383,118.629
IT,2022,2022-11-07,120.0,254.722,186.018,134.722
IT,2022,2022-11-08,135.1,209.99,164.551,74.89
IT,2022,2022-11-09,151.2,276.7,211.843,125.5
IT,2022,2022-11-10,204.34,355.886,261.607,151.546
IT,2022,2022-11-11,168.02,244.34,211.369,76.32
IT,2022,2022-11-12,126.8,238.0,179.897,111.2
IT,2022,2022-11-13,142.4,230.901,170.87,88.501
IT,2022,2022-11-14,139.33,300.0,215.545,160.67
IT,2022,2022-11-15,179.68,340.0,253.642,160.32
IT,2022,2022-11-16,154.04,318.01,261.363,163.97
IT,2022,2022-11-17,186.9,301.0,256.266,114.1
IT,2022,2022-11-18,176.659,339.128,249.195,162.469
IT,2022,2022-11-19,164.03,287.29,221.251,123.26
IT,2022,2022-11-20,144.725,273.0,209.205,128.275
IT,2022,2022-11-21,143.87,326.73,252.305,182.86
IT,2022,2022-11-22,144.023,294.073,226.945,150.05
IT,2022,2022-11-23,114.465,309.74,240.479,195.275
IT,2022,2022-11-24,246.531,370.0,301.612,123.469
IT,2022,2022-11-25,239.3,354.102,294.996,114.802
IT,2022,2022-11-26,173.69,315.92,257.277,142.23
IT,2022,2022-11-27,96.08,288.2,214.885,192.12
IT,2022,2022-11-28,226.1,428.45,333.414,202.35
IT,2022,2022-11-29,243.0,501.1,370.278,258.1
IT,2022,2022-11-30,260.63,480.435,382.46,219.805
IT,2022,2022-12-01,268.9,484.07,386.005,215.17
IT,2022,2022-12-02,298.53,452.084,381.675,153.554
IT,2022,2022-12-03,258.3,352.866,309.936,94.566
IT,2022,2022-12-04,230.51,400.0,306.287,169.49
IT,2022,2022-12-05,268.6,455.21,367.68,186.61
IT,2022,2022-12-06,287.38,512.14,401.144,224.76
IT,2022,2022-12-07,288.03,487.11,381.559,199.08
IT,2022,2022-12-08,296.35,481.863,362.927,185.513
IT,2022,2022-12-09,284.849,479.166,387.546,194.317
IT,2022,2022-12-10,269.932,430.523,345.779,160.591
IT,2022,2022-12-11,238.165,392.137,297.319,153.972
IT,2022,2022-12-12,297.12,570.087,423.693,272.967
IT,2022,2022-12-13,276.308,584.117,424.378,307.809
IT,2022,2022-12-14,287.578,532.616,414.698,245.038
IT,2022,2022-12-15,212.97,483.376,372.682,270.406
IT,2022,2022-12-16,193.186,505.0,371.106,311.814
IT,2022,2022-12-17,226.043,335.42,279.598,109.377
IT,2022,2022-12-18,142.65,294.05,243.17,151.4
IT,2022,2022-12-19,77.24,298.6,238.611,221.36
IT,2022,2022-12-20,207.5,324.36,271.216,116.86
IT,2022,2022-12-21,167.93,331.31,256.195,163.38
IT,2022,2022-12-22,187.5,286.27,238.552,98.77
IT,2022,2022-12-23,96.0,259.96,199.702,163.96
IT,2022,2022-12-24,32.52,223.4,146.242,190.88
IT,2022,2022-12-25,85.7,218.74,166.218,133.04
IT,2022,2022-12-26,17.9,259.0,172.302,241.1
IT,2022,2022-12-27,62.09,350.0,207.549,287.91
IT,2022,2022-12-28,40.0,250.0,176.525,210.0
IT,2022,2022-12-29,113.74,275.0,203.531,161.26
IT,2022,2022-12-30,105.0,229.64,180.999,124.64
IT,2022,2022-12-31,157.0,333.0,224.604,176.0
IT,2023,2023-01-01,165.89,243.42,192.785,77.53
IT,2023,2023-01-02,170.77,262.0,201.343,91.23
IT,2023,2023-01-03,113.63,200.38,172.691,86.75
IT,2023,2023-01-04,100.0,217.72,172.839,117.72
IT,2023,2023-01-05,100.0,249.99,183.718,149.99
IT,2023,2023-01-06,135.45,249.0,174.366,113.55
IT,2023,2023-01-07,163.94,270.32,192.233,106.38
IT,2023,2023-01-08,146.0,185.48,164.273,39.48
IT,2023,2023-01-09,73.71,195.0,155.117,121.29
IT,2023,2023-01-10,79.812,223.422,161.178,143.61
IT,2023,2023-01-11,100.0,254.17,181.593,154.17
IT,2023,2023-01-12,129.2,230.89,179.211,101.69
IT,2023,2023-01-13,156.74,295.0,194.723,138.26
IT,2023,2023-01-14,118.861,185.0,161.437,66.139
IT,2023,2023-01-15,56.322,169.51,141.304,113.188
IT,2023,2023-01-16,47.565,206.614,154.448,159.049
IT,2023,2023-01-17,109.941,239.693,169.113,129.752
IT,2023,2023-01-18,92.845,191.666,150.943,98.821
IT,2023,2023-01-19,136.06,225.244,179.654,89.183
IT,2023,2023-01-20,153.09,231.605,185.44,78.515
IT,2023,2023-01-21,96.948,192.849,154.113,95.901
IT,2023,2023-01-22,150.12,240.0,185.238,89.88
IT,2023,2023-01-23,151.9,255.101,204.626,103.201
IT,2023,2023-01-24,160.04,250.0,201.475,89.96
IT,2023,2023-01-25,150.45,225.04,187.172,74.59
IT,2023,2023-01-26,142.8,205.51,174.089,62.71
IT,2023,2023-01-27,130.55,200.7,171.917,70.15
IT,2023,2023-01-28,143.0,220.0,163.962,77.0
IT,2023,2023-01-29,116.5,215.92,155.39,99.42
IT,2023,2023-01-30,148.58,224.39,179.614,75.81
IT,2023,2023-01-31,118.763,200.52,161.659,81.757
IT,2023,2023-02-01,131.45,202.0,163.564,70.55
IT,2023,2023-02-02,139.01,234.99,179.862,95.98
IT,2023,2023-02-03,146.26,226.5,169.88,80.24
IT,2023,2023-02-04,132.5,191.21,155.3,58.71
IT,2023,2023-02-05,100.985,176.54,139.859,75.555
IT,2023,2023-02-06,125.256,218.0,173.318,92.744
IT,2023,2023-02-07,148.6,245.6,178.389,97.0
IT,2023,2023-02-08,150.6,215.9,170.423,65.3
IT,2023,2023-02-09,146.52,249.928,179.307,103.408
IT,2023,2023-02-10,138.0,214.99,168.315,76.99
IT,2023,2023-02-11,131.576,272.218,171.715,140.641
IT,2023,2023-02-12,120.0,189.0,150.162,69.0
IT,2023,2023-02-13,144.78,229.99,168.914,85.21
IT,2023,2023-02-14,132.12,206.98,160.865,74.86
IT,2023,2023-02-15,132.6,223.98,166.173,91.38
IT,2023,2023-02-16,141.9,204.702,163.504,62.802
IT,2023,2023-02-17,136.39,216.91,165.774,80.52
IT,2023,2023-02-18,84.17,185.0,139.215,100.83
IT,2023,2023-02-19,84.347,200.0,134.88,115.653
IT,2023,2023-02-20,137.56,204.99,159.991,67.43
IT,2023,2023-02-21,137.98,214.22,159.482,76.24
IT,2023,2023-02-22,126.5,230.0,162.366,103.5
IT,2023,2023-02-23,127.94,212.12,156.487,84.18
IT,2023,2023-02-24,134.0,238.94,164.186,104.94
IT,2023,2023-02-25,117.93,204.99,145.287,87.06
IT,2023,2023-02-26,62.243,200.07,125.823,137.827
IT,2023,2023-02-27,132.9,236.684,173.275,103.784
IT,2023,2023-02-28,138.23,206.391,162.647,68.161
IT,2023,2023-03-01,135.59,244.0,168.016,108.41
IT,2023,2023-03-02,140.0,229.28,168.025,89.28
IT,2023,2023-03-03,142.24,221.1,165.651,78.86
IT,2023,2023-03-04,111.9,202.97,144.032,91.07
IT,2023,2023-03-05,94.295,194.77,140.485,100.475
IT,2023,2023-03-06,108.967,201.69,146.85,92.723
IT,2023,2023-03-07,123.82,232.47,151.657,108.65
IT,2023,2023-03-08,107.662,176.01,135.764,68.348
IT,2023,2023-03-09,97.8,206.01,132.251,108.21
IT,2023,2023-03-10,90.635,182.547,125.735,91.912
IT,2023,2023-03-11,73.188,215.0,124.178,141.812
IT,2023,2023-03-12,68.786,203.0,122.144,134.214
IT,2023,2023-03-13,104.736,234.99,145.781,130.254
IT,2023,2023-03-14,83.394,195.374,131.6,111.98
IT,2023,2023-03-15,101.622,212.822,140.259,111.2
IT,2023,2023-03-16,87.199,218.0,129.028,130.801
IT,2023,2023-03-17,79.488,203.75,127.399,124.262
IT,2023,2023-03-18,79.247,213.78,133.728,134.533
IT,2023,2023-03-19,94.04,180.24,123.436,86.2
IT,2023,2023-03-20,117.51,192.0,137.507,74.49
IT,2023,2023-03-21,112.19,190.0,133.737,77.81
IT,2023,2023-03-22,105.5,195.0,132.811,89.5
IT,2023,2023-03-23,104.4,209.59,142.453,105.19
IT,2023,2023-03-24,90.816,190.0,131.087,99.184
IT,2023,2023-03-25,3.023,197.0,101.249,193.977
IT,2023,2023-03-26,32.412,195.93,106.1,163.518
IT,2023,2023-03-27,81.31,212.188,141.383,130.878
IT,2023,2023-03-28,64.89,184.42,119.988,119.53
IT,2023,2023-03-29,82.524,195.0,136.126,112.476
IT,2023,2023-03-30,92.0,245.0,153.443,153.0
IT,2023,2023-03-31,89.0,190.0,133.562,101.0
IT,2023,2023-04-01,33.399,181.36,110.021,147.961
IT,2023,2023-04-02,78.0,197.45,136.68,119.45
IT,2023,2023-04-03,104.8,191.19,141.119,86.39
IT,2023,2023-04-04,115.57,203.645,148.853,88.075
IT,2023,2023-04-05,137.23,260.0,171.183,122.77
IT,2023,2023-04-06,103.135,221.8,152.169,118.665
IT,2023,2023-04-07,119.5,230.0,148.455,110.5
IT,2023,2023-04-08,93.86,211.0,134.915,117.14
IT,2023,2023-04-09,93.0,250.0,158.259,157.0
IT,2023,2023-04-10,10.0,151.97,99.837,141.97
IT,2023,2023-04-11,111.4,186.37,136.286,74.97
IT,2023,2023-04-12,120.0,230.0,153.748,110.0
IT,2023,2023-04-13,115.7,208.0,145.532,92.3
IT,2023,2023-04-14,107.965,208.29,146.512,100.325
IT,2023,2023-04-15,97.4,188.92,132.171,91.52
IT,2023,2023-04-16,94.83,195.0,127.34,100.17
IT,2023,2023-04-17,120.0,205.0,145.044,85.0
IT,2023,2023-04-18,113.9,225.0,144.744,111.1
IT,2023,2023-04-19,111.33,206.0,143.006,94.67
IT,2023,2023-04-20,114.53,215.0,149.096,100.47
IT,2023,2023-04-21,107.56,209.6,147.455,102.04
IT,2023,2023-04-22,22.56,182.0,119.162,159.44
IT,2023,2023-04-23,61.0,190.41,120.211,129.41
IT,2023,2023-04-24,65.734,140.48,112.834,74.746
IT,2023,2023-04-25,56.075,144.16,107.624,88.085
IT,2023,2023-04-26,80.974,199.99,120.992,119.016
IT,2023,2023-04-27,91.0,203.79,130.53,112.79
IT,2023,2023-04-28,97.5,203.79,132.813,106.29
IT,2023,2023-04-29,80.0,172.252,117.736,92.252
IT,2023,2023-04-30,104.9,135.561,112.675,30.661
IT,2023,2023-05-01,88.79,127.76,111.478,38.97
IT,2023,2023-05-02,86.2,158.739,124.968,72.539
IT,2023,2023-05-03,99.24,169.74,124.45,70.5
IT,2023,2023-05-04,74.912,180.0,117.31,105.088
IT,2023,2023-05-05,83.303,175.03,118.492,91.727
IT,2023,2023-05-06,50.0,150.0,104.371,100.0
IT,2023,2023-05-07,38.21,139.38,91.234,101.17
IT,2023,2023-05-08,99.65,188.341,133.303,88.691
IT,2023,2023-05-09,102.232,197.151,133.781,94.919
IT,2023,2023-05-10,99.685,170.0,126.361,70.315
IT,2023,2023-05-11,93.725,173.569,120.008,79.844
IT,2023,2023-05-12,91.624,162.804,116.34,71.18
IT,2023,2023-05-13,79.973,141.199,109.656,61.226
IT,2023,2023-05-14,61.673,129.185,96.1,67.513
IT,2023,2023-05-15,75.0,156.734,109.195,81.734
IT,2023,2023-05-16,71.74,142.443,105.516,70.703
IT,2023,2023-05-17,88.5,151.129,114.72,62.629
IT,2023,2023-05-18,93.85,141.856,111.536,48.006
IT,2023,2023-05-19,95.7,143.38,113.749,47.68
IT,2023,2023-05-20,86.652,123.369,101.963,36.717
IT,2023,2023-05-21,9.143,116.637,64.489,107.494
IT,2023,2023-05-22,80.6,150.602,106.707,70.001
IT,2023,2023-05-23,83.462,157.947,108.908,74.485
IT,2023,2023-05-24,85.16,162.084,107.694,76.924
IT,2023,2023-05-25,75.0,133.72,100.589,58.72
IT,2023,2023-05-26,66.376,132.1,93.88,65.724
IT,2023,2023-05-27,9.22,125.9,70.335,116.68
IT,2023,2023-05-28,10.0,125.065,63.924,115.065
IT,2023,2023-05-29,54.047,130.426,86.611,76.378
IT,2023,2023-05-30,75.574,144.99,94.202,69.416
IT,2023,2023-05-31,77.48,130.0,93.376,52.52
IT,2023,2023-06-01,80.0,132.286,95.109,52.286
IT,2023,2023-06-02,50.0,115.001,81.852,65.001
IT,2023,2023-06-03,27.3,126.682,75.254,99.382
IT,2023,2023-06-04,20.0,121.319,60.294,101.319
IT,2023,2023-06-05,70.692,120.0,96.452,49.308
IT,2023,2023-06-06,76.83,127.78,90.96,50.95
IT,2023,2023-06-07,77.0,124.67,94.64,47.67
IT,2023,2023-06-08,75.39,114.01,90.242,38.62
IT,2023,2023-06-09,77.79,106.45,92.52,28.66
IT,2023,2023-06-10,90.15,122.15,98.729,32.0
IT,2023,2023-06-11,70.0,120.648,94.293,50.648
IT,2023,2023-06-12,85.02,131.01,102.413,45.99
IT,2023,2023-06-13,89.57,124.04,105.527,34.47
IT,2023,2023-06-14,86.25,140.32,109.41,54.07
IT,2023,2023-06-15,90.0,147.99,113.952,57.99
IT,2023,2023-06-16,76.717,175.07,121.079,98.353
IT,2023,2023-06-17,53.48,146.97,105.745,93.49
IT,2023,2023-06-18,49.14,148.512,102.823,99.372
IT,2023,2023-06-19,106.5,167.77,124.971,61.27
IT,2023,2023-06-20,97.826,165.08,119.22,67.254
IT,2023,2023-06-21,103.89,191.355,130.443,87.465
IT,2023,2023-06-22,107.02,159.73,128.596,52.71
IT,2023,2023-06-23,101.83,137.1,120.462,35.27
IT,2023,2023-06-24,100.0,139.21,113.023,39.21
IT,2023,2023-06-25,40.713,140.293,96.829,99.579
IT,2023,2023-06-26,100.685,146.99,116.237,46.305
IT,2023,2023-06-27,106.505,141.653,119.456,35.148
IT,2023,2023-06-28,97.453,160.618,120.458,63.165
IT,2023,2023-06-29,102.9,159.2,121.06,56.3
IT,2023,2023-06-30,101.8,160.0,119.647,58.2
IT,2023,2023-07-01,69.0,130.0,102.927,61.0
IT,2023,2023-07-02,63.95,145.3,110.36,81.35
IT,2023,2023-07-03,105.5,129.15,115.826,23.65
IT,2023,2023-07-04,111.0,165.0,134.837,54.0
IT,2023,2023-07-05,102.58,136.454,115.54,33.874
IT,2023,2023-07-06,97.02,150.488,116.893,53.468
IT,2023,2023-07-07,105.38,162.99,121.019,57.61
IT,2023,2023-07-08,65.0,141.235,106.242,76.235
IT,2023,2023-07-09,65.0,150.0,105.127,85.0
IT,2023,2023-07-10,105.0,173.42,127.937,68.42
IT,2023,2023-07-11,109.66,169.99,122.935,60.33
IT,2023,2023-07-12,99.937,149.99,118.89,50.053
IT,2023,2023-07-13,93.0,145.051,111.796,52.051
IT,2023,2023-07-14,93.18,126.499,102.835,33.319
IT,2023,2023-07-15,87.2,147.516,105.253,60.316
IT,2023,2023-07-16,79.61,165.192,107.566,85.582
IT,2023,2023-07-17,95.244,169.969,117.076,74.725
IT,2023,2023-07-18,95.06,188.0,120.419,92.94
IT,2023,2023-07-19,96.37,205.0,128.755,108.63
IT,2023,2023-07-20,92.78,182.653,119.968,89.873
IT,2023,2023-07-21,99.636,145.989,114.212,46.352
IT,2023,2023-07-22,92.074,142.283,107.999,50.209
IT,2023,2023-07-23,77.22,162.363,106.209,85.143
IT,2023,2023-07-24,90.08,155.232,116.555,65.152
IT,2023,2023-07-25,94.974,154.291,116.656,59.317
IT,2023,2023-07-26,83.058,132.592,105.073,49.534
IT,2023,2023-07-27,95.12,152.237,112.579,57.117
IT,2023,2023-07-28,91.46,132.427,107.431,40.967
IT,2023,2023-07-29,70.0,123.732,94.794,53.732
IT,2023,2023-07-30,40.0,115.432,80.594,75.432
IT,2023,2023-07-31,78.28,130.018,100.204,51.738
IT,2023,2023-08-01,88.5,125.0,100.406,36.5
IT,2023,2023-08-02,85.81,140.4,108.655,54.59
IT,2023,2023-08-03,92.18,144.296,111.245,52.116
IT,2023,2023-08-04,96.486,129.18,106.712,32.694
IT,2023,2023-08-05,90.3,122.676,98.94,32.376
IT,2023,2023-08-06,40.0,103.0,81.619,63.0
IT,2023,2023-08-07,60.0,124.975,92.744,64.975
IT,2023,2023-08-08,45.69,113.411,85.008,67.721
IT,2023,2023-08-09,71.93,138.593,99.506,66.663
IT,2023,2023-08-10,75.26,135.451,99.672,60.191
IT,2023,2023-08-11,70.0,139.56,106.906,69.56
IT,2023,2023-08-12,41.0,118.962,89.865,77.962
IT,2023,2023-08-13,52.67,148.62,100.542,95.95
IT,2023,2023-08-14,95.2,151.482,106.453,56.282
IT,2023,2023-08-15,82.46,139.647,105.617,57.187
IT,2023,2023-08-16,88.14,157.626,110.596,69.486
IT,2023,2023-08-17,89.98,145.01,111.717,55.03
IT,2023,2023-08-18,85.614,155.162,112.221,69.549
IT,2023,2023-08-19,55.245,145.894,101.806,90.649
IT,2023,2023-08-20,45.34,139.97,94.938,94.63
IT,2023,2023-08-21,96.97,187.852,120.593,90.882
IT,2023,2023-08-22,110.793,217.234,139.678,106.441
IT,2023,2023-08-23,123.82,254.808,158.306,130.988
IT,2023,2023-08-24,123.996,265.127,161.351,141.132
IT,2023,2023-08-25,115.33,231.8,143.101,116.47
IT,2023,2023-08-26,101.909,189.249,124.224,87.34
IT,2023,2023-08-27,102.633,172.271,116.757,69.638
IT,2023,2023-08-28,97.913,161.65,120.062,63.737
IT,2023,2023-08-29,98.606,160.01,124.303,61.404
IT,2023,2023-08-30,87.147,142.39,111.926,55.243
IT,2023,2023-08-31,105.666,167.717,124.513,62.052
IT,2023,2023-09-01,100.0,159.552,117.828,59.552
IT,2023,2023-09-02,53.925,137.31,96.234,83.386
IT,2023,2023-09-03,45.0,133.684,92.892,88.684
IT,2023,2023-09-04,83.102,142.896,103.573,59.794
IT,2023,2023-09-05,81.538,151.269,104.747,69.731
IT,2023,2023-09-06,79.355,182.52,107.255,103.165
IT,2023,2023-09-07,94.844,167.27,111.541,72.426
IT,2023,2023-09-08,88.504,164.05,111.325,75.546
IT,2023,2023-09-09,52.23,153.673,101.633,101.443
IT,2023,2023-09-10,84.08,148.44,108.069,64.36
IT,2023,2023-09-11,97.69,227.26,127.038,129.57
IT,2023,2023-09-12,103.5,195.0,126.61,91.5
IT,2023,2023-09-13,105.0,164.99,127.243,59.99
IT,2023,2023-09-14,99.6,221.0,128.914,121.4
IT,2023,2023-09-15,114.372,194.175,130.338,79.803
IT,2023,2023-09-16,105.0,170.0,119.951,65.0
IT,2023,2023-09-17,74.99,146.0,108.973,71.01
IT,2023,2023-09-18,101.9,159.63,122.953,57.73
IT,2023,2023-09-19,106.05,174.99,124.544,68.94
IT,2023,2023-09-20,108.64,195.065,126.996,86.425
IT,2023,2023-09-21,98.57,180.793,118.71,82.223
IT,2023,2023-09-22,104.88,161.21,123.6,56.33
IT,2023,2023-09-23,84.986,155.0,114.945,70.014
IT,2023,2023-09-24,10.0,155.0,95.223,145.0
IT,2023,2023-09-25,78.9,156.59,114.574,77.69
IT,2023,2023-09-26,81.473,179.88,121.263,98.407
IT,2023,2023-09-27,95.604,195.0,127.864,99.396
IT,2023,2023-09-28,88.6,162.0,114.06,73.4
IT,2023,2023-09-29,107.729,194.99,130.845,87.261
IT,2023,2023-09-30,21.29,170.0,111.074,148.71
IT,2023,2023-10-01,15.0,146.5,93.564,131.5
IT,2023,2023-10-02,78.98,209.207,120.696,130.227
IT,2023,2023-10-03,107.96,200.0,136.272,92.04
IT,2023,2023-10-04,94.9,196.3,117.68,101.4
IT,2023,2023-10-05,89.99,189.916,115.678,99.926
IT,2023,2023-10-06,108.32,189.823,131.864,81.503
IT,2023,2023-10-07,93.94,167.315,122.533,73.375
IT,2023,2023-10-08,60.1,156.049,101.038,95.949
IT,2023,2023-10-09,97.01,221.7,129.677,124.69
IT,2023,2023-10-10,109.76,211.135,142.111,101.375
IT,2023,2023-10-11,117.08,216.499,150.485,99.419
IT,2023,2023-10-12,125.21,226.2,147.811,100.99
IT,2023,2023-10-13,135.34,215.921,158.727,80.581
IT,2023,2023-10-14,128.21,183.98,152.442,55.77
IT,2023,2023-10-15,75.427,163.972,139.686,88.545
IT,2023,2023-10-16,146.52,240.0,174.994,93.48
IT,2023,2023-10-17,137.454,203.837,160.222,66.383
IT,2023,2023-10-18,129.16,205.1,151.731,75.94
IT,2023,2023-10-19,126.0,200.01,151.341,74.01
IT,2023,2023-10-20,120.0,171.07,138.205,51.07
IT,2023,2023-10-21,115.72,173.51,136.436,57.79
IT,2023,2023-10-22,60.0,195.785,128.706,135.785
IT,2023,2023-10-23,115.42,204.467,145.278,89.047
IT,2023,2023-10-24,99.059,183.673,139.941,84.614
IT,2023,2023-10-25,91.534,184.789,135.861,93.255
IT,2023,2023-10-26,90.0,190.0,142.495,100.0
IT,2023,2023-10-27,89.69,164.57,124.288,74.88
IT,2023,2023-10-28,30.0,175.064,107.639,145.064
IT,2023,2023-10-29,69.822,168.003,119.84,98.181
IT,2023,2023-10-30,32.019,171.0,121.614,138.981
IT,2023,2023-10-31,64.8,172.04,121.43,107.24
IT,2023,2023-11-01,42.18,157.829,98.875,115.648
IT,2023,2023-11-02,15.17,184.15,108.144,168.98
IT,2023,2023-11-03,8.0,128.73,79.949,120.73
IT,2023,2023-11-04,14.365,133.38,75.694,119.015
IT,2023,2023-11-05,2.361,120.41,64.672,118.049
IT,2023,2023-11-06,30.0,161.22,104.465,131.22
IT,2023,2023-11-07,80.1,166.732,124.656,86.632
IT,2023,2023-11-08,109.62,165.528,133.189,55.908
IT,2023,2023-11-09,116.4,163.69,135.74,47.29
IT,2023,2023-11-10,90.67,165.95,125.946,75.28
IT,2023,2023-11-11,66.892,142.73,105.106,75.838
IT,2023,2023-11-12,119.23,128.71,122.821,9.48
IT,2023,2023-11-13,110.1,150.32,126.397,40.22
IT,2023,2023-11-14,103.75,153.03,125.664,49.28
IT,2023,2023-11-15,84.45,159.793,121.106,75.343
IT,2023,2023-11-16,103.91,181.834,137.104,77.924
IT,2023,2023-11-17,92.79,167.92,125.729,75.13
IT,2023,2023-11-18,103.253,162.85,128.597,59.597
IT,2023,2023-11-19,109.66,128.472,122.35,18.812
IT,2023,2023-11-20,119.25,164.8,134.193,45.55
IT,2023,2023-11-21,106.8,147.32,128.517,40.52
IT,2023,2023-11-22,107.8,169.0,134.966,61.2
IT,2023,2023-11-23,104.9,167.3,132.938,62.4
IT,2023,2023-11-24,115.76,170.0,132.662,54.24
IT,2023,2023-11-25,90.563,170.0,121.949,79.437
IT,2023,2023-11-26,123.47,164.0,135.36,40.53
IT,2023,2023-11-27,114.9,163.68,136.503,48.78
IT,2023,2023-11-28,78.448,185.96,129.833,107.512
IT,2023,2023-11-29,97.88,235.74,144.367,137.86
IT,2023,2023-11-30,106.91,220.874,154.709,113.964
IT,2023,2023-12-01,80.076,200.0,143.045,119.924
IT,2023,2023-12-02,86.944,138.19,114.726,51.246
IT,2023,2023-12-03,100.0,131.71,114.506,31.71
IT,2023,2023-12-04,110.67,173.1,136.08,62.43
IT,2023,2023-12-05,98.321,164.2,132.707,65.879
IT,2023,2023-12-06,89.294,178.07,131.238,88.776
IT,2023,2023-12-07,93.5,150.0,122.368,56.5
IT,2023,2023-12-08,109.19,136.5,119.337,27.31
IT,2023,2023-12-09,89.74,154.092,118.41,64.352
IT,2023,2023-12-10,81.76,135.0,102.418,53.24
IT,2023,2023-12-11,91.05,146.64,120.154,55.59
IT,2023,2023-12-12,84.42,156.45,119.403,72.03
IT,2023,2023-12-13,80.0,136.99,110.608,56.99
IT,2023,2023-12-14,92.5,156.62,119.178,64.12
IT,2023,2023-12-15,83.19,138.61,105.773,55.42
IT,2023,2023-12-16,54.1,117.55,89.706,63.45
IT,2023,2023-12-17,97.46,127.3,105.616,29.84
IT,2023,2023-12-18,91.55,137.163,108.9,45.613
IT,2023,2023-12-19,86.5,141.253,108.125,54.753
IT,2023,2023-12-20,89.06,165.0,119.574,75.94
IT,2023,2023-12-21,59.2,138.63,104.102,79.43
IT,2023,2023-12-22,31.009,138.62,101.914,107.611
IT,2023,2023-12-23,87.042,109.78,101.497,22.738
IT,2023,2023-12-24,83.606,157.0,116.307,73.394
IT,2023,2023-12-25,101.24,143.7,116.061,42.46
IT,2023,2023-12-26,100.0,154.61,117.417,54.61
IT,2023,2023-12-27,100.0,157.53,133.457,57.53
IT,2023,2023-12-28,80.0,120.629,101.784,40.629
IT,2023,2023-12-29,105.78,145.0,121.219,39.22
IT,2023,2023-12-30,93.65,136.07,111.2,42.42
IT,2023,2023-12-31,95.0,136.07,112.052,41.07
IT,2024,2024-01-01,85.0,132.0,105.648,47.0
IT,2024,2024-01-02,82.5,130.0,106.34,47.5
IT,2024,2024-01-03,40.0,115.81,93.623,75.81
IT,2024,2024-01-04,35.2,118.1,91.638,82.9
IT,2024,2024-01-05,78.5,120.4,104.528,41.9
IT,2024,2024-01-06,88.5,116.97,100.708,28.47
IT,2024,2024-01-07,84.3,110.53,96.727,26.23
IT,2024,2024-01-08,85.28,130.1,108.109,44.82
IT,2024,2024-01-09,84.08,137.35,109.115,53.27
IT,2024,2024-01-10,91.29,143.79,113.0,52.5
IT,2024,2024-01-11,82.38,140.871,108.74,58.491
IT,2024,2024-01-12,88.59,140.74,109.74,52.15
IT,2024,2024-01-13,83.4,128.774,100.21,45.374
IT,2024,2024-01-14,85.5,120.0,103.458,34.5
IT,2024,2024-01-15,83.4,122.0,100.995,38.6
IT,2024,2024-01-16,83.34,141.046,107.459,57.706
IT,2024,2024-01-17,80.0,125.4,101.657,45.4
IT,2024,2024-01-18,72.13,125.0,96.963,52.87
IT,2024,2024-01-19,66.4,117.68,93.48,51.28
IT,2024,2024-01-20,76.93,105.6,89.191,28.67
IT,2024,2024-01-21,58.25,105.1,83.376,46.85
IT,2024,2024-01-22,75.9,131.8,101.762,55.9
IT,2024,2024-01-23,65.1,122.0,90.464,56.9
IT,2024,2024-01-24,65.3,128.0,96.542,62.7
IT,2024,2024-01-25,66.9,126.56,95.42,59.66
IT,2024,2024-01-26,83.0,135.0,101.75,52.0
IT,2024,2024-01-27,70.19,114.2,91.13,44.01
IT,2024,2024-01-28,48.284,100.56,76.639,52.276
IT,2024,2024-01-29,62.77,126.3,95.533,63.53
IT,2024,2024-01-30,78.34,127.01,99.375,48.67
IT,2024,2024-01-31,79.99,123.4,100.028,43.41
IT,2024,2024-02-01,79.56,121.0,100.022,41.44
IT,2024,2024-02-02,83.337,150.0,104.345,66.663
IT,2024,2024-02-03,59.97,111.125,89.031,51.155
IT,2024,2024-02-04,45.0,111.0,81.598,66.0
IT,2024,2024-02-05,70.0,120.0,94.671,50.0
IT,2024,2024-02-06,72.25,120.0,96.204,47.75
IT,2024,2024-02-07,77.17,152.888,106.318,75.718
IT,2024,2024-02-08,70.25,127.39,94.265,57.14
IT,2024,2024-02-09,71.59,110.11,91.984,38.52
IT,2024,2024-02-10,60.48,99.2,81.591,38.72
IT,2024,2024-02-11,43.4,97.4,68.876,54.0
IT,2024,2024-02-12,59.21,117.76,94.13,58.55
IT,2024,2024-02-13,63.8,122.8,88.395,59.0
IT,2024,2024-02-14,42.045,129.34,86.168,87.295
IT,2024,2024-02-15,70.95,128.028,92.124,57.078
IT,2024,2024-02-16,75.72,110.27,90.241,34.55
IT,2024,2024-02-17,55.29,120.0,87.236,64.71
IT,2024,2024-02-18,52.57,113.77,83.545,61.2
IT,2024,2024-02-19,59.5,118.77,90.339,59.27
IT,2024,2024-02-20,57.16,110.58,84.333,53.42
IT,2024,2024-02-21,53.01,118.61,83.59,65.6
IT,2024,2024-02-22,60.59,145.078,89.434,84.488
IT,2024,2024-02-23,46.0,103.68,78.953,57.68
IT,2024,2024-02-24,55.2,108.63,74.839,53.43
IT,2024,2024-02-25,58.54,95.0,71.677,36.46
IT,2024,2024-02-26,59.19,96.267,81.692,37.077
IT,2024,2024-02-27,69.0,110.26,84.602,41.26
IT,2024,2024-02-28,67.4,109.039,84.42,41.639
IT,2024,2024-02-29,58.61,108.07,85.795,49.46
IT,2024,2024-03-01,75.1,114.99,94.613,39.89
IT,2024,2024-03-02,66.68,117.08,84.222,50.4
IT,2024,2024-03-03,46.84,95.0,73.883,48.16
IT,2024,2024-03-04,70.7,108.0,89.359,37.3
IT,2024,2024-03-05,72.46,125.69,88.623,53.23
IT,2024,2024-03-06,74.22,122.46,92.378,48.24
IT,2024,2024-03-07,76.0,137.47,95.918,61.47
IT,2024,2024-03-08,81.33,128.28,99.274,46.95
IT,2024,2024-03-09,71.4,120.94,91.08,49.54
IT,2024,2024-03-10,27.508,100.0,77.184,72.492
IT,2024,2024-03-11,79.195,124.16,95.789,44.965
IT,2024,2024-03-12,71.2,122.4,87.633,51.2
IT,2024,2024-03-13,70.0,122.04,91.68,52.04
IT,2024,2024-03-14,74.16,120.63,95.528,46.47
IT,2024,2024-03-15,74.2,107.0,89.787,32.8
IT,2024,2024-03-16,31.266,123.835,81.058,92.569
IT,2024,2024-03-17,29.36,113.735,75.985,84.375
IT,2024,2024-03-18,63.07,125.16,92.854,62.09
IT,2024,2024-03-19,64.13,128.96,93.68,64.83
IT,2024,2024-03-20,68.188,156.39,100.512,88.202
IT,2024,2024-03-21,70.38,122.01,95.597,51.63
IT,2024,2024-03-22,74.541,113.47,94.581,38.929
IT,2024,2024-03-23,30.978,109.0,80.345,78.022
IT,2024,2024-03-24,0.585,95.47,55.745,94.885
IT,2024,2024-03-25,69.68,145.0,98.548,75.32
IT,2024,2024-03-26,79.15,119.798,99.035,40.648
IT,2024,2024-03-27,78.35,121.0,96.142,42.65
IT,2024,2024-03-28,74.374,115.63,88.894,41.256
IT,2024,2024-03-29,70.0,116.29,92.265,46.29
IT,2024,2024-03-30,11.216,101.98,76.449,90.764
IT,2024,2024-03-31,2.051,134.9,85.574,132.849
IT,2024,2024-04-01,0.701,90.38,65.934,89.679
IT,2024,2024-04-02,35.097,120.0,77.599,84.903
IT,2024,2024-04-03,60.0,147.499,94.614,87.499
IT,2024,2024-04-04,50.594,110.0,78.73,59.406
IT,2024,2024-04-05,50.0,105.42,79.638,55.42
IT,2024,2024-04-06,29.6,98.208,72.273,68.608
IT,2024,2024-04-07,0.1,100.85,59.466,100.75
IT,2024,2024-04-08,27.429,121.8,78.502,94.371
IT,2024,2024-04-09,50.0,117.76,78.78,67.76
IT,2024,2024-04-10,55.4,134.84,87.588,79.44
IT,2024,2024-04-11,30.0,126.0,78.185,96.0
IT,2024,2024-04-12,24.88,130.2,76.6,105.32
IT,2024,2024-04-13,15.0,100.29,68.878,85.29
IT,2024,2024-04-14,8.0,135.2,74.014,127.2
IT,2024,2024-04-15,48.76,145.95,91.214,97.19
IT,2024,2024-04-16,38.985,122.52,78.493,83.535
IT,2024,2024-04-17,75.789,151.62,104.402,75.831
IT,2024,2024-04-18,85.602,155.0,108.328,69.398
IT,2024,2024-04-19,58.645,125.18,91.254,66.535
IT,2024,2024-04-20,31.038,128.6,89.26,97.562
IT,2024,2024-04-21,4.0,120.0,79.263,116.0
IT,2024,2024-04-22,90.1,162.55,111.178,72.45
IT,2024,2024-04-23,85.723,146.48,104.418,60.757
IT,2024,2024-04-24,81.747,145.43,100.758,63.683
IT,2024,2024-04-25,54.924,150.0,98.15,95.076
IT,2024,2024-04-26,85.0,156.0,119.3,71.0
IT,2024,2024-04-27,82.505,120.0,98.469,37.495
IT,2024,2024-04-28,14.621,107.2,84.028,92.579
IT,2024,2024-04-29,58.621,133.6,88.459,74.979
IT,2024,2024-04-30,48.33,124.04,85.078,75.71
IT,2024,2024-05-01,71.1,99.639,87.802,28.539
IT,2024,2024-05-02,73.13,127.29,92.399,54.16
IT,2024,2024-05-03,58.9,114.05,81.579,55.15
IT,2024,2024-05-04,30.591,120.522,77.837,89.931
IT,2024,2024-05-05,10.0,118.107,66.827,108.107
IT,2024,2024-05-06,77.15,140.598,104.728,63.448
IT,2024,2024-05-07,90.1,141.849,108.318,51.749
IT,2024,2024-05-08,80.0,128.731,99.503,48.731
IT,2024,2024-05-09,54.9,133.81,90.677,78.91
IT,2024,2024-05-10,25.0,136.21,83.066,111.21
IT,2024,2024-05-11,14.797,128.051,78.704,113.254
IT,2024,2024-05-12,2.06,121.326,70.581,119.266
IT,2024,2024-05-13,54.99,138.196,95.515,83.206
IT,2024,2024-05-14,73.0,147.33,102.651,74.33
IT,2024,2024-05-15,86.11,141.752,102.424,55.642
IT,2024,2024-05-16,78.336,133.908,98.066,55.572
IT,2024,2024-05-17,45.5,139.662,95.389,94.162
IT,2024,2024-05-18,61.73,125.985,92.332,64.255
IT,2024,2024-05-19,63.65,122.446,87.659,58.796
IT,2024,2024-05-20,81.644,137.346,99.855,55.702
IT,2024,2024-05-21,67.28,131.896,93.344,64.616
IT,2024,2024-05-22,58.289,143.962,95.191,85.673
IT,2024,2024-05-23,60.0,157.918,102.869,97.918
IT,2024,2024-05-24,67.7,153.091,109.548,85.391
IT,2024,2024-05-25,68.77,143.396,101.846,74.626
IT,2024,2024-05-26,3.0,127.317,71.032,124.317
IT,2024,2024-05-27,72.98,164.885,110.563,91.905
IT,2024,2024-05-28,97.517,159.403,117.773,61.886
IT,2024,2024-05-29,92.46,163.824,114.326,71.364
IT,2024,2024-05-30,91.359,151.075,112.85,59.717
IT,2024,2024-05-31,64.926,139.403,97.81,74.477
IT,2024,2024-06-01,9.65,127.737,83.896,118.087
IT,2024,2024-06-02,30.75,125.46,81.89,94.709
IT,2024,2024-06-03,88.7,150.0,112.971,61.3
IT,2024,2024-06-04,90.11,166.98,116.521,76.87
IT,2024,2024-06-05,89.38,155.25,112.22,65.87
IT,2024,2024-06-06,65.0,143.72,105.427,78.72
IT,2024,2024-06-07,64.79,147.429,106.781,82.639
IT,2024,2024-06-08,82.17,150.558,108.926,68.388
IT,2024,2024-06-09,63.41,121.13,90.481,57.72
IT,2024,2024-06-10,45.08,123.26,91.305,78.18
IT,2024,2024-06-11,78.32,146.0,105.493,67.68
IT,2024,2024-06-12,85.95,139.16,109.139,53.21
IT,2024,2024-06-13,74.244,146.0,104.325,71.756
IT,2024,2024-06-14,70.52,150.827,106.546,80.307
IT,2024,2024-06-15,72.09,130.986,98.039,58.896
IT,2024,2024-06-16,9.65,121.496,78.775,111.846
IT,2024,2024-06-17,73.111,170.442,116.918,97.332
IT,2024,2024-06-18,80.0,150.55,109.312,70.55
IT,2024,2024-06-19,89.25,149.767,111.288,60.517
IT,2024,2024-06-20,102.544,154.598,116.216,52.054
IT,2024,2024-06-21,100.1,150.173,116.452,50.073
IT,2024,2024-06-22,33.117,136.108,97.97,102.992
IT,2024,2024-06-23,62.036,133.771,101.464,71.735
IT,2024,2024-06-24,90.258,135.583,107.639,45.325
IT,2024,2024-06-25,98.524,144.92,114.168,46.396
IT,2024,2024-06-26,90.54,155.152,110.687,64.612
IT,2024,2024-06-27,80.0,143.925,104.546,63.925
IT,2024,2024-06-28,86.46,143.0,109.761,56.54
IT,2024,2024-06-29,20.0,145.893,92.012,125.893
IT,2024,2024-06-30,9.65,140.64,74.101,130.99
IT,2024,2024-07-01,84.91,154.85,114.257,69.939
IT,2024,2024-07-02,87.849,144.08,103.89,56.231
IT,2024,2024-07-03,89.4,144.44,108.497,55.04
IT,2024,2024-07-04,88.279,147.16,108.131,58.881
IT,2024,2024-07-05,82.1,145.986,103.726,63.886
IT,2024,2024-07-06,80.0,117.001,98.726,37.001
IT,2024,2024-07-07,81.17,142.093,102.192,60.923
IT,2024,2024-07-08,88.776,140.49,108.316,51.714
IT,2024,2024-07-09,95.0,158.702,114.679,63.702
IT,2024,2024-07-10,99.02,169.619,115.791,70.599
IT,2024,2024-07-11,101.44,183.309,118.395,81.869
IT,2024,2024-07-12,99.936,156.745,114.446,56.809
IT,2024,2024-07-13,75.053,158.126,108.951,83.073
IT,2024,2024-07-14,90.366,171.913,110.909,81.547
IT,2024,2024-07-15,90.678,172.893,115.653,82.215
IT,2024,2024-07-16,100.1,181.557,118.363,81.457
IT,2024,2024-07-17,101.25,185.104,124.467,83.854
IT,2024,2024-07-18,100.01,185.262,121.438,85.252
IT,2024,2024-07-19,100.411,177.022,118.743,76.611
IT,2024,2024-07-20,91.0,168.612,109.919,77.612
IT,2024,2024-07-21,65.298,138.742,96.93,73.445
IT,2024,2024-07-22,95.56,166.756,115.653,71.196
IT,2024,2024-07-23,96.36,178.513,114.224,82.153
IT,2024,2024-07-24,96.582,157.023,109.982,60.441
IT,2024,2024-07-25,98.204,172.316,116.315,74.113
IT,2024,2024-07-26,103.577,178.388,119.109,74.811
IT,2024,2024-07-27,85.973,153.212,106.828,67.239
IT,2024,2024-07-28,97.06,149.53,110.95,52.47
IT,2024,2024-07-29,104.38,173.02,124.891,68.64
IT,2024,2024-07-30,93.66,153.588,108.699,59.928
IT,2024,2024-07-31,104.5,184.194,120.492,79.694
IT,2024,2024-08-01,105.28,201.423,124.213,96.143
IT,2024,2024-08-02,109.3,185.184,120.93,75.884
IT,2024,2024-08-03,100.999,160.198,118.863,59.2
IT,2024,2024-08-04,102.97,174.21,122.497,71.24
IT,2024,2024-08-05,101.36,181.334,123.133,79.974
IT,2024,2024-08-06,111.0,185.228,129.089,74.228
IT,2024,2024-08-07,110.048,193.527,129.239,83.479
IT,2024,2024-08-08,114.942,194.849,133.311,79.906
IT,2024,2024-08-09,110.83,199.004,128.418,88.174
IT,2024,2024-08-10,100.69,190.536,129.951,89.846
IT,2024,2024-08-11,109.14,178.129,129.922,68.989
IT,2024,2024-08-12,115.651,198.395,135.534,82.744
IT,2024,2024-08-13,113.782,214.65,134.8,100.869
IT,2024,2024-08-14,106.42,211.912,133.893,105.492
IT,2024,2024-08-15,106.0,206.395,131.178,100.395
IT,2024,2024-08-16,111.23,200.578,129.017,89.348
IT,2024,2024-08-17,97.71,180.427,124.844,82.717
IT,2024,2024-08-18,106.31,166.282,121.713,59.972
IT,2024,2024-08-19,107.674,165.49,120.529,57.816
IT,2024,2024-08-20,101.22,165.993,119.715,64.773
IT,2024,2024-08-21,106.39,167.848,125.085,61.458
IT,2024,2024-08-22,99.74,172.671,119.309,72.931
IT,2024,2024-08-23,104.69,201.232,130.467,96.542
IT,2024,2024-08-24,98.0,177.685,122.143,79.685
IT,2024,2024-08-25,110.5,195.97,125.757,85.47
IT,2024,2024-08-26,108.12,219.905,133.7,111.785
IT,2024,2024-08-27,110.81,229.9,142.181,119.09
IT,2024,2024-08-28,112.68,244.714,143.31,132.034
IT,2024,2024-08-29,109.9,250.0,140.665,140.1
IT,2024,2024-08-30,108.41,219.962,136.107,111.552
IT,2024,2024-08-31,97.68,184.925,124.063,87.245
IT,2024,2024-09-01,91.88,175.88,120.926,84.0
IT,2024,2024-09-02,116.74,215.678,163.985,98.938
IT,2024,2024-09-03,119.328,216.53,149.381,97.202
IT,2024,2024-09-04,118.87,214.254,150.89,95.384
IT,2024,2024-09-05,106.34,197.789,139.254,91.449
IT,2024,2024-09-06,105.26,202.852,134.968,97.592
IT,2024,2024-09-07,83.03,185.099,123.828,102.069
IT,2024,2024-09-08,102.03,144.632,114.65,42.602
IT,2024,2024-09-09,96.0,164.0,120.39,68.0
IT,2024,2024-09-10,80.44,153.9,107.823,73.46
IT,2024,2024-09-11,101.366,182.723,122.395,81.358
IT,2024,2024-09-12,89.09,155.779,111.769,66.689
IT,2024,2024-09-13,77.75,132.04,101.775,54.29
IT,2024,2024-09-14,75.0,141.346,99.599,66.346
IT,2024,2024-09-15,23.639,150.328,91.289,126.689
IT,2024,2024-09-16,92.7,179.751,116.121,87.051
IT,2024,2024-09-17,98.97,158.866,114.339,59.896
IT,2024,2024-09-18,95.0,156.884,112.616,61.884
IT,2024,2024-09-19,92.617,150.166,110.516,57.549
IT,2024,2024-09-20,97.75,160.374,118.961,62.624
IT,2024,2024-09-21,79.368,148.278,105.374,68.909
IT,2024,2024-09-22,89.286,157.18,103.524,67.894
IT,2024,2024-09-23,90.66,215.0,140.761,124.34
IT,2024,2024-09-24,85.17,159.422,107.72,74.252
IT,2024,2024-09-25,91.605,170.0,113.652,78.395
IT,2024,2024-09-26,92.32,148.341,109.246,56.021
IT,2024,2024-09-27,80.427,157.073,110.26,76.646
IT,2024,2024-09-28,65.204,139.15,101.925,73.946
IT,2024,2024-09-29,0.969,135.91,82.999,134.941
IT,2024,2024-09-30,68.492,165.411,111.492,96.919
IT,2024,2024-10-01,103.664,187.276,125.338,83.613
IT,2024,2024-10-02,104.05,186.063,127.402,82.013
IT,2024,2024-10-03,94.04,143.57,115.023,49.53
IT,2024,2024-10-04,87.23,164.932,119.094,77.702
IT,2024,2024-10-05,77.486,158.472,114.428,80.986
IT,2024,2024-10-06,104.808,148.652,117.314,43.843
IT,2024,2024-10-07,99.365,178.708,124.662,79.343
IT,2024,2024-10-08,92.58,157.174,113.079,64.594
IT,2024,2024-10-09,46.982,166.407,110.005,119.425
IT,2024,2024-10-10,44.129,161.082,105.204,116.953
IT,2024,2024-10-11,55.774,160.19,104.858,104.416
IT,2024,2024-10-12,23.396,155.51,97.166,132.114
IT,2024,2024-10-13,8.536,142.844,93.094,134.307
IT,2024,2024-10-14,88.776,185.125,118.275,96.349
IT,2024,2024-10-15,74.777,162.689,109.267,87.912
IT,2024,2024-10-16,85.947,162.489,122.557,76.542
IT,2024,2024-10-17,98.176,160.743,119.39,62.567
IT,2024,2024-10-18,93.93,152.82,116.072,58.89
IT,2024,2024-10-19,91.195,150.963,109.147,59.767
IT,2024,2024-10-20,101.046,147.862,118.386,46.816
IT,2024,2024-10-21,98.148,178.913,128.889,80.765
IT,2024,2024-10-22,101.027,165.643,124.002,64.616
IT,2024,2024-10-23,98.636,172.49,123.477,73.854
IT,2024,2024-10-24,95.706,162.273,119.502,66.566
IT,2024,2024-10-25,97.846,162.854,122.705,65.008
IT,2024,2024-10-26,88.79,153.761,113.108,64.971
IT,2024,2024-10-27,95.35,146.104,115.079,50.754
IT,2024,2024-10-28,97.71,159.883,118.337,62.173
IT,2024,2024-10-29,105.89,166.974,129.258,61.084
IT,2024,2024-10-30,102.71,164.109,126.424,61.399
IT,2024,2024-10-31,91.445,146.464,116.323,55.019
IT,2024,2024-11-01,91.25,134.268,107.952,43.018
IT,2024,2024-11-02,103.153,148.694,114.627,45.541
IT,2024,2024-11-03,83.53,137.919,107.894,54.389
IT,2024,2024-11-04,101.0,177.15,128.41,76.15
IT,2024,2024-11-05,96.69,193.0,125.009,96.31
IT,2024,2024-11-06,105.01,171.89,126.531,66.88
IT,2024,2024-11-07,100.41,167.84,126.698,67.43
IT,2024,2024-11-08,98.77,149.82,118.803,51.05
IT,2024,2024-11-09,102.4,150.0,119.748,47.6
IT,2024,2024-11-10,106.3,144.52,119.426,38.22
IT,2024,2024-11-11,99.18,158.28,127.413,59.1
IT,2024,2024-11-12,111.18,175.05,139.672,63.87
IT,2024,2024-11-13,108.9,186.54,138.048,77.64
IT,2024,2024-11-14,111.69,161.68,133.596,49.99
IT,2024,2024-11-15,108.26,165.0,134.665,56.74
IT,2024,2024-11-16,103.41,167.461,133.157,64.051
IT,2024,2024-11-17,103.11,159.24,123.491,56.13
IT,2024,2024-11-18,103.45,174.62,137.578,71.17
IT,2024,2024-11-19,111.11,171.36,140.898,60.25
IT,2024,2024-11-20,105.89,154.93,130.944,49.04
IT,2024,2024-11-21,106.41,170.0,134.735,63.59
IT,2024,2024-11-22,106.486,170.0,136.847,63.514
IT,2024,2024-11-23,118.09,168.786,137.881,50.696
IT,2024,2024-11-24,110.07,170.0,131.964,59.93
IT,2024,2024-11-25,116.63,178.604,143.572,61.974
IT,2024,2024-11-26,122.17,185.0,150.423,62.83
IT,2024,2024-11-27,120.93,187.39,155.107,66.46
IT,2024,2024-11-28,116.59,175.0,144.612,58.41
IT,2024,2024-11-29,108.62,177.8,136.311,69.18
IT,2024,2024-11-30,102.07,148.19,121.875,46.12
IT,2024,2024-12-01,82.38,157.86,114.45,75.48
IT,2024,2024-12-02,97.0,175.31,138.653,78.31
IT,2024,2024-12-03,121.0,203.24,160.07,82.24
IT,2024,2024-12-04,123.02,228.033,167.962,105.013
IT,2024,2024-12-05,115.64,191.3,147.692,75.66
IT,2024,2024-12-06,109.38,180.97,145.587,71.59
IT,2024,2024-12-07,118.94,175.0,142.718,56.06
IT,2024,2024-12-08,92.92,160.09,126.284,67.17
IT,2024,2024-12-09,35.44,166.678,131.536,131.238
IT,2024,2024-12-10,123.53,190.001,158.226,66.471
IT,2024,2024-12-11,121.8,275.078,181.929,153.278
IT,2024,2024-12-12,119.3,269.394,174.112,150.094
IT,2024,2024-12-13,115.64,261.968,173.122,146.328
IT,2024,2024-12-14,107.48,142.24,124.881,34.76
IT,2024,2024-12-15,96.37,160.51,119.2,64.14
IT,2024,2024-12-16,95.59,169.48,134.612,73.89
IT,2024,2024-12-17,104.4,179.18,135.215,74.78
IT,2024,2024-12-18,98.71,178.543,128.818,79.833
IT,2024,2024-12-19,96.9,155.0,119.143,58.1
IT,2024,2024-12-20,46.65,153.942,114.214,107.292
IT,2024,2024-12-21,35.96,151.61,100.856,115.65
IT,2024,2024-12-22,51.12,143.18,107.847,92.06
IT,2024,2024-12-23,6.0,141.19,94.379,135.19
IT,2024,2024-12-24,78.0,173.66,126.651,95.66
IT,2024,2024-12-25,74.732,156.173,108.371,81.44
IT,2024,2024-12-26,90.87,160.3,119.159,69.43
IT,2024,2024-12-27,99.58,168.21,132.84,68.63
IT,2024,2024-12-28,102.93,166.62,128.927,63.69
IT,2024,2024-12-29,119.78,178.89,143.417,59.11
IT,2024,2024-12-30,123.46,178.964,147.541,55.504
IT,2024,2024-12-31,110.41,173.409,138.07,62.999
IT,2025,2025-01-01,116.68,174.0,140.408,57.32
IT,2025,2025-01-02,115.78,170.0,138.758,54.22
IT,2025,2025-01-03,97.0,152.0,127.199,55.0
IT,2025,2025-01-04,122.36,182.842,147.657,60.482
IT,2025,2025-01-05,130.05,166.0,142.992,35.95
IT,2025,2025-01-06,110.42,155.0,136.344,44.58
IT,2025,2025-01-07,109.61,181.27,143.579,71.66
IT,2025,2025-01-08,101.25,158.26,132.792,57.01
IT,2025,2025-01-09,102.88,160.0,134.127,57.12
IT,2025,2025-01-10,105.3,155.0,130.412,49.7
IT,2025,2025-01-11,102.0,155.2,126.667,53.2
IT,2025,2025-01-12,85.0,146.66,113.039,61.66
IT,2025,2025-01-13,100.0,186.0,135.635,86.0
IT,2025,2025-01-14,112.2,189.54,143.071,77.34
IT,2025,2025-01-15,124.13,259.153,170.32,135.023
IT,2025,2025-01-16,117.55,203.85,152.177,86.3
IT,2025,2025-01-17,118.73,203.115,146.234,84.385
IT,2025,2025-01-18,124.0,167.85,140.635,43.85
IT,2025,2025-01-19,126.62,170.0,144.5,43.38
IT,2025,2025-01-20,127.63,289.0,192.988,161.37
IT,2025,2025-01-21,125.69,241.333,163.178,115.643
IT,2025,2025-01-22,126.0,206.17,159.083,80.17
IT,2025,2025-01-23,115.28,171.97,146.089,56.69
IT,2025,2025-01-24,125.5,177.769,148.052,52.269
IT,2025,2025-01-25,121.0,160.5,138.752,39.5
IT,2025,2025-01-26,109.334,150.546,129.557,41.211
IT,2025,2025-01-27,109.98,171.49,142.195,61.51
IT,2025,2025-01-28,106.732,160.0,135.109,53.268
IT,2025,2025-01-29,110.74,165.94,138.199,55.2
IT,2025,2025-01-30,117.9,175.12,142.233,57.22
IT,2025,2025-01-31,125.0,184.48,151.964,59.48
IT,2025,2025-02-01,131.2,171.32,146.521,40.12
IT,2025,2025-02-02,111.88,173.95,137.635,62.07
IT,2025,2025-02-03,120.04,238.424,155.961,118.384
IT,2025,2025-02-04,129.5,211.99,152.389,82.49
IT,2025,2025-02-05,127.33,189.9,149.912,62.57
IT,2025,2025-02-06,130.0,210.232,152.931,80.232
IT,2025,2025-02-07,135.71,202.461,154.967,66.751
IT,2025,2025-02-08,142.0,176.14,155.616,34.14
IT,2025,2025-02-09,141.42,185.92,155.616,44.5
IT,2025,2025-02-10,137.53,204.944,163.468,67.414
IT,2025,2025-02-11,139.53,190.0,166.337,50.47
IT,2025,2025-02-12,146.8,211.785,171.838,64.985
IT,2025,2025-02-13,141.46,198.219,169.353,56.759
IT,2025,2025-02-14,131.03,201.66,158.768,70.63
IT,2025,2025-02-15,110.01,175.0,141.741,64.99
IT,2025,2025-02-16,119.61,176.21,144.052,56.6
IT,2025,2025-02-17,131.72,215.52,161.441,83.8
IT,2025,2025-02-18,133.1,196.0,155.725,62.9
IT,2025,2025-02-19,132.9,178.814,152.333,45.914
IT,2025,2025-02-20,135.0,184.18,152.823,49.18
IT,2025,2025-02-21,122.1,174.57,144.934,52.47
IT,2025,2025-02-22,113.92,168.057,138.266,54.137
IT,2025,2025-02-23,100.06,159.11,132.632,59.05
IT,2025,2025-02-24,120.0,161.796,143.261,41.796
IT,2025,2025-02-25,123.65,169.31,144.107,45.66
IT,2025,2025-02-26,118.93,185.47,140.515,66.54
IT,2025,2025-02-27,107.751,161.31,134.103,53.559
IT,2025,2025-02-28,110.0,160.323,132.31,50.323
IT,2025,2025-03-01,98.51,154.234,128.341,55.723
IT,2025,2025-03-02,20.1,150.05,105.631,129.95
IT,2025,2025-03-03,103.3,178.883,131.769,75.583
IT,2025,2025-03-04,102.095,175.68,135.224,73.585
IT,2025,2025-03-05,100.0,160.267,129.058,60.267
IT,2025,2025-03-06,79.35,169.009,124.059,89.659
IT,2025,2025-03-07,96.181,164.26,125.027,68.079
IT,2025,2025-03-08,10.0,147.206,105.605,137.206
IT,2025,2025-03-09,68.7,143.48,110.445,74.78
IT,2025,2025-03-10,99.0,165.5,125.503,66.5
IT,2025,2025-03-11,102.21,157.5,124.617,55.29
IT,2025,2025-03-12,108.34,176.69,127.554,68.35
IT,2025,2025-03-13,74.228,173.47,118.897,99.242
IT,2025,2025-03-14,91.952,155.0,121.033,63.048
IT,2025,2025-03-15,86.627,150.0,117.649,63.373
IT,2025,2025-03-16,8.134,140.0,85.787,131.866
IT,2025,2025-03-17,94.94,170.0,122.015,75.06
IT,2025,2025-03-18,51.361,165.07,116.248,113.709
IT,2025,2025-03-19,96.3,169.03,124.685,72.73
IT,2025,2025-03-20,68.821,175.0,125.215,106.179
IT,2025,2025-03-21,107.508,156.874,130.306,49.366
IT,2025,2025-03-22,102.85,147.42,124.4,44.57
IT,2025,2025-03-23,102.6,153.18,120.208,50.58
IT,2025,2025-03-24,105.39,179.1,131.779,73.71
IT,2025,2025-03-25,103.1,168.437,126.764,65.337
IT,2025,2025-03-26,102.99,171.98,125.747,68.99
IT,2025,2025-03-27,104.26,171.43,123.505,67.17
IT,2025,2025-03-28,83.792,163.97,115.151,80.178
IT,2025,2025-03-29,107.765,158.46,122.271,50.695
IT,2025,2025-03-30,9.829,140.0,90.225,130.171
IT,2025,2025-03-31,86.67,175.67,119.459,89.0
IT,2025,2025-04-01,92.498,161.92,118.186,69.422
IT,2025,2025-04-02,100.0,157.73,121.865,57.73
IT,2025,2025-04-03,53.671,176.85,119.587,123.179
IT,2025,2025-04-04,48.787,181.0,116.085,132.213
IT,2025,2025-04-05,33.0,139.544,102.791,106.544
IT,2025,2025-04-06,59.0,132.0,100.042,73.0
IT,2025,2025-04-07,47.834,173.58,103.987,125.746
IT,2025,2025-04-08,60.67,169.77,109.668,109.1
IT,2025,2025-04-09,81.67,175.0,114.998,93.33
IT,2025,2025-04-10,60.198,156.92,105.067,96.722
IT,2025,2025-04-11,49.263,149.34,102.071,100.077
IT,2025,2025-04-12,12.05,136.76,84.635,124.71
IT,2025,2025-04-13,81.43,121.44,96.281,40.01
IT,2025,2025-04-14,86.92,152.03,113.835,65.11
IT,2025,2025-04-15,87.22,150.09,110.604,62.87
IT,2025,2025-04-16,87.14,153.05,110.74,65.91
IT,2025,2025-04-17,81.81,144.03,108.329,62.22
IT,2025,2025-04-18,58.96,137.13,98.264,78.17
IT,2025,2025-04-19,12.83,137.5,83.307,124.67
IT,2025,2025-04-20,19.0,133.645,89.03,114.645
IT,2025,2025-04-21,25.0,134.09,95.715,109.09
IT,2025,2025-04-22,50.0,169.44,109.437,119.44
IT,2025,2025-04-23,77.773,152.3,108.922,74.527
IT,2025,2025-04-24,67.247,151.12,99.87,83.873
IT,2025,2025-04-25,4.822,123.0,75.617,118.178
IT,2025,2025-04-26,4.0,129.645,67.929,125.645
IT,2025,2025-04-27,5.0,130.69,64.404,125.69
IT,2025,2025-04-28,27.16,144.482,94.113,117.322
IT,2025,2025-04-29,12.042,144.674,82.056,132.632
IT,2025,2025-04-30,20.329,151.06,88.155,130.731
IT,2025,2025-05-01,0.0,141.12,59.665,141.12
IT,2025,2025-05-02,14.172,147.03,82.413,132.859
IT,2025,2025-05-03,9.65,123.972,76.962,114.322
IT,2025,2025-05-04,5.0,120.31,53.058,115.31
IT,2025,2025-05-05,67.8,149.745,104.439,81.945
IT,2025,2025-05-06,72.0,149.58,100.846,77.58
IT,2025,2025-05-07,82.0,148.789,108.091,66.789
IT,2025,2025-05-08,62.807,151.0,101.979,88.193
IT,2025,2025-05-09,53.92,151.383,104.427,97.463
IT,2025,2025-05-10,9.65,147.463,85.76,137.813
IT,2025,2025-05-11,8.65,146.087,76.914,137.437
IT,2025,2025-05-12,58.65,152.749,104.607,94.099
IT,2025,2025-05-13,87.62,158.454,114.075,70.834
IT,2025,2025-05-14,50.75,159.424,102.853,108.674
IT,2025,2025-05-15,22.1,158.12,100.201,136.02
IT,2025,2025-05-16,15.22,147.6,91.516,132.38
IT,2025,2025-05-17,20.0,146.522,89.216,126.522
IT,2025,2025-05-18,0.0,136.331,68.95,136.331
IT,2025,2025-05-19,20.72,159.861,100.657,139.141
IT,2025,2025-05-20,97.47,150.61,118.497,53.14
IT,2025,2025-05-21,41.098,152.3,104.818,111.203
IT,2025,2025-05-22,70.854,140.562,106.767,69.708
IT,2025,2025-05-23,71.43,157.6,115.291,86.17
IT,2025,2025-05-24,10.0,150.5,80.802,140.5
IT,2025,2025-05-25,0.0,136.7,48.829,136.7
IT,2025,2025-05-26,45.204,157.4,106.796,112.196
IT,2025,2025-05-27,77.473,150.49,116.115,73.017
IT,2025,2025-05-28,65.986,159.68,109.291,93.694
IT,2025,2025-05-29,22.735,162.0,92.437,139.265
IT,2025,2025-05-30,20.42,154.0,87.59,133.58
IT,2025,2025-05-31,10.0,146.51,89.49,136.51
IT,2025,2025-06-01,9.65,135.17,84.622,125.52
IT,2025,2025-06-02,10.97,143.36,91.914,132.39
IT,2025,2025-06-03,54.187,150.0,108.05,95.813
IT,2025,2025-06-04,90.0,154.58,116.994,64.58
IT,2025,2025-06-05,89.0,140.954,111.291,51.954
IT,2025,2025-06-06,89.21,149.07,115.121,59.86
IT,2025,2025-06-07,24.0,138.688,83.569,114.688
IT,2025,2025-06-08,8.534,140.781,69.059,132.246
IT,2025,2025-06-09,46.765,153.77,102.144,107.005
IT,2025,2025-06-10,43.8,165.225,111.16,121.425
IT,2025,2025-06-11,90.0,155.856,117.098,65.856
IT,2025,2025-06-12,87.14,171.095,116.186,83.955
IT,2025,2025-06-13,98.0,157.298,118.21,59.298
IT,2025,2025-06-14,88.7,151.788,118.21,63.088
IT,2025,2025-06-15,78.0,145.507,114.322,67.507
IT,2025,2025-06-16,104.31,156.06,124.055,51.75
IT,2025,2025-06-17,93.0,146.118,118.028,53.118
IT,2025,2025-06-18,104.41,156.671,122.171,52.261
IT,2025,2025-06-19,106.311,156.773,125.183,50.462
IT,2025,2025-06-20,102.02,150.744,119.387,48.724
IT,2025,2025-06-21,81.71,159.242,114.948,77.532
IT,2025,2025-06-22,60.0,147.316,108.494,87.316
IT,2025,2025-06-23,110.472,168.35,137.136,57.878
IT,2025,2025-06-24,119.77,162.178,132.562,42.408
IT,2025,2025-06-25,111.15,181.418,129.26,70.268
IT,2025,2025-06-26,113.87,185.786,126.74,71.916
IT,2025,2025-06-27,103.76,148.56,117.845,44.8
IT,2025,2025-06-28,57.598,131.93,96.365,74.332
IT,2025,2025-06-29,9.838,136.75,80.088,126.912
IT,2025,2025-06-30,101.7,184.108,122.493,82.408
IT,2025,2025-07-01,105.24,234.183,133.99,128.943
IT,2025,2025-07-02,105.64,200.0,125.206,94.36
IT,2025,2025-07-03,110.11,163.316,122.415,53.206
IT,2025,2025-07-04,115.41,158.909,126.579,43.499
IT,2025,2025-07-05,105.1,148.158,121.799,43.058
IT,2025,2025-07-06,70.0,135.387,107.193,65.387
IT,2025,2025-07-07,97.005,147.238,117.909,50.233
IT,2025,2025-07-08,81.719,132.92,108.597,51.201
IT,2025,2025-07-09,59.734,132.347,100.228,72.613
IT,2025,2025-07-10,72.11,136.25,106.597,64.14
IT,2025,2025-07-11,86.611,147.562,116.645,60.95
IT,2025,2025-07-12,48.292,135.471,101.405,87.179
IT,2025,2025-07-13,61.752,129.55,105.733,67.798
IT,2025,2025-07-14,99.3,151.344,120.155,52.044
IT,2025,2025-07-15,100.0,168.85,122.013,68.85
IT,2025,2025-07-16,95.47,153.8,117.41,58.33
IT,2025,2025-07-17,95.306,148.5,115.781,53.194
IT,2025,2025-07-18,98.0,153.053,120.7,55.053
IT,2025,2025-07-19,72.0,150.154,117.312,78.154
IT,2025,2025-07-20,65.0,141.86,111.691,76.86
IT,2025,2025-07-21,108.487,150.269,120.615,41.782
IT,2025,2025-07-22,97.77,144.782,113.715,47.012
IT,2025,2025-07-23,106.88,135.031,118.41,28.151
IT,2025,2025-07-24,105.47,140.113,116.379,34.643
IT,2025,2025-07-25,108.27,152.862,118.477,44.592
IT,2025,2025-07-26,72.37,133.193,104.208,60.823
IT,2025,2025-07-27,22.165,124.227,75.291,102.061
IT,2025,2025-07-28,82.73,118.046,102.873,35.316
IT,2025,2025-07-29,64.229,123.276,99.639,59.047
IT,2025,2025-07-30,85.78,134.829,110.391,49.049
IT,2025,2025-07-31,69.93,140.248,105.741,70.318
IT,2025,2025-08-01,93.5,143.979,113.934,50.479
IT,2025,2025-08-02,82.513,123.278,108.722,40.765
IT,2025,2025-08-03,24.08,128.254,89.826,104.174
IT,2025,2025-08-04,90.0,137.98,112.617,47.98
IT,2025,2025-08-05,65.0,134.14,105.123,69.14
IT,2025,2025-08-06,80.28,142.995,109.02,62.715
IT,2025,2025-08-07,95.52,150.944,113.567,55.424
IT,2025,2025-08-08,79.5,141.593,109.344,62.093
IT,2025,2025-08-09,61.0,150.621,104.25,89.621
IT,2025,2025-08-10,47.8,141.305,102.374,93.505
IT,2025,2025-08-11,90.0,156.743,115.497,66.743
IT,2025,2025-08-12,88.66,155.956,113.534,67.296
IT,2025,2025-08-13,103.43,169.523,118.487,66.093
IT,2025,2025-08-14,102.19,155.761,116.03,53.571
IT,2025,2025-08-15,83.41,138.214,110.011,54.804
IT,2025,2025-08-16,93.48,140.232,114.225,46.752
IT,2025,2025-08-17,75.29,132.177,104.637,56.887
IT,2025,2025-08-18,99.83,136.531,110.792,36.701
IT,2025,2025-08-19,68.12,137.319,105.493,69.199
IT,2025,2025-08-20,93.89,140.662,111.617,46.772
IT,2025,2025-08-21,82.525,134.318,107.838,51.793
IT,2025,2025-08-22,66.009,139.162,105.064,73.153
IT,2025,2025-08-23,58.797,139.891,101.303,81.094
IT,2025,2025-08-24,38.63,137.068,100.28,98.438
IT,2025,2025-08-25,100.296,154.146,117.272,53.85
IT,2025,2025-08-26,96.52,160.939,115.962,64.419
IT,2025,2025-08-27,102.015,152.267,118.544,50.252
IT,2025,2025-08-28,108.86,155.56,121.318,46.7
IT,2025,2025-08-29,101.8,144.266,115.997,42.466
IT,2025,2025-08-30,10.0,132.188,89.913,122.188
IT,2025,2025-08-31,20.0,134.468,88.971,114.468
IT,2025,2025-09-01,95.77,150.104,113.212,54.334
IT,2025,2025-09-02,88.554,147.322,110.549,58.768
IT,2025,2025-09-03,81.7,159.36,106.957,77.66
IT,2025,2025-09-04,87.94,177.727,113.043,89.787
IT,2025,2025-09-05,92.682,156.231,111.876,63.55
IT,2025,2025-09-06,24.5,141.83,94.384,117.33
IT,2025,2025-09-07,21.9,143.864,96.086,121.964
IT,2025,2025-09-08,98.43,174.49,120.765,76.06
IT,2025,2025-09-09,101.1,164.1,117.62,63.0
IT,2025,2025-09-10,102.877,147.669,120.637,44.792
IT,2025,2025-09-11,87.285,148.376,116.358,61.091
IT,2025,2025-09-12,94.722,149.216,115.319,54.495
IT,2025,2025-09-13,50.0,141.809,103.053,91.809
IT,2025,2025-09-14,10.0,133.58,84.512,123.58
IT,2025,2025-09-15,92.0,144.824,113.008,52.824
IT,2025,2025-09-16,90.0,144.917,110.2,54.917
IT,2025,2025-09-17,88.166,144.487,109.956,56.322
IT,2025,2025-09-18,79.23,174.0,112.021,94.77
IT,2025,2025-09-19,90.31,180.9,116.671,90.59
IT,2025,2025-09-20,42.71,143.072,106.149,100.362
IT,2025,2025-09-21,48.56,131.19,98.998,82.63
IT,2025,2025-09-22,102.324,157.05,116.343,54.727
IT,2025,2025-09-23,97.514,172.068,116.29,74.554
IT,2025,2025-09-24,93.441,143.794,113.235,50.353
IT,2025,2025-09-25,92.076,135.7,106.587,43.624
IT,2025,2025-09-26,97.67,139.732,110.708,42.062
IT,2025,2025-09-27,72.084,137.972,105.353,65.888
IT,2025,2025-09-28,35.975,131.33,91.486,95.355
IT,2025,2025-09-29,80.48,145.265,109.032,64.785
IT,2025,2025-09-30,85.78,144.235,112.622,58.455
IT,2025,2025-10-01,95.238,163.742,116.787,68.504
IT,2025,2025-10-02,71.172,156.247,103.443,85.075
IT,2025,2025-10-03,60.504,129.192,96.448,68.688
IT,2025,2025-10-04,49.882,137.293,97.591,87.411
IT,2025,2025-10-05,10.535,125.785,76.05,115.25
IT,2025,2025-10-06,53.483,146.827,99.146,93.344
IT,2025,2025-10-07,75.421,156.66,112.71,81.239
IT,2025,2025-10-08,60.534,172.166,114.978,111.632
IT,2025,2025-10-09,101.16,160.954,126.371,59.794
IT,2025,2025-10-10,83.94,161.332,120.177,77.392
IT,2025,2025-10-11,33.202,146.264,100.469,113.062
IT,2025,2025-10-12,89.358,135.802,105.452,46.444
IT,2025,2025-10-13,96.143,158.636,124.489,62.493
IT,2025,2025-10-14,104.82,158.71,124.586,53.89
IT,2025,2025-10-15,104.962,163.162,126.152,58.2
IT,2025,2025-10-16,99.65,158.478,121.372,58.828
IT,2025,2025-10-17,91.388,152.327,117.741,60.939
IT,2025,2025-10-18,83.586,138.958,110.717,55.372
IT,2025,2025-10-19,76.639,132.08,102.443,55.442
IT,2025,2025-10-20,94.225,151.222,123.329,56.997
IT,2025,2025-10-21,100.861,161.951,127.421,61.09
IT,2025,2025-10-22,102.382,164.929,128.181,62.546
IT,2025,2025-10-23,74.75,138.126,112.491,63.377
IT,2025,2025-10-24,62.262,139.272,102.104,77.011
IT,2025,2025-10-25,23.867,132.502,94.14,108.635
IT,2025,2025-10-26,29.457,124.84,81.401,95.384
IT,2025,2025-10-27,43.55,138.669,106.09,95.119
IT,2025,2025-10-28,79.365,149.328,110.69,69.963
IT,2025,2025-10-29,96.296,140.0,114.169,43.704
IT,2025,2025-10-30,90.245,142.4,117.591,52.155
IT,2025,2025-10-31,98.388,152.6,124.99,54.213
IT,2025,2025-11-01,80.038,136.106,104.943,56.069
IT,2025,2025-11-02,89.72,130.163,103.646,40.443
IT,2025,2025-11-03,87.083,143.482,110.062,56.399
IT,2025,2025-11-04,74.853,140.792,104.939,65.94
IT,2025,2025-11-05,87.988,152.16,113.24,64.172
IT,2025,2025-11-06,94.13,153.29,115.401,59.16
IT,2025,2025-11-07,99.167,143.0,116.358,43.833
IT,2025,2025-11-08,98.39,132.433,109.886,34.043
IT,2025,2025-11-09,93.062,131.8,107.143,38.738
IT,2025,2025-11-10,92.05,145.0,115.388,52.95
IT,2025,2025-11-11,90.098,140.908,114.37,50.81
IT,2025,2025-11-12,89.213,138.365,114.809,49.153
IT,2025,2025-11-13,98.785,156.92,124.025,58.135
IT,2025,2025-11-14,101.292,132.74,115.525,31.448
IT,2025,2025-11-15,96.333,135.0,111.201,38.667
IT,2025,2025-11-16,91.713,134.912,110.614,43.2
IT,2025,2025-11-17,75.92,124.351,107.604,48.431
IT,2025,2025-11-18,97.848,139.325,116.686,41.477
IT,2025,2025-11-19,100.54,142.842,120.571,42.303
IT,2025,2025-11-20,105.52,156.332,128.178,50.812
IT,2025,2025-11-21,104.348,182.666,134.752,78.319
IT,2025,2025-11-22,100.03,144.65,116.429,44.62
IT,2025,2025-11-23,93.52,131.525,109.26,38.005
IT,2025,2025-11-24,93.58,167.674,132.703,74.094
IT,2025,2025-11-25,98.743,203.686,140.0,104.943
IT,2025,2025-11-26,100.705,195.41,147.522,94.705
IT,2025,2025-11-27,104.465,151.513,120.481,47.048
IT,2025,2025-11-28,100.76,152.33,121.446,51.57
IT,2025,2025-11-29,98.518,135.0,114.053,36.482
IT,2025,2025-11-30,90.588,131.506,109.88,40.919
IT,2025,2025-12-01,98.975,167.61,132.258,68.635
IT,2025,2025-12-02,103.798,185.0,133.549,81.202
IT,2025,2025-12-03,103.023,190.25,144.902,87.228
IT,2025,2025-12-04,98.688,165.4,129.409,66.712
IT,2025,2025-12-05,101.5,172.3,131.256,70.8
IT,2025,2025-12-06,94.66,123.9,107.887,29.24
IT,2025,2025-12-07,91.138,121.385,103.52,30.247
IT,2025,2025-12-08,81.785,122.922,105.579,41.138
IT,2025,2025-12-09,95.93,134.1,115.306,38.17
IT,2025,2025-12-10,98.97,139.168,119.046,40.198
IT,2025,2025-12-11,100.77,133.767,116.688,32.997
IT,2025,2025-12-12,97.61,135.88,115.523,38.27
IT,2025,2025-12-13,94.91,125.906,107.827,30.996
IT,2025,2025-12-14,94.737,127.385,107.167,32.647
IT,2025,2025-12-15,94.375,133.6,116.981,39.225
IT,2025,2025-12-16,99.04,161.534,121.779,62.494
IT,2025,2025-12-17,100.0,139.138,120.314,39.138
IT,2025,2025-12-18,100.87,141.948,120.345,41.078
IT,2025,2025-12-19,104.093,134.796,118.94,30.704
IT,2025,2025-12-20,101.21,125.163,112.534,23.953
IT,2025,2025-12-21,95.78,121.565,107.562,25.785
IT,2025,2025-12-22,93.197,125.06,113.519,31.863
IT,2025,2025-12-23,96.0,128.002,113.659,32.002
IT,2025,2025-12-24,94.77,120.27,110.338,25.5
IT,2025,2025-12-25,95.072,124.554,106.979,29.481
IT,2025,2025-12-26,93.01,122.151,107.055,29.141
IT,2025,2025-12-27,70.387,136.535,103.214,66.148
IT,2025,2025-12-28,72.37,126.138,103.996,53.768
IT,2025,2025-12-29,95.958,146.99,113.732,51.032
IT,2025,2025-12-30,95.0,131.122,109.045,36.122
IT,2025,2025-12-31,92.7,144.65,110.071,51.95
IT,2026,2026-01-01,92.76,120.413,106.139,27.653
IT,2026,2026-01-02,90.0,120.905,104.847,30.905
IT,2026,2026-01-03,89.94,121.2,104.223,31.26
IT,2026,2026-01-04,91.492,123.0,107.009,31.507
IT,2026,2026-01-05,101.425,148.688,122.592,47.262
IT,2026,2026-01-06,100.75,132.622,114.824,31.873
IT,2026,2026-01-07,99.528,143.098,121.179,43.57
IT,2026,2026-01-08,103.663,176.066,128.79,72.403
IT,2026,2026-01-09,109.23,147.627,127.129,38.398
IT,2026,2026-01-10,101.956,129.7,113.639,27.744
IT,2026,2026-01-11,83.658,123.558,107.007,39.899
IT,2026,2026-01-12,105.58,161.86,133.341,56.28
IT,2026,2026-01-13,111.605,163.052,135.881,51.447
IT,2026,2026-01-14,117.25,204.12,141.378,86.87
IT,2026,2026-01-15,118.83,171.638,145.03,52.808
IT,2026,2026-01-16,118.498,189.185,140.769,70.688
IT,2026,2026-01-17,113.47,142.848,125.951,29.378
IT,2026,2026-01-18,116.04,148.208,130.903,32.168
IT,2026,2026-01-19,105.1,191.319,148.402,86.219
IT,2026,2026-01-20,117.639,202.785,148.034,85.146
IT,2026,2026-01-21,122.092,193.076,153.068,70.984
IT,2026,2026-01-22,129.168,197.16,159.484,67.992
IT,2026,2026-01-23,136.695,194.858,158.381,58.163
IT,2026,2026-01-24,126.035,151.356,137.981,25.321
IT,2026,2026-01-25,111.91,144.785,128.391,32.875
IT,2026,2026-01-26,120.297,176.072,149.493,55.775
IT,2026,2026-01-27,126.0,192.96,150.957,66.96
IT,2026,2026-01-28,118.8,173.235,149.709,54.435
IT,2026,2026-01-29,121.595,173.05,145.828,51.455
IT,2026,2026-01-30,118.46,161.012,139.942,42.552
IT,2026,2026-01-31,119.042,150.198,131.706,31.155
IT,2026,2026-02-01,97.801,143.0,116.919,45.199
IT,2026,2026-02-02,114.92,162.31,140.706,47.39
IT,2026,2026-02-03,114.935,156.244,138.585,41.309
IT,2026,2026-02-04,112.908,154.311,134.931,41.404
IT,2026,2026-02-05,110.752,149.198,129.747,38.446
IT,2026,2026-02-06,108.13,145.944,125.547,37.814
IT,2026,2026-02-07,81.84,136.915,112.249,55.075
IT,2026,2026-02-08,102.638,134.842,114.74,32.205
IT,2026,2026-02-09,102.41,173.195,137.191,70.785
IT,2026,2026-02-10,109.05,148.002,127.618,38.952
IT,2026,2026-02-11,102.442,136.902,120.503,34.46
IT,2026,2026-02-12,97.628,129.12,114.897,31.493
IT,2026,2026-02-13,86.507,133.89,108.951,47.383
IT,2026,2026-02-14,94.195,126.668,109.01,32.473
IT,2026,2026-02-15,23.192,121.578,94.237,98.386
IT,2026,2026-02-16,94.975,132.227,113.03,37.252
IT,2026,2026-02-17,61.804,129.868,101.887,68.064
IT,2026,2026-02-18,88.789,137.658,113.0,48.868
IT,2026,2026-02-19,93.802,128.059,111.94,34.257
IT,2026,2026-02-20,92.53,131.373,108.982,38.843
IT,2026,2026-02-21,46.577,124.938,97.816,78.36
IT,2026,2026-02-22,13.582,130.185,86.03,116.603
IT,2026,2026-02-23,74.17,133.318,105.048,59.148
IT,2026,2026-02-24,90.388,142.435,109.86,52.048
IT,2026,2026-02-25,91.929,130.554,107.55,38.625
IT,2026,2026-02-26,83.0,127.521,104.786,44.521
IT,2026,2026-02-27,86.128,129.144,107.689,43.017
IT,2026,2026-02-28,89.375,133.214,107.022,43.839
IT,2026,2026-03-01,78.462,125.659,105.236,47.196
IT,2026,2026-03-02,97.648,158.738,120.684,61.09
IT,2026,2026-03-03,97.445,165.866,126.783,68.421
IT,2026,2026-03-04,136.803,214.443,165.675,77.64
IT,2026,2026-03-05,123.31,185.643,151.118,62.333
IT,2026,2026-03-06,121.178,172.324,141.058,51.147
IT,2026,2026-03-07,112.305,172.492,142.881,60.187
IT,2026,2026-03-08,92.445,177.808,141.931,85.363
IT,2026,2026-03-09,122.8,217.331,157.242,94.531
IT,2026,2026-03-10,141.273,214.882,167.741,73.608
IT,2026,2026-03-11,133.068,175.361,147.544,42.294
IT,2026,2026-03-12,127.797,166.021,144.184,38.224
IT,2026,2026-03-13,115.068,174.126,146.605,59.059
IT,2026,2026-03-14,119.557,181.876,142.942,62.318
IT,2026,2026-03-15,70.25,158.622,127.146,88.372
IT,2026,2026-03-16,116.133,179.505,143.457,63.372
IT,2026,2026-03-17,119.105,179.506,143.104,60.401
IT,2026,2026-03-18,127.71,183.393,150.599,55.683
IT,2026,2026-03-19,71.305,178.74,139.626,107.434
IT,2026,2026-03-20,77.568,212.962,158.11,135.394
IT,2026,2026-03-21,59.96,195.093,148.753,135.133
IT,2026,2026-03-22,135.1,193.96,161.126,58.86
IT,2026,2026-03-23,130.942,223.887,165.3,92.945
IT,2026,2026-03-24,27.742,188.509,139.256,160.767
IT,2026,2026-03-25,41.592,183.272,138.138,141.681
IT,2026,2026-03-26,119.838,172.631,144.191,52.792
IT,2026,2026-03-27,118.639,182.913,147.969,64.275
IT,2026,2026-03-28,14.911,171.462,114.415,156.551
IT,2026,2026-03-29,10.048,189.494,115.219,179.446
IT,2026,2026-03-30,122.132,189.788,152.61,67.656
IT,2026,2026-03-31,129.839,199.46,156.005,69.621
IT,2026,2026-04-01,135.688,201.652,159.247,65.965
IT,2026,2026-04-02,122.622,179.988,147.65,57.365
IT,2026,2026-04-03,31.512,170.245,122.458,138.733
IT,2026,2026-04-04,5.594,181.5,114.162,175.906
IT,2026,2026-04-05,0.875,163.798,101.069,162.922
IT,2026,2026-04-06,3.05,167.262,108.474,164.212
IT,2026,2026-04-07,26.51,187.305,126.898,160.795
IT,2026,2026-04-08,49.299,180.0,128.536,130.701
IT,2026,2026-04-09,44.311,174.74,122.618,130.429
IT,2026,2026-04-10,82.689,180.448,130.002,97.759
IT,2026,2026-04-11,37.445,166.58,122.497,129.135
IT,2026,2026-04-12,33.768,143.251,98.168,109.483
IT,2026,2026-04-13,108.33,173.326,142.743,64.996
IT,2026,2026-04-14,126.053,189.592,150.333,63.539
IT,2026,2026-04-15,119.245,172.815,139.982,53.57
IT,2026,2026-04-16,106.692,165.69,129.792,58.998
IT,2026,2026-04-17,34.699,152.193,107.544,117.493
IT,2026,2026-04-18,10.374,145.275,89.123,134.901
IT,2026,2026-04-19,21.885,146.425,101.124,124.54
IT,2026,2026-04-20,54.623,153.76,110.973,99.137
IT,2026,2026-04-21,53.705,154.253,113.981,100.548
IT,2026,2026-04-22,76.612,150.043,119.737,73.43
IT,2026,2026-04-23,29.084,151.967,96.077,122.884
IT,2026,2026-04-24,35.36,169.12,113.649,133.76
IT,2026,2026-04-25,7.0,170.93,103.628,163.93
IT,2026,2026-04-26,16.382,172.67,106.495,156.288
IT,2026,2026-04-27,56.175,172.608,123.399,116.433
IT,2026,2026-04-28,72.49,169.962,127.42,97.472
IT,2026,2026-04-29,54.74,161.374,116.127,106.634
IT,2026,2026-04-30,15.0,154.578,105.256,139.578
IT,2026,2026-05-01,0.0,149.35,83.216,149.35
IT,2026,2026-05-02,0.0,166.205,101.744,166.205
IT,2026,2026-05-03,0.0,171.8,102.061,171.8
IT,2026,2026-05-04,87.451,180.0,137.478,92.549
IT,2026,2026-05-05,125.08,173.79,144.188,48.71
IT,2026,2026-05-06,124.038,179.59,147.199,55.552
IT,2026,2026-05-07,72.027,198.05,135.596,126.023
IT,2026,2026-05-08,84.583,160.0,131.619,75.417
IT,2026,2026-05-09,27.247,155.415,109.651,128.167
IT,2026,2026-05-10,62.671,147.368,114.655,84.697
IT,2026,2026-05-11,78.06,154.223,115.543,76.163
IT,2026,2026-05-12,30.258,163.182,102.846,132.925
IT,2026,2026-05-13,65.548,175.979,127.153,110.431
IT,2026,2026-05-14,74.22,161.775,121.18,87.555
IT,2026,2026-05-15,100.797,165.138,137.536,64.34
IT,2026,2026-05-16,10.466,151.92,107.791,141.453
IT,2026,2026-05-17,11.0,168.728,101.421,157.728
IT,2026,2026-05-18,90.26,193.0,139.995,102.74
IT,2026,2026-05-19,79.698,182.0,133.097,102.302
IT,2026,2026-05-20,33.712,181.475,121.972,147.763
IT,2026,2026-05-21,9.741,180.15,115.93,170.409
IT,2026,2026-05-22,8.495,182.79,111.351,174.295
IT,2026,2026-05-23,7.202,170.0,98.209,162.798
IT,2026,2026-05-24,0.0,174.23,93.113,174.23
IT,2026,2026-05-25,28.902,178.567,116.937,149.666
IT,2026,2026-05-26,45.75,204.332,125.79,158.582
IT,2026,2026-05-27,67.5,183.6,134.163,116.1
IT,2026,2026-05-28,32.828,194.322,132.413,161.494
IT,2026,2026-05-29,53.34,195.0,134.583,141.66
IT,2026,2026-05-30,25.602,175.98,112.635,150.378
IT,2026,2026-05-31,16.008,162.48,108.438,146.472
IT,2026,2026-06-01,50.09,167.775,121.122,117.685
IT,2026,2026-06-02,94.954,160.542,135.337,65.588
IT,2026,2026-06-03,61.951,171.915,133.898,109.964
IT,2026,2026-06-04,90.08,174.343,136.404,84.263
IT,2026,2026-06-05,66.742,171.662,137.351,104.92
IT,2026,2026-06-06,58.957,163.152,132.763,104.195
IT,2026,2026-06-07,3.195,171.14,99.684,167.945
IT,2026,2026-06-08,75.8,188.203,144.58,112.403
IT,2026,2026-06-09,118.748,178.127,145.054,59.38
IT,2026,2026-06-10,127.933,177.818,145.641,49.885
IT,2026,2026-06-11,61.532,169.358,127.856,107.826
IT,2026,2026-06-12,42.016,162.382,113.326,120.367
IT,2026,2026-06-13,2.248,158.931,95.293,156.684
IT,2026,2026-06-14,0.245,146.777,89.345,146.533
IT,2026,2026-06-15,62.625,164.293,130.615,101.668
IT,2026,2026-06-16,110.143,169.395,133.545,59.252
IT,2026,2026-06-17,104.262,167.2,134.453,62.938
IT,2026,2026-06-18,107.634,180.0,139.869,72.366
IT,2026,2026-06-19,109.667,174.63,136.423,64.963
IT,2026,2026-06-20,55.45,162.248,123.671,106.798
IT,2026,2026-06-21,1.25,153.04,96.665,151.79
IT,2026,2026-06-22,116.639,183.495,142.36,66.856
IT,2026,2026-06-23,117.185,263.435,154.394,146.25
IT,2026,2026-06-24,115.505,284.576,162.892,169.071
IT,2026,2026-06-25,124.178,209.7,148.439,85.522
IT,2026,2026-06-26,134.092,241.001,154.806,106.908
IT,2026,2026-06-27,70.376,176.3,128.024,105.924
IT,2026,2026-06-28,59.75,159.012,122.539,99.262
IT,2026,2026-06-29,130.435,206.2,157.16,75.765
IT,2026,2026-06-30,134.138,204.105,152.996,69.968
IT,2026,2026-07-01,130.102,179.792,147.839,49.69
IT,2026,2026-07-02,125.583,174.867,141.92,49.285
IT,2026,2026-07-03,117.285,170.182,139.218,52.897
IT,2026,2026-07-04,0.737,167.08,105.177,166.343
IT,2026,2026-07-05,0.0,171.798,99.512,171.798
IT,2026,2026-07-06,122.659,174.64,143.929,51.981
IT,2026,2026-07-07,116.792,175.612,142.249,58.82
IT,2026,2026-07-08,130.1,179.288,147.034,49.188
IT,2026,2026-07-09,136.018,201.895,153.684,65.877
IT,2026,2026-07-10,124.69,181.873,148.424,57.183
IT,2026,2026-07-11,99.407,167.64,143.913,68.233
IT,2026,2026-07-12,61.141,180.013,130.125,118.872
IT,2026,2026-07-13,127.01,187.435,151.683,60.425
IT,2026,2026-07-14,136.202,180.802,151.488,44.6
IT,2026,2026-07-15,142.418,198.268,168.021,55.85
IT,2026,2026-07-16,145.665,230.033,170.222,84.368
IT,2026,2026-07-17,151.668,198.33,168.718,46.662
IT,2026,2026-07-18,124.7,199.578,168.412,74.878
IT,2026,2026-07-19,78.5,197.997,150.609,119.497
IT,2026,2026-07-20,147.24,213.866,173.806,66.626
IT,2026,2026-07-21,156.948,209.228,177.654,52.28
IT,2026,2026-07-22,128.115,207.984,171.303,79.869
IT,2026,2026-07-23,140.1,213.496,182.612,73.396
IT,2026,2026-07-24,94.523,209.413,168.509,114.89
IT,2026,2026-07-25,81.445,208.026,157.333,126.581
IT,2026,2026-07-26,75.0,208.497,160.036,133.497
IT,2026,2026-07-27,138.043,223.59,185.056,85.548
IT,2026,2026-07-28,145.055,215.31,176.833,70.255
IT,2026,2026-07-29,143.712,227.961,177.056,84.249
IT,2026,2026-07-30,150.1,245.466,182.695,95.366
IT,2026,2026-07-31,145.714,241.303,186.613,95.589
IT,2026,2026-08-01,126.152,201.638,166.988,75.485
IT,2026,2026-08-02,120.77,208.259,165.371,87.489
IT,2026,2026-08-03,154.672,269.104,198.786,114.431
IT,2026,2026-08-04,153.6,267.074,195.438,113.474
IT,2026,2026-08-05,168.662,289.281,207.37,120.618
IT,2026,2026-08-06,158.36,274.061,196.92,115.701
IT,2026,2026-08-07,158.517,234.194,184.482,75.677
IT,2026,2026-08-08,135.893,216.502,171.479,80.61
IT,2026,2026-08-09,61.105,217.685,153.166,156.58
IT,2026,2026-08-10,138.04,264.883,178.867,126.843
IT,2026,2026-08-11,141.228,246.488,180.474,105.261
IT,2026,2026-08-12,138.82,258.575,175.759,119.755
IT,2026,2026-08-13,136.45,277.162,184.44,140.712
IT,2026,2026-08-14,130.1,254.877,174.737,124.777
IT,2026,2026-08-15,58.25,217.496,152.917,159.246
IT,2026,2026-08-16,70.03,214.401,158.226,144.371
IT,2026,2026-08-17,140.98,219.901,178.499,78.921
IT,2026,2026-08-18,133.629,231.739,173.445,98.11
IT,2026,2026-08-19,131.75,223.48,175.219,91.73
IT,2026,2026-08-20,153.042,214.232,180.37,61.19
IT,2026,2026-08-21,151.5,218.207,182.427,66.707
IT,2026,2026-08-22,75.192,213.412,161.36,138.219
IT,2026,2026-08-23,8.75,220.437,129.515,211.687
IT,2026,2026-08-24,148.658,252.098,192.273,103.44
IT,2026,2026-08-25,149.94,226.76,189.204,76.82
IT,2026,2026-08-26,155.78,259.028,200.511,103.248
IT,2026,2026-08-27,173.265,260.442,206.686,87.177
IT,2026,2026-08-28,173.862,248.287,205.485,74.425
IT,2026,2026-08-29,102.146,240.77,193.028,138.625
IT,2026,2026-08-30,50.39,241.167,171.869,190.777
IT,2026,2026-08-31,150.1,244.904,197.73,94.804
IT,2026,2026-09-01,165.143,249.718,200.288,84.575
IT,2026,2026-09-02,171.582,283.0,213.134,111.418
IT,2026,2026-09-03,151.032,269.7,211.319,118.667
IT,2026,2026-09-04,168.7,269.252,213.147,100.552
IT,2026,2026-09-05,142.262,276.427,195.086,134.164
IT,2026,2026-09-06,136.415,204.503,172.31,68.088
PT,2019,2019-01-01,55.47,68.07,63.24,12.6
PT,2019,2019-01-02,51.09,69.3,61.597,18.21
PT,2019,2019-01-03,50.2,71.1,64.178,20.9
PT,2019,2019-01-04,54.85,71.94,67.022,17.09
PT,2019,2019-01-05,58.31,69.5,64.998,11.19
PT,2019,2019-01-06,50.2,68.0,59.4,17.8
PT,2019,2019-01-07,50.5,70.39,63.32,19.89
PT,2019,2019-01-08,50.5,70.0,62.791,19.5
PT,2019,2019-01-09,49.79,69.01,61.419,19.22
PT,2019,2019-01-10,48.5,69.75,62.496,21.25
PT,2019,2019-01-11,49.98,70.45,64.15,20.47
PT,2019,2019-01-12,51.4,69.69,62.05,18.29
PT,2019,2019-01-13,49.91,71.69,60.782,21.78
PT,2019,2019-01-14,56.2,72.52,65.781,16.32
PT,2019,2019-01-15,54.9,74.74,67.448,19.84
PT,2019,2019-01-16,61.07,72.99,69.31,11.92
PT,2019,2019-01-17,52.2,73.45,65.6,21.25
PT,2019,2019-01-18,58.07,72.01,68.065,13.94
PT,2019,2019-01-19,55.55,70.0,64.61,14.45
PT,2019,2019-01-20,51.52,70.11,61.285,18.59
PT,2019,2019-01-21,51.14,73.9,65.89,22.76
PT,2019,2019-01-22,51.57,71.2,64.037,19.63
PT,2019,2019-01-23,49.05,68.89,60.296,19.84
PT,2019,2019-01-24,49.05,70.13,61.105,21.08
PT,2019,2019-01-25,51.77,69.69,63.536,17.92
PT,2019,2019-01-26,51.5,68.5,63.222,17.0
PT,2019,2019-01-27,41.1,68.17,50.322,27.07
PT,2019,2019-01-28,43.06,70.01,58.124,26.95
PT,2019,2019-01-29,50.05,68.07,62.039,18.02
PT,2019,2019-01-30,48.08,68.65,59.608,20.57
PT,2019,2019-01-31,44.1,65.4,54.839,21.3
PT,2019,2019-02-01,41.1,62.99,52.506,21.89
PT,2019,2019-02-02,20.45,51.92,38.64,31.47
PT,2019,2019-02-03,38.47,63.93,49.858,25.46
PT,2019,2019-02-04,46.81,70.66,61.107,23.85
PT,2019,2019-02-05,48.92,68.07,61.867,19.15
PT,2019,2019-02-06,52.73,67.52,60.973,14.79
PT,2019,2019-02-07,43.97,68.07,60.014,24.1
PT,2019,2019-02-08,49.13,65.01,58.002,15.88
PT,2019,2019-02-09,41.72,64.01,54.102,22.29
PT,2019,2019-02-10,16.2,66.55,39.588,50.35
PT,2019,2019-02-11,42.4,66.25,58.11,23.85
PT,2019,2019-02-12,50.0,67.1,60.667,17.1
PT,2019,2019-02-13,58.0,65.51,61.509,7.51
PT,2019,2019-02-14,48.0,63.67,55.901,15.67
PT,2019,2019-02-15,45.57,62.0,55.741,16.43
PT,2019,2019-02-16,47.25,58.51,51.222,11.26
PT,2019,2019-02-17,36.74,62.0,48.543,25.26
PT,2019,2019-02-18,45.37,62.0,56.567,16.63
PT,2019,2019-02-19,52.6,62.25,58.923,9.65
PT,2019,2019-02-20,53.1,61.11,57.462,8.01
PT,2019,2019-02-21,47.67,61.21,54.786,13.54
PT,2019,2019-02-22,45.52,59.93,53.296,14.41
PT,2019,2019-02-23,47.0,60.6,54.727,13.6
PT,2019,2019-02-24,45.0,60.6,53.379,15.6
PT,2019,2019-02-25,46.36,60.6,55.935,14.24
PT,2019,2019-02-26,46.36,59.0,52.818,12.64
PT,2019,2019-02-27,42.1,60.49,53.013,18.39
PT,2019,2019-02-28,43.1,58.75,53.073,15.65
PT,2019,2019-03-01,50.77,58.43,54.419,7.66
PT,2019,2019-03-02,42.69,57.51,49.345,14.82
PT,2019,2019-03-03,21.0,53.1,38.682,32.1
PT,2019,2019-03-04,18.91,58.75,44.667,39.84
PT,2019,2019-03-05,36.08,56.45,51.808,20.37
PT,2019,2019-03-06,25.68,51.73,38.496,26.05
PT,2019,2019-03-07,36.7,60.95,51.533,24.25
PT,2019,2019-03-08,52.29,58.56,55.778,6.27
PT,2019,2019-03-09,51.14,56.56,54.21,5.42
PT,2019,2019-03-10,41.75,55.25,47.468,13.5
PT,2019,2019-03-11,39.71,61.41,52.11,21.7
PT,2019,2019-03-12,40.69,56.26,51.455,15.57
PT,2019,2019-03-13,36.08,55.66,46.327,19.58
PT,2019,2019-03-14,45.15,56.05,51.87,10.9
PT,2019,2019-03-15,51.64,57.98,55.741,6.34
PT,2019,2019-03-16,40.07,56.05,51.04,15.98
PT,2019,2019-03-17,28.84,52.63,38.138,23.79
PT,2019,2019-03-18,38.69,56.19,49.185,17.5
PT,2019,2019-03-19,41.29,56.57,49.635,15.28
PT,2019,2019-03-20,39.37,55.55,48.85,16.18
PT,2019,2019-03-21,44.01,56.55,52.835,12.54
PT,2019,2019-03-22,54.8,57.5,55.681,2.7
PT,2019,2019-03-23,43.43,55.01,50.728,11.58
PT,2019,2019-03-24,39.0,52.1,44.64,13.1
PT,2019,2019-03-25,34.85,51.96,44.297,17.11
PT,2019,2019-03-26,30.21,51.64,41.245,21.43
PT,2019,2019-03-27,36.62,53.86,47.684,17.24
PT,2019,2019-03-28,43.44,55.01,50.978,11.57
PT,2019,2019-03-29,50.53,54.92,53.04,4.39
PT,2019,2019-03-30,48.01,54.54,51.954,6.53
PT,2019,2019-03-31,45.94,59.0,51.904,13.06
PT,2019,2019-04-01,55.48,60.95,58.547,5.47
PT,2019,2019-04-02,53.41,60.01,57.649,6.6
PT,2019,2019-04-03,41.73,58.92,52.547,17.19
PT,2019,2019-04-04,44.45,60.44,53.159,15.99
PT,2019,2019-04-05,40.76,58.67,51.307,17.91
PT,2019,2019-04-06,37.27,55.44,44.148,18.17
PT,2019,2019-04-07,38.3,58.6,47.693,20.3
PT,2019,2019-04-08,42.51,58.09,52.859,15.58
PT,2019,2019-04-09,41.95,57.55,49.822,15.6
PT,2019,2019-04-10,41.33,57.84,51.673,16.51
PT,2019,2019-04-11,47.81,59.22,54.933,11.41
PT,2019,2019-04-12,53.0,60.16,57.162,7.16
PT,2019,2019-04-13,52.07,59.57,57.245,7.5
PT,2019,2019-04-14,45.1,62.48,52.835,17.38
PT,2019,2019-04-15,42.05,60.08,53.71,18.03
PT,2019,2019-04-16,49.25,60.06,56.712,10.81
PT,2019,2019-04-17,38.25,59.47,47.944,21.22
PT,2019,2019-04-18,49.16,58.58,55.511,9.42
PT,2019,2019-04-19,31.57,56.56,38.583,24.99
PT,2019,2019-04-20,25.75,48.0,35.525,22.25
PT,2019,2019-04-21,28.62,58.58,41.401,29.96
PT,2019,2019-04-22,40.51,59.0,54.631,18.49
PT,2019,2019-04-23,34.0,58.78,48.882,24.78
PT,2019,2019-04-24,26.1,54.75,39.046,28.65
PT,2019,2019-04-25,5.0,46.36,30.386,41.36
PT,2019,2019-04-26,25.77,60.85,50.709,35.08
PT,2019,2019-04-27,52.34,59.2,55.498,6.86
PT,2019,2019-04-28,47.23,59.47,52.728,12.24
PT,2019,2019-04-29,52.49,60.37,58.09,7.88
PT,2019,2019-04-30,55.88,60.32,58.615,4.44
PT,2019,2019-05-01,36.0,55.71,48.909,19.71
PT,2019,2019-05-02,32.0,58.09,47.052,26.09
PT,2019,2019-05-03,42.9,57.9,50.916,15.0
PT,2019,2019-05-04,35.19,54.14,45.715,18.95
PT,2019,2019-05-05,28.05,59.04,38.75,30.99
PT,2019,2019-05-06,43.47,58.69,53.364,15.22
PT,2019,2019-05-07,39.03,59.33,50.796,20.3
PT,2019,2019-05-08,33.0,46.2,38.552,13.2
PT,2019,2019-05-09,35.08,55.01,47.179,19.93
PT,2019,2019-05-10,37.17,56.17,48.458,19.0
PT,2019,2019-05-11,34.8,54.54,48.533,19.74
PT,2019,2019-05-12,24.04,56.41,36.804,32.37
PT,2019,2019-05-13,34.3,56.19,47.416,21.89
PT,2019,2019-05-14,40.9,58.56,52.28,17.66
PT,2019,2019-05-15,50.21,57.5,54.098,7.29
PT,2019,2019-05-16,36.5,57.79,50.84,21.29
PT,2019,2019-05-17,33.79,55.53,44.657,21.74
PT,2019,2019-05-18,35.01,56.2,46.852,21.19
PT,2019,2019-05-19,36.75,57.45,47.44,20.7
PT,2019,2019-05-20,42.72,58.77,53.75,16.05
PT,2019,2019-05-21,54.49,59.27,56.942,4.78
PT,2019,2019-05-22,55.56,59.47,57.947,3.91
PT,2019,2019-05-23,50.0,59.66,56.343,9.66
PT,2019,2019-05-24,40.0,55.78,48.298,15.78
PT,2019,2019-05-25,38.8,50.51,42.407,11.71
PT,2019,2019-05-26,35.58,58.02,43.247,22.44
PT,2019,2019-05-27,41.77,58.39,49.83,16.62
PT,2019,2019-05-28,40.99,54.51,47.35,13.52
PT,2019,2019-05-29,40.81,57.02,47.964,16.21
PT,2019,2019-05-30,41.9,59.47,52.917,17.57
PT,2019,2019-05-31,48.76,59.21,55.67,10.45
PT,2019,2019-06-01,44.57,58.22,52.817,13.65
PT,2019,2019-06-02,40.51,58.73,47.885,18.22
PT,2019,2019-06-03,48.1,59.01,53.59,10.91
PT,2019,2019-06-04,43.2,55.38,48.537,12.18
PT,2019,2019-06-05,39.81,58.76,45.83,18.95
PT,2019,2019-06-06,31.08,56.85,42.366,25.77
PT,2019,2019-06-07,26.73,57.53,43.499,30.8
PT,2019,2019-06-08,42.29,49.02,45.53,6.73
PT,2019,2019-06-09,37.0,51.37,43.074,14.37
PT,2019,2019-06-10,37.0,50.64,44.919,13.64
PT,2019,2019-06-11,41.1,53.07,45.778,11.97
PT,2019,2019-06-12,42.37,51.22,47.824,8.85
PT,2019,2019-06-13,40.01,50.94,46.889,10.93
PT,2019,2019-06-14,40.01,51.2,46.128,11.19
PT,2019,2019-06-15,40.01,54.12,45.858,14.11
PT,2019,2019-06-16,41.63,54.64,46.65,13.01
PT,2019,2019-06-17,45.94,53.07,49.161,7.13
PT,2019,2019-06-18,38.13,53.89,45.972,15.76
PT,2019,2019-06-19,40.01,52.33,47.438,12.32
PT,2019,2019-06-20,41.77,51.0,46.31,9.23
PT,2019,2019-06-21,41.87,50.03,47.05,8.16
PT,2019,2019-06-22,42.51,49.61,45.759,7.1
PT,2019,2019-06-23,38.35,55.0,43.282,16.65
PT,2019,2019-06-24,46.32,52.0,48.756,5.68
PT,2019,2019-06-25,46.04,51.84,49.74,5.8
PT,2019,2019-06-26,43.01,51.6,47.572,8.59
PT,2019,2019-06-27,45.54,53.19,49.63,7.65
PT,2019,2019-06-28,49.5,53.69,51.773,4.19
PT,2019,2019-06-29,45.91,51.2,49.012,5.29
PT,2019,2019-06-30,42.84,53.88,46.705,11.04
PT,2019,2019-07-01,40.9,53.19,48.31,12.29
PT,2019,2019-07-02,40.66,53.77,48.986,13.11
PT,2019,2019-07-03,42.49,53.99,51.2,11.5
PT,2019,2019-07-04,47.0,58.0,53.479,11.0
PT,2019,2019-07-05,54.0,58.08,56.054,4.08
PT,2019,2019-07-06,44.87,56.78,51.68,11.91
PT,2019,2019-07-07,42.41,55.17,48.667,12.76
PT,2019,2019-07-08,41.76,57.69,51.937,15.93
PT,2019,2019-07-09,46.5,55.62,52.127,9.12
PT,2019,2019-07-10,42.01,56.57,51.875,14.56
PT,2019,2019-07-11,49.0,58.29,54.275,9.29
PT,2019,2019-07-12,53.05,58.81,56.954,5.76
PT,2019,2019-07-13,46.6,55.5,50.86,8.9
PT,2019,2019-07-14,43.0,58.31,48.993,15.31
PT,2019,2019-07-15,42.89,57.31,52.122,14.42
PT,2019,2019-07-16,43.59,57.25,51.659,13.66
PT,2019,2019-07-17,45.63,57.31,52.795,11.68
PT,2019,2019-07-18,45.96,58.39,53.743,12.43
PT,2019,2019-07-19,47.07,57.17,52.509,10.1
PT,2019,2019-07-20,45.0,56.94,50.209,11.94
PT,2019,2019-07-21,43.0,57.69,49.971,14.69
PT,2019,2019-07-22,52.0,57.69,56.04,5.69
PT,2019,2019-07-23,50.19,58.98,54.992,8.79
PT,2019,2019-07-24,50.68,58.98,55.595,8.3
PT,2019,2019-07-25,45.0,58.52,53.815,13.52
PT,2019,2019-07-26,45.2,56.99,52.166,11.79
PT,2019,2019-07-27,40.5,50.0,45.515,9.5
PT,2019,2019-07-28,40.05,58.25,45.986,18.2
PT,2019,2019-07-29,40.05,56.28,47.282,16.23
PT,2019,2019-07-30,39.1,55.2,48.366,16.1
PT,2019,2019-07-31,39.4,52.19,47.211,12.79
PT,2019,2019-08-01,42.0,51.53,48.353,9.53
PT,2019,2019-08-02,42.0,51.7,48.97,9.7
PT,2019,2019-08-03,43.03,51.2,47.396,8.17
PT,2019,2019-08-04,41.75,52.1,46.31,10.35
PT,2019,2019-08-05,45.6,52.79,50.441,7.19
PT,2019,2019-08-06,46.21,52.03,49.688,5.82
PT,2019,2019-08-07,41.75,52.81,49.65,11.06
PT,2019,2019-08-08,42.0,50.96,47.221,8.96
PT,2019,2019-08-09,36.69,53.2,44.362,16.51
PT,2019,2019-08-10,42.66,51.0,46.126,8.34
PT,2019,2019-08-11,38.0,50.9,41.947,12.9
PT,2019,2019-08-12,36.1,50.1,43.376,14.0
PT,2019,2019-08-13,35.0,49.01,43.565,14.01
PT,2019,2019-08-14,38.69,48.35,45.699,9.66
PT,2019,2019-08-15,36.57,47.75,40.814,11.18
PT,2019,2019-08-16,41.64,48.1,44.5,6.46
PT,2019,2019-08-17,36.74,47.4,41.45,10.66
PT,2019,2019-08-18,34.93,47.51,38.719,12.58
PT,2019,2019-08-19,33.25,48.37,41.226,15.12
PT,2019,2019-08-20,32.67,47.1,39.944,14.43
PT,2019,2019-08-21,32.0,47.5,41.443,15.5
PT,2019,2019-08-22,32.0,47.04,41.018,15.04
PT,2019,2019-08-23,33.5,46.18,41.887,12.68
PT,2019,2019-08-24,39.0,44.8,42.081,5.8
PT,2019,2019-08-25,34.57,45.75,39.225,11.18
PT,2019,2019-08-26,34.7,50.69,43.849,15.99
PT,2019,2019-08-27,48.1,53.69,50.356,5.59
PT,2019,2019-08-28,49.0,53.84,51.165,4.84
PT,2019,2019-08-29,47.29,53.59,50.028,6.3
PT,2019,2019-08-30,46.02,52.49,49.23,6.47
PT,2019,2019-08-31,39.51,47.07,43.504,7.56
PT,2019,2019-09-01,30.5,47.19,38.275,16.69
PT,2019,2019-09-02,25.0,49.78,39.584,24.78
PT,2019,2019-09-03,32.9,51.22,44.508,18.32
PT,2019,2019-09-04,32.58,46.73,42.57,14.15
PT,2019,2019-09-05,28.5,43.65,36.909,15.15
PT,2019,2019-09-06,26.21,41.43,36.39,15.22
PT,2019,2019-09-07,27.09,40.26,33.278,13.17
PT,2019,2019-09-08,27.1,46.77,35.455,19.67
PT,2019,2019-09-09,32.45,50.07,42.451,17.62
PT,2019,2019-09-10,27.56,43.29,34.15,15.73
PT,2019,2019-09-11,26.0,42.0,34.5,16.0
PT,2019,2019-09-12,28.75,44.1,38.662,15.35
PT,2019,2019-09-13,29.61,44.91,39.235,15.3
PT,2019,2019-09-14,30.61,47.99,37.395,17.38
PT,2019,2019-09-15,31.41,50.0,38.595,18.59
PT,2019,2019-09-16,38.75,55.38,48.487,16.63
PT,2019,2019-09-17,49.03,52.03,50.338,3.0
PT,2019,2019-09-18,47.5,54.74,50.259,7.24
PT,2019,2019-09-19,45.48,56.24,50.59,10.76
PT,2019,2019-09-20,45.1,53.47,48.277,8.37
PT,2019,2019-09-21,34.6,49.69,38.869,15.09
PT,2019,2019-09-22,29.86,55.32,38.642,25.46
PT,2019,2019-09-23,35.55,52.48,45.008,16.93
PT,2019,2019-09-24,32.95,52.48,42.998,19.53
PT,2019,2019-09-25,34.95,51.74,45.022,16.79
PT,2019,2019-09-26,45.54,51.51,48.524,5.97
PT,2019,2019-09-27,46.49,50.89,48.574,4.4
PT,2019,2019-09-28,37.83,50.14,45.43,12.31
PT,2019,2019-09-29,35.26,56.86,42.317,21.6
PT,2019,2019-09-30,44.45,56.74,49.438,12.29
PT,2019,2019-10-01,35.75,52.92,46.148,17.17
PT,2019,2019-10-02,33.0,52.1,44.591,19.1
PT,2019,2019-10-03,40.8,55.06,48.321,14.26
PT,2019,2019-10-04,50.15,56.52,52.946,6.37
PT,2019,2019-10-05,42.8,54.12,48.875,11.32
PT,2019,2019-10-06,39.12,52.12,45.126,13.0
PT,2019,2019-10-07,43.01,57.51,51.115,14.5
PT,2019,2019-10-08,45.05,58.69,53.49,13.64
PT,2019,2019-10-09,40.99,55.23,47.538,14.24
PT,2019,2019-10-10,38.75,59.13,47.718,20.38
PT,2019,2019-10-11,43.56,54.69,47.962,11.13
PT,2019,2019-10-12,30.0,46.05,38.318,16.05
PT,2019,2019-10-13,30.0,56.41,38.244,26.41
PT,2019,2019-10-14,31.5,52.19,41.878,20.69
PT,2019,2019-10-15,30.7,55.29,44.058,24.59
PT,2019,2019-10-16,34.11,55.05,43.448,20.94
PT,2019,2019-10-17,35.99,57.44,47.197,21.45
PT,2019,2019-10-18,36.0,52.68,46.693,16.68
PT,2019,2019-10-19,35.1,50.99,42.221,15.89
PT,2019,2019-10-20,32.3,56.14,42.991,23.84
PT,2019,2019-10-21,44.19,60.46,54.097,16.27
PT,2019,2019-10-22,35.85,57.88,48.162,22.03
PT,2019,2019-10-23,31.4,55.84,46.133,24.44
PT,2019,2019-10-24,35.91,58.97,46.656,23.06
PT,2019,2019-10-25,39.61,60.16,48.57,20.55
PT,2019,2019-10-26,38.99,59.82,45.688,20.83
PT,2019,2019-10-27,39.98,56.85,46.361,16.87
PT,2019,2019-10-28,45.57,60.25,53.659,14.68
PT,2019,2019-10-29,47.05,61.23,53.734,14.18
PT,2019,2019-10-30,41.21,60.0,51.794,18.79
PT,2019,2019-10-31,38.1,60.0,49.141,21.9
PT,2019,2019-11-01,27.31,40.18,32.219,12.87
PT,2019,2019-11-02,16.45,39.44,27.986,22.99
PT,2019,2019-11-03,6.2,39.96,18.696,33.76
PT,2019,2019-11-04,5.95,48.83,28.872,42.88
PT,2019,2019-11-05,8.45,48.01,30.268,39.56
PT,2019,2019-11-06,33.79,46.51,40.731,12.72
PT,2019,2019-11-07,32.11,45.88,39.209,13.77
PT,2019,2019-11-08,28.8,49.39,37.832,20.59
PT,2019,2019-11-09,34.31,45.53,40.569,11.22
PT,2019,2019-11-10,29.0,52.51,37.58,23.51
PT,2019,2019-11-11,34.75,52.85,44.992,18.1
PT,2019,2019-11-12,38.65,55.03,47.593,16.38
PT,2019,2019-11-13,36.32,56.59,47.443,20.27
PT,2019,2019-11-14,35.37,57.56,45.528,22.19
PT,2019,2019-11-15,37.57,60.11,48.393,22.54
PT,2019,2019-11-16,38.56,54.54,45.624,15.98
PT,2019,2019-11-17,36.3,55.15,43.26,18.85
PT,2019,2019-11-18,35.68,63.05,50.356,27.37
PT,2019,2019-11-19,43.73,65.64,57.715,21.91
PT,2019,2019-11-20,45.27,64.92,57.469,19.65
PT,2019,2019-11-21,41.0,65.35,55.535,24.35
PT,2019,2019-11-22,35.47,54.0,45.655,18.53
PT,2019,2019-11-23,25.16,52.9,37.076,27.74
PT,2019,2019-11-24,30.0,51.8,40.831,21.8
PT,2019,2019-11-25,35.38,55.8,46.991,20.42
PT,2019,2019-11-26,35.91,50.56,44.066,14.65
PT,2019,2019-11-27,30.23,50.18,41.805,19.95
PT,2019,2019-11-28,12.56,55.37,40.564,42.81
PT,2019,2019-11-29,33.14,56.53,47.65,23.39
PT,2019,2019-11-30,35.39,50.01,41.175,14.62
PT,2019,2019-12-01,35.86,52.4,43.46,16.54
PT,2019,2019-12-02,34.46,51.47,44.647,17.01
PT,2019,2019-12-03,37.85,62.81,50.664,24.96
PT,2019,2019-12-04,45.89,59.0,53.428,13.11
PT,2019,2019-12-05,38.72,57.0,47.605,18.28
PT,2019,2019-12-06,40.62,54.6,47.686,13.98
PT,2019,2019-12-07,43.5,51.76,47.141,8.26
PT,2019,2019-12-08,35.7,48.6,40.642,12.9
PT,2019,2019-12-09,28.61,52.17,41.648,23.56
PT,2019,2019-12-10,35.41,55.84,46.478,20.43
PT,2019,2019-12-11,34.82,50.61,42.912,15.79
PT,2019,2019-12-12,21.01,44.59,37.912,23.58
PT,2019,2019-12-13,6.25,38.01,27.411,31.76
PT,2019,2019-12-14,19.64,36.99,28.006,17.35
PT,2019,2019-12-15,5.41,44.59,26.618,39.18
PT,2019,2019-12-16,29.19,44.59,39.41,15.4
PT,2019,2019-12-17,29.19,56.27,42.79,27.08
PT,2019,2019-12-18,15.0,45.35,36.867,30.35
PT,2019,2019-12-19,2.27,35.67,21.386,33.4
PT,2019,2019-12-20,1.76,32.51,17.336,30.75
PT,2019,2019-12-21,0.01,5.26,1.997,5.25
PT,2019,2019-12-22,0.01,6.6,1.865,6.59
PT,2019,2019-12-23,1.0,40.93,23.486,39.93
PT,2019,2019-12-24,0.03,36.51,21.178,36.48
PT,2019,2019-12-25,4.0,31.0,14.225,27.0
PT,2019,2019-12-26,3.92,42.64,26.058,38.72
PT,2019,2019-12-27,16.6,44.88,32.834,28.28
PT,2019,2019-12-28,20.72,43.75,31.108,23.03
PT,2019,2019-12-29,20.97,43.5,31.899,22.53
PT,2019,2019-12-30,21.47,47.82,36.912,26.35
PT,2019,2019-12-31,28.59,47.73,38.456,19.14
PT,2020,2020-01-01,30.0,46.16,35.27,16.16
PT,2020,2020-01-02,28.42,46.72,39.855,18.3
PT,2020,2020-01-03,29.74,47.23,39.755,17.49
PT,2020,2020-01-04,29.84,44.44,35.5,14.6
PT,2020,2020-01-05,29.88,53.29,38.79,23.41
PT,2020,2020-01-06,31.5,49.01,41.925,17.51
PT,2020,2020-01-07,33.01,54.87,46.526,21.86
PT,2020,2020-01-08,33.07,55.92,46.913,22.85
PT,2020,2020-01-09,33.88,53.31,43.709,19.43
PT,2020,2020-01-10,27.65,50.85,40.901,23.2
PT,2020,2020-01-11,34.13,56.26,41.892,22.13
PT,2020,2020-01-12,37.03,55.98,42.629,18.95
PT,2020,2020-01-13,31.86,52.93,45.703,21.07
PT,2020,2020-01-14,29.53,46.75,38.628,17.22
PT,2020,2020-01-15,16.67,52.8,38.56,36.13
PT,2020,2020-01-16,29.72,44.1,37.775,14.38
PT,2020,2020-01-17,25.71,51.75,39.985,26.04
PT,2020,2020-01-18,32.05,43.04,37.809,10.99
PT,2020,2020-01-19,25.8,37.43,29.564,11.63
PT,2020,2020-01-20,14.0,44.48,35.113,30.48
PT,2020,2020-01-21,28.28,46.47,38.986,18.19
PT,2020,2020-01-22,33.7,55.53,46.493,21.83
PT,2020,2020-01-23,44.94,57.08,52.863,12.14
PT,2020,2020-01-24,42.04,60.11,52.987,18.07
PT,2020,2020-01-25,41.96,53.7,48.012,11.74
PT,2020,2020-01-26,33.43,46.03,39.479,12.6
PT,2020,2020-01-27,27.79,47.12,39.027,19.33
PT,2020,2020-01-28,24.99,51.0,39.076,26.01
PT,2020,2020-01-29,29.99,46.47,39.337,16.48
PT,2020,2020-01-30,25.9,45.29,38.078,19.39
PT,2020,2020-01-31,26.03,43.2,36.859,17.17
PT,2020,2020-02-01,18.69,40.1,29.412,21.41
PT,2020,2020-02-02,20.45,45.19,29.947,24.74
PT,2020,2020-02-03,26.49,50.77,40.735,24.28
PT,2020,2020-02-04,27.1,43.5,37.242,16.4
PT,2020,2020-02-05,23.63,45.66,37.082,22.03
PT,2020,2020-02-06,26.0,47.21,38.884,21.21
PT,2020,2020-02-07,30.55,48.11,39.865,17.56
PT,2020,2020-02-08,32.75,43.28,38.743,10.53
PT,2020,2020-02-09,25.23,37.05,30.075,11.82
PT,2020,2020-02-10,16.01,48.05,32.459,32.04
PT,2020,2020-02-11,37.0,49.15,42.137,12.15
PT,2020,2020-02-12,33.97,48.05,43.855,14.08
PT,2020,2020-02-13,30.65,46.46,38.481,15.81
PT,2020,2020-02-14,37.23,47.43,41.797,10.2
PT,2020,2020-02-15,28.0,39.55,34.873,11.55
PT,2020,2020-02-16,17.51,37.69,26.025,20.18
PT,2020,2020-02-17,27.0,43.4,36.036,16.4
PT,2020,2020-02-18,31.69,43.5,38.538,11.81
PT,2020,2020-02-19,37.58,50.33,42.815,12.75
PT,2020,2020-02-20,33.18,47.66,42.119,14.48
PT,2020,2020-02-21,29.95,50.24,39.655,20.29
PT,2020,2020-02-22,36.85,46.5,39.556,9.65
PT,2020,2020-02-23,30.15,48.38,36.683,18.23
PT,2020,2020-02-24,33.13,47.2,41.242,14.07
PT,2020,2020-02-25,25.97,41.82,32.552,15.85
PT,2020,2020-02-26,24.48,42.17,32.162,17.69
PT,2020,2020-02-27,24.5,41.23,31.789,16.73
PT,2020,2020-02-28,20.01,43.88,33.499,23.87
PT,2020,2020-02-29,9.04,24.03,16.469,14.99
PT,2020,2020-03-01,5.64,28.0,14.345,22.36
PT,2020,2020-03-02,9.25,37.75,22.117,28.5
PT,2020,2020-03-03,18.96,40.2,26.34,21.24
PT,2020,2020-03-04,23.57,43.58,32.506,20.01
PT,2020,2020-03-05,21.41,30.24,24.895,8.83
PT,2020,2020-03-06,12.61,35.46,22.157,22.85
PT,2020,2020-03-07,24.0,37.61,27.832,13.61
PT,2020,2020-03-08,24.32,34.86,27.231,10.54
PT,2020,2020-03-09,24.47,40.5,32.639,16.03
PT,2020,2020-03-10,27.21,44.5,35.153,17.29
PT,2020,2020-03-11,36.19,48.28,38.689,12.09
PT,2020,2020-03-12,26.3,41.58,38.26,15.28
PT,2020,2020-03-13,25.0,42.5,35.072,17.5
PT,2020,2020-03-14,30.07,40.67,35.606,10.6
PT,2020,2020-03-15,14.0,35.01,26.263,21.01
PT,2020,2020-03-16,19.92,37.03,27.074,17.11
PT,2020,2020-03-17,21.8,39.43,28.705,17.63
PT,2020,2020-03-18,23.69,40.38,30.624,16.69
PT,2020,2020-03-19,28.12,36.42,30.38,8.3
PT,2020,2020-03-20,24.09,35.03,27.972,10.94
PT,2020,2020-03-21,22.54,34.83,27.762,12.29
PT,2020,2020-03-22,23.5,32.57,27.614,9.07
PT,2020,2020-03-23,23.4,33.99,28.763,10.59
PT,2020,2020-03-24,20.74,34.06,27.806,13.32
PT,2020,2020-03-25,28.01,34.48,31.39,6.47
PT,2020,2020-03-26,19.4,32.46,22.78,13.06
PT,2020,2020-03-27,18.25,30.75,25.337,12.5
PT,2020,2020-03-28,24.0,31.48,27.87,7.48
PT,2020,2020-03-29,15.8,26.1,20.238,10.3
PT,2020,2020-03-30,13.0,28.98,18.962,15.98
PT,2020,2020-03-31,10.7,30.01,21.041,19.31
PT,2020,2020-04-01,19.25,31.01,26.408,11.76
PT,2020,2020-04-02,17.07,28.1,23.854,11.03
PT,2020,2020-04-03,18.15,30.11,24.032,11.96
PT,2020,2020-04-04,5.5,21.1,14.82,15.6
PT,2020,2020-04-05,1.95,22.65,9.269,20.7
PT,2020,2020-04-06,15.0,30.19,25.126,15.19
PT,2020,2020-04-07,16.25,28.51,22.638,12.26
PT,2020,2020-04-08,20.0,30.0,23.449,10.0
PT,2020,2020-04-09,15.59,27.99,22.03,12.4
PT,2020,2020-04-10,14.99,27.69,20.11,12.7
PT,2020,2020-04-11,17.99,29.0,21.84,11.01
PT,2020,2020-04-12,13.5,28.03,17.568,14.53
PT,2020,2020-04-13,16.01,29.51,22.88,13.5
PT,2020,2020-04-14,16.0,26.9,21.315,10.9
PT,2020,2020-04-15,12.07,25.5,18.258,13.43
PT,2020,2020-04-16,7.96,19.5,12.838,11.54
PT,2020,2020-04-17,9.55,24.67,15.226,15.12
PT,2020,2020-04-18,15.0,26.01,21.127,11.01
PT,2020,2020-04-19,5.05,15.01,12.448,9.96
PT,2020,2020-04-20,3.97,18.33,11.457,14.36
PT,2020,2020-04-21,4.12,11.43,8.805,7.31
PT,2020,2020-04-22,3.5,22.19,11.233,18.69
PT,2020,2020-04-23,12.69,23.94,18.036,11.25
PT,2020,2020-04-24,10.0,23.08,18.227,13.08
PT,2020,2020-04-25,14.01,22.7,17.665,8.69
PT,2020,2020-04-26,11.92,25.15,15.6,13.23
PT,2020,2020-04-27,13.64,24.1,20.018,10.46
PT,2020,2020-04-28,11.5,24.56,17.979,13.06
PT,2020,2020-04-29,5.69,15.0,10.295,9.31
PT,2020,2020-04-30,5.3,12.04,7.224,6.74
PT,2020,2020-05-01,1.02,15.39,5.102,14.37
PT,2020,2020-05-02,6.61,24.38,11.866,17.77
PT,2020,2020-05-03,7.65,21.68,14.229,14.03
PT,2020,2020-05-04,10.5,22.51,15.756,12.01
PT,2020,2020-05-05,14.27,25.34,18.66,11.07
PT,2020,2020-05-06,20.01,26.55,22.442,6.54
PT,2020,2020-05-07,17.04,25.77,21.015,8.73
PT,2020,2020-05-08,15.74,26.12,19.992,10.38
PT,2020,2020-05-09,12.5,22.93,18.562,10.43
PT,2020,2020-05-10,6.23,15.5,12.637,9.27
PT,2020,2020-05-11,10.7,22.75,16.137,12.05
PT,2020,2020-05-12,22.26,27.94,24.38,5.68
PT,2020,2020-05-13,22.67,28.01,25.261,5.34
PT,2020,2020-05-14,17.53,29.11,24.046,11.58
PT,2020,2020-05-15,15.3,23.14,20.154,7.84
PT,2020,2020-05-16,12.05,23.56,16.181,11.51
PT,2020,2020-05-17,10.0,27.68,16.592,17.68
PT,2020,2020-05-18,23.13,29.0,26.028,5.87
PT,2020,2020-05-19,23.73,28.0,26.132,4.27
PT,2020,2020-05-20,24.0,28.18,26.887,4.18
PT,2020,2020-05-21,26.46,31.19,28.379,4.73
PT,2020,2020-05-22,26.01,31.15,29.185,5.14
PT,2020,2020-05-23,9.6,20.45,17.646,10.85
PT,2020,2020-05-24,7.77,28.02,13.723,20.25
PT,2020,2020-05-25,17.72,27.51,23.422,9.79
PT,2020,2020-05-26,17.0,27.4,22.432,10.4
PT,2020,2020-05-27,19.4,29.01,25.61,9.61
PT,2020,2020-05-28,28.52,35.0,29.785,6.48
PT,2020,2020-05-29,28.41,35.0,32.993,6.59
PT,2020,2020-05-30,20.9,33.44,29.385,12.54
PT,2020,2020-05-31,23.5,36.19,30.099,12.69
PT,2020,2020-06-01,32.9,36.67,34.191,3.77
PT,2020,2020-06-02,32.67,37.01,34.861,4.34
PT,2020,2020-06-03,21.8,36.15,31.651,14.35
PT,2020,2020-06-04,18.01,33.04,24.638,15.03
PT,2020,2020-06-05,21.7,35.66,28.258,13.96
PT,2020,2020-06-06,19.9,33.69,27.541,13.79
PT,2020,2020-06-07,13.0,32.09,20.29,19.09
PT,2020,2020-06-08,20.02,32.09,27.232,12.07
PT,2020,2020-06-09,22.74,32.93,29.177,10.19
PT,2020,2020-06-10,24.02,34.89,30.818,10.87
PT,2020,2020-06-11,17.96,30.0,22.864,12.04
PT,2020,2020-06-12,16.0,26.01,20.365,10.01
PT,2020,2020-06-13,15.84,33.79,22.269,17.95
PT,2020,2020-06-14,14.8,33.0,26.383,18.2
PT,2020,2020-06-15,23.07,36.39,31.91,13.32
PT,2020,2020-06-16,23.4,36.21,31.155,12.81
PT,2020,2020-06-17,29.73,37.46,34.56,7.73
PT,2020,2020-06-18,30.72,36.99,35.196,6.27
PT,2020,2020-06-19,27.99,37.8,33.513,9.81
PT,2020,2020-06-20,24.8,36.57,31.488,11.77
PT,2020,2020-06-21,21.4,32.93,25.505,11.53
PT,2020,2020-06-22,21.5,37.63,31.274,16.13
PT,2020,2020-06-23,29.0,39.5,34.718,10.5
PT,2020,2020-06-24,32.72,41.02,37.634,8.3
PT,2020,2020-06-25,34.76,42.09,39.385,7.33
PT,2020,2020-06-26,32.18,40.13,37.647,7.95
PT,2020,2020-06-27,26.13,39.84,30.216,13.71
PT,2020,2020-06-28,26.1,39.76,29.941,13.66
PT,2020,2020-06-29,30.91,39.84,37.084,8.93
PT,2020,2020-06-30,31.98,40.44,37.93,8.46
PT,2020,2020-07-01,27.5,40.25,36.855,12.75
PT,2020,2020-07-02,27.5,41.37,34.701,13.87
PT,2020,2020-07-03,27.62,38.95,34.529,11.33
PT,2020,2020-07-04,25.7,38.41,28.392,12.71
PT,2020,2020-07-05,21.9,38.0,25.551,16.1
PT,2020,2020-07-06,18.5,37.23,28.955,18.73
PT,2020,2020-07-07,27.15,40.84,35.498,13.69
PT,2020,2020-07-08,29.55,40.6,38.053,11.05
PT,2020,2020-07-09,30.0,43.82,40.158,13.82
PT,2020,2020-07-10,29.52,42.94,37.28,13.42
PT,2020,2020-07-11,25.74,37.73,28.995,11.99
PT,2020,2020-07-12,24.1,41.2,28.814,17.1
PT,2020,2020-07-13,25.1,39.27,34.045,14.17
PT,2020,2020-07-14,26.77,38.3,33.585,11.53
PT,2020,2020-07-15,26.0,37.11,31.28,11.11
PT,2020,2020-07-16,27.04,39.93,34.751,12.89
PT,2020,2020-07-17,26.5,37.0,32.165,10.5
PT,2020,2020-07-18,25.75,39.45,31.261,13.7
PT,2020,2020-07-19,25.6,40.42,29.795,14.82
PT,2020,2020-07-20,26.0,41.0,35.535,15.0
PT,2020,2020-07-21,26.51,42.93,36.985,16.42
PT,2020,2020-07-22,38.43,43.9,40.925,5.47
PT,2020,2020-07-23,30.07,44.0,41.325,13.93
PT,2020,2020-07-24,28.3,41.59,36.07,13.29
PT,2020,2020-07-25,28.3,38.56,33.326,10.26
PT,2020,2020-07-26,27.1,40.99,30.36,13.89
PT,2020,2020-07-27,30.32,40.6,37.72,10.28
PT,2020,2020-07-28,29.01,40.7,35.775,11.69
PT,2020,2020-07-29,28.41,43.78,38.401,15.37
PT,2020,2020-07-30,34.0,44.92,40.279,10.92
PT,2020,2020-07-31,32.4,45.97,41.831,13.57
PT,2020,2020-08-01,27.82,38.78,33.01,10.96
PT,2020,2020-08-02,23.86,38.43,28.708,14.57
PT,2020,2020-08-03,27.44,41.53,36.654,14.09
PT,2020,2020-08-04,28.5,41.2,35.609,12.7
PT,2020,2020-08-05,30.3,43.4,36.807,13.1
PT,2020,2020-08-06,29.77,45.09,37.196,15.32
PT,2020,2020-08-07,29.97,44.97,38.775,15.0
PT,2020,2020-08-08,29.77,41.2,36.924,11.43
PT,2020,2020-08-09,28.7,42.11,34.001,13.41
PT,2020,2020-08-10,29.1,43.4,38.532,14.3
PT,2020,2020-08-11,30.49,44.21,38.968,13.72
PT,2020,2020-08-12,30.8,45.07,39.478,14.27
PT,2020,2020-08-13,32.24,44.29,39.872,12.05
PT,2020,2020-08-14,30.07,41.91,37.119,11.84
PT,2020,2020-08-15,26.07,39.93,31.0,13.86
PT,2020,2020-08-16,24.55,40.21,30.037,15.66
PT,2020,2020-08-17,27.75,42.71,36.434,14.96
PT,2020,2020-08-18,29.92,44.58,38.63,14.66
PT,2020,2020-08-19,26.5,41.69,34.386,15.19
PT,2020,2020-08-20,26.5,43.82,34.632,17.32
PT,2020,2020-08-21,26.75,41.83,33.454,15.08
PT,2020,2020-08-22,26.3,39.79,32.746,13.49
PT,2020,2020-08-23,23.77,38.87,29.001,15.1
PT,2020,2020-08-24,25.5,42.6,38.602,17.1
PT,2020,2020-08-25,31.07,45.34,38.94,14.27
PT,2020,2020-08-26,30.13,46.91,39.995,16.78
PT,2020,2020-08-27,37.3,49.88,44.808,12.58
PT,2020,2020-08-28,32.01,46.01,38.7,14.0
PT,2020,2020-08-29,20.2,43.82,31.067,23.62
PT,2020,2020-08-30,29.23,43.13,33.374,13.9
PT,2020,2020-08-31,28.43,51.77,42.53,23.34
PT,2020,2020-09-01,35.0,51.34,45.808,16.34
PT,2020,2020-09-02,34.72,52.18,44.444,17.46
PT,2020,2020-09-03,35.43,54.51,45.848,19.08
PT,2020,2020-09-04,32.68,51.64,43.747,18.96
PT,2020,2020-09-05,30.04,43.08,34.663,13.04
PT,2020,2020-09-06,25.94,46.75,32.036,20.81
PT,2020,2020-09-07,30.53,50.64,39.488,20.11
PT,2020,2020-09-08,30.55,52.26,41.967,21.71
PT,2020,2020-09-09,34.77,51.45,46.185,16.68
PT,2020,2020-09-10,34.4,50.52,45.299,16.12
PT,2020,2020-09-11,36.79,52.05,46.98,15.26
PT,2020,2020-09-12,34.0,49.98,39.648,15.98
PT,2020,2020-09-13,30.13,50.52,35.135,20.39
PT,2020,2020-09-14,32.32,53.01,44.053,20.69
PT,2020,2020-09-15,37.77,56.83,49.344,19.06
PT,2020,2020-09-16,37.88,54.72,50.145,16.84
PT,2020,2020-09-17,34.52,54.04,46.81,19.52
PT,2020,2020-09-18,34.19,52.19,43.584,18.0
PT,2020,2020-09-19,34.03,51.05,39.304,17.02
PT,2020,2020-09-20,32.95,51.91,39.501,18.96
PT,2020,2020-09-21,36.5,57.86,49.66,21.36
PT,2020,2020-09-22,40.21,55.75,49.979,15.54
PT,2020,2020-09-23,36.47,52.99,44.774,16.52
PT,2020,2020-09-24,23.39,52.89,38.662,29.5
PT,2020,2020-09-25,19.05,47.0,27.395,27.95
PT,2020,2020-09-26,19.6,41.25,28.272,21.65
PT,2020,2020-09-27,12.0,46.48,25.672,34.48
PT,2020,2020-09-28,28.6,55.08,42.034,26.48
PT,2020,2020-09-29,34.79,59.07,49.13,24.28
PT,2020,2020-09-30,34.07,56.97,48.005,22.9
PT,2020,2020-10-01,20.34,52.05,39.9,31.71
PT,2020,2020-10-02,16.0,40.0,24.435,24.0
PT,2020,2020-10-03,11.3,39.72,19.576,28.42
PT,2020,2020-10-04,2.5,36.0,14.21,33.5
PT,2020,2020-10-05,14.2,48.03,35.649,33.83
PT,2020,2020-10-06,31.94,52.99,40.993,21.05
PT,2020,2020-10-07,34.21,53.0,43.151,18.79
PT,2020,2020-10-08,35.02,52.39,43.908,17.37
PT,2020,2020-10-09,32.28,50.8,42.783,18.52
PT,2020,2020-10-10,26.25,43.06,32.114,16.81
PT,2020,2020-10-11,20.0,44.91,27.848,24.91
PT,2020,2020-10-12,28.72,53.49,38.861,24.77
PT,2020,2020-10-13,31.58,50.9,40.304,19.32
PT,2020,2020-10-14,27.5,48.56,36.699,21.06
PT,2020,2020-10-15,29.78,50.0,39.301,20.22
PT,2020,2020-10-16,33.02,54.08,43.863,21.06
PT,2020,2020-10-17,36.1,50.46,42.194,14.36
PT,2020,2020-10-18,31.5,49.6,39.495,18.1
PT,2020,2020-10-19,21.64,48.2,35.234,26.56
PT,2020,2020-10-20,24.8,45.67,35.74,20.87
PT,2020,2020-10-21,22.2,49.32,37.338,27.12
PT,2020,2020-10-22,32.68,53.05,44.847,20.37
PT,2020,2020-10-23,34.35,54.05,45.065,19.7
PT,2020,2020-10-24,5.51,41.33,29.626,35.82
PT,2020,2020-10-25,1.95,39.05,15.761,37.1
PT,2020,2020-10-26,18.8,49.5,34.973,30.7
PT,2020,2020-10-27,28.04,47.69,40.014,19.65
PT,2020,2020-10-28,32.6,52.61,43.605,20.01
PT,2020,2020-10-29,39.0,50.1,44.929,11.1
PT,2020,2020-10-30,35.04,49.0,41.193,13.96
PT,2020,2020-10-31,29.88,44.83,35.626,14.95
PT,2020,2020-11-01,28.5,45.82,33.572,17.32
PT,2020,2020-11-02,26.8,50.74,40.793,23.94
PT,2020,2020-11-03,30.7,47.05,38.802,16.35
PT,2020,2020-11-04,26.8,46.03,38.632,19.23
PT,2020,2020-11-05,24.74,43.15,34.287,18.41
PT,2020,2020-11-06,28.4,39.9,34.898,11.5
PT,2020,2020-11-07,29.0,44.35,33.689,15.35
PT,2020,2020-11-08,26.84,46.0,34.599,19.16
PT,2020,2020-11-09,32.97,60.55,46.254,27.58
PT,2020,2020-11-10,44.55,62.38,50.446,17.83
PT,2020,2020-11-11,34.8,51.82,43.179,17.02
PT,2020,2020-11-12,40.09,52.72,45.245,12.63
PT,2020,2020-11-13,37.02,50.05,44.363,13.03
PT,2020,2020-11-14,30.25,44.56,37.831,14.31
PT,2020,2020-11-15,8.0,43.02,25.009,35.02
PT,2020,2020-11-16,31.3,51.9,42.643,20.6
PT,2020,2020-11-17,35.89,50.0,44.369,14.11
PT,2020,2020-11-18,30.25,52.55,42.604,22.3
PT,2020,2020-11-19,32.02,48.11,38.911,16.09
PT,2020,2020-11-20,31.64,49.37,41.131,17.73
PT,2020,2020-11-21,30.4,50.98,40.528,20.58
PT,2020,2020-11-22,33.3,51.8,42.162,18.5
PT,2020,2020-11-23,40.07,60.49,49.608,20.42
PT,2020,2020-11-24,36.28,54.4,46.309,18.12
PT,2020,2020-11-25,33.5,59.02,47.54,25.52
PT,2020,2020-11-26,36.57,55.96,48.305,19.39
PT,2020,2020-11-27,40.37,61.25,52.682,20.88
PT,2020,2020-11-28,41.97,56.14,47.785,14.17
PT,2020,2020-11-29,35.97,58.97,45.631,23.0
PT,2020,2020-11-30,38.82,59.51,51.605,20.69
PT,2020,2020-12-01,36.49,57.75,50.412,21.26
PT,2020,2020-12-02,37.0,60.8,49.446,23.8
PT,2020,2020-12-03,30.0,61.77,48.587,31.77
PT,2020,2020-12-04,24.04,56.74,44.127,32.7
PT,2020,2020-12-05,38.28,51.05,44.91,12.77
PT,2020,2020-12-06,30.03,53.01,39.783,22.98
PT,2020,2020-12-07,26.99,47.36,37.63,20.37
PT,2020,2020-12-08,1.95,51.44,28.219,49.49
PT,2020,2020-12-09,34.15,54.68,47.079,20.53
PT,2020,2020-12-10,29.5,52.53,43.348,23.03
PT,2020,2020-12-11,19.5,45.5,37.17,26.0
PT,2020,2020-12-12,16.09,53.5,36.78,37.41
PT,2020,2020-12-13,32.6,53.0,42.818,20.4
PT,2020,2020-12-14,29.5,56.02,46.759,26.52
PT,2020,2020-12-15,34.0,60.19,48.778,26.19
PT,2020,2020-12-16,31.28,62.02,49.896,30.74
PT,2020,2020-12-17,44.62,68.9,56.716,24.28
PT,2020,2020-12-18,36.5,58.91,48.735,22.41
PT,2020,2020-12-19,31.0,54.3,44.679,23.3
PT,2020,2020-12-20,34.85,52.81,43.438,17.96
PT,2020,2020-12-21,32.93,53.68,47.077,20.75
PT,2020,2020-12-22,35.0,54.15,46.39,19.15
PT,2020,2020-12-23,31.91,53.35,46.478,21.44
PT,2020,2020-12-24,29.9,48.28,39.421,18.38
PT,2020,2020-12-25,1.95,36.0,16.29,34.05
PT,2020,2020-12-26,17.22,48.7,32.976,31.48
PT,2020,2020-12-27,14.0,37.13,27.285,23.13
PT,2020,2020-12-28,1.95,44.1,20.808,42.15
PT,2020,2020-12-29,18.96,54.26,39.138,35.3
PT,2020,2020-12-30,33.5,59.96,49.006,26.46
PT,2020,2020-12-31,31.67,61.08,49.025,29.41
PT,2021,2021-01-01,35.5,57.4,42.336,21.9
PT,2021,2021-01-02,37.55,60.43,48.696,22.88
PT,2021,2021-01-03,37.45,61.09,47.331,23.64
PT,2021,2021-01-04,41.62,72.6,60.452,30.98
PT,2021,2021-01-05,50.56,80.0,67.726,29.44
PT,2021,2021-01-06,53.51,90.0,70.932,36.49
PT,2021,2021-01-07,58.0,108.97,89.717,50.97
PT,2021,2021-01-08,60.0,114.89,93.929,54.89
PT,2021,2021-01-09,51.39,121.24,83.454,69.85
PT,2021,2021-01-10,48.45,110.29,70.435,61.84
PT,2021,2021-01-11,46.36,121.14,83.161,74.78
PT,2021,2021-01-12,55.18,114.02,86.466,58.84
PT,2021,2021-01-13,61.35,112.84,91.308,51.49
PT,2021,2021-01-14,60.0,107.72,86.163,47.72
PT,2021,2021-01-15,60.33,98.02,79.558,37.69
PT,2021,2021-01-16,54.65,93.79,68.177,39.14
PT,2021,2021-01-17,54.99,112.05,67.764,57.06
PT,2021,2021-01-18,70.0,115.98,82.192,45.98
PT,2021,2021-01-19,50.15,93.72,75.053,43.57
PT,2021,2021-01-20,29.67,67.9,50.852,38.23
PT,2021,2021-01-21,14.2,58.75,43.785,44.55
PT,2021,2021-01-22,23.03,57.24,41.835,34.21
PT,2021,2021-01-23,10.25,49.98,27.02,39.73
PT,2021,2021-01-24,1.95,59.26,29.784,57.31
PT,2021,2021-01-25,32.14,74.95,59.007,42.81
PT,2021,2021-01-26,48.6,82.04,65.626,33.44
PT,2021,2021-01-27,42.04,70.67,59.963,28.63
PT,2021,2021-01-28,42.4,66.1,55.217,23.7
PT,2021,2021-01-29,12.97,60.79,46.366,47.82
PT,2021,2021-01-30,1.95,14.0,3.727,12.05
PT,2021,2021-01-31,0.16,1.96,1.419,1.8
PT,2021,2021-02-01,0.16,39.3,12.244,39.14
PT,2021,2021-02-02,3.19,47.0,26.769,43.81
PT,2021,2021-02-03,6.4,53.25,36.96,46.85
PT,2021,2021-02-04,33.5,67.51,52.54,34.01
PT,2021,2021-02-05,40.52,61.61,50.928,21.09
PT,2021,2021-02-06,18.05,42.98,34.932,24.93
PT,2021,2021-02-07,0.16,27.0,11.91,26.84
PT,2021,2021-02-08,1.29,25.26,8.297,23.97
PT,2021,2021-02-09,0.0,15.11,6.55,15.11
PT,2021,2021-02-10,0.0,73.26,23.65,73.26
PT,2021,2021-02-11,3.84,69.51,46.917,65.67
PT,2021,2021-02-12,10.25,61.01,36.469,50.76
PT,2021,2021-02-13,10.0,69.0,37.068,59.0
PT,2021,2021-02-14,1.95,29.25,12.127,27.3
PT,2021,2021-02-15,0.16,45.59,13.514,45.43
PT,2021,2021-02-16,1.0,68.25,25.57,67.25
PT,2021,2021-02-17,21.75,61.27,41.086,39.52
PT,2021,2021-02-18,3.74,61.16,36.341,57.42
PT,2021,2021-02-19,1.36,41.2,21.256,39.84
PT,2021,2021-02-20,0.16,10.0,2.108,9.84
PT,2021,2021-02-21,1.95,30.0,6.779,28.05
PT,2021,2021-02-22,19.32,65.68,39.879,46.36
PT,2021,2021-02-23,20.69,58.03,42.576,37.34
PT,2021,2021-02-24,1.95,51.83,24.432,49.88
PT,2021,2021-02-25,33.3,65.73,46.441,32.43
PT,2021,2021-02-26,33.9,57.91,45.845,24.01
PT,2021,2021-02-27,14.49,45.41,28.181,30.92
PT,2021,2021-02-28,12.85,40.73,19.404,27.88
PT,2021,2021-03-01,26.6,64.39,42.615,37.79
PT,2021,2021-03-02,42.1,78.62,52.945,36.52
PT,2021,2021-03-03,43.81,70.0,53.301,26.19
PT,2021,2021-03-04,43.39,66.14,55.106,22.75
PT,2021,2021-03-05,42.03,65.49,52.325,23.46
PT,2021,2021-03-06,39.75,58.87,44.959,19.12
PT,2021,2021-03-07,40.0,60.91,47.069,20.91
PT,2021,2021-03-08,42.51,66.18,54.669,23.67
PT,2021,2021-03-09,43.09,75.01,56.98,31.92
PT,2021,2021-03-10,40.17,69.9,55.226,29.73
PT,2021,2021-03-11,27.43,56.59,41.109,29.16
PT,2021,2021-03-12,24.87,57.74,40.6,32.87
PT,2021,2021-03-13,4.04,45.99,27.042,41.95
PT,2021,2021-03-14,5.0,56.56,25.473,51.56
PT,2021,2021-03-15,33.41,59.93,47.438,26.52
PT,2021,2021-03-16,21.6,50.76,33.615,29.16
PT,2021,2021-03-17,8.43,28.57,17.112,20.14
PT,2021,2021-03-18,21.89,52.01,33.13,30.12
PT,2021,2021-03-19,21.1,46.85,29.409,25.75
PT,2021,2021-03-20,12.44,46.01,22.616,33.57
PT,2021,2021-03-21,19.6,59.18,30.909,39.58
PT,2021,2021-03-22,47.01,75.0,56.254,27.99
PT,2021,2021-03-23,55.0,80.0,64.427,25.0
PT,2021,2021-03-24,58.07,84.0,64.714,25.93
PT,2021,2021-03-25,57.49,80.62,65.701,23.13
PT,2021,2021-03-26,43.0,69.01,59.504,26.01
PT,2021,2021-03-27,26.5,66.1,41.29,39.6
PT,2021,2021-03-28,19.0,55.75,38.122,36.75
PT,2021,2021-03-29,19.69,68.15,46.147,48.46
PT,2021,2021-03-30,39.78,67.93,53.52,28.15
PT,2021,2021-03-31,42.2,69.53,54.65,27.33
PT,2021,2021-04-01,40.53,66.6,52.729,26.07
PT,2021,2021-04-02,35.0,60.67,49.623,25.67
PT,2021,2021-04-03,15.65,53.2,35.827,37.55
PT,2021,2021-04-04,0.9,47.45,28.296,46.55
PT,2021,2021-04-05,31.9,60.68,45.669,28.78
PT,2021,2021-04-06,43.93,69.01,57.004,25.08
PT,2021,2021-04-07,58.0,86.99,66.362,28.99
PT,2021,2021-04-08,57.0,80.56,69.796,23.56
PT,2021,2021-04-09,58.12,82.97,70.139,24.85
PT,2021,2021-04-10,55.07,73.82,64.707,18.75
PT,2021,2021-04-11,34.84,67.2,51.665,32.36
PT,2021,2021-04-12,49.6,78.74,64.485,29.14
PT,2021,2021-04-13,62.36,88.32,74.875,25.96
PT,2021,2021-04-14,61.97,81.88,72.128,19.91
PT,2021,2021-04-15,59.18,78.0,68.598,18.82
PT,2021,2021-04-16,53.66,80.0,68.693,26.34
PT,2021,2021-04-17,50.84,78.47,64.22,27.63
PT,2021,2021-04-18,51.34,82.51,65.515,31.17
PT,2021,2021-04-19,65.16,87.5,78.482,22.34
PT,2021,2021-04-20,66.01,90.71,78.45,24.7
PT,2021,2021-04-21,67.3,90.44,78.77,23.14
PT,2021,2021-04-22,65.16,85.93,75.267,20.77
PT,2021,2021-04-23,51.24,83.73,67.312,32.49
PT,2021,2021-04-24,32.07,77.0,57.321,44.93
PT,2021,2021-04-25,50.0,88.09,61.902,38.09
PT,2021,2021-04-26,66.36,86.01,76.394,19.65
PT,2021,2021-04-27,66.36,85.32,77.463,18.96
PT,2021,2021-04-28,59.18,85.57,74.268,26.39
PT,2021,2021-04-29,65.0,86.7,75.499,21.7
PT,2021,2021-04-30,64.6,90.0,77.891,25.4
PT,2021,2021-05-01,45.53,81.52,58.697,35.99
PT,2021,2021-05-02,52.0,82.62,61.195,30.62
PT,2021,2021-05-03,52.64,87.0,75.74,34.36
PT,2021,2021-05-04,69.55,89.05,80.37,19.5
PT,2021,2021-05-05,65.55,85.5,75.765,19.95
PT,2021,2021-05-06,63.05,85.0,72.968,21.95
PT,2021,2021-05-07,56.8,90.0,74.056,33.2
PT,2021,2021-05-08,1.22,70.86,41.848,69.64
PT,2021,2021-05-09,0.01,54.3,13.254,54.29
PT,2021,2021-05-10,35.8,83.16,61.205,47.36
PT,2021,2021-05-11,23.19,79.62,53.497,56.43
PT,2021,2021-05-12,21.48,78.08,54.873,56.6
PT,2021,2021-05-13,36.52,79.96,60.471,43.44
PT,2021,2021-05-14,60.0,87.02,71.311,27.02
PT,2021,2021-05-15,1.95,72.64,41.132,70.69
PT,2021,2021-05-16,1.0,70.99,28.006,69.99
PT,2021,2021-05-17,54.49,94.65,78.387,40.16
PT,2021,2021-05-18,60.16,90.07,76.506,29.91
PT,2021,2021-05-19,62.08,90.37,77.147,28.29
PT,2021,2021-05-20,68.0,92.85,80.23,24.85
PT,2021,2021-05-21,37.98,80.85,67.663,42.87
PT,2021,2021-05-22,47.5,80.43,66.625,32.93
PT,2021,2021-05-23,53.85,80.0,68.264,26.15
PT,2021,2021-05-24,56.67,85.56,68.743,28.89
PT,2021,2021-05-25,62.4,83.18,76.334,20.78
PT,2021,2021-05-26,74.01,88.0,81.192,13.99
PT,2021,2021-05-27,83.7,91.96,86.613,8.26
PT,2021,2021-05-28,83.34,96.51,89.096,13.17
PT,2021,2021-05-29,61.91,89.8,80.752,27.89
PT,2021,2021-05-30,62.57,93.84,72.682,31.27
PT,2021,2021-05-31,82.89,93.11,88.038,10.22
PT,2021,2021-06-01,74.1,92.54,86.525,18.44
PT,2021,2021-06-02,74.36,92.76,84.305,18.4
PT,2021,2021-06-03,65.86,89.18,79.36,23.32
PT,2021,2021-06-04,69.1,89.18,80.264,20.08
PT,2021,2021-06-05,65.65,84.55,77.021,18.9
PT,2021,2021-06-06,39.33,85.93,67.924,46.6
PT,2021,2021-06-07,65.86,90.0,80.408,24.14
PT,2021,2021-06-08,74.47,88.97,82.107,14.5
PT,2021,2021-06-09,72.42,88.11,81.598,15.69
PT,2021,2021-06-10,73.58,90.17,83.362,16.59
PT,2021,2021-06-11,69.05,89.92,82.322,20.87
PT,2021,2021-06-12,68.65,91.88,77.433,23.23
PT,2021,2021-06-13,69.95,95.0,79.786,25.05
PT,2021,2021-06-14,83.95,98.35,89.051,14.4
PT,2021,2021-06-15,81.2,100.0,91.363,18.8
PT,2021,2021-06-16,82.58,105.51,94.689,22.93
PT,2021,2021-06-17,76.29,102.37,92.583,26.08
PT,2021,2021-06-18,86.0,100.02,92.781,14.02
PT,2021,2021-06-19,65.99,92.75,85.611,26.76
PT,2021,2021-06-20,3.84,88.13,51.851,84.29
PT,2021,2021-06-21,62.49,94.07,84.793,31.58
PT,2021,2021-06-22,82.41,96.0,89.274,13.59
PT,2021,2021-06-23,79.29,95.0,89.283,15.71
PT,2021,2021-06-24,68.93,94.32,85.939,25.39
PT,2021,2021-06-25,75.44,98.35,87.134,22.91
PT,2021,2021-06-26,64.87,93.35,83.734,28.48
PT,2021,2021-06-27,12.82,92.91,63.38,80.09
PT,2021,2021-06-28,67.99,98.98,87.646,30.99
PT,2021,2021-06-29,87.12,103.49,93.315,16.37
PT,2021,2021-06-30,85.92,99.93,94.148,14.01
PT,2021,2021-07-01,84.04,100.0,93.025,15.96
PT,2021,2021-07-02,82.57,110.0,99.458,27.43
PT,2021,2021-07-03,73.75,106.95,93.785,33.2
PT,2021,2021-07-04,58.45,104.92,79.648,46.47
PT,2021,2021-07-05,78.4,105.69,94.0,27.29
PT,2021,2021-07-06,78.27,104.73,93.656,26.46
PT,2021,2021-07-07,86.74,108.01,98.177,21.27
PT,2021,2021-07-08,77.5,102.1,93.827,24.6
PT,2021,2021-07-09,82.5,107.63,93.785,25.13
PT,2021,2021-07-10,73.0,100.05,90.785,27.05
PT,2021,2021-07-11,67.98,103.63,89.866,35.65
PT,2021,2021-07-12,72.68,105.98,86.548,33.3
PT,2021,2021-07-13,81.02,106.97,95.344,25.95
PT,2021,2021-07-14,72.67,95.41,82.74,22.74
PT,2021,2021-07-15,69.61,98.0,87.585,28.39
PT,2021,2021-07-16,70.99,101.55,88.135,30.56
PT,2021,2021-07-17,83.25,101.3,90.834,18.05
PT,2021,2021-07-18,70.39,100.38,81.106,29.99
PT,2021,2021-07-19,92.09,109.28,99.049,17.19
PT,2021,2021-07-20,94.0,110.5,101.902,16.5
PT,2021,2021-07-21,100.83,110.64,106.009,9.81
PT,2021,2021-07-22,95.75,106.04,101.672,10.29
PT,2021,2021-07-23,75.8,106.91,95.024,31.11
PT,2021,2021-07-24,73.49,106.23,92.58,32.74
PT,2021,2021-07-25,77.7,111.09,92.622,33.39
PT,2021,2021-07-26,86.6,108.23,100.158,21.63
PT,2021,2021-07-27,79.1,104.54,97.274,25.44
PT,2021,2021-07-28,73.86,109.58,97.114,35.72
PT,2021,2021-07-29,87.0,107.25,99.076,20.25
PT,2021,2021-07-30,70.99,104.02,93.11,33.03
PT,2021,2021-07-31,2.67,76.65,61.14,73.98
PT,2021,2021-08-01,63.99,110.68,78.947,46.69
PT,2021,2021-08-02,98.55,108.41,103.382,9.86
PT,2021,2021-08-03,100.85,113.51,106.45,12.66
PT,2021,2021-08-04,88.91,116.86,105.473,27.95
PT,2021,2021-08-05,77.75,115.27,101.112,37.52
PT,2021,2021-08-06,71.11,108.01,96.865,36.9
PT,2021,2021-08-07,0.9,101.24,65.46,100.34
PT,2021,2021-08-08,62.99,108.56,86.159,45.57
PT,2021,2021-08-09,97.95,114.07,107.145,16.12
PT,2021,2021-08-10,102.02,120.0,111.682,17.98
PT,2021,2021-08-11,99.48,125.43,114.436,25.95
PT,2021,2021-08-12,105.51,130.0,115.961,24.49
PT,2021,2021-08-13,101.52,128.54,117.886,27.02
PT,2021,2021-08-14,89.14,130.0,114.636,40.86
PT,2021,2021-08-15,84.47,123.09,107.668,38.62
PT,2021,2021-08-16,82.6,109.35,88.12,26.75
PT,2021,2021-08-17,82.09,120.0,91.012,37.91
PT,2021,2021-08-18,83.99,126.84,106.199,42.85
PT,2021,2021-08-19,89.14,129.37,115.292,40.23
PT,2021,2021-08-20,104.07,126.14,117.023,22.07
PT,2021,2021-08-21,91.2,123.0,109.434,31.8
PT,2021,2021-08-22,86.62,108.39,98.689,21.77
PT,2021,2021-08-23,85.49,115.54,99.551,30.05
PT,2021,2021-08-24,84.34,120.35,104.276,36.01
PT,2021,2021-08-25,105.72,129.15,117.665,23.43
PT,2021,2021-08-26,119.95,129.81,122.815,9.86
PT,2021,2021-08-27,106.75,128.29,119.275,21.54
PT,2021,2021-08-28,87.95,125.01,107.774,37.06
PT,2021,2021-08-29,93.06,128.41,103.872,35.35
PT,2021,2021-08-30,112.31,132.92,125.368,20.61
PT,2021,2021-08-31,123.35,137.46,130.28,14.11
PT,2021,2021-09-01,114.74,140.6,133.471,25.86
PT,2021,2021-09-02,137.45,148.0,140.407,10.55
PT,2021,2021-09-03,119.42,150.0,138.325,30.58
PT,2021,2021-09-04,106.3,152.27,134.756,45.97
PT,2021,2021-09-05,104.2,155.0,127.49,50.8
PT,2021,2021-09-06,108.52,153.63,131.588,45.11
PT,2021,2021-09-07,105.1,153.45,128.742,48.35
PT,2021,2021-09-08,109.08,152.36,135.821,43.28
PT,2021,2021-09-09,120.92,155.62,142.893,34.7
PT,2021,2021-09-10,146.29,159.31,152.525,13.02
PT,2021,2021-09-11,120.48,165.0,151.203,44.52
PT,2021,2021-09-12,110.01,167.53,143.763,57.52
PT,2021,2021-09-13,121.59,170.0,151.285,48.41
PT,2021,2021-09-14,119.95,172.0,157.457,52.05
PT,2021,2021-09-15,159.42,192.83,174.427,33.41
PT,2021,2021-09-16,172.8,198.85,186.85,26.05
PT,2021,2021-09-17,140.66,188.17,166.779,47.51
PT,2021,2021-09-18,125.94,187.18,158.082,61.24
PT,2021,2021-09-19,133.75,187.92,154.274,54.17
PT,2021,2021-09-20,128.01,188.64,155.092,60.63
PT,2021,2021-09-21,120.64,190.0,152.418,69.36
PT,2021,2021-09-22,140.0,196.0,175.078,56.0
PT,2021,2021-09-23,132.3,192.52,166.142,60.22
PT,2021,2021-09-24,148.35,190.0,174.837,41.65
PT,2021,2021-09-25,125.99,188.17,166.682,62.18
PT,2021,2021-09-26,134.1,199.0,161.246,64.9
PT,2021,2021-09-27,138.6,195.26,176.887,56.66
PT,2021,2021-09-28,154.58,195.33,181.82,40.75
PT,2021,2021-09-29,157.02,208.47,188.658,51.45
PT,2021,2021-09-30,145.0,223.42,194.681,78.42
PT,2021,2021-10-01,198.77,234.37,216.876,35.6
PT,2021,2021-10-02,54.13,224.0,162.955,169.87
PT,2021,2021-10-03,15.0,210.98,115.656,195.98
PT,2021,2021-10-04,141.59,249.0,189.739,107.41
PT,2021,2021-10-05,165.0,256.47,207.616,91.47
PT,2021,2021-10-06,193.2,280.0,231.585,86.8
PT,2021,2021-10-07,225.63,319.03,284.74,93.4
PT,2021,2021-10-08,188.6,290.0,230.351,101.4
PT,2021,2021-10-09,175.59,254.45,220.592,78.86
PT,2021,2021-10-10,135.07,251.6,173.359,116.53
PT,2021,2021-10-11,125.01,241.27,187.021,116.26
PT,2021,2021-10-12,152.01,226.74,183.45,74.73
PT,2021,2021-10-13,132.43,240.0,189.401,107.57
PT,2021,2021-10-14,175.25,260.0,217.871,84.75
PT,2021,2021-10-15,201.06,265.0,232.382,63.94
PT,2021,2021-10-16,192.07,264.54,224.802,72.47
PT,2021,2021-10-17,183.84,270.0,210.525,86.16
PT,2021,2021-10-18,193.73,280.0,227.024,86.27
PT,2021,2021-10-19,171.6,256.33,204.09,84.73
PT,2021,2021-10-20,144.98,261.53,203.148,116.55
PT,2021,2021-10-21,180.59,250.0,207.354,69.41
PT,2021,2021-10-22,173.27,255.5,204.015,82.23
PT,2021,2021-10-23,179.21,256.95,213.73,77.74
PT,2021,2021-10-24,174.93,271.8,213.153,96.87
PT,2021,2021-10-25,193.29,262.0,223.345,68.71
PT,2021,2021-10-26,181.26,270.0,218.475,88.74
PT,2021,2021-10-27,180.1,263.29,223.747,83.19
PT,2021,2021-10-28,130.0,252.33,199.083,122.33
PT,2021,2021-10-29,90.11,216.53,172.33,126.42
PT,2021,2021-10-30,58.79,192.07,125.882,133.28
PT,2021,2021-10-31,52.79,148.0,76.278,95.21
PT,2021,2021-11-01,15.0,183.0,92.558,168.0
PT,2021,2021-11-02,94.13,223.55,147.43,129.42
PT,2021,2021-11-03,118.0,202.9,155.073,84.9
PT,2021,2021-11-04,143.06,199.64,171.834,56.58
PT,2021,2021-11-05,138.25,203.24,172.337,64.99
PT,2021,2021-11-06,131.83,190.31,155.458,58.48
PT,2021,2021-11-07,58.78,194.8,133.967,136.02
PT,2021,2021-11-08,139.36,203.71,166.845,64.35
PT,2021,2021-11-09,145.36,220.01,179.869,74.65
PT,2021,2021-11-10,168.03,230.01,198.489,61.98
PT,2021,2021-11-11,152.5,234.0,183.879,81.5
PT,2021,2021-11-12,159.87,211.05,185.261,51.18
PT,2021,2021-11-13,151.82,220.0,180.255,68.18
PT,2021,2021-11-14,145.0,206.21,171.685,61.21
PT,2021,2021-11-15,145.64,235.0,181.577,89.36
PT,2021,2021-11-16,160.25,250.0,194.705,89.75
PT,2021,2021-11-17,163.22,249.9,195.984,86.68
PT,2021,2021-11-18,177.63,263.12,225.06,85.49
PT,2021,2021-11-19,198.0,266.08,227.755,68.08
PT,2021,2021-11-20,188.0,269.66,221.247,81.66
PT,2021,2021-11-21,207.79,257.63,227.922,49.84
PT,2021,2021-11-22,194.51,264.7,235.923,70.19
PT,2021,2021-11-23,190.83,277.77,226.202,86.94
PT,2021,2021-11-24,194.01,265.0,225.59,70.99
PT,2021,2021-11-25,201.28,256.94,228.945,55.66
PT,2021,2021-11-26,194.34,251.32,226.898,56.98
PT,2021,2021-11-27,171.77,243.63,203.799,71.86
PT,2021,2021-11-28,174.5,247.94,200.977,73.44
PT,2021,2021-11-29,99.94,290.0,218.405,190.06
PT,2021,2021-11-30,233.37,309.3,277.878,75.93
PT,2021,2021-12-01,192.81,280.57,244.793,87.76
PT,2021,2021-12-02,171.3,277.98,221.156,106.68
PT,2021,2021-12-03,194.06,272.98,226.044,78.92
PT,2021,2021-12-04,175.4,250.0,218.184,74.6
PT,2021,2021-12-05,2.67,251.65,103.182,248.98
PT,2021,2021-12-06,189.07,273.61,212.936,84.54
PT,2021,2021-12-07,176.0,237.21,209.926,61.21
PT,2021,2021-12-08,14.0,238.75,109.966,224.75
PT,2021,2021-12-09,175.1,252.59,215.75,77.49
PT,2021,2021-12-10,98.13,262.16,210.034,164.03
PT,2021,2021-12-11,201.6,292.0,241.281,90.4
PT,2021,2021-12-12,218.01,298.0,256.456,79.99
PT,2021,2021-12-13,217.71,315.43,269.89,97.72
PT,2021,2021-12-14,250.0,320.0,287.954,70.0
PT,2021,2021-12-15,261.73,319.13,291.552,57.4
PT,2021,2021-12-16,251.78,345.0,302.41,93.22
PT,2021,2021-12-17,250.0,350.0,310.065,100.0
PT,2021,2021-12-18,265.77,342.03,307.392,76.26
PT,2021,2021-12-19,274.9,350.0,318.936,75.1
PT,2021,2021-12-20,267.99,375.0,340.073,107.01
PT,2021,2021-12-21,270.0,370.0,328.625,100.0
PT,2021,2021-12-22,331.4,386.1,361.341,54.7
PT,2021,2021-12-23,303.0,409.0,381.88,106.0
PT,2021,2021-12-24,245.12,373.34,306.935,128.22
PT,2021,2021-12-25,125.31,315.12,225.53,189.81
PT,2021,2021-12-26,52.64,241.25,181.553,188.61
PT,2021,2021-12-27,2.67,207.1,96.591,204.43
PT,2021,2021-12-28,8.06,176.03,106.862,167.97
PT,2021,2021-12-29,90.82,255.0,184.781,164.18
PT,2021,2021-12-30,150.0,252.22,198.57,102.22
PT,2021,2021-12-31,111.1,193.15,140.649,82.05
PT,2022,2022-01-01,70.05,190.81,122.102,120.76
PT,2022,2022-01-02,109.8,209.1,139.763,99.3
PT,2022,2022-01-03,100.36,189.26,148.164,88.9
PT,2022,2022-01-04,105.0,190.0,152.779,85.0
PT,2022,2022-01-05,79.11,250.34,184.086,171.23
PT,2022,2022-01-06,170.1,278.36,213.242,108.26
PT,2022,2022-01-07,162.8,270.02,218.212,107.22
PT,2022,2022-01-08,109.18,237.86,197.614,128.68
PT,2022,2022-01-09,14.0,240.0,123.452,226.0
PT,2022,2022-01-10,158.7,294.98,217.852,136.28
PT,2022,2022-01-11,193.0,262.66,222.593,69.66
PT,2022,2022-01-12,178.33,261.38,205.791,83.05
PT,2022,2022-01-13,182.88,262.95,215.73,80.07
PT,2022,2022-01-14,180.3,235.01,203.656,54.71
PT,2022,2022-01-15,193.04,267.03,218.981,73.99
PT,2022,2022-01-16,186.6,265.36,214.205,78.76
PT,2022,2022-01-17,209.55,285.68,243.06,76.13
PT,2022,2022-01-18,193.99,272.22,223.179,78.23
PT,2022,2022-01-19,179.64,259.81,211.89,80.17
PT,2022,2022-01-20,160.69,239.38,190.048,78.69
PT,2022,2022-01-21,154.7,214.7,179.627,60.0
PT,2022,2022-01-22,166.9,245.27,190.592,78.37
PT,2022,2022-01-23,179.04,249.0,201.054,69.96
PT,2022,2022-01-24,177.46,297.33,228.249,119.87
PT,2022,2022-01-25,196.24,256.36,225.261,60.12
PT,2022,2022-01-26,225.01,250.0,236.502,24.99
PT,2022,2022-01-27,215.75,249.01,232.241,33.26
PT,2022,2022-01-28,190.0,255.38,224.418,65.38
PT,2022,2022-01-29,181.97,263.03,223.623,81.06
PT,2022,2022-01-30,206.5,268.65,230.832,62.15
PT,2022,2022-01-31,184.16,260.0,222.54,75.84
PT,2022,2022-02-01,169.97,253.0,205.556,83.03
PT,2022,2022-02-02,168.08,270.09,211.437,102.01
PT,2022,2022-02-03,173.25,246.0,207.14,72.75
PT,2022,2022-02-04,166.59,233.34,197.873,66.75
PT,2022,2022-02-05,170.47,226.5,197.222,56.03
PT,2022,2022-02-06,172.18,246.43,190.459,74.25
PT,2022,2022-02-07,165.97,253.61,206.233,87.64
PT,2022,2022-02-08,170.88,250.0,204.157,79.12
PT,2022,2022-02-09,182.59,257.28,212.138,74.69
PT,2022,2022-02-10,174.85,248.01,207.68,73.16
PT,2022,2022-02-11,165.0,241.18,197.04,76.18
PT,2022,2022-02-12,166.79,231.55,199.265,64.76
PT,2022,2022-02-13,70.0,214.23,162.619,144.23
PT,2022,2022-02-14,105.0,248.71,185.182,143.71
PT,2022,2022-02-15,162.52,250.79,198.85,88.27
PT,2022,2022-02-16,135.39,236.73,177.227,101.34
PT,2022,2022-02-17,100.0,268.12,170.688,168.12
PT,2022,2022-02-18,129.0,215.0,181.031,86.0
PT,2022,2022-02-19,77.2,204.79,140.55,127.59
PT,2022,2022-02-20,128.6,225.0,163.188,96.4
PT,2022,2022-02-21,142.0,237.0,185.446,95.0
PT,2022,2022-02-22,144.82,221.7,180.603,76.88
PT,2022,2022-02-23,163.07,244.08,197.198,81.01
PT,2022,2022-02-24,163.71,234.49,206.41,70.78
PT,2022,2022-02-25,153.32,300.0,242.44,146.68
PT,2022,2022-02-26,237.14,300.7,259.89,63.56
PT,2022,2022-02-27,209.14,350.0,258.46,140.86
PT,2022,2022-02-28,218.97,346.0,276.688,127.03
PT,2022,2022-03-01,220.98,315.87,257.915,94.89
PT,2022,2022-03-02,204.15,331.16,257.369,127.01
PT,2022,2022-03-03,260.0,394.7,341.847,134.7
PT,2022,2022-03-04,264.61,410.0,341.8,145.39
PT,2022,2022-03-05,311.0,409.3,367.138,98.3
PT,2022,2022-03-06,334.21,470.01,381.166,135.8
PT,2022,2022-03-07,379.02,500.0,442.917,120.98
PT,2022,2022-03-08,424.88,651.0,545.25,226.12
PT,2022,2022-03-09,356.74,605.0,467.46,248.26
PT,2022,2022-03-10,270.0,452.69,365.248,182.69
PT,2022,2022-03-11,144.8,403.97,285.412,259.17
PT,2022,2022-03-12,195.15,292.91,242.905,97.76
PT,2022,2022-03-13,189.31,389.9,251.767,200.59
PT,2022,2022-03-14,214.48,295.0,248.537,80.52
PT,2022,2022-03-15,209.79,311.71,251.242,101.92
PT,2022,2022-03-16,191.54,306.7,261.634,115.16
PT,2022,2022-03-17,184.49,295.92,217.038,111.43
PT,2022,2022-03-18,198.88,290.19,234.654,91.31
PT,2022,2022-03-19,187.07,285.02,220.06,97.95
PT,2022,2022-03-20,186.8,250.0,207.246,63.2
PT,2022,2022-03-21,189.99,287.57,229.891,97.58
PT,2022,2022-03-22,194.75,278.9,225.996,84.15
PT,2022,2022-03-23,180.28,249.3,212.491,69.02
PT,2022,2022-03-24,183.15,270.0,227.45,86.85
PT,2022,2022-03-25,226.01,300.0,262.993,73.99
PT,2022,2022-03-26,199.69,292.24,237.113,92.55
PT,2022,2022-03-27,173.75,285.0,217.179,111.25
PT,2022,2022-03-28,195.01,288.86,233.213,93.85
PT,2022,2022-03-29,210.0,279.6,250.392,69.6
PT,2022,2022-03-30,228.78,282.69,256.608,53.91
PT,2022,2022-03-31,175.65,290.57,233.959,114.92
PT,2022,2022-04-01,176.44,319.32,232.244,142.88
PT,2022,2022-04-02,93.69,300.0,224.665,206.31
PT,2022,2022-04-03,129.99,284.03,220.234,154.04
PT,2022,2022-04-04,172.65,298.06,255.679,125.41
PT,2022,2022-04-05,205.5,300.97,267.771,95.47
PT,2022,2022-04-06,198.94,311.59,251.991,112.65
PT,2022,2022-04-07,165.46,270.0,211.858,104.54
PT,2022,2022-04-08,7.0,252.08,157.998,245.08
PT,2022,2022-04-09,184.67,294.88,244.46,110.21
PT,2022,2022-04-10,1.03,270.93,147.465,269.9
PT,2022,2022-04-11,55.1,270.2,169.168,215.1
PT,2022,2022-04-12,183.0,282.26,239.948,99.26
PT,2022,2022-04-13,190.9,260.0,228.083,69.1
PT,2022,2022-04-14,190.0,272.31,219.804,82.31
PT,2022,2022-04-15,151.11,237.29,198.32,86.18
PT,2022,2022-04-16,104.04,205.81,157.895,101.77
PT,2022,2022-04-17,3.7,191.54,115.302,187.84
PT,2022,2022-04-18,45.0,219.69,104.744,174.69
PT,2022,2022-04-19,55.11,170.91,112.626,115.8
PT,2022,2022-04-20,6.0,154.5,88.326,148.5
PT,2022,2022-04-21,101.0,223.61,166.541,122.61
PT,2022,2022-04-22,173.15,244.1,205.156,70.95
PT,2022,2022-04-23,1.17,182.48,82.317,181.31
PT,2022,2022-04-24,102.0,267.43,158.152,165.43
PT,2022,2022-04-25,170.0,264.93,222.175,94.93
PT,2022,2022-04-26,205.0,270.01,231.616,65.01
PT,2022,2022-04-27,190.96,262.0,221.137,71.04
PT,2022,2022-04-28,196.3,267.85,223.577,71.55
PT,2022,2022-04-29,186.0,254.97,214.179,68.97
PT,2022,2022-04-30,138.0,232.01,186.942,94.01
PT,2022,2022-05-01,95.05,227.0,177.434,131.95
PT,2022,2022-05-02,152.89,217.2,188.109,64.31
PT,2022,2022-05-03,155.74,223.5,195.574,67.76
PT,2022,2022-05-04,185.25,218.0,201.531,32.75
PT,2022,2022-05-05,157.24,225.14,192.49,67.9
PT,2022,2022-05-06,150.05,231.47,196.93,81.42
PT,2022,2022-05-07,145.23,229.0,184.306,83.77
PT,2022,2022-05-08,96.62,238.35,174.377,141.73
PT,2022,2022-05-09,183.94,250.44,209.309,66.5
PT,2022,2022-05-10,176.22,237.95,207.787,61.73
PT,2022,2022-05-11,155.11,228.84,184.005,73.73
PT,2022,2022-05-12,161.11,227.49,190.67,66.38
PT,2022,2022-05-13,164.99,238.0,203.714,73.01
PT,2022,2022-05-14,136.59,241.87,190.39,105.28
PT,2022,2022-05-15,1.03,226.18,124.644,225.15
PT,2022,2022-05-16,160.32,247.03,196.735,86.71
PT,2022,2022-05-17,160.99,265.88,199.15,104.89
PT,2022,2022-05-18,165.04,237.72,194.345,72.68
PT,2022,2022-05-19,157.14,236.21,192.122,79.07
PT,2022,2022-05-20,169.27,230.72,201.328,61.45
PT,2022,2022-05-21,159.33,228.11,180.57,68.78
PT,2022,2022-05-22,101.4,227.9,169.862,126.5
PT,2022,2022-05-23,165.76,230.02,192.56,64.26
PT,2022,2022-05-24,159.22,220.3,181.345,61.08
PT,2022,2022-05-25,155.0,227.98,183.89,72.98
PT,2022,2022-05-26,150.2,218.0,172.072,67.8
PT,2022,2022-05-27,146.04,214.57,168.349,68.53
PT,2022,2022-05-28,126.04,227.98,163.98,101.94
PT,2022,2022-05-29,120.0,228.03,163.54,108.03
PT,2022,2022-05-30,169.0,250.2,208.222,81.2
PT,2022,2022-05-31,180.18,247.77,213.54,67.59
PT,2022,2022-06-01,171.1,262.6,212.381,91.5
PT,2022,2022-06-02,171.85,256.46,214.286,84.61
PT,2022,2022-06-03,172.44,240.0,214.75,67.56
PT,2022,2022-06-04,155.6,245.86,202.846,90.26
PT,2022,2022-06-05,160.0,245.0,192.416,85.0
PT,2022,2022-06-06,168.05,235.8,194.298,67.75
PT,2022,2022-06-07,164.07,228.81,191.953,64.74
PT,2022,2022-06-08,160.23,215.01,185.195,54.78
PT,2022,2022-06-09,154.37,215.71,183.238,61.34
PT,2022,2022-06-10,168.92,220.46,195.905,51.54
PT,2022,2022-06-11,159.0,233.22,189.193,74.22
PT,2022,2022-06-12,136.05,225.88,171.552,89.83
PT,2022,2022-06-13,160.5,238.4,203.128,77.9
PT,2022,2022-06-14,183.5,242.27,211.49,58.77
PT,2022,2022-06-15,144.17,195.52,164.881,51.35
PT,2022,2022-06-16,150.0,210.44,171.724,60.44
PT,2022,2022-06-17,159.81,226.05,179.5,66.24
PT,2022,2022-06-18,95.17,189.0,143.54,93.83
PT,2022,2022-06-19,50.0,250.0,123.149,200.0
PT,2022,2022-06-20,110.44,197.91,155.782,87.47
PT,2022,2022-06-21,126.36,180.03,147.212,53.67
PT,2022,2022-06-22,132.66,195.66,155.078,63.0
PT,2022,2022-06-23,124.32,180.0,147.872,55.68
PT,2022,2022-06-24,111.7,191.52,139.793,79.82
PT,2022,2022-06-25,65.71,169.56,125.156,103.85
PT,2022,2022-06-26,74.25,153.21,117.713,78.96
PT,2022,2022-06-27,115.25,181.0,142.895,65.75
PT,2022,2022-06-28,131.2,171.09,146.414,39.89
PT,2022,2022-06-29,99.05,170.1,132.663,71.05
PT,2022,2022-06-30,99.36,158.6,132.879,59.24
PT,2022,2022-07-01,124.99,167.29,146.674,42.3
PT,2022,2022-07-02,109.25,170.34,142.257,61.09
PT,2022,2022-07-03,91.2,193.06,145.32,101.86
PT,2022,2022-07-04,130.0,176.0,157.831,46.0
PT,2022,2022-07-05,114.57,163.58,138.518,49.01
PT,2022,2022-07-06,115.55,174.5,146.2,58.95
PT,2022,2022-07-07,110.0,169.0,125.876,59.0
PT,2022,2022-07-08,120.89,169.12,146.589,48.23
PT,2022,2022-07-09,129.5,179.85,148.471,50.35
PT,2022,2022-07-10,116.62,184.0,139.409,67.38
PT,2022,2022-07-11,135.06,191.39,157.413,56.33
PT,2022,2022-07-12,123.55,201.6,156.228,78.05
PT,2022,2022-07-13,140.0,190.0,160.79,50.0
PT,2022,2022-07-14,142.45,178.17,168.513,35.72
PT,2022,2022-07-15,135.05,184.01,150.228,48.96
PT,2022,2022-07-16,103.91,176.16,132.559,72.25
PT,2022,2022-07-17,78.09,179.27,108.533,101.18
PT,2022,2022-07-18,91.27,150.01,116.861,58.74
PT,2022,2022-07-19,118.49,182.49,143.246,64.0
PT,2022,2022-07-20,136.5,154.35,146.532,17.85
PT,2022,2022-07-21,111.25,151.22,140.932,39.97
PT,2022,2022-07-22,110.1,157.49,134.289,47.39
PT,2022,2022-07-23,139.87,221.1,157.295,81.23
PT,2022,2022-07-24,115.3,192.01,142.355,76.71
PT,2022,2022-07-25,125.12,172.26,154.6,47.14
PT,2022,2022-07-26,125.1,165.0,146.273,39.9
PT,2022,2022-07-27,125.12,180.0,151.258,54.88
PT,2022,2022-07-28,150.29,179.0,167.994,28.71
PT,2022,2022-07-29,119.0,163.78,141.847,44.78
PT,2022,2022-07-30,114.3,150.0,126.548,35.7
PT,2022,2022-07-31,85.62,183.03,117.204,97.41
PT,2022,2022-08-01,124.99,165.09,148.595,40.1
PT,2022,2022-08-02,129.0,180.0,152.229,51.0
PT,2022,2022-08-03,126.0,176.0,147.86,50.0
PT,2022,2022-08-04,124.99,165.01,145.242,40.02
PT,2022,2022-08-05,120.3,164.0,137.022,43.7
PT,2022,2022-08-06,121.92,180.0,144.379,58.08
PT,2022,2022-08-07,103.59,175.0,144.055,71.41
PT,2022,2022-08-08,126.0,170.36,146.185,44.36
PT,2022,2022-08-09,124.17,170.17,144.2,46.0
PT,2022,2022-08-10,122.0,171.68,145.44,49.68
PT,2022,2022-08-11,123.5,176.07,150.876,52.57
PT,2022,2022-08-12,124.69,182.78,158.453,58.09
PT,2022,2022-08-13,118.25,190.94,153.864,72.69
PT,2022,2022-08-14,90.4,200.01,147.85,109.61
PT,2022,2022-08-15,113.1,195.0,153.52,81.9
PT,2022,2022-08-16,105.0,180.03,142.961,75.03
PT,2022,2022-08-17,99.67,172.01,137.755,72.34
PT,2022,2022-08-18,98.6,189.33,132.693,90.73
PT,2022,2022-08-19,90.0,230.18,139.762,140.18
PT,2022,2022-08-20,120.0,230.0,170.835,110.0
PT,2022,2022-08-21,25.09,207.9,144.399,182.81
PT,2022,2022-08-22,125.0,250.0,175.342,125.0
PT,2022,2022-08-23,148.6,250.0,185.335,101.4
PT,2022,2022-08-24,140.07,236.79,184.082,96.72
PT,2022,2022-08-25,133.1,209.26,161.583,76.16
PT,2022,2022-08-26,125.0,243.86,175.582,118.86
PT,2022,2022-08-27,127.0,242.82,163.151,115.82
PT,2022,2022-08-28,99.62,225.0,168.742,125.38
PT,2022,2022-08-29,132.9,253.07,189.695,120.17
PT,2022,2022-08-30,160.0,237.0,200.935,77.0
PT,2022,2022-08-31,156.25,227.0,185.595,70.75
PT,2022,2022-09-01,141.98,250.0,189.919,108.02
PT,2022,2022-09-02,119.77,205.27,151.645,85.5
PT,2022,2022-09-03,23.77,206.8,123.103,183.03
PT,2022,2022-09-04,19.9,252.02,148.222,232.12
PT,2022,2022-09-05,121.19,277.0,184.989,155.81
PT,2022,2022-09-06,107.07,261.67,164.904,154.6
PT,2022,2022-09-07,48.42,189.15,109.933,140.73
PT,2022,2022-09-08,125.0,250.0,158.338,125.0
PT,2022,2022-09-09,118.0,250.0,161.334,132.0
PT,2022,2022-09-10,120.83,300.0,176.134,179.17
PT,2022,2022-09-11,98.5,252.0,159.517,153.5
PT,2022,2022-09-12,120.0,240.01,171.282,120.01
PT,2022,2022-09-13,90.0,212.0,127.22,122.0
PT,2022,2022-09-14,94.25,240.0,139.032,145.75
PT,2022,2022-09-15,155.0,215.25,177.648,60.25
PT,2022,2022-09-16,63.93,202.28,162.335,138.35
PT,2022,2022-09-17,10.0,167.5,69.815,157.5
PT,2022,2022-09-18,61.01,202.28,133.631,141.27
PT,2022,2022-09-19,144.15,248.8,192.252,104.65
PT,2022,2022-09-20,109.5,191.85,145.892,82.35
PT,2022,2022-09-21,104.89,187.93,141.696,83.04
PT,2022,2022-09-22,138.7,250.0,173.862,111.3
PT,2022,2022-09-23,95.7,182.17,128.36,86.47
PT,2022,2022-09-24,50.1,160.0,102.756,109.9
PT,2022,2022-09-25,1.44,156.82,73.858,155.38
PT,2022,2022-09-26,75.64,218.6,123.792,142.96
PT,2022,2022-09-27,21.01,164.0,98.719,142.99
PT,2022,2022-09-28,36.18,203.74,107.835,167.56
PT,2022,2022-09-29,86.0,200.0,112.805,114.0
PT,2022,2022-09-30,80.0,218.0,122.048,138.0
PT,2022,2022-10-01,72.72,218.65,119.016,145.93
PT,2022,2022-10-02,88.0,232.99,146.765,144.99
PT,2022,2022-10-03,165.0,270.0,200.615,105.0
PT,2022,2022-10-04,130.0,280.0,191.031,150.0
PT,2022,2022-10-05,90.17,250.0,159.009,159.83
PT,2022,2022-10-06,75.0,220.0,117.006,145.0
PT,2022,2022-10-07,112.38,240.0,155.438,127.62
PT,2022,2022-10-08,81.49,190.01,118.28,108.52
PT,2022,2022-10-09,75.44,214.83,113.495,139.39
PT,2022,2022-10-10,102.84,270.0,168.465,167.16
PT,2022,2022-10-11,135.1,246.0,170.751,110.9
PT,2022,2022-10-12,104.57,188.6,130.292,84.03
PT,2022,2022-10-13,111.94,202.07,147.509,90.13
PT,2022,2022-10-14,92.0,202.0,133.946,110.0
PT,2022,2022-10-15,58.4,167.76,114.076,109.36
PT,2022,2022-10-16,70.1,148.9,103.925,78.8
PT,2022,2022-10-17,89.64,205.0,139.933,115.36
PT,2022,2022-10-18,47.83,162.01,107.408,114.18
PT,2022,2022-10-19,48.37,136.74,76.459,88.37
PT,2022,2022-10-20,64.22,122.96,87.301,58.74
PT,2022,2022-10-21,75.0,172.76,112.014,97.76
PT,2022,2022-10-22,55.2,140.67,101.126,85.47
PT,2022,2022-10-23,4.11,138.22,73.465,134.11
PT,2022,2022-10-24,77.6,180.01,111.483,102.41
PT,2022,2022-10-25,78.6,153.32,105.549,74.72
PT,2022,2022-10-26,85.4,147.0,109.067,61.6
PT,2022,2022-10-27,89.64,172.32,113.87,82.68
PT,2022,2022-10-28,88.02,140.0,111.237,51.98
PT,2022,2022-10-29,80.9,139.17,103.795,58.27
PT,2022,2022-10-30,98.98,225.35,138.249,126.37
PT,2022,2022-10-31,114.6,250.0,163.185,135.4
PT,2022,2022-11-01,80.88,180.0,109.012,99.12
PT,2022,2022-11-02,101.01,189.0,126.458,87.99
PT,2022,2022-11-03,90.91,173.52,123.192,82.61
PT,2022,2022-11-04,112.44,217.74,150.255,105.3
PT,2022,2022-11-05,102.58,170.0,124.445,67.42
PT,2022,2022-11-06,90.93,155.61,114.426,64.68
PT,2022,2022-11-07,96.03,159.93,118.955,63.9
PT,2022,2022-11-08,72.25,158.9,113.867,86.65
PT,2022,2022-11-09,97.27,190.0,133.012,92.73
PT,2022,2022-11-10,105.63,199.39,135.607,93.76
PT,2022,2022-11-11,99.33,145.9,120.539,46.57
PT,2022,2022-11-12,78.16,177.44,107.025,99.28
PT,2022,2022-11-13,101.56,170.23,131.956,68.67
PT,2022,2022-11-14,107.57,172.77,138.166,65.2
PT,2022,2022-11-15,87.0,154.8,108.845,67.8
PT,2022,2022-11-16,49.97,126.53,102.288,76.56
PT,2022,2022-11-17,10.0,138.0,81.542,128.0
PT,2022,2022-11-18,63.87,128.81,107.568,64.94
PT,2022,2022-11-19,22.0,123.0,68.637,101.0
PT,2022,2022-11-20,63.4,157.96,96.738,94.56
PT,2022,2022-11-21,48.9,101.84,78.605,52.94
PT,2022,2022-11-22,47.2,108.0,74.236,60.8
PT,2022,2022-11-23,4.11,160.0,93.582,155.89
PT,2022,2022-11-24,110.97,195.76,138.025,84.79
PT,2022,2022-11-25,106.23,182.61,140.948,76.38
PT,2022,2022-11-26,102.65,175.01,130.26,72.36
PT,2022,2022-11-27,92.0,156.27,115.348,64.27
PT,2022,2022-11-28,65.88,165.9,103.785,100.02
PT,2022,2022-11-29,92.0,190.42,122.5,98.42
PT,2022,2022-11-30,130.0,186.0,152.031,56.0
PT,2022,2022-12-01,120.0,175.8,148.748,55.8
PT,2022,2022-12-02,91.79,171.95,128.079,80.16
PT,2022,2022-12-03,103.48,180.95,122.102,77.47
PT,2022,2022-12-04,168.0,256.68,191.462,88.68
PT,2022,2022-12-05,156.51,245.58,206.621,89.07
PT,2022,2022-12-06,131.3,194.83,152.854,63.53
PT,2022,2022-12-07,125.01,156.85,141.582,31.84
PT,2022,2022-12-08,102.5,166.44,122.098,63.94
PT,2022,2022-12-09,110.0,170.42,141.537,60.42
PT,2022,2022-12-10,82.0,187.0,127.419,105.0
PT,2022,2022-12-11,114.6,181.07,144.091,66.47
PT,2022,2022-12-12,4.11,148.92,109.834,144.81
PT,2022,2022-12-13,4.11,147.0,97.723,142.89
PT,2022,2022-12-14,1.8,192.69,86.227,190.89
PT,2022,2022-12-15,81.8,190.72,128.87,108.92
PT,2022,2022-12-16,101.0,155.01,129.035,54.01
PT,2022,2022-12-17,109.99,153.05,133.458,43.06
PT,2022,2022-12-18,70.9,112.0,94.855,41.1
PT,2022,2022-12-19,41.0,130.0,79.951,89.0
PT,2022,2022-12-20,4.11,107.0,65.543,102.89
PT,2022,2022-12-21,32.53,95.76,62.995,63.23
PT,2022,2022-12-22,8.65,75.74,51.035,67.09
PT,2022,2022-12-23,4.12,67.9,24.001,63.78
PT,2022,2022-12-24,4.13,71.1,29.586,66.97
PT,2022,2022-12-25,1.45,50.3,17.167,48.85
PT,2022,2022-12-26,24.1,189.26,78.736,165.16
PT,2022,2022-12-27,40.28,164.69,107.663,124.41
PT,2022,2022-12-28,2.97,79.74,39.856,76.77
PT,2022,2022-12-29,0.03,32.5,16.235,32.47
PT,2022,2022-12-30,0.57,21.78,5.895,21.21
PT,2022,2022-12-31,0.0,11.01,1.525,11.01
PT,2023,2023-01-01,0.0,61.38,9.255,61.38
PT,2023,2023-01-02,42.0,174.74,112.942,132.74
PT,2023,2023-01-03,113.63,169.01,136.437,55.38
PT,2023,2023-01-04,80.23,167.29,114.218,87.06
PT,2023,2023-01-05,61.97,177.98,109.021,116.01
PT,2023,2023-01-06,53.42,137.73,101.899,84.31
PT,2023,2023-01-07,4.16,50.0,21.84,45.84
PT,2023,2023-01-08,4.16,40.0,10.202,35.84
PT,2023,2023-01-09,4.2,171.62,89.986,167.42
PT,2023,2023-01-10,35.0,144.74,106.441,109.74
PT,2023,2023-01-11,4.16,139.02,85.273,134.86
PT,2023,2023-01-12,55.7,142.22,92.286,86.52
PT,2023,2023-01-13,38.7,154.7,89.323,116.0
PT,2023,2023-01-14,25.0,73.5,50.706,48.5
PT,2023,2023-01-15,3.1,50.56,21.184,47.46
PT,2023,2023-01-16,3.0,34.2,13.222,31.2
PT,2023,2023-01-17,0.65,17.5,5.081,16.85
PT,2023,2023-01-18,0.1,122.7,23.003,122.6
PT,2023,2023-01-19,18.35,94.8,34.848,76.45
PT,2023,2023-01-20,29.99,207.8,92.322,177.81
PT,2023,2023-01-21,32.37,111.56,57.083,79.19
PT,2023,2023-01-22,11.0,128.97,38.434,117.97
PT,2023,2023-01-23,34.44,157.22,72.462,122.78
PT,2023,2023-01-24,47.85,220.0,88.942,172.15
PT,2023,2023-01-25,64.8,210.34,91.129,145.54
PT,2023,2023-01-26,48.8,99.76,66.482,50.96
PT,2023,2023-01-27,15.0,82.01,45.684,67.01
PT,2023,2023-01-28,15.0,74.89,41.932,59.89
PT,2023,2023-01-29,36.45,178.58,71.104,142.13
PT,2023,2023-01-30,90.0,220.0,135.18,130.0
PT,2023,2023-01-31,99.0,187.36,127.422,88.36
PT,2023,2023-02-01,98.15,189.74,127.08,91.59
PT,2023,2023-02-02,113.74,175.33,137.324,61.59
PT,2023,2023-02-03,106.63,185.13,139.928,78.5
PT,2023,2023-02-04,87.6,151.6,123.29,64.0
PT,2023,2023-02-05,17.69,144.59,79.43,126.9
PT,2023,2023-02-06,87.9,186.21,136.309,98.31
PT,2023,2023-02-07,111.97,165.74,137.252,53.77
PT,2023,2023-02-08,108.0,166.45,138.258,58.45
PT,2023,2023-02-09,136.85,165.0,144.84,28.15
PT,2023,2023-02-10,123.63,159.93,141.307,36.3
PT,2023,2023-02-11,103.36,161.01,131.803,57.65
PT,2023,2023-02-12,120.0,173.46,137.722,53.46
PT,2023,2023-02-13,129.04,186.59,146.581,57.55
PT,2023,2023-02-14,127.9,171.37,142.669,43.47
PT,2023,2023-02-15,121.75,175.0,145.94,53.25
PT,2023,2023-02-16,120.0,167.71,144.041,47.71
PT,2023,2023-02-17,110.0,162.09,134.619,52.09
PT,2023,2023-02-18,110.92,156.02,128.291,45.1
PT,2023,2023-02-19,104.41,159.2,122.899,54.79
PT,2023,2023-02-20,108.58,168.72,135.71,60.14
PT,2023,2023-02-21,130.56,175.61,151.033,45.05
PT,2023,2023-02-22,123.0,164.5,144.246,41.5
PT,2023,2023-02-23,115.27,164.46,140.34,49.19
PT,2023,2023-02-24,120.21,174.18,149.104,53.97
PT,2023,2023-02-25,117.93,163.34,142.162,45.41
PT,2023,2023-02-26,73.84,137.0,104.674,63.16
PT,2023,2023-02-27,89.98,174.49,118.936,84.51
PT,2023,2023-02-28,104.8,176.17,133.14,71.37
PT,2023,2023-03-01,121.13,170.41,145.94,49.28
PT,2023,2023-03-02,117.0,184.0,142.169,67.0
PT,2023,2023-03-03,115.5,169.0,142.334,53.5
PT,2023,2023-03-04,111.9,173.2,138.646,61.3
PT,2023,2023-03-05,123.26,184.02,144.129,60.76
PT,2023,2023-03-06,134.0,172.6,147.317,38.6
PT,2023,2023-03-07,92.1,152.1,119.07,60.0
PT,2023,2023-03-08,60.2,140.0,98.854,79.8
PT,2023,2023-03-09,14.0,121.36,71.081,107.36
PT,2023,2023-03-10,4.16,124.22,43.652,120.06
PT,2023,2023-03-11,1.49,100.0,32.364,98.51
PT,2023,2023-03-12,48.67,141.04,79.76,92.37
PT,2023,2023-03-13,4.16,95.11,35.654,90.95
PT,2023,2023-03-14,2.36,179.84,69.592,177.48
PT,2023,2023-03-15,107.0,190.0,131.989,83.0
PT,2023,2023-03-16,29.59,132.42,86.259,102.83
PT,2023,2023-03-17,27.83,127.69,71.59,99.86
PT,2023,2023-03-18,70.0,144.15,101.557,74.15
PT,2023,2023-03-19,50.0,152.91,96.456,102.91
PT,2023,2023-03-20,97.25,165.47,121.43,68.22
PT,2023,2023-03-21,99.0,145.66,118.848,46.66
PT,2023,2023-03-22,59.1,140.0,100.842,80.9
PT,2023,2023-03-23,42.06,122.61,82.319,80.55
PT,2023,2023-03-24,29.25,116.23,60.791,86.98
PT,2023,2023-03-25,10.43,77.0,42.165,66.57
PT,2023,2023-03-26,0.0,104.63,33.335,104.63
PT,2023,2023-03-27,49.25,187.6,105.196,138.35
PT,2023,2023-03-28,70.43,160.0,109.359,89.57
PT,2023,2023-03-29,4.16,121.87,64.092,117.71
PT,2023,2023-03-30,0.1,91.0,30.265,90.9
PT,2023,2023-03-31,0.19,82.19,20.666,82.0
PT,2023,2023-04-01,4.16,63.78,29.474,59.62
PT,2023,2023-04-02,0.0,52.62,18.815,52.62
PT,2023,2023-04-03,19.2,165.33,64.873,146.13
PT,2023,2023-04-04,15.49,108.76,60.634,93.27
PT,2023,2023-04-05,50.0,166.06,108.11,116.06
PT,2023,2023-04-06,55.0,133.67,97.083,78.67
PT,2023,2023-04-07,54.68,143.35,101.641,88.67
PT,2023,2023-04-08,10.0,140.21,86.807,130.21
PT,2023,2023-04-09,0.1,126.39,72.828,126.29
PT,2023,2023-04-10,0.1,89.7,50.727,89.6
PT,2023,2023-04-11,35.0,142.13,92.352,107.13
PT,2023,2023-04-12,1.6,98.62,38.652,97.02
PT,2023,2023-04-13,0.1,123.54,67.924,123.44
PT,2023,2023-04-14,1.5,87.41,46.393,85.91
PT,2023,2023-04-15,0.0,44.28,21.065,44.28
PT,2023,2023-04-16,1.5,127.85,40.224,126.35
PT,2023,2023-04-17,41.73,134.25,79.082,92.52
PT,2023,2023-04-18,75.2,141.4,101.85,66.2
PT,2023,2023-04-19,89.42,145.0,113.697,55.58
PT,2023,2023-04-20,84.47,147.42,114.684,62.95
PT,2023,2023-04-21,25.0,145.99,100.442,120.99
PT,2023,2023-04-22,4.16,129.27,78.009,125.11
PT,2023,2023-04-23,0.0,125.02,48.951,125.02
PT,2023,2023-04-24,63.6,136.55,99.278,72.95
PT,2023,2023-04-25,49.95,141.54,94.232,91.59
PT,2023,2023-04-26,79.47,146.12,109.596,66.65
PT,2023,2023-04-27,86.48,142.58,109.379,56.1
PT,2023,2023-04-28,80.0,126.93,107.5,46.93
PT,2023,2023-04-29,30.0,120.0,86.362,90.0
PT,2023,2023-04-30,27.7,122.2,70.772,94.5
PT,2023,2023-05-01,31.0,122.57,94.587,91.57
PT,2023,2023-05-02,86.32,148.16,112.088,61.84
PT,2023,2023-05-03,25.0,122.99,82.085,97.99
PT,2023,2023-05-04,59.79,128.58,92.435,68.79
PT,2023,2023-05-05,75.43,130.0,101.666,54.57
PT,2023,2023-05-06,50.0,118.77,90.055,68.77
PT,2023,2023-05-07,4.17,115.5,63.28,111.33
PT,2023,2023-05-08,77.99,126.14,97.837,48.15
PT,2023,2023-05-09,35.0,121.0,88.722,86.0
PT,2023,2023-05-10,45.1,129.0,83.262,83.9
PT,2023,2023-05-11,45.21,113.95,81.404,68.74
PT,2023,2023-05-12,7.62,115.47,73.478,107.85
PT,2023,2023-05-13,2.91,101.11,50.074,98.2
PT,2023,2023-05-14,0.0,98.96,51.737,98.96
PT,2023,2023-05-15,4.16,103.5,55.048,99.34
PT,2023,2023-05-16,5.0,99.25,43.147,94.25
PT,2023,2023-05-17,18.16,99.25,49.574,81.09
PT,2023,2023-05-18,15.0,94.94,52.93,79.94
PT,2023,2023-05-19,30.87,95.17,59.735,64.3
PT,2023,2023-05-20,4.16,81.06,43.383,76.9
PT,2023,2023-05-21,2.14,91.0,42.9,88.86
PT,2023,2023-05-22,73.64,113.42,89.629,39.78
PT,2023,2023-05-23,60.0,105.0,83.559,45.0
PT,2023,2023-05-24,71.75,104.96,85.338,33.21
PT,2023,2023-05-25,35.27,106.29,75.153,71.02
PT,2023,2023-05-26,4.17,120.0,66.477,115.83
PT,2023,2023-05-27,57.85,110.0,87.189,52.15
PT,2023,2023-05-28,50.0,115.38,84.037,65.38
PT,2023,2023-05-29,80.0,131.86,95.559,51.86
PT,2023,2023-05-30,75.0,124.03,93.371,49.03
PT,2023,2023-05-31,65.7,119.06,87.742,53.36
PT,2023,2023-06-01,68.18,103.79,84.893,35.61
PT,2023,2023-06-02,74.26,103.53,87.272,29.27
PT,2023,2023-06-03,70.99,103.34,85.395,32.35
PT,2023,2023-06-04,51.0,103.64,77.611,52.64
PT,2023,2023-06-05,66.54,103.67,86.662,37.13
PT,2023,2023-06-06,68.5,102.7,86.29,34.2
PT,2023,2023-06-07,65.7,107.36,88.15,41.66
PT,2023,2023-06-08,64.06,100.55,81.189,36.49
PT,2023,2023-06-09,59.75,104.43,81.555,44.68
PT,2023,2023-06-10,57.12,111.81,82.4,54.69
PT,2023,2023-06-11,45.0,111.99,79.71,66.99
PT,2023,2023-06-12,78.7,116.93,94.53,38.23
PT,2023,2023-06-13,68.15,106.16,89.0,38.01
PT,2023,2023-06-14,66.17,114.69,87.112,48.52
PT,2023,2023-06-15,90.0,146.8,106.512,56.8
PT,2023,2023-06-16,99.7,156.13,122.831,56.43
PT,2023,2023-06-17,50.0,142.0,98.488,92.0
PT,2023,2023-06-18,45.47,137.06,86.785,91.59
PT,2023,2023-06-19,85.9,144.68,108.02,58.78
PT,2023,2023-06-20,88.78,142.25,111.806,53.47
PT,2023,2023-06-21,95.78,151.15,118.759,55.37
PT,2023,2023-06-22,95.0,147.18,121.613,52.18
PT,2023,2023-06-23,88.77,136.9,110.089,48.13
PT,2023,2023-06-24,57.64,132.82,94.517,75.18
PT,2023,2023-06-25,75.77,127.59,96.193,51.82
PT,2023,2023-06-26,71.61,129.16,96.652,57.55
PT,2023,2023-06-27,83.2,127.6,99.673,44.4
PT,2023,2023-06-28,86.16,130.9,105.508,44.74
PT,2023,2023-06-29,82.51,129.29,103.371,46.78
PT,2023,2023-06-30,78.6,123.2,96.011,44.6
PT,2023,2023-07-01,67.0,120.2,88.078,53.2
PT,2023,2023-07-02,25.0,130.0,88.634,105.0
PT,2023,2023-07-03,88.08,139.49,116.734,51.41
PT,2023,2023-07-04,84.9,140.7,112.047,55.8
PT,2023,2023-07-05,90.1,135.14,107.358,45.04
PT,2023,2023-07-06,85.02,131.83,111.776,46.81
PT,2023,2023-07-07,64.98,126.87,101.225,61.89
PT,2023,2023-07-08,55.0,132.86,91.861,77.86
PT,2023,2023-07-09,50.0,134.1,92.147,84.1
PT,2023,2023-07-10,88.32,151.65,110.622,63.33
PT,2023,2023-07-11,87.12,128.21,104.382,41.09
PT,2023,2023-07-12,86.75,123.79,100.735,37.04
PT,2023,2023-07-13,88.72,137.31,103.674,48.59
PT,2023,2023-07-14,45.68,118.0,87.054,72.32
PT,2023,2023-07-15,19.32,107.02,66.745,87.7
PT,2023,2023-07-16,15.69,114.95,60.166,99.26
PT,2023,2023-07-17,70.0,126.44,88.645,56.44
PT,2023,2023-07-18,81.66,120.01,97.368,38.35
PT,2023,2023-07-19,77.09,116.03,94.535,38.94
PT,2023,2023-07-20,75.03,112.47,93.659,37.44
PT,2023,2023-07-21,74.9,111.51,93.313,36.61
PT,2023,2023-07-22,69.6,115.67,92.466,46.07
PT,2023,2023-07-23,0.0,114.95,64.36,114.95
PT,2023,2023-07-24,66.2,105.84,89.687,39.64
PT,2023,2023-07-25,71.5,120.01,91.119,48.51
PT,2023,2023-07-26,84.82,127.0,102.551,42.18
PT,2023,2023-07-27,73.6,121.0,98.716,47.4
PT,2023,2023-07-28,75.65,113.82,97.632,38.17
PT,2023,2023-07-29,69.0,110.86,91.941,41.86
PT,2023,2023-07-30,38.98,113.93,79.037,74.95
PT,2023,2023-07-31,70.5,106.96,89.322,36.46
PT,2023,2023-08-01,68.84,115.0,87.256,46.16
PT,2023,2023-08-02,34.81,96.09,76.78,61.28
PT,2023,2023-08-03,23.51,95.0,65.425,71.49
PT,2023,2023-08-04,40.0,101.55,70.775,61.55
PT,2023,2023-08-05,46.67,92.58,80.977,45.91
PT,2023,2023-08-06,1.64,81.25,54.315,79.61
PT,2023,2023-08-07,47.8,124.95,86.443,77.15
PT,2023,2023-08-08,78.5,127.66,96.495,49.16
PT,2023,2023-08-09,79.51,130.81,100.533,51.3
PT,2023,2023-08-10,82.21,125.51,105.316,43.3
PT,2023,2023-08-11,89.0,130.82,112.606,41.82
PT,2023,2023-08-12,70.51,123.55,97.244,53.04
PT,2023,2023-08-13,6.76,120.01,73.927,113.25
PT,2023,2023-08-14,67.13,125.12,97.916,57.99
PT,2023,2023-08-15,45.85,133.04,94.577,87.19
PT,2023,2023-08-16,86.0,136.1,107.321,50.1
PT,2023,2023-08-17,89.98,136.01,114.486,46.03
PT,2023,2023-08-18,82.85,130.52,107.305,47.67
PT,2023,2023-08-19,84.76,140.36,110.715,55.6
PT,2023,2023-08-20,82.5,139.54,112.313,57.04
PT,2023,2023-08-21,97.09,149.58,118.188,52.49
PT,2023,2023-08-22,99.51,158.61,121.411,59.1
PT,2023,2023-08-23,111.12,180.34,134.893,69.22
PT,2023,2023-08-24,103.81,171.16,130.197,67.35
PT,2023,2023-08-25,91.33,140.61,111.509,49.28
PT,2023,2023-08-26,81.93,128.22,101.076,46.29
PT,2023,2023-08-27,0.0,127.55,51.75,127.55
PT,2023,2023-08-28,40.0,138.08,91.193,98.08
PT,2023,2023-08-29,78.91,139.07,102.78,60.16
PT,2023,2023-08-30,86.51,138.45,108.73,51.94
PT,2023,2023-08-31,88.0,136.66,110.663,48.66
PT,2023,2023-09-01,74.46,127.82,105.335,53.36
PT,2023,2023-09-02,79.45,131.31,101.536,51.86
PT,2023,2023-09-03,4.3,110.78,61.363,106.48
PT,2023,2023-09-04,52.14,138.33,88.419,86.19
PT,2023,2023-09-05,80.31,149.23,105.432,68.92
PT,2023,2023-09-06,79.27,152.5,107.014,73.23
PT,2023,2023-09-07,81.71,146.75,106.822,65.04
PT,2023,2023-09-08,80.0,149.05,104.742,69.05
PT,2023,2023-09-09,57.89,137.67,100.72,79.78
PT,2023,2023-09-10,73.27,131.57,103.29,58.3
PT,2023,2023-09-11,90.0,148.8,116.629,58.8
PT,2023,2023-09-12,97.2,147.47,115.977,50.27
PT,2023,2023-09-13,90.55,137.5,107.543,46.95
PT,2023,2023-09-14,88.99,145.91,108.114,56.92
PT,2023,2023-09-15,94.75,130.5,115.803,35.75
PT,2023,2023-09-16,73.41,122.69,98.032,49.28
PT,2023,2023-09-17,4.08,122.69,61.647,118.61
PT,2023,2023-09-18,80.2,164.12,109.375,83.92
PT,2023,2023-09-19,85.51,143.0,108.061,57.49
PT,2023,2023-09-20,40.0,116.61,91.762,76.61
PT,2023,2023-09-21,70.0,121.38,93.867,51.38
PT,2023,2023-09-22,70.77,133.59,103.356,62.82
PT,2023,2023-09-23,60.63,150.82,110.807,90.19
PT,2023,2023-09-24,28.83,160.51,101.66,131.68
PT,2023,2023-09-25,89.3,160.0,119.132,70.7
PT,2023,2023-09-26,98.0,163.77,123.569,65.77
PT,2023,2023-09-27,82.2,170.0,115.255,87.8
PT,2023,2023-09-28,92.9,147.65,115.35,54.75
PT,2023,2023-09-29,90.87,149.25,119.626,58.38
PT,2023,2023-09-30,40.0,150.58,104.741,110.58
PT,2023,2023-10-01,35.0,142.45,97.843,107.45
PT,2023,2023-10-02,87.7,160.07,115.361,72.37
PT,2023,2023-10-03,64.91,134.27,104.533,69.36
PT,2023,2023-10-04,82.85,139.93,103.789,57.08
PT,2023,2023-10-05,80.03,139.4,105.197,59.37
PT,2023,2023-10-06,81.4,130.0,105.278,48.6
PT,2023,2023-10-07,60.0,125.0,99.625,65.0
PT,2023,2023-10-08,54.59,139.01,104.636,84.42
PT,2023,2023-10-09,93.0,184.5,121.145,91.5
PT,2023,2023-10-10,99.25,157.32,125.548,58.07
PT,2023,2023-10-11,90.0,158.28,123.74,68.28
PT,2023,2023-10-12,88.23,152.03,121.65,63.8
PT,2023,2023-10-13,90.0,143.0,119.525,53.0
PT,2023,2023-10-14,108.57,143.09,135.113,34.52
PT,2023,2023-10-15,98.0,163.42,132.115,65.42
PT,2023,2023-10-16,110.24,175.12,136.565,64.88
PT,2023,2023-10-17,38.0,139.5,101.872,101.5
PT,2023,2023-10-18,4.3,102.56,57.869,98.26
PT,2023,2023-10-19,4.3,95.72,68.439,91.42
PT,2023,2023-10-20,1.64,74.99,25.12,73.35
PT,2023,2023-10-21,10.0,200.0,67.685,190.0
PT,2023,2023-10-22,46.2,113.93,85.3,67.73
PT,2023,2023-10-23,96.9,215.02,126.072,118.12
PT,2023,2023-10-24,64.75,132.13,99.339,67.38
PT,2023,2023-10-25,17.45,109.68,66.894,92.23
PT,2023,2023-10-26,11.97,78.25,49.393,66.28
PT,2023,2023-10-27,4.3,92.49,26.572,88.19
PT,2023,2023-10-28,0.0,23.55,5.867,23.55
PT,2023,2023-10-29,0.0,64.21,12.595,64.21
PT,2023,2023-10-30,4.3,96.81,37.229,92.51
PT,2023,2023-10-31,16.75,129.47,94.262,112.72
PT,2023,2023-11-01,0.01,12.52,4.007,12.51
PT,2023,2023-11-02,0.06,10.0,4.368,9.94
PT,2023,2023-11-03,0.0,15.5,5.808,15.5
PT,2023,2023-11-04,0.0,4.3,1.337,4.3
PT,2023,2023-11-05,0.0,25.02,5.609,25.02
PT,2023,2023-11-06,1.77,151.74,57.983,149.97
PT,2023,2023-11-07,68.01,150.59,98.006,82.58
PT,2023,2023-11-08,66.76,127.43,89.628,60.67
PT,2023,2023-11-09,30.0,112.22,70.696,82.22
PT,2023,2023-11-10,19.08,106.43,52.467,87.35
PT,2023,2023-11-11,1.62,20.17,8.117,18.55
PT,2023,2023-11-12,3.42,77.8,22.497,74.38
PT,2023,2023-11-13,18.02,104.57,48.727,86.55
PT,2023,2023-11-14,38.33,118.22,68.745,79.89
PT,2023,2023-11-15,74.0,129.9,94.901,55.9
PT,2023,2023-11-16,79.9,125.28,102.564,45.38
PT,2023,2023-11-17,92.79,150.33,118.19,57.54
PT,2023,2023-11-18,66.05,111.16,87.692,45.11
PT,2023,2023-11-19,20.78,114.18,71.707,93.4
PT,2023,2023-11-20,44.13,123.01,91.825,78.88
PT,2023,2023-11-21,10.0,76.3,40.56,66.3
PT,2023,2023-11-22,7.41,68.1,29.698,60.69
PT,2023,2023-11-23,23.96,125.76,52.723,101.8
PT,2023,2023-11-24,30.0,105.59,67.72,75.59
PT,2023,2023-11-25,62.6,130.26,89.258,67.66
PT,2023,2023-11-26,99.0,156.68,117.026,57.68
PT,2023,2023-11-27,77.74,144.99,106.942,67.25
PT,2023,2023-11-28,64.47,161.99,108.957,97.52
PT,2023,2023-11-29,57.79,100.28,84.185,42.49
PT,2023,2023-11-30,59.01,150.2,99.561,91.19
PT,2023,2023-12-01,64.25,116.11,95.512,51.86
PT,2023,2023-12-02,56.0,129.64,82.418,73.64
PT,2023,2023-12-03,58.1,96.0,78.274,37.9
PT,2023,2023-12-04,45.1,123.02,78.605,77.92
PT,2023,2023-12-05,83.62,147.47,112.593,63.85
PT,2023,2023-12-06,90.59,129.91,105.966,39.32
PT,2023,2023-12-07,37.94,95.0,82.696,57.06
PT,2023,2023-12-08,4.3,63.37,21.908,59.07
PT,2023,2023-12-09,16.66,76.27,35.161,59.61
PT,2023,2023-12-10,18.53,62.4,39.146,43.87
PT,2023,2023-12-11,10.0,123.57,75.921,113.57
PT,2023,2023-12-12,49.0,92.13,68.895,43.13
PT,2023,2023-12-13,39.98,90.1,57.497,50.12
PT,2023,2023-12-14,48.57,103.15,68.695,54.58
PT,2023,2023-12-15,50.24,90.98,74.07,40.74
PT,2023,2023-12-16,54.1,105.0,80.301,50.9
PT,2023,2023-12-17,43.71,114.06,75.805,70.35
PT,2023,2023-12-18,74.89,174.0,98.428,99.11
PT,2023,2023-12-19,57.85,109.58,85.17,51.73
PT,2023,2023-12-20,33.88,88.06,59.721,54.18
PT,2023,2023-12-21,40.0,74.61,53.347,34.61
PT,2023,2023-12-22,27.79,73.1,51.771,45.31
PT,2023,2023-12-23,23.17,74.61,47.778,51.44
PT,2023,2023-12-24,46.99,109.3,69.274,62.31
PT,2023,2023-12-25,47.79,93.24,63.851,45.45
PT,2023,2023-12-26,73.02,141.2,92.848,68.18
PT,2023,2023-12-27,53.4,121.53,80.475,68.13
PT,2023,2023-12-28,75.18,128.46,98.462,53.28
PT,2023,2023-12-29,86.31,126.72,102.844,40.41
PT,2023,2023-12-30,18.21,88.21,65.568,70.0
PT,2023,2023-12-31,0.0,101.3,33.515,101.3
PT,2024,2024-01-01,1.73,60.9,36.7,59.17
PT,2024,2024-01-02,6.8,62.45,40.49,55.65
PT,2024,2024-01-03,2.21,113.26,59.423,111.05
PT,2024,2024-01-04,66.86,105.18,91.178,38.32
PT,2024,2024-01-05,37.83,90.88,67.52,53.05
PT,2024,2024-01-06,3.2,92.14,45.286,88.94
PT,2024,2024-01-07,45.57,104.85,76.26,59.28
PT,2024,2024-01-08,78.43,133.28,106.519,54.85
PT,2024,2024-01-09,92.33,148.01,113.554,55.68
PT,2024,2024-01-10,85.0,121.4,100.855,36.4
PT,2024,2024-01-11,79.6,132.31,96.855,52.71
PT,2024,2024-01-12,83.0,126.0,97.13,43.0
PT,2024,2024-01-13,71.45,105.31,86.933,33.86
PT,2024,2024-01-14,62.3,92.01,74.775,29.71
PT,2024,2024-01-15,62.04,113.9,87.93,51.86
PT,2024,2024-01-16,19.13,99.98,83.807,80.85
PT,2024,2024-01-17,3.2,54.88,26.291,51.68
PT,2024,2024-01-18,0.43,105.34,49.701,104.91
PT,2024,2024-01-19,50.0,87.33,70.946,37.33
PT,2024,2024-01-20,63.68,99.94,80.331,36.26
PT,2024,2024-01-21,47.0,95.62,63.482,48.62
PT,2024,2024-01-22,40.1,119.0,70.31,78.9
PT,2024,2024-01-23,58.5,129.01,79.057,70.51
PT,2024,2024-01-24,58.2,152.17,82.348,93.97
PT,2024,2024-01-25,55.36,135.36,76.73,80.0
PT,2024,2024-01-26,50.7,115.0,72.631,64.3
PT,2024,2024-01-27,47.0,95.97,65.747,48.97
PT,2024,2024-01-28,37.0,71.55,51.637,34.55
PT,2024,2024-01-29,47.26,110.0,78.506,62.74
PT,2024,2024-01-30,64.0,123.22,81.374,59.22
PT,2024,2024-01-31,64.95,168.35,82.393,103.4
PT,2024,2024-02-01,53.47,101.89,70.696,48.42
PT,2024,2024-02-02,52.41,90.75,65.046,38.34
PT,2024,2024-02-03,39.81,95.68,60.748,55.87
PT,2024,2024-02-04,32.0,129.81,63.309,97.81
PT,2024,2024-02-05,50.0,181.26,81.035,131.26
PT,2024,2024-02-06,41.7,121.06,72.661,79.36
PT,2024,2024-02-07,26.17,76.89,50.532,50.72
PT,2024,2024-02-08,22.04,47.0,37.047,24.96
PT,2024,2024-02-09,3.2,66.35,40.374,63.15
PT,2024,2024-02-10,0.0,37.9,9.813,37.9
PT,2024,2024-02-11,20.5,75.75,43.646,55.25
PT,2024,2024-02-12,30.0,88.21,46.464,58.21
PT,2024,2024-02-13,40.0,91.81,62.188,51.81
PT,2024,2024-02-14,39.88,81.71,58.278,41.83
PT,2024,2024-02-15,36.37,64.44,51.167,28.07
PT,2024,2024-02-16,42.0,77.93,54.031,35.93
PT,2024,2024-02-17,30.7,82.93,49.242,52.23
PT,2024,2024-02-18,30.18,64.71,46.37,34.53
PT,2024,2024-02-19,27.79,72.26,45.537,44.47
PT,2024,2024-02-20,28.6,181.0,52.992,152.4
PT,2024,2024-02-21,22.73,76.7,43.679,53.97
PT,2024,2024-02-22,3.2,16.29,10.16,13.09
PT,2024,2024-02-23,0.01,18.36,6.626,18.35
PT,2024,2024-02-24,0.0,32.37,6.812,32.37
PT,2024,2024-02-25,0.0,7.2,3.015,7.2
PT,2024,2024-02-26,0.0,11.75,3.792,11.75
PT,2024,2024-02-27,0.0,25.0,3.681,25.0
PT,2024,2024-02-28,0.0,66.96,9.824,66.96
PT,2024,2024-02-29,0.0,10.67,4.276,10.67
PT,2024,2024-03-01,0.0,10.1,2.182,10.1
PT,2024,2024-03-02,0.0,30.6,4.07,30.6
PT,2024,2024-03-03,0.0,30.6,3.964,30.6
PT,2024,2024-03-04,1.0,25.0,6.51,24.0
PT,2024,2024-03-05,3.9,129.47,35.479,125.57
PT,2024,2024-03-06,3.87,108.7,36.76,104.83
PT,2024,2024-03-07,0.43,35.0,8.068,34.57
PT,2024,2024-03-08,0.0,5.98,1.462,5.98
PT,2024,2024-03-09,0.0,3.5,0.59,3.5
PT,2024,2024-03-10,0.0,3.2,0.541,3.2
PT,2024,2024-03-11,0.0,87.97,16.087,87.97
PT,2024,2024-03-12,0.1,173.82,36.162,173.72
PT,2024,2024-03-13,2.01,134.32,36.53,132.31
PT,2024,2024-03-14,3.2,78.25,32.707,75.05
PT,2024,2024-03-15,10.55,123.58,38.158,113.03
PT,2024,2024-03-16,0.43,82.61,30.055,82.18
PT,2024,2024-03-17,0.43,79.06,29.227,78.63
PT,2024,2024-03-18,35.0,125.16,59.188,90.16
PT,2024,2024-03-19,35.0,128.96,64.36,93.96
PT,2024,2024-03-20,27.0,100.76,55.486,73.76
PT,2024,2024-03-21,10.61,84.0,35.488,73.39
PT,2024,2024-03-22,1.1,57.3,20.978,56.2
PT,2024,2024-03-23,0.0,9.01,1.879,9.01
PT,2024,2024-03-24,0.0,35.0,7.805,35.0
PT,2024,2024-03-25,2.1,44.96,20.163,42.86
PT,2024,2024-03-26,0.0,14.0,2.36,14.0
PT,2024,2024-03-27,0.0,3.2,0.638,3.2
PT,2024,2024-03-28,0.0,3.2,0.727,3.2
PT,2024,2024-03-29,0.4,21.42,4.411,21.02
PT,2024,2024-03-30,0.43,16.7,4.208,16.27
PT,2024,2024-03-31,0.0,3.2,0.695,3.2
PT,2024,2024-04-01,0.0,21.43,3.02,21.43
PT,2024,2024-04-02,0.0,33.42,6.459,33.42
PT,2024,2024-04-03,0.0,35.0,8.835,35.0
PT,2024,2024-04-04,0.0,25.0,3.868,25.0
PT,2024,2024-04-05,-0.01,1.0,0.067,1.01
PT,2024,2024-04-06,-0.01,8.0,0.791,8.01
PT,2024,2024-04-07,-0.01,35.0,4.056,35.01
PT,2024,2024-04-08,-0.01,3.25,0.35,3.26
PT,2024,2024-04-09,-0.02,14.72,1.602,14.74
PT,2024,2024-04-10,-0.03,35.0,4.182,35.03
PT,2024,2024-04-11,-0.02,70.95,13.478,70.97
PT,2024,2024-04-12,-0.1,74.23,15.093,74.33
PT,2024,2024-04-13,-0.06,35.0,7.818,35.06
PT,2024,2024-04-14,-0.6,30.77,5.8,31.37
PT,2024,2024-04-15,-0.63,19.72,2.925,20.35
PT,2024,2024-04-16,-0.13,10.01,1.62,10.14
PT,2024,2024-04-17,-0.05,22.34,2.66,22.39
PT,2024,2024-04-18,-0.01,30.77,4.672,30.78
PT,2024,2024-04-19,0.0,37.52,14.987,37.52
PT,2024,2024-04-20,-0.04,11.39,4.487,11.43
PT,2024,2024-04-21,-0.1,8.93,2.337,9.03
PT,2024,2024-04-22,-0.3,12.81,2.099,13.11
PT,2024,2024-04-23,0.0,35.0,7.071,35.0
PT,2024,2024-04-24,0.0,101.48,19.982,101.48
PT,2024,2024-04-25,6.0,95.22,41.962,89.22
PT,2024,2024-04-26,16.98,104.06,54.742,87.08
PT,2024,2024-04-27,0.0,65.27,25.335,65.27
PT,2024,2024-04-28,-0.01,78.56,29.883,78.57
PT,2024,2024-04-29,35.0,102.26,58.621,67.26
PT,2024,2024-04-30,15.1,99.32,50.871,84.22
PT,2024,2024-05-01,-0.66,35.0,10.782,35.66
PT,2024,2024-05-02,0.0,59.14,17.458,59.14
PT,2024,2024-05-03,0.44,66.52,26.031,66.08
PT,2024,2024-05-04,0.0,35.02,14.328,35.02
PT,2024,2024-05-05,-0.58,63.58,20.142,64.16
PT,2024,2024-05-06,4.23,97.69,49.463,93.46
PT,2024,2024-05-07,0.0,99.87,38.71,99.87
PT,2024,2024-05-08,3.25,63.38,22.501,60.13
PT,2024,2024-05-09,7.23,104.62,36.394,97.39
PT,2024,2024-05-10,0.44,75.72,28.773,75.28
PT,2024,2024-05-11,-0.41,44.0,20.523,44.41
PT,2024,2024-05-12,0.0,61.5,22.279,61.5
PT,2024,2024-05-13,0.0,50.0,21.115,50.0
PT,2024,2024-05-14,-0.06,35.0,8.844,35.06
PT,2024,2024-05-15,0.0,53.52,16.756,53.52
PT,2024,2024-05-16,2.6,120.0,35.784,117.4
PT,2024,2024-05-17,10.61,102.66,51.919,92.05
PT,2024,2024-05-18,0.0,74.46,32.048,74.46
PT,2024,2024-05-19,-0.62,51.86,25.867,52.48
PT,2024,2024-05-20,0.54,72.43,35.412,71.89
PT,2024,2024-05-21,7.44,72.87,46.006,65.43
PT,2024,2024-05-22,3.25,74.63,44.852,71.38
PT,2024,2024-05-23,26.1,92.3,61.289,66.2
PT,2024,2024-05-24,35.01,117.19,73.83,82.18
PT,2024,2024-05-25,0.0,86.85,40.787,86.85
PT,2024,2024-05-26,-0.6,56.16,23.545,56.76
PT,2024,2024-05-27,6.0,54.0,31.036,48.0
PT,2024,2024-05-28,0.0,70.96,31.501,70.96
PT,2024,2024-05-29,11.0,69.87,38.881,58.87
PT,2024,2024-05-30,0.0,45.44,21.002,45.44
PT,2024,2024-05-31,-0.01,7.3,2.387,7.31
PT,2024,2024-06-01,-0.66,8.44,1.94,9.1
PT,2024,2024-06-02,-1.05,28.87,5.075,29.92
PT,2024,2024-06-03,10.15,102.15,40.96,92.0
PT,2024,2024-06-04,42.0,175.55,93.7,133.55
PT,2024,2024-06-05,45.01,170.01,96.225,125.0
PT,2024,2024-06-06,55.9,122.37,92.825,66.47
PT,2024,2024-06-07,42.45,103.49,80.815,61.04
PT,2024,2024-06-08,25.3,101.44,67.375,76.14
PT,2024,2024-06-09,-0.01,69.64,25.456,69.65
PT,2024,2024-06-10,34.8,98.3,48.368,63.5
PT,2024,2024-06-11,35.01,98.13,63.441,63.12
PT,2024,2024-06-12,27.0,101.34,59.817,74.34
PT,2024,2024-06-13,5.34,130.0,69.037,124.66
PT,2024,2024-06-14,0.0,90.0,40.319,90.0
PT,2024,2024-06-15,-0.79,47.7,19.564,48.49
PT,2024,2024-06-16,-2.0,41.62,16.92,43.62
PT,2024,2024-06-17,0.0,91.27,32.631,91.27
PT,2024,2024-06-18,13.46,130.9,61.918,117.44
PT,2024,2024-06-19,36.28,114.32,76.877,78.04
PT,2024,2024-06-20,58.35,122.78,90.266,64.43
PT,2024,2024-06-21,47.55,115.0,85.01,67.45
PT,2024,2024-06-22,0.0,99.1,44.838,99.1
PT,2024,2024-06-23,-0.85,95.62,25.368,96.47
PT,2024,2024-06-24,35.02,117.33,60.998,82.31
PT,2024,2024-06-25,35.0,117.41,71.445,82.41
PT,2024,2024-06-26,60.0,137.18,96.905,77.18
PT,2024,2024-06-27,45.66,120.74,89.395,75.08
PT,2024,2024-06-28,46.87,113.3,81.911,66.43
PT,2024,2024-06-29,1.5,106.08,52.328,104.58
PT,2024,2024-06-30,0.02,103.22,57.107,103.2
PT,2024,2024-07-01,45.0,99.26,59.94,54.26
PT,2024,2024-07-02,35.0,110.41,60.65,75.41
PT,2024,2024-07-03,34.27,107.51,71.544,73.24
PT,2024,2024-07-04,37.87,99.88,72.222,62.01
PT,2024,2024-07-05,3.32,106.33,62.443,103.01
PT,2024,2024-07-06,-1.01,79.74,30.123,80.75
PT,2024,2024-07-07,-1.01,104.58,38.036,105.59
PT,2024,2024-07-08,31.98,115.15,73.404,83.17
PT,2024,2024-07-09,8.3,141.94,74.011,133.64
PT,2024,2024-07-10,45.06,131.98,87.387,86.92
PT,2024,2024-07-11,52.0,111.39,83.684,59.39
PT,2024,2024-07-12,29.65,90.22,59.931,60.57
PT,2024,2024-07-13,0.0,107.51,52.763,107.51
PT,2024,2024-07-14,-0.95,109.91,50.757,110.86
PT,2024,2024-07-15,3.74,109.37,55.538,105.63
PT,2024,2024-07-16,59.79,125.02,87.043,65.23
PT,2024,2024-07-17,69.66,127.0,94.873,57.34
PT,2024,2024-07-18,79.21,138.23,101.625,59.02
PT,2024,2024-07-19,68.72,121.22,97.178,52.5
PT,2024,2024-07-20,-0.01,101.01,48.087,101.02
PT,2024,2024-07-21,-0.03,95.44,33.245,95.47
PT,2024,2024-07-22,54.99,133.58,80.21,78.59
PT,2024,2024-07-23,66.18,122.23,91.838,56.05
PT,2024,2024-07-24,75.31,124.11,94.92,48.8
PT,2024,2024-07-25,59.1,116.52,89.733,57.42
PT,2024,2024-07-26,71.2,122.23,95.098,51.03
PT,2024,2024-07-27,15.0,117.92,76.913,102.92
PT,2024,2024-07-28,0.0,125.5,63.787,125.5
PT,2024,2024-07-29,93.0,135.01,108.545,42.01
PT,2024,2024-07-30,64.0,142.48,100.147,78.48
PT,2024,2024-07-31,79.59,142.48,105.655,62.89
PT,2024,2024-08-01,81.8,132.66,107.23,50.86
PT,2024,2024-08-02,49.95,128.53,93.805,78.58
PT,2024,2024-08-03,5.0,136.53,77.342,131.53
PT,2024,2024-08-04,0.44,144.24,75.819,143.8
PT,2024,2024-08-05,81.45,150.89,109.334,69.44
PT,2024,2024-08-06,82.31,132.34,105.134,50.03
PT,2024,2024-08-07,79.39,128.9,97.334,49.51
PT,2024,2024-08-08,82.0,140.01,102.163,58.01
PT,2024,2024-08-09,80.0,127.71,101.468,47.71
PT,2024,2024-08-10,0.44,127.57,72.247,127.13
PT,2024,2024-08-11,0.0,136.29,68.631,136.29
PT,2024,2024-08-12,80.1,136.13,106.201,56.03
PT,2024,2024-08-13,80.05,130.48,106.062,50.43
PT,2024,2024-08-14,60.0,114.26,85.4,54.26
PT,2024,2024-08-15,0.0,117.13,47.396,117.13
PT,2024,2024-08-16,50.72,129.78,88.912,79.06
PT,2024,2024-08-17,34.72,120.0,83.387,85.28
PT,2024,2024-08-18,0.0,111.64,52.978,111.64
PT,2024,2024-08-19,67.1,157.48,96.413,90.38
PT,2024,2024-08-20,60.0,125.08,93.751,65.08
PT,2024,2024-08-21,5.22,165.01,82.668,159.79
PT,2024,2024-08-22,78.18,164.5,109.119,86.32
PT,2024,2024-08-23,77.0,141.2,107.079,64.2
PT,2024,2024-08-24,0.0,116.62,56.205,116.62
PT,2024,2024-08-25,-0.95,109.91,33.532,110.86
PT,2024,2024-08-26,63.37,160.0,97.091,96.63
PT,2024,2024-08-27,75.0,153.2,107.309,78.2
PT,2024,2024-08-28,75.0,138.58,108.478,63.58
PT,2024,2024-08-29,107.42,138.0,120.316,30.58
PT,2024,2024-08-30,91.81,140.01,116.037,48.2
PT,2024,2024-08-31,85.23,154.15,117.021,68.92
PT,2024,2024-09-01,28.98,141.74,99.519,112.76
PT,2024,2024-09-02,89.87,138.0,116.12,48.13
PT,2024,2024-09-03,83.08,133.95,106.799,50.87
PT,2024,2024-09-04,51.99,127.42,95.536,75.43
PT,2024,2024-09-05,81.18,134.0,104.93,52.82
PT,2024,2024-09-06,19.56,118.2,87.255,98.64
PT,2024,2024-09-07,34.12,148.56,87.232,114.44
PT,2024,2024-09-08,0.0,117.22,67.258,117.22
PT,2024,2024-09-09,9.54,132.0,90.348,122.46
PT,2024,2024-09-10,4.59,114.59,79.883,110.0
PT,2024,2024-09-11,15.0,113.0,78.482,98.0
PT,2024,2024-09-12,3.32,116.37,70.272,113.05
PT,2024,2024-09-13,0.0,89.98,45.265,89.98
PT,2024,2024-09-14,0.44,106.85,46.152,106.41
PT,2024,2024-09-15,0.0,65.08,29.274,65.08
PT,2024,2024-09-16,0.0,88.4,27.086,88.4
PT,2024,2024-09-17,0.0,93.52,30.434,93.52
PT,2024,2024-09-18,56.47,148.26,92.878,91.79
PT,2024,2024-09-19,88.0,155.01,108.049,67.01
PT,2024,2024-09-20,72.85,146.97,106.885,74.12
PT,2024,2024-09-21,3.32,133.02,84.996,129.7
PT,2024,2024-09-22,0.15,114.53,70.047,114.38
PT,2024,2024-09-23,20.5,157.66,90.782,137.16
PT,2024,2024-09-24,57.31,140.0,94.869,82.69
PT,2024,2024-09-25,6.99,88.09,51.367,81.1
PT,2024,2024-09-26,0.0,72.5,26.002,72.5
PT,2024,2024-09-27,0.0,109.83,34.182,109.83
PT,2024,2024-09-28,0.0,120.11,46.949,120.11
PT,2024,2024-09-29,0.0,101.89,43.654,101.89
PT,2024,2024-09-30,8.06,176.21,93.735,168.15
PT,2024,2024-10-01,56.28,173.81,97.88,117.53
PT,2024,2024-10-02,40.0,124.24,89.525,84.24
PT,2024,2024-10-03,8.0,126.98,71.606,118.98
PT,2024,2024-10-04,49.1,146.41,98.138,97.31
PT,2024,2024-10-05,0.0,109.38,56.193,109.38
PT,2024,2024-10-06,-0.01,85.23,23.345,85.24
PT,2024,2024-10-07,24.35,108.32,53.206,83.97
PT,2024,2024-10-08,0.0,90.0,29.958,90.0
PT,2024,2024-10-09,0.98,60.8,26.875,59.82
PT,2024,2024-10-10,39.83,180.0,81.596,140.17
PT,2024,2024-10-11,57.57,111.04,83.829,53.47
PT,2024,2024-10-12,38.91,119.93,70.182,81.02
PT,2024,2024-10-13,0.11,121.28,54.719,121.17
PT,2024,2024-10-14,71.2,178.61,103.458,107.41
PT,2024,2024-10-15,47.51,125.89,84.718,78.38
PT,2024,2024-10-16,3.32,112.08,51.308,108.76
PT,2024,2024-10-17,0.44,84.34,48.518,83.9
PT,2024,2024-10-18,30.3,109.56,64.911,79.26
PT,2024,2024-10-19,5.05,91.5,49.162,86.45
PT,2024,2024-10-20,0.02,125.89,54.058,125.87
PT,2024,2024-10-21,64.0,181.0,92.903,117.0
PT,2024,2024-10-22,50.24,124.71,80.342,74.47
PT,2024,2024-10-23,56.08,155.8,86.632,99.72
PT,2024,2024-10-24,24.55,120.01,69.06,95.46
PT,2024,2024-10-25,40.0,103.06,64.3,63.06
PT,2024,2024-10-26,5.01,90.98,52.498,85.97
PT,2024,2024-10-27,39.99,128.7,76.309,88.71
PT,2024,2024-10-28,43.1,149.48,76.167,106.38
PT,2024,2024-10-29,49.04,98.61,73.237,49.57
PT,2024,2024-10-30,44.6,145.0,84.406,100.4
PT,2024,2024-10-31,70.99,148.72,101.036,77.73
PT,2024,2024-11-01,47.8,125.88,82.019,78.08
PT,2024,2024-11-02,69.84,114.64,92.149,44.8
PT,2024,2024-11-03,7.4,116.67,72.19,109.27
PT,2024,2024-11-04,83.82,160.54,109.118,76.72
PT,2024,2024-11-05,90.43,193.0,117.944,102.57
PT,2024,2024-11-06,86.0,171.89,116.143,85.89
PT,2024,2024-11-07,90.0,151.49,111.701,61.49
PT,2024,2024-11-08,98.78,134.28,117.998,35.5
PT,2024,2024-11-09,90.2,134.86,110.011,44.66
PT,2024,2024-11-10,48.4,128.02,91.072,79.62
PT,2024,2024-11-11,15.2,116.86,78.963,101.66
PT,2024,2024-11-12,3.32,128.86,66.203,125.54
PT,2024,2024-11-13,82.99,133.61,105.208,50.62
PT,2024,2024-11-14,89.53,151.63,119.508,62.1
PT,2024,2024-11-15,104.05,147.22,124.261,43.17
PT,2024,2024-11-16,91.98,139.0,113.195,47.02
PT,2024,2024-11-17,87.79,154.43,114.215,66.64
PT,2024,2024-11-18,117.27,168.2,136.597,50.93
PT,2024,2024-11-19,96.63,147.48,131.936,50.85
PT,2024,2024-11-20,29.12,143.18,95.45,114.06
PT,2024,2024-11-21,29.8,125.01,78.451,95.21
PT,2024,2024-11-22,77.13,161.26,121.349,84.13
PT,2024,2024-11-23,13.81,114.28,73.276,100.47
PT,2024,2024-11-24,3.32,41.54,10.565,38.22
PT,2024,2024-11-25,3.33,159.82,87.372,156.49
PT,2024,2024-11-26,130.38,162.07,143.283,31.69
PT,2024,2024-11-27,105.44,165.08,136.527,59.64
PT,2024,2024-11-28,103.19,158.24,131.32,55.05
PT,2024,2024-11-29,102.0,155.95,127.935,53.95
PT,2024,2024-11-30,88.67,142.5,123.456,53.83
PT,2024,2024-12-01,105.53,175.2,127.135,69.67
PT,2024,2024-12-02,126.56,157.2,143.282,30.64
PT,2024,2024-12-03,121.18,160.02,139.788,38.84
PT,2024,2024-12-04,106.98,174.99,134.785,68.01
PT,2024,2024-12-05,107.56,156.22,135.26,48.66
PT,2024,2024-12-06,73.45,146.85,116.345,73.4
PT,2024,2024-12-07,2.0,71.85,34.385,69.85
PT,2024,2024-12-08,0.44,74.97,23.703,74.53
PT,2024,2024-12-09,3.85,137.21,69.988,133.36
PT,2024,2024-12-10,100.7,181.0,134.508,80.3
PT,2024,2024-12-11,113.05,179.07,140.922,66.02
PT,2024,2024-12-12,112.6,177.38,146.515,64.78
PT,2024,2024-12-13,114.95,172.35,145.643,57.4
PT,2024,2024-12-14,104.07,151.32,128.21,47.25
PT,2024,2024-12-15,70.47,138.84,102.331,68.37
PT,2024,2024-12-16,95.19,166.89,121.367,71.7
PT,2024,2024-12-17,101.24,146.24,121.636,45.0
PT,2024,2024-12-18,75.0,146.54,111.699,71.54
PT,2024,2024-12-19,22.33,122.78,81.591,100.45
PT,2024,2024-12-20,85.81,145.39,114.995,59.58
PT,2024,2024-12-21,35.07,133.48,93.672,98.41
PT,2024,2024-12-22,5.0,85.0,50.461,80.0
PT,2024,2024-12-23,3.32,124.89,49.398,121.57
PT,2024,2024-12-24,35.0,112.21,74.117,77.21
PT,2024,2024-12-25,75.99,141.08,102.89,65.09
PT,2024,2024-12-26,105.3,166.8,134.018,61.5
PT,2024,2024-12-27,107.81,161.5,133.695,53.69
PT,2024,2024-12-28,108.97,160.78,133.308,51.81
PT,2024,2024-12-29,108.88,162.0,135.948,53.12
PT,2024,2024-12-30,116.02,172.72,141.083,56.7
PT,2024,2024-12-31,111.75,159.44,135.422,47.69
PT,2025,2025-01-01,20.59,152.99,103.734,132.4
PT,2025,2025-01-02,101.88,161.1,133.725,59.22
PT,2025,2025-01-03,90.01,151.25,122.08,61.24
PT,2025,2025-01-04,82.27,145.0,111.268,62.73
PT,2025,2025-01-05,13.28,70.5,47.756,57.22
PT,2025,2025-01-06,3.52,117.78,51.031,114.26
PT,2025,2025-01-07,19.2,128.87,85.096,109.67
PT,2025,2025-01-08,53.0,131.0,98.153,78.0
PT,2025,2025-01-09,13.01,141.27,89.054,128.26
PT,2025,2025-01-10,69.94,144.28,112.368,74.34
PT,2025,2025-01-11,60.3,123.55,95.808,63.25
PT,2025,2025-01-12,3.01,126.8,73.971,123.79
PT,2025,2025-01-13,100.0,180.0,126.22,80.0
PT,2025,2025-01-14,111.63,189.54,137.352,77.91
PT,2025,2025-01-15,115.58,225.0,140.342,109.42
PT,2025,2025-01-16,108.58,184.32,134.101,75.74
PT,2025,2025-01-17,106.5,175.0,135.008,68.5
PT,2025,2025-01-18,110.2,167.85,133.116,57.65
PT,2025,2025-01-19,102.35,157.33,124.265,54.98
PT,2025,2025-01-20,114.41,170.0,145.491,55.59
PT,2025,2025-01-21,115.3,156.15,138.761,40.85
PT,2025,2025-01-22,103.6,167.72,135.017,64.12
PT,2025,2025-01-23,94.0,196.51,139.26,102.51
PT,2025,2025-01-24,57.03,122.0,90.206,64.97
PT,2025,2025-01-25,3.6,96.37,41.859,92.77
PT,2025,2025-01-26,6.93,44.38,25.207,37.45
PT,2025,2025-01-27,0.65,53.37,20.748,52.72
PT,2025,2025-01-28,0.65,69.5,16.95,68.85
PT,2025,2025-01-29,3.52,133.85,48.895,130.33
PT,2025,2025-01-30,0.0,114.0,42.436,114.0
PT,2025,2025-01-31,39.0,184.48,99.508,145.48
PT,2025,2025-02-01,5.06,162.98,95.096,157.92
PT,2025,2025-02-02,92.88,173.95,124.037,81.07
PT,2025,2025-02-03,102.19,227.51,133.161,125.32
PT,2025,2025-02-04,100.39,240.0,143.221,139.61
PT,2025,2025-02-05,30.0,189.9,117.727,159.9
PT,2025,2025-02-06,85.3,231.0,138.285,145.7
PT,2025,2025-02-07,87.89,151.34,115.988,63.45
PT,2025,2025-02-08,45.04,166.9,106.065,121.86
PT,2025,2025-02-09,64.0,187.99,109.361,123.99
PT,2025,2025-02-10,112.5,200.0,139.34,87.5
PT,2025,2025-02-11,106.01,194.5,132.48,88.49
PT,2025,2025-02-12,62.0,194.44,120.191,132.44
PT,2025,2025-02-13,80.0,200.0,130.969,120.0
PT,2025,2025-02-14,55.0,201.66,120.811,146.66
PT,2025,2025-02-15,25.46,131.51,89.449,106.05
PT,2025,2025-02-16,12.0,161.56,89.422,149.56
PT,2025,2025-02-17,98.97,215.52,137.165,116.55
PT,2025,2025-02-18,7.03,159.88,79.845,152.85
PT,2025,2025-02-19,90.01,203.2,123.287,113.19
PT,2025,2025-02-20,20.33,150.56,86.437,130.23
PT,2025,2025-02-21,3.52,93.83,47.417,90.31
PT,2025,2025-02-22,39.68,130.72,72.142,91.04
PT,2025,2025-02-23,3.52,134.7,65.352,131.18
PT,2025,2025-02-24,32.64,159.17,78.265,126.53
PT,2025,2025-02-25,57.56,140.99,96.108,83.43
PT,2025,2025-02-26,54.59,225.0,105.93,170.41
PT,2025,2025-02-27,86.8,219.08,120.393,132.28
PT,2025,2025-02-28,80.13,151.96,110.779,71.83
PT,2025,2025-03-01,31.73,85.2,64.026,53.47
PT,2025,2025-03-02,27.5,124.87,66.261,97.37
PT,2025,2025-03-03,66.91,149.0,97.878,82.09
PT,2025,2025-03-04,50.24,144.28,95.856,94.04
PT,2025,2025-03-05,35.19,112.82,77.837,77.63
PT,2025,2025-03-06,54.19,126.02,78.743,71.83
PT,2025,2025-03-07,7.82,77.14,47.071,69.32
PT,2025,2025-03-08,0.02,43.38,15.487,43.36
PT,2025,2025-03-09,3.52,127.6,48.595,124.08
PT,2025,2025-03-10,66.7,152.05,88.36,85.35
PT,2025,2025-03-11,69.1,157.5,96.693,88.4
PT,2025,2025-03-12,69.1,176.69,94.047,107.59
PT,2025,2025-03-13,49.75,160.86,109.276,111.11
PT,2025,2025-03-14,5.0,134.5,59.038,129.5
PT,2025,2025-03-15,0.0,132.96,48.918,132.96
PT,2025,2025-03-16,6.99,140.0,60.601,133.01
PT,2025,2025-03-17,50.24,170.0,83.524,119.76
PT,2025,2025-03-18,5.19,150.79,56.676,145.6
PT,2025,2025-03-19,0.0,52.96,21.408,52.96
PT,2025,2025-03-20,0.43,101.6,23.061,101.17
PT,2025,2025-03-21,0.18,40.0,10.135,39.82
PT,2025,2025-03-22,-0.01,76.01,12.537,76.02
PT,2025,2025-03-23,0.0,125.92,28.58,125.92
PT,2025,2025-03-24,0.65,179.1,44.475,178.45
PT,2025,2025-03-25,0.0,160.86,42.708,160.86
PT,2025,2025-03-26,0.0,126.66,38.226,126.66
PT,2025,2025-03-27,0.0,150.0,52.85,150.0
PT,2025,2025-03-28,-0.1,86.9,24.435,87.0
PT,2025,2025-03-29,-1.01,20.16,4.763,21.17
PT,2025,2025-03-30,-4.0,35.01,3.258,39.01
PT,2025,2025-03-31,-0.1,197.25,35.531,197.35
PT,2025,2025-04-01,5.8,159.37,56.351,153.57
PT,2025,2025-04-02,-0.02,104.9,26.968,104.92
PT,2025,2025-04-03,0.0,80.0,20.75,80.0
PT,2025,2025-04-04,-0.02,50.02,11.641,50.04
PT,2025,2025-04-05,-1.2,95.61,26.991,96.81
PT,2025,2025-04-06,-1.54,80.0,25.46,81.54
PT,2025,2025-04-07,0.0,170.01,57.732,170.01
PT,2025,2025-04-08,-1.02,131.17,44.852,132.19
PT,2025,2025-04-09,-0.5,98.21,30.939,98.71
PT,2025,2025-04-10,-0.01,50.82,18.204,50.83
PT,2025,2025-04-11,-0.01,58.02,19.431,58.03
PT,2025,2025-04-12,0.01,79.0,27.252,78.99
PT,2025,2025-04-13,-1.51,60.55,18.653,62.06
PT,2025,2025-04-14,0.0,74.94,22.214,74.94
PT,2025,2025-04-15,-0.01,35.0,12.189,35.01
PT,2025,2025-04-16,-0.01,69.21,12.303,69.22
PT,2025,2025-04-17,0.0,107.5,22.821,107.5
PT,2025,2025-04-18,-1.54,35.0,10.485,36.54
PT,2025,2025-04-19,-4.0,8.0,1.452,12.0
PT,2025,2025-04-20,-4.99,41.27,8.264,46.26
PT,2025,2025-04-21,6.56,160.0,50.748,153.44
PT,2025,2025-04-22,4.31,130.04,63.116,125.73
PT,2025,2025-04-23,0.01,116.7,44.065,116.69
PT,2025,2025-04-24,0.0,114.48,44.017,114.48
PT,2025,2025-04-25,-0.21,83.51,32.812,83.72
PT,2025,2025-04-26,-3.03,23.04,5.182,26.07
PT,2025,2025-04-27,-5.0,100.7,12.503,105.7
PT,2025,2025-04-28,-2.5,80.8,16.984,83.3
PT,2025,2025-04-29,-1.9,35.01,6.829,36.91
PT,2025,2025-04-30,3.18,45.0,21.238,41.82
PT,2025,2025-05-01,4.68,55.0,17.445,50.32
PT,2025,2025-05-02,2.5,63.62,15.819,61.12
PT,2025,2025-05-03,0.27,57.18,17.652,56.91
PT,2025,2025-05-04,6.09,47.78,21.833,41.69
PT,2025,2025-05-05,30.36,62.76,44.573,32.4
PT,2025,2025-05-06,36.0,65.12,46.967,29.12
PT,2025,2025-05-07,31.22,80.0,48.852,48.78
PT,2025,2025-05-08,29.01,79.59,41.103,50.58
PT,2025,2025-05-09,19.02,80.27,33.917,61.25
PT,2025,2025-05-10,0.0,36.88,12.647,36.88
PT,2025,2025-05-11,0.0,35.01,7.595,35.01
PT,2025,2025-05-12,5.76,122.03,31.248,116.27
PT,2025,2025-05-13,20.09,128.07,49.784,107.98
PT,2025,2025-05-14,6.0,91.53,37.81,85.53
PT,2025,2025-05-15,3.5,35.01,17.97,31.51
PT,2025,2025-05-16,0.01,41.21,14.608,41.2
PT,2025,2025-05-17,5.0,57.12,16.845,52.12
PT,2025,2025-05-18,-1.0,40.7,11.113,41.7
PT,2025,2025-05-19,2.2,37.94,14.676,35.74
PT,2025,2025-05-20,1.5,54.0,18.374,52.5
PT,2025,2025-05-21,4.88,51.39,21.19,46.51
PT,2025,2025-05-22,0.65,24.42,6.622,23.77
PT,2025,2025-05-23,4.23,31.0,8.132,26.77
PT,2025,2025-05-24,3.28,52.0,12.938,48.72
PT,2025,2025-05-25,0.0,35.01,10.742,35.01
PT,2025,2025-05-26,3.68,76.06,20.11,72.38
PT,2025,2025-05-27,9.51,111.16,30.925,101.65
PT,2025,2025-05-28,9.51,100.86,34.66,91.35
PT,2025,2025-05-29,9.51,134.99,40.996,125.48
PT,2025,2025-05-30,15.43,130.19,53.67,114.76
PT,2025,2025-05-31,4.31,83.61,40.637,79.3
PT,2025,2025-06-01,2.4,53.96,22.62,51.56
PT,2025,2025-06-02,6.55,100.0,38.804,93.45
PT,2025,2025-06-03,5.79,108.78,54.805,102.99
PT,2025,2025-06-04,11.45,127.01,67.672,115.56
PT,2025,2025-06-05,5.0,142.03,69.978,137.03
PT,2025,2025-06-06,4.31,140.34,71.926,136.03
PT,2025,2025-06-07,-1.01,110.2,48.172,111.21
PT,2025,2025-06-08,0.83,109.29,40.174,108.46
PT,2025,2025-06-09,5.57,135.0,65.919,129.43
PT,2025,2025-06-10,54.88,124.35,99.63,69.47
PT,2025,2025-06-11,1.1,115.5,72.967,114.4
PT,2025,2025-06-12,4.31,140.64,67.311,136.33
PT,2025,2025-06-13,4.31,120.98,70.828,116.67
PT,2025,2025-06-14,-0.37,109.8,54.675,110.17
PT,2025,2025-06-15,0.0,78.43,20.656,78.43
PT,2025,2025-06-16,13.27,210.0,64.073,196.73
PT,2025,2025-06-17,22.57,154.76,95.245,132.19
PT,2025,2025-06-18,40.01,194.56,107.122,154.55
PT,2025,2025-06-19,65.0,167.55,115.957,102.55
PT,2025,2025-06-20,70.0,163.49,113.13,93.49
PT,2025,2025-06-21,0.0,138.81,76.639,138.81
PT,2025,2025-06-22,-1.21,130.78,67.571,131.99
PT,2025,2025-06-23,57.42,195.77,110.782,138.35
PT,2025,2025-06-24,7.5,154.52,96.822,147.02
PT,2025,2025-06-25,2.44,154.52,80.569,152.08
PT,2025,2025-06-26,36.2,159.62,92.676,123.42
PT,2025,2025-06-27,35.0,141.05,93.012,106.05
PT,2025,2025-06-28,1.88,132.65,68.588,130.77
PT,2025,2025-06-29,0.85,154.52,72.003,153.67
PT,2025,2025-06-30,77.75,175.01,111.213,97.26
PT,2025,2025-07-01,80.0,167.0,111.277,87.0
PT,2025,2025-07-02,70.64,126.16,99.184,55.52
PT,2025,2025-07-03,37.2,142.59,91.188,105.39
PT,2025,2025-07-04,72.0,139.26,100.956,67.26
PT,2025,2025-07-05,3.52,134.0,71.006,130.48
PT,2025,2025-07-06,0.65,110.62,55.47,109.97
PT,2025,2025-07-07,4.31,106.65,59.573,102.34
PT,2025,2025-07-08,1.72,110.69,48.955,108.97
PT,2025,2025-07-09,35.1,155.75,90.716,120.65
PT,2025,2025-07-10,74.0,170.0,106.89,96.0
PT,2025,2025-07-11,55.4,138.16,98.221,82.76
PT,2025,2025-07-12,0.85,133.0,75.912,132.15
PT,2025,2025-07-13,0.0,134.62,64.344,134.62
PT,2025,2025-07-14,18.21,126.64,83.874,108.43
PT,2025,2025-07-15,29.95,135.87,83.051,105.92
PT,2025,2025-07-16,69.84,175.49,102.55,105.65
PT,2025,2025-07-17,73.0,129.85,102.292,56.85
PT,2025,2025-07-18,71.08,119.39,94.174,48.31
PT,2025,2025-07-19,0.0,106.8,46.109,106.8
PT,2025,2025-07-20,-1.01,92.0,27.791,93.01
PT,2025,2025-07-21,5.11,169.2,62.31,164.09
PT,2025,2025-07-22,31.11,138.83,81.47,107.72
PT,2025,2025-07-23,44.88,113.91,82.785,69.03
PT,2025,2025-07-24,1.72,90.92,44.519,89.2
PT,2025,2025-07-25,0.65,104.72,43.485,104.07
PT,2025,2025-07-26,0.0,100.0,36.95,100.0
PT,2025,2025-07-27,-0.6,88.64,31.67,89.24
PT,2025,2025-07-28,0.65,88.54,32.995,87.89
PT,2025,2025-07-29,0.09,103.27,33.355,103.18
PT,2025,2025-07-30,3.52,104.36,42.537,100.84
PT,2025,2025-07-31,23.5,114.45,65.401,90.95
PT,2025,2025-08-01,13.43,103.02,63.925,89.59
PT,2025,2025-08-02,0.0,99.64,36.224,99.64
PT,2025,2025-08-03,-2.1,97.4,31.002,99.5
PT,2025,2025-08-04,4.31,168.02,69.261,163.71
PT,2025,2025-08-05,0.66,106.22,55.178,105.56
PT,2025,2025-08-06,27.2,170.0,81.162,142.8
PT,2025,2025-08-07,26.39,145.01,83.409,118.62
PT,2025,2025-08-08,5.79,136.87,77.673,131.08
PT,2025,2025-08-09,0.0,113.12,61.182,113.12
PT,2025,2025-08-10,-0.62,136.87,56.343,137.49
PT,2025,2025-08-11,9.0,144.41,80.061,135.41
PT,2025,2025-08-12,26.28,154.93,90.175,128.65
PT,2025,2025-08-13,60.0,155.1,102.121,95.1
PT,2025,2025-08-14,40.91,149.02,95.938,108.11
PT,2025,2025-08-15,0.0,144.75,69.635,144.75
PT,2025,2025-08-16,0.66,144.0,74.155,143.34
PT,2025,2025-08-17,0.65,131.25,68.065,130.6
PT,2025,2025-08-18,60.0,120.76,96.223,60.76
PT,2025,2025-08-19,29.14,106.85,76.86,77.71
PT,2025,2025-08-20,27.2,100.07,68.333,72.87
PT,2025,2025-08-21,4.31,101.12,52.463,96.81
PT,2025,2025-08-22,4.31,104.53,55.093,100.22
PT,2025,2025-08-23,0.65,130.87,64.434,130.22
PT,2025,2025-08-24,-0.1,114.99,62.861,115.09
PT,2025,2025-08-25,25.2,142.0,91.87,116.8
PT,2025,2025-08-26,26.28,125.95,87.867,99.67
PT,2025,2025-08-27,49.85,114.32,87.002,64.47
PT,2025,2025-08-28,0.01,97.08,53.338,97.07
PT,2025,2025-08-29,0.0,100.01,46.412,100.01
PT,2025,2025-08-30,-0.01,107.12,51.756,107.13
PT,2025,2025-08-31,-0.98,75.4,33.023,76.38
PT,2025,2025-09-01,0.0,100.86,36.569,100.86
PT,2025,2025-09-02,4.01,160.0,61.949,155.99
PT,2025,2025-09-03,0.0,133.45,54.32,133.45
PT,2025,2025-09-04,1.6,112.99,55.346,111.39
PT,2025,2025-09-05,3.0,107.1,54.28,104.1
PT,2025,2025-09-06,-0.99,58.54,22.522,59.53
PT,2025,2025-09-07,0.0,111.56,38.594,111.56
PT,2025,2025-09-08,27.08,108.36,73.353,81.28
PT,2025,2025-09-09,8.91,120.0,65.494,111.09
PT,2025,2025-09-10,0.0,105.01,51.162,105.01
PT,2025,2025-09-11,0.0,140.0,56.21,140.0
PT,2025,2025-09-12,4.31,143.15,73.722,138.84
PT,2025,2025-09-13,0.0,106.11,58.32,106.11
PT,2025,2025-09-14,-0.01,126.13,50.987,126.14
PT,2025,2025-09-15,2.5,124.0,65.465,121.5
PT,2025,2025-09-16,5.76,198.95,74.887,193.19
PT,2025,2025-09-17,15.1,215.0,86.116,199.9
PT,2025,2025-09-18,44.0,200.0,97.41,156.0
PT,2025,2025-09-19,31.25,125.2,88.758,93.95
PT,2025,2025-09-20,0.65,110.91,64.821,110.26
PT,2025,2025-09-21,-0.62,85.0,37.834,85.62
PT,2025,2025-09-22,-0.01,109.38,37.796,109.39
PT,2025,2025-09-23,0.01,105.01,50.323,105.0
PT,2025,2025-09-24,0.65,116.12,50.357,115.47
PT,2025,2025-09-25,20.1,175.01,81.549,154.91
PT,2025,2025-09-26,21.56,160.0,92.225,138.44
PT,2025,2025-09-27,6.0,109.0,67.605,103.0
PT,2025,2025-09-28,8.53,74.14,47.749,65.61
PT,2025,2025-09-29,21.99,133.26,62.579,111.27
PT,2025,2025-09-30,21.9,199.34,83.857,177.44
PT,2025,2025-10-01,14.022,217.897,86.898,203.875
PT,2025,2025-10-02,16.592,204.258,87.363,187.665
PT,2025,2025-10-03,38.228,138.758,92.602,100.53
PT,2025,2025-10-04,-0.008,100.525,47.07,100.532
PT,2025,2025-10-05,-2.452,83.133,25.095,85.585
PT,2025,2025-10-06,36.31,169.24,84.009,132.93
PT,2025,2025-10-07,37.34,168.35,98.521,131.01
PT,2025,2025-10-08,55.552,141.785,96.524,86.232
PT,2025,2025-10-09,19.01,114.458,70.318,95.448
PT,2025,2025-10-10,33.225,117.468,80.818,84.242
PT,2025,2025-10-11,3.718,109.805,73.474,106.088
PT,2025,2025-10-12,0.65,115.135,64.084,114.485
PT,2025,2025-10-13,65.465,162.09,104.003,96.625
PT,2025,2025-10-14,74.25,160.203,110.624,85.953
PT,2025,2025-10-15,77.43,163.068,112.173,85.637
PT,2025,2025-10-16,79.405,153.472,111.727,74.068
PT,2025,2025-10-17,55.01,159.4,108.937,104.39
PT,2025,2025-10-18,1.89,128.645,77.671,126.755
PT,2025,2025-10-19,0.0,72.135,29.292,72.135
PT,2025,2025-10-20,0.282,100.34,41.051,100.058
PT,2025,2025-10-21,1.84,101.185,38.714,99.345
PT,2025,2025-10-22,0.01,74.39,25.507,74.38
PT,2025,2025-10-23,0.0,116.538,32.793,116.538
PT,2025,2025-10-24,47.01,161.918,95.776,114.908
PT,2025,2025-10-25,25.02,126.488,81.466,101.468
PT,2025,2025-10-26,1.67,105.37,49.334,103.7
PT,2025,2025-10-27,20.025,157.132,90.611,137.108
PT,2025,2025-10-28,60.0,142.242,100.706,82.242
PT,2025,2025-10-29,76.498,159.89,106.077,83.393
PT,2025,2025-10-30,15.458,135.725,88.774,120.268
PT,2025,2025-10-31,15.7,93.74,54.82,78.04
PT,2025,2025-11-01,10.775,104.94,46.768,94.165
PT,2025,2025-11-02,0.0,111.628,40.62,111.628
PT,2025,2025-11-03,13.722,151.422,82.428,137.7
PT,2025,2025-11-04,3.52,83.572,47.481,80.052
PT,2025,2025-11-05,3.718,70.5,27.335,66.782
PT,2025,2025-11-06,3.718,119.582,42.845,115.865
PT,2025,2025-11-07,33.755,107.57,68.555,73.815
PT,2025,2025-11-08,3.528,88.838,44.958,85.31
PT,2025,2025-11-09,0.65,115.122,58.874,114.472
PT,2025,2025-11-10,31.0,143.68,81.767,112.68
PT,2025,2025-11-11,5.635,102.605,64.612,96.97
PT,2025,2025-11-12,0.002,71.57,27.265,71.568
PT,2025,2025-11-13,13.9,53.96,31.686,40.06
PT,2025,2025-11-14,5.315,57.968,29.543,52.652
PT,2025,2025-11-15,16.495,65.052,31.976,48.557
PT,2025,2025-11-16,0.0,96.132,35.898,96.132
PT,2025,2025-11-17,37.62,136.422,79.268,98.802
PT,2025,2025-11-18,13.948,134.422,81.059,120.475
PT,2025,2025-11-19,66.992,129.248,98.671,62.255
PT,2025,2025-11-20,34.878,125.102,84.094,90.225
PT,2025,2025-11-21,0.312,147.428,64.22,147.115
PT,2025,2025-11-22,0.528,102.83,58.394,102.302
PT,2025,2025-11-23,0.0,79.15,37.973,79.15
PT,2025,2025-11-24,3.52,82.07,42.412,78.55
PT,2025,2025-11-25,0.655,102.108,49.636,101.452
PT,2025,2025-11-26,19.55,142.01,74.121,122.46
PT,2025,2025-11-27,45.305,155.925,86.133,110.62
PT,2025,2025-11-28,69.048,143.065,99.313,74.018
PT,2025,2025-11-29,44.395,100.555,81.032,56.16
PT,2025,2025-11-30,41.55,106.808,75.339,65.258
PT,2025,2025-12-01,68.2,138.245,91.445,70.045
PT,2025,2025-12-02,67.955,126.315,88.901,58.36
PT,2025,2025-12-03,14.588,102.435,69.418,87.848
PT,2025,2025-12-04,35.7,88.96,65.3,53.26
PT,2025,2025-12-05,33.828,88.005,68.951,54.177
PT,2025,2025-12-06,12.698,69.902,33.052,57.205
PT,2025,2025-12-07,0.5,91.14,33.881,90.64
PT,2025,2025-12-08,14.122,96.268,54.67,82.145
PT,2025,2025-12-09,11.168,130.173,64.899,119.005
PT,2025,2025-12-10,81.8,124.67,103.272,42.87
PT,2025,2025-12-11,75.015,124.523,95.794,49.508
PT,2025,2025-12-12,75.24,119.175,97.047,43.935
PT,2025,2025-12-13,59.31,99.41,79.032,40.1
PT,2025,2025-12-14,59.002,106.68,78.427,47.677
PT,2025,2025-12-15,67.03,115.042,92.982,48.012
PT,2025,2025-12-16,74.5,132.915,94.002,58.415
PT,2025,2025-12-17,76.525,136.158,102.505,59.632
PT,2025,2025-12-18,30.472,110.848,84.221,80.375
PT,2025,2025-12-19,81.402,117.51,102.906,36.107
PT,2025,2025-12-20,49.782,83.505,68.968,33.722
PT,2025,2025-12-21,41.71,82.335,61.745,40.625
PT,2025,2025-12-22,26.085,101.572,71.214,75.488
PT,2025,2025-12-23,56.652,89.968,77.896,33.315
PT,2025,2025-12-24,16.652,72.845,39.087,56.192
PT,2025,2025-12-25,10.622,99.168,51.362,88.545
PT,2025,2025-12-26,72.31,111.578,88.998,39.268
PT,2025,2025-12-27,62.502,98.4,78.873,35.898
PT,2025,2025-12-28,48.855,105.208,80.481,56.353
PT,2025,2025-12-29,88.028,158.135,107.415,70.107
PT,2025,2025-12-30,73.025,106.52,91.052,33.495
PT,2025,2025-12-31,75.158,135.43,98.173,60.273
PT,2026,2026-01-01,52.802,106.78,80.681,53.978
PT,2026,2026-01-02,55.01,107.005,82.932,51.995
PT,2026,2026-01-03,73.94,108.09,88.735,34.15
PT,2026,2026-01-04,50.43,97.678,66.801,47.248
PT,2026,2026-01-05,61.932,123.685,95.951,61.753
PT,2026,2026-01-06,1.51,117.902,62.869,116.392
PT,2026,2026-01-07,81.96,134.94,101.876,52.98
PT,2026,2026-01-08,60.082,107.36,80.831,47.278
PT,2026,2026-01-09,6.5,91.25,53.994,84.75
PT,2026,2026-01-10,28.772,126.262,74.138,97.49
PT,2026,2026-01-11,50.465,103.14,79.82,52.675
PT,2026,2026-01-12,60.128,119.64,88.757,59.512
PT,2026,2026-01-13,74.658,140.647,96.504,65.99
PT,2026,2026-01-14,88.878,166.0,118.435,77.122
PT,2026,2026-01-15,86.312,138.2,105.65,51.887
PT,2026,2026-01-16,94.752,156.885,120.435,62.132
PT,2026,2026-01-17,112.065,155.225,127.092,43.16
PT,2026,2026-01-18,96.855,177.282,117.857,80.428
PT,2026,2026-01-19,100.135,183.145,128.413,83.01
PT,2026,2026-01-20,83.828,127.252,101.444,43.425
PT,2026,2026-01-21,41.058,99.215,80.453,58.158
PT,2026,2026-01-22,30.638,82.32,59.437,51.682
PT,2026,2026-01-23,0.913,107.095,38.874,106.182
PT,2026,2026-01-24,3.23,37.955,20.149,34.725
PT,2026,2026-01-25,0.0,37.352,10.527,37.352
PT,2026,2026-01-26,1.922,88.712,34.728,86.79
PT,2026,2026-01-27,3.78,95.915,28.206,92.135
PT,2026,2026-01-28,1.98,86.275,28.318,84.295
PT,2026,2026-01-29,1.712,35.02,18.391,33.308
PT,2026,2026-01-30,0.008,21.78,4.435,21.772
PT,2026,2026-01-31,-0.44,35.0,5.593,35.44
PT,2026,2026-02-01,-0.073,2.045,0.926,2.117
PT,2026,2026-02-02,-0.5,28.965,4.46,29.465
PT,2026,2026-02-03,-0.1,108.648,11.051,108.747
PT,2026,2026-02-04,-0.05,38.36,7.958,38.41
PT,2026,2026-02-05,-0.1,11.792,1.924,11.892
PT,2026,2026-02-06,-0.15,29.94,5.235,30.09
PT,2026,2026-02-07,-0.17,3.81,0.528,3.98
PT,2026,2026-02-08,-0.162,4.258,0.819,4.42
PT,2026,2026-02-09,-0.022,19.84,3.249,19.862
PT,2026,2026-02-10,0.0,11.545,1.794,11.545
PT,2026,2026-02-11,-0.42,2.343,0.341,2.762
PT,2026,2026-02-12,-0.42,35.002,5.872,35.422
PT,2026,2026-02-13,-0.02,9.785,0.954,9.805
PT,2026,2026-02-14,-4.0,22.0,2.334,26.0
PT,2026,2026-02-15,-2.407,9.445,0.707,11.852
PT,2026,2026-02-16,-0.032,24.745,3.668,24.778
PT,2026,2026-02-17,0.1,53.032,9.204,52.932
PT,2026,2026-02-18,0.242,16.13,4.569,15.888
PT,2026,2026-02-19,0.0,81.298,15.751,81.298
PT,2026,2026-02-20,6.53,100.535,30.451,94.005
PT,2026,2026-02-21,0.545,91.45,24.796,90.905
PT,2026,2026-02-22,0.173,73.0,16.586,72.828
PT,2026,2026-02-23,8.24,175.13,33.846,166.89
PT,2026,2026-02-24,0.15,41.025,16.941,40.875
PT,2026,2026-02-25,7.6,104.44,31.179,96.84
PT,2026,2026-02-26,1.44,102.275,28.654,100.835
PT,2026,2026-02-27,2.0,73.585,21.097,71.585
PT,2026,2026-02-28,0.0,61.31,14.406,61.31
PT,2026,2026-03-01,-2.078,35.012,14.387,37.09
PT,2026,2026-03-02,0.072,79.975,19.159,79.902
PT,2026,2026-03-03,0.932,93.348,29.666,92.415
PT,2026,2026-03-04,5.995,176.985,57.681,170.99
PT,2026,2026-03-05,38.272,144.712,85.072,106.44
PT,2026,2026-03-06,34.762,101.088,63.783,66.325
PT,2026,2026-03-07,4.42,134.46,63.881,130.04
PT,2026,2026-03-08,12.975,122.59,73.663,109.615
PT,2026,2026-03-09,80.275,153.445,111.95,73.17
PT,2026,2026-03-10,95.18,193.838,131.816,98.658
PT,2026,2026-03-11,15.25,159.035,99.033,143.785
PT,2026,2026-03-12,-0.005,169.492,71.325,169.498
PT,2026,2026-03-13,-0.26,96.202,36.862,96.462
PT,2026,2026-03-14,-0.002,45.69,13.123,45.692
PT,2026,2026-03-15,-2.1,35.008,6.547,37.108
PT,2026,2026-03-16,-1.758,190.23,41.418,191.987
PT,2026,2026-03-17,-1.368,109.857,42.805,111.225
PT,2026,2026-03-18,-0.01,76.88,28.28,76.89
PT,2026,2026-03-19,-0.01,80.122,24.698,80.133
PT,2026,2026-03-20,1.375,98.72,39.076,97.345
PT,2026,2026-03-21,4.965,93.03,42.106,88.065
PT,2026,2026-03-22,-2.755,77.225,25.874,79.98
PT,2026,2026-03-23,-0.02,146.4,35.914,146.42
PT,2026,2026-03-24,-0.035,151.825,52.569,151.86
PT,2026,2026-03-25,-0.875,39.842,17.603,40.718
PT,2026,2026-03-26,-2.86,35.0,5.023,37.86
PT,2026,2026-03-27,-5.0,62.4,9.308,67.4
PT,2026,2026-03-28,-5.0,11.48,2.737,16.48
PT,2026,2026-03-29,-9.825,12.522,0.54,22.348
PT,2026,2026-03-30,-1.878,64.015,10.81,65.892
PT,2026,2026-03-31,-2.67,47.112,7.312,49.782
PT,2026,2026-04-01,-2.1,35.018,5.739,37.118
PT,2026,2026-04-02,-1.51,35.012,6.183,36.522
PT,2026,2026-04-03,-5.0,80.622,15.534,85.622
PT,2026,2026-04-04,-2.502,77.008,22.377,79.51
PT,2026,2026-04-05,-7.51,75.908,23.308,83.418
PT,2026,2026-04-06,-6.0,44.778,18.46,50.778
PT,2026,2026-04-07,0.0,118.14,34.981,118.14
PT,2026,2026-04-08,2.117,131.268,64.297,129.15
PT,2026,2026-04-09,-0.847,107.412,48.171,108.26
PT,2026,2026-04-10,0.002,104.85,46.72,104.848
PT,2026,2026-04-11,-1.438,63.9,24.023,65.338
PT,2026,2026-04-12,-0.81,35.015,11.396,35.825
PT,2026,2026-04-13,-0.04,99.95,27.155,99.99
PT,2026,2026-04-14,2.0,114.805,50.229,112.805
PT,2026,2026-04-15,2.0,131.51,60.087,129.51
PT,2026,2026-04-16,0.0,134.655,71.753,134.655
PT,2026,2026-04-17,0.0,123.005,68.907,123.005
PT,2026,2026-04-18,-2.078,84.978,44.178,87.055
PT,2026,2026-04-19,-4.278,87.632,37.326,91.91
PT,2026,2026-04-20,0.0,109.545,51.675,109.545
PT,2026,2026-04-21,-0.108,83.852,44.965,83.96
PT,2026,2026-04-22,-0.855,108.26,49.457,109.115
PT,2026,2026-04-23,0.0,89.468,49.433,89.468
PT,2026,2026-04-24,14.71,112.855,73.261,98.145
PT,2026,2026-04-25,-0.01,89.633,48.974,89.643
PT,2026,2026-04-26,-3.0,95.078,36.802,98.078
PT,2026,2026-04-27,-0.83,99.908,47.15,100.738
PT,2026,2026-04-28,0.008,109.455,56.904,109.448
PT,2026,2026-04-29,14.222,112.07,76.104,97.848
PT,2026,2026-04-30,0.607,125.405,65.215,124.798
PT,2026,2026-05-01,-2.0,105.385,56.395,107.385
PT,2026,2026-05-02,-0.005,90.852,43.456,90.857
PT,2026,2026-05-03,-0.012,114.822,50.295,114.835
PT,2026,2026-05-04,0.0,133.948,66.725,133.948
PT,2026,2026-05-05,0.01,118.8,64.885,118.79
PT,2026,2026-05-06,1.395,139.34,76.989,137.945
PT,2026,2026-05-07,19.235,140.878,85.331,121.642
PT,2026,2026-05-08,0.08,108.638,61.661,108.558
PT,2026,2026-05-09,0.0,78.53,30.863,78.53
PT,2026,2026-05-10,-0.82,76.56,21.368,77.38
PT,2026,2026-05-11,0.135,187.568,56.715,187.432
PT,2026,2026-05-12,2.0,123.47,67.776,121.47
PT,2026,2026-05-13,-0.008,106.888,50.414,106.895
PT,2026,2026-05-14,-0.008,99.925,51.03,99.932
PT,2026,2026-05-15,-0.01,92.84,37.628,92.85
PT,2026,2026-05-16,-0.91,111.44,43.197,112.35
PT,2026,2026-05-17,-0.005,119.005,45.743,119.01
PT,2026,2026-05-18,0.0,129.085,60.298,129.085
PT,2026,2026-05-19,0.0,116.678,46.486,116.678
PT,2026,2026-05-20,0.005,132.065,57.389,132.06
PT,2026,2026-05-21,0.0,123.198,57.693,123.198
PT,2026,2026-05-22,-0.01,120.005,55.124,120.015
PT,2026,2026-05-23,-2.05,103.532,33.396,105.582
PT,2026,2026-05-24,-2.1,89.798,24.852,91.898
PT,2026,2026-05-25,-2.1,108.652,36.205,110.752
PT,2026,2026-05-26,-0.06,151.207,63.643,151.267
PT,2026,2026-05-27,-0.008,142.603,69.732,142.61
PT,2026,2026-05-28,0.005,159.6,76.689,159.595
PT,2026,2026-05-29,0.198,152.448,78.629,152.25
PT,2026,2026-05-30,-0.105,115.338,60.599,115.443
PT,2026,2026-05-31,-0.348,101.652,44.474,102.0
PT,2026,2026-06-01,1.272,145.28,70.63,144.008
PT,2026,2026-06-02,-0.082,101.64,49.896,101.722
PT,2026,2026-06-03,-0.1,135.218,58.835,135.318
PT,2026,2026-06-04,-0.473,120.02,52.486,120.492
PT,2026,2026-06-05,0.617,128.342,59.734,127.725
PT,2026,2026-06-06,0.26,106.62,54.426,106.36
PT,2026,2026-06-07,-1.25,123.795,52.949,125.045
PT,2026,2026-06-08,0.002,112.14,56.996,112.138
PT,2026,2026-06-09,-0.012,125.51,50.213,125.523
PT,2026,2026-06-10,-0.58,93.232,37.086,93.812
PT,2026,2026-06-11,-0.01,116.715,33.128,116.725
PT,2026,2026-06-12,-0.01,113.088,35.211,113.098
PT,2026,2026-06-13,-1.0,128.55,47.13,129.55
PT,2026,2026-06-14,-2.0,137.43,61.588,139.43
PT,2026,2026-06-15,0.84,158.595,88.071,157.755
PT,2026,2026-06-16,22.708,153.23,98.262,130.523
PT,2026,2026-06-17,39.978,151.49,98.037,111.513
PT,2026,2026-06-18,20.655,138.9,96.579,118.245
PT,2026,2026-06-19,3.58,148.468,94.064,144.888
PT,2026,2026-06-20,-0.008,129.077,66.509,129.085
PT,2026,2026-06-21,-0.81,139.288,56.899,140.098
PT,2026,2026-06-22,32.36,177.0,101.318,144.64
PT,2026,2026-06-23,72.07,175.088,112.27,103.018
PT,2026,2026-06-24,31.355,141.418,95.172,110.062
PT,2026,2026-06-25,1.162,147.812,79.112,146.65
PT,2026,2026-06-26,3.932,148.492,87.971,144.56
PT,2026,2026-06-27,-0.01,152.298,69.698,152.308
PT,2026,2026-06-28,0.0,134.098,66.129,134.098
PT,2026,2026-06-29,5.095,144.962,83.643,139.868
PT,2026,2026-06-30,54.882,133.89,95.355,79.008
PT,2026,2026-07-01,0.0,116.87,54.595,116.87
PT,2026,2026-07-02,-0.01,118.265,45.939,118.275
PT,2026,2026-07-03,-0.108,125.075,49.752,125.182
PT,2026,2026-07-04,-0.792,125.892,48.393,126.685
PT,2026,2026-07-05,-0.135,160.318,65.687,160.452
PT,2026,2026-07-06,77.63,159.762,113.835,82.132
PT,2026,2026-07-07,78.53,164.558,118.009,86.028
PT,2026,2026-07-08,87.37,165.707,123.895,78.337
PT,2026,2026-07-09,46.98,173.55,119.561,126.57
PT,2026,2026-07-10,43.76,168.0,120.36,124.24
PT,2026,2026-07-11,-0.01,155.342,86.243,155.352
PT,2026,2026-07-12,-1.078,150.962,72.842,152.04
PT,2026,2026-07-13,64.935,205.415,127.649,140.48
PT,2026,2026-07-14,61.915,172.45,124.308,110.535
PT,2026,2026-07-15,90.982,191.952,138.686,100.97
PT,2026,2026-07-16,75.79,185.845,135.245,110.055
PT,2026,2026-07-17,97.778,168.65,136.76,70.872
PT,2026,2026-07-18,0.0,162.575,91.013,162.575
PT,2026,2026-07-19,-0.035,175.758,91.015,175.792
PT,2026,2026-07-20,63.142,178.762,131.716,115.62
PT,2026,2026-07-21,82.715,175.75,136.349,93.035
PT,2026,2026-07-22,90.43,244.1,151.516,153.67
PT,2026,2026-07-23,38.52,255.158,144.111,216.638
PT,2026,2026-07-24,0.29,188.278,111.533,187.988
PT,2026,2026-07-25,-1.432,165.483,78.805,166.915
PT,2026,2026-07-26,-1.0,174.87,71.026,175.87
PT,2026,2026-07-27,29.333,232.272,109.953,202.94
PT,2026,2026-07-28,2.66,224.898,126.459,222.238
PT,2026,2026-07-29,3.36,216.355,124.323,212.995
PT,2026,2026-07-30,6.132,204.725,131.505,198.592
PT,2026,2026-07-31,69.932,178.972,139.341,109.04
PT,2026,2026-08-01,0.438,194.528,112.247,194.09
PT,2026,2026-08-02,-0.218,205.225,106.531,205.442
PT,2026,2026-08-03,80.1,213.182,152.226,133.082
PT,2026,2026-08-04,76.465,208.462,145.936,131.998
PT,2026,2026-08-05,4.502,194.69,119.095,190.188
PT,2026,2026-08-06,1.83,206.392,109.085,204.562
PT,2026,2026-08-07,7.755,215.13,120.452,207.375
PT,2026,2026-08-08,0.0,189.482,107.731,189.482
PT,2026,2026-08-09,-0.098,175.605,94.103,175.702
PT,2026,2026-08-10,23.778,223.405,131.697,199.628
PT,2026,2026-08-11,43.388,231.005,141.37,187.618
PT,2026,2026-08-12,42.535,229.778,145.585,187.242
PT,2026,2026-08-13,38.88,244.03,144.076,205.15
PT,2026,2026-08-14,46.642,231.57,145.589,184.928
PT,2026,2026-08-15,1.08,203.522,117.421,202.442
PT,2026,2026-08-16,0.135,211.538,116.277,211.402
PT,2026,2026-08-17,100.085,234.06,164.315,133.975
PT,2026,2026-08-18,40.75,242.538,151.703,201.788
PT,2026,2026-08-19,12.86,210.79,145.673,197.93
PT,2026,2026-08-20,62.605,196.59,146.985,133.985
PT,2026,2026-08-21,2.0,198.67,112.51,196.67
PT,2026,2026-08-22,-0.01,172.588,94.044,172.598
PT,2026,2026-08-23,-2.1,164.442,84.983,166.542
PT,2026,2026-08-24,0.302,189.332,95.157,189.03
PT,2026,2026-08-25,4.135,224.362,124.303,220.228
PT,2026,2026-08-26,0.0,193.52,108.272,193.52
PT,2026,2026-08-27,0.51,182.548,110.079,182.038
PT,2026,2026-08-28,0.0,214.75,105.515,214.75
PT,2026,2026-08-29,-0.73,212.995,103.61,213.725
PT,2026,2026-08-30,-1.012,199.215,99.303,200.228
PT,2026,2026-08-31,0.0,213.76,107.091,213.76
PT,2026,2026-09-01,29.268,233.285,142.735,204.017
PT,2026,2026-09-02,62.358,237.835,160.39,175.478
PT,2026,2026-09-03,31.635,293.75,158.001,262.115
PT,2026,2026-09-04,87.75,252.305,169.429,164.555
PT,2026,2026-09-05,3.205,222.925,138.4,219.72
PT,2026,2026-09-06,0.0,202.96,108.766,202.96
