country,year,hour_utc,gen_Nuclear,gen_Lignite,gen_Hard coal,gen_Gas,gen_Oil & other fossil,gen_Biomass,gen_Waste,gen_Geothermal,gen_Hydro run-of-river,gen_Hydro reservoir,gen_Hydro pumped (production),gen_Onshore wind,gen_Offshore wind,gen_Solar,gen_Marine,gen_Other renewable,gen_Other,pumped_consumption,flow_net,flow_import,flow_export,price
DE,2019,0,8089.96,10601.41,3862.83,5449.01,448.44,4420.48,694.21,23.05,1672.04,140.98,147.53,11897.93,2832.93,0.19,0.0,153.07,367.9,-3282.72,-904.26,1080.39,1984.65,29.08
DE,2019,1,8065.86,10482.32,3804.65,5407.49,448.57,4421.67,689.67,23.1,1671.31,139.57,134.09,11693.53,2836.62,0.21,0.0,152.78,366.98,-3611.82,-773.07,1157.74,1930.81,28.1
DE,2019,2,8054.78,10577.26,3883.54,5439.67,448.54,4428.27,689.7,23.05,1668.44,138.76,126.94,11577.58,2849.09,0.65,0.0,152.86,367.11,-3530.63,-638.43,1232.16,1870.6,27.82
DE,2019,3,8069.5,10965.62,4240.34,5632.9,448.51,4447.74,691.78,22.88,1663.95,149.66,146.58,11542.3,2856.6,40.78,0.0,153.82,369.38,-2656.54,-604.89,1250.84,1855.73,29.15
DE,2019,4,8107.16,11496.42,5005.05,6091.34,448.43,4498.78,691.85,22.61,1658.69,212.66,578.09,11534.87,2837.25,405.26,0.0,155.49,375.51,-1339.68,-564.07,1292.41,1856.48,34.11
DE,2019,5,8124.99,11903.96,5751.44,6586.98,449.3,4569.2,689.84,22.15,1654.93,282.63,1744.57,11332.52,2809.32,1671.0,0.0,156.4,381.28,-661.88,-552.43,1231.13,1783.56,40.38
DE,2019,6,8134.93,12089.58,6123.51,6892.65,455.47,4623.17,687.68,21.66,1655.66,313.44,2185.07,10793.81,2765.88,4172.18,0.0,157.09,385.79,-387.64,-627.63,1119.27,1746.9,44.31
DE,2019,7,8142.55,12147.75,6207.87,6997.54,458.15,4629.4,686.16,21.11,1657.95,289.7,1803.55,10400.86,2726.47,7589.59,0.0,157.06,386.9,-348.01,-910.22,940.62,1850.84,43.54
DE,2019,8,8124.96,12019.58,6131.1,6963.46,457.95,4601.56,684.87,20.64,1658.97,250.72,1192.32,10339.79,2702.69,11072.64,0.0,157.04,387.18,-466.54,-1157.95,833.13,1991.08,41.13
DE,2019,9,8103.64,11839.12,6004.14,6886.87,459.56,4569.09,683.63,20.17,1660.55,230.9,872.65,10531.97,2687.04,13713.16,0.0,157.08,386.31,-606.43,-1319.64,765.11,2084.75,39.2
DE,2019,10,8084.77,11643.38,5861.07,6807.69,460.57,4527.23,683.04,19.83,1661.98,201.4,630.15,10770.13,2682.06,15127.4,0.0,156.74,384.83,-853.29,-1451.9,703.63,2155.53,37.34
DE,2019,11,8061.67,11481.55,5723.31,6722.14,458.56,4496.14,681.57,19.66,1663.6,186.95,498.48,10958.59,2660.49,15271.89,0.0,156.07,382.25,-1257.03,-1471.58,715.13,2186.71,35.23
DE,2019,12,8046.2,11409.62,5655.46,6668.55,455.88,4481.47,680.45,19.58,1665.12,185.59,462.72,11051.41,2668.68,14272.17,0.0,155.72,380.03,-1459.27,-1405.63,766.86,2172.5,34.09
DE,2019,13,8059.18,11471.44,5697.87,6670.18,455.54,4481.29,682.13,19.59,1668.34,196.78,510.52,11104.31,2684.34,12162.43,0.0,155.61,378.86,-1338.14,-1230.54,873.18,2103.72,34.84
DE,2019,14,8087.57,11724.87,5859.96,6762.19,454.69,4503.65,683.98,19.64,1670.41,231.44,740.49,11129.11,2708.97,9154.17,0.0,156.15,379.25,-1005.13,-971.34,1011.16,1982.5,36.67
DE,2019,15,8121.51,12201.17,6173.27,6953.47,453.94,4550.6,686.27,19.87,1670.49,266.77,1325.29,11258.6,2745.99,5801.89,0.0,157.45,382.2,-524.36,-669.13,1137.39,1806.52,40.82
DE,2019,16,8151.53,12615.61,6475.68,7150.29,460.77,4608.96,688.42,20.2,1670.05,316.66,2192.29,11418.03,2794.78,2900.98,0.0,159.05,385.56,-244.74,-339.63,1236.76,1576.39,46.16
DE,2019,17,8165.19,12761.24,6587.0,7234.13,458.89,4640.09,692.1,20.66,1670.4,338.19,2659.39,11593.42,2834.13,1028.6,0.0,160.1,387.68,-146.43,-187.7,1295.56,1483.26,49.62
DE,2019,18,8162.64,12734.12,6486.72,7184.78,454.59,4628.8,693.39,21.22,1670.62,324.53,2292.88,11834.35,2856.08,214.16,0.0,160.15,388.02,-168.12,-301.41,1260.67,1562.08,48.21
DE,2019,19,8150.37,12597.13,6161.74,6950.28,451.04,4592.51,697.08,21.68,1669.62,270.61,1421.43,12192.19,2860.2,11.19,0.0,159.72,386.94,-328.93,-532.4,1190.84,1723.24,43.73
DE,2019,20,8146.26,12362.14,5679.9,6636.48,448.72,4543.12,698.52,22.07,1669.67,229.58,932.53,12379.98,2850.48,0.19,0.0,158.5,384.17,-539.76,-776.82,1082.21,1859.03,40.16
DE,2019,21,8145.21,11992.42,5098.91,6230.34,448.44,4494.27,696.59,22.47,1670.15,184.35,501.33,12321.49,2856.09,0.16,0.0,157.05,380.69,-956.58,-979.46,962.09,1941.55,36.78
DE,2019,22,8126.39,11420.72,4460.72,5800.27,448.55,4455.78,695.52,22.8,1672.14,163.26,293.96,12245.29,2852.44,0.16,0.0,155.38,373.91,-1692.36,-1029.83,965.15,1994.98,32.92
DE,2019,23,8106.6,10918.08,4062.21,5549.92,448.45,4430.8,697.63,22.99,1672.05,149.42,199.61,12059.2,2838.69,0.17,0.0,154.15,369.72,-2655.91,-969.68,1022.13,1991.81,30.63
DE,2020,0,6930.7,8312.34,2865.37,6570.07,417.19,4447.64,687.68,24.16,1649.78,111.51,1523.08,12210.73,3120.99,0.43,0.0,155.73,338.26,-1806.36,-481.56,1276.46,1758.02,23.08
DE,2020,1,6925.13,8137.97,2797.65,6494.11,417.27,4442.91,684.29,24.24,1649.39,103.19,1653.2,12082.91,3055.31,0.45,0.0,155.49,337.59,-2070.78,-325.89,1376.92,1702.81,21.9
DE,2020,2,6919.69,8192.35,2816.82,6506.16,417.38,4450.22,682.75,24.23,1646.85,104.36,1640.56,11966.02,3014.66,0.86,0.0,155.87,338.56,-2124.09,-155.06,1474.04,1629.11,21.42
DE,2020,3,6923.7,8575.29,3023.18,6717.12,417.3,4474.6,685.01,24.04,1643.95,114.6,1346.9,11895.22,3000.15,42.68,0.0,158.1,343.76,-1766.01,-82.26,1520.94,1603.2,22.73
DE,2020,4,6943.53,9190.91,3518.57,7221.01,417.99,4540.77,683.17,23.78,1640.43,159.04,1050.94,11841.63,2994.44,459.01,0.0,160.56,350.88,-1320.13,-39.07,1579.43,1618.5,27.14
DE,2020,5,6965.92,9695.73,4072.88,7793.19,418.81,4627.15,679.28,23.38,1637.79,209.56,1121.06,11636.9,2963.38,1867.91,0.0,161.37,356.99,-1372.25,-89.66,1512.74,1602.4,32.5
DE,2020,6,6974.47,9935.76,4397.25,8159.79,421.31,4697.43,678.49,22.79,1638.33,236.53,1331.4,11122.28,2934.26,4641.81,0.0,161.66,361.11,-1615.67,-248.7,1344.28,1592.98,36.35
DE,2020,7,6963.67,9972.87,4477.13,8241.9,425.46,4703.59,675.56,22.18,1638.41,226.95,1239.18,10777.97,2910.35,8357.26,0.0,161.57,362.67,-1498.53,-576.54,1154.97,1731.52,35.78
DE,2020,8,6940.73,9826.66,4454.17,8174.88,426.39,4659.87,677.16,21.64,1637.83,206.62,1038.89,10738.78,2887.48,12113.02,0.0,161.28,362.13,-1125.26,-831.47,1042.05,1873.52,33.12
DE,2020,9,6917.13,9645.83,4390.77,8063.39,427.61,4619.65,677.75,21.2,1639.27,190.71,1021.24,10971.32,2858.9,14903.3,0.0,160.5,359.72,-963.97,-941.35,1013.76,1955.12,31.02
DE,2020,10,6882.4,9463.36,4316.14,7932.02,427.39,4564.77,680.36,20.86,1638.98,174.68,1145.27,11188.22,2858.12,16440.64,0.0,159.75,356.74,-974.68,-1033.06,982.89,2015.95,29.26
DE,2020,11,6853.97,9301.74,4237.27,7805.65,427.18,4526.53,678.1,20.63,1638.06,154.32,1203.47,11333.08,2885.39,16645.46,0.0,159.16,353.83,-1211.09,-1079.45,967.04,2046.49,26.75
DE,2020,12,6841.6,9225.32,4221.0,7754.51,426.7,4508.03,677.64,20.48,1639.07,154.4,1186.96,11411.13,2916.66,15576.03,0.0,158.87,351.62,-1296.67,-1050.37,1000.13,2050.5,25.19
DE,2020,13,6851.68,9303.46,4260.9,7798.42,426.06,4510.7,679.97,20.48,1641.83,162.84,1146.66,11459.6,2974.75,13329.7,0.0,159.03,351.29,-1242.22,-872.83,1114.29,1987.12,26.28
DE,2020,14,6883.95,9540.31,4379.42,7969.07,426.2,4550.95,685.55,20.58,1643.11,179.3,1025.83,11530.97,3050.94,10102.44,0.0,159.69,352.3,-1073.52,-604.9,1251.23,1856.13,28.92
DE,2020,15,6926.27,9965.32,4556.51,8285.47,427.96,4626.06,691.48,20.84,1644.5,211.53,915.93,11684.82,3142.79,6447.31,0.0,160.94,354.68,-1048.69,-294.67,1364.48,1659.15,33.72
DE,2020,16,6970.04,10367.6,4708.12,8601.43,432.15,4705.74,696.06,21.21,1644.94,259.62,1437.12,11851.01,3211.09,3218.67,0.0,162.18,357.7,-1728.23,40.1,1488.01,1447.92,39.96
DE,2020,17,6991.58,10573.66,4787.34,8766.25,430.39,4743.43,699.16,21.65,1643.79,283.22,1950.09,11975.01,3254.47,1117.95,0.0,163.24,360.04,-2190.26,158.01,1528.69,1370.68,44.01
DE,2020,18,6999.44,10557.1,4694.55,8711.2,424.14,4733.77,700.82,22.17,1643.34,263.69,1716.65,12198.9,3270.74,234.62,0.0,163.84,360.89,-2074.48,52.34,1487.85,1435.5,41.61
DE,2020,19,6993.46,10392.43,4407.52,8402.36,419.84,4680.46,701.42,22.67,1643.26,220.12,1169.54,12536.67,3263.0,10.89,0.0,163.36,359.7,-1582.16,-163.64,1414.77,1578.41,36.27
DE,2020,20,6978.15,10100.22,4016.16,8014.35,418.01,4615.86,704.0,23.13,1645.69,195.64,853.65,12689.98,3253.2,0.44,0.0,162.28,357.02,-1151.42,-335.34,1334.07,1669.41,32.96
DE,2020,21,6973.94,9714.52,3635.65,7629.7,417.98,4554.07,706.15,23.59,1646.67,159.28,741.6,12582.03,3241.06,0.4,0.0,160.48,353.39,-810.13,-526.81,1206.03,1732.83,29.96
DE,2020,22,6962.33,9164.82,3257.83,7053.41,417.51,4493.73,693.04,23.92,1648.87,141.95,872.2,12512.83,3218.67,0.41,0.0,158.04,346.36,-993.12,-620.78,1168.76,1789.54,26.79
DE,2020,23,6945.34,8648.35,2990.34,6694.63,416.8,4462.38,689.9,24.08,1649.89,124.58,1223.87,12366.57,3169.88,0.42,0.0,156.24,339.8,-1437.34,-559.63,1213.27,1772.9,24.6
DE,2021,0,7470.0,10596.73,4706.42,5589.93,356.66,4220.35,810.23,25.54,1531.32,110.46,156.7,10618.9,2733.51,0.46,0.0,136.94,320.03,-2759.33,-1668.87,2608.68,4277.56,74.64
DE,2021,1,7463.66,10514.42,4636.97,5538.76,357.0,4218.16,807.71,25.62,1528.83,108.3,143.27,10475.4,2710.45,0.47,0.0,137.0,319.95,-2988.6,-1487.1,2722.59,4209.69,72.21
DE,2021,2,7467.07,10569.74,4740.49,5580.14,355.9,4225.37,803.89,25.59,1524.99,111.03,137.5,10354.61,2709.18,1.01,0.0,137.55,320.95,-2949.88,-1280.57,2834.78,4115.36,71.8
DE,2021,3,7472.68,10778.96,5097.79,5830.4,355.86,4258.09,802.88,25.42,1521.82,123.88,170.27,10327.71,2706.91,53.02,0.0,138.7,324.27,-2336.6,-1062.28,2897.33,3959.61,75.53
DE,2021,4,7483.63,11089.69,5681.33,6414.43,355.99,4360.02,802.97,25.07,1518.59,175.64,502.24,10340.32,2711.91,487.15,0.0,139.75,328.35,-1282.82,-631.09,2994.83,3625.92,88.42
DE,2021,5,7494.65,11363.24,6177.32,7064.52,357.53,4473.68,799.9,24.65,1516.12,240.51,1429.44,10135.79,2704.41,1886.28,0.0,140.37,332.6,-655.42,-439.66,2937.6,3377.26,103.58
DE,2021,6,7500.66,11525.18,6431.96,7431.36,364.72,4547.51,801.61,24.15,1515.84,267.48,1919.04,9755.08,2720.45,4593.64,0.0,140.39,334.85,-398.71,-599.92,2718.17,3318.09,115.04
DE,2021,7,7491.18,11539.3,6493.73,7513.0,371.61,4552.62,802.2,23.59,1517.86,240.17,1648.04,9483.54,2736.27,8300.86,0.0,140.19,336.01,-397.12,-1111.49,2435.72,3547.21,112.81
DE,2021,8,7473.32,11423.7,6393.64,7429.89,373.88,4498.39,801.48,23.14,1520.1,203.62,1161.64,9354.75,2738.55,12075.65,0.0,139.66,335.05,-543.65,-1652.91,2259.5,3912.41,106.46
DE,2021,9,7453.25,11262.62,6236.56,7300.54,377.18,4446.47,800.97,22.76,1521.79,176.56,834.06,9429.89,2731.42,14939.28,0.0,139.11,333.8,-760.53,-1859.86,2240.31,4100.16,100.9
DE,2021,10,7425.56,11073.62,6074.45,7176.18,379.47,4376.76,802.96,22.41,1524.19,167.11,644.89,9602.5,2697.45,16535.31,0.0,138.86,332.26,-1073.51,-2025.03,2225.62,4250.65,96.6
DE,2021,11,7399.99,10875.22,5937.82,7045.85,379.94,4328.84,804.67,22.21,1524.28,150.45,502.79,9743.49,2693.56,16840.03,0.0,138.54,330.2,-1510.12,-2104.9,2240.47,4345.36,90.49
DE,2021,12,7386.3,10797.15,5841.27,6945.2,378.38,4309.51,805.17,22.05,1523.69,142.99,415.37,9893.16,2683.37,15876.2,0.0,138.55,329.17,-1733.15,-2081.91,2251.58,4333.48,86.77
DE,2021,13,7390.3,10858.49,5879.06,6977.48,376.34,4319.73,805.96,22.01,1524.6,147.29,484.92,10027.15,2672.48,13660.88,0.0,138.67,328.44,-1532.06,-1847.74,2335.56,4183.3,89.46
DE,2021,14,7420.85,11105.2,6060.86,7160.17,374.47,4374.36,810.25,22.08,1527.0,170.83,740.64,10136.8,2700.27,10410.91,0.0,139.36,329.1,-1104.84,-1399.35,2456.99,3856.34,95.87
DE,2021,15,7469.55,11486.47,6396.05,7474.62,376.54,4470.06,815.12,22.35,1528.39,216.28,1273.71,10238.1,2761.86,6672.1,0.0,140.65,331.85,-623.52,-659.09,2679.34,3338.44,108.26
DE,2021,16,7496.73,11777.86,6716.32,7800.19,383.9,4570.05,818.14,22.74,1527.85,259.05,2036.55,10372.25,2816.52,3358.56,0.0,141.81,334.86,-294.31,102.1,2969.25,2867.15,123.69
DE,2021,17,7504.36,11907.39,6869.78,7932.2,380.13,4610.67,818.81,23.19,1524.45,297.62,2616.91,10500.5,2830.22,1209.59,0.0,142.39,336.48,-139.29,378.33,3147.4,2769.08,129.8
DE,2021,18,7508.58,11891.26,6813.84,7853.83,367.4,4595.53,819.22,23.73,1523.86,286.24,2314.04,10671.12,2817.55,265.74,0.0,142.45,336.84,-176.77,109.91,3077.78,2967.87,122.15
DE,2021,19,7500.94,11774.87,6618.13,7560.0,360.73,4520.38,817.76,24.19,1524.29,242.3,1505.31,10961.42,2811.65,14.76,0.0,142.04,335.82,-348.57,-475.67,2900.31,3375.98,109.41
DE,2021,20,7493.33,11602.73,6283.59,7175.9,356.2,4424.56,816.99,24.6,1526.28,207.35,942.99,11081.46,2786.72,0.49,0.0,141.02,333.81,-536.19,-999.88,2720.43,3720.31,99.55
DE,2021,21,7483.76,11378.99,5789.07,6702.09,354.99,4345.6,817.47,25.04,1529.13,160.13,567.91,11018.15,2787.81,0.46,0.0,139.88,331.37,-896.0,-1458.84,2546.55,4005.38,90.63
DE,2021,22,7471.23,11055.88,5253.45,6110.93,355.32,4270.81,813.19,25.31,1530.66,130.91,294.32,10944.75,2770.44,0.48,0.0,138.46,325.93,-1510.2,-1681.37,2525.12,4206.49,81.76
DE,2021,23,7459.61,10776.33,4898.39,5702.36,355.93,4234.44,811.88,25.46,1532.01,120.97,199.58,10820.33,2763.91,0.46,0.0,137.3,321.33,-2253.67,-1740.55,2557.98,4298.53,78.56
DE,2022,0,3763.7,11605.73,6577.73,4290.62,294.94,4119.59,742.6,24.99,1287.96,98.21,163.98,12051.25,2961.91,3.32,0.0,121.48,252.91,-2889.31,-2843.89,3817.23,6661.12,197.11
DE,2022,1,3763.2,11534.86,6517.04,4257.27,294.97,4109.19,741.5,25.1,1286.47,91.66,138.49,11830.65,2914.02,3.27,0.0,121.35,252.83,-3242.95,-2610.24,3917.98,6528.22,191.73
DE,2022,2,3764.16,11545.11,6545.34,4298.4,294.9,4121.92,739.22,25.12,1285.77,98.5,146.25,11660.55,2868.19,3.73,0.0,121.71,253.73,-3159.19,-2239.54,4089.52,6329.06,190.72
DE,2022,3,3764.79,11647.89,6727.88,4514.96,295.0,4172.8,736.28,24.96,1286.57,113.33,205.33,11583.33,2847.32,61.51,0.0,122.68,256.13,-2480.99,-1623.19,4414.58,6037.78,201.63
DE,2022,4,3766.85,11813.69,7048.3,5043.46,295.65,4320.25,734.37,24.66,1288.11,173.49,713.8,11615.83,2830.08,563.43,0.0,123.77,259.96,-1525.04,-662.15,4846.16,5508.31,232.5
DE,2022,5,3767.54,11970.2,7366.97,5507.26,299.38,4461.3,733.9,24.2,1287.79,235.39,1755.19,11458.03,2802.67,2259.25,0.0,124.53,264.72,-808.0,-254.8,4866.85,5121.65,261.66
DE,2022,6,3763.72,12051.53,7509.81,5757.77,314.28,4537.94,734.16,23.66,1289.29,246.45,2183.31,10932.61,2776.53,5601.9,0.0,125.06,269.27,-493.52,-659.71,4449.5,5109.21,277.6
DE,2022,7,3752.96,11977.6,7480.79,5768.48,333.12,4510.62,734.96,23.07,1292.63,220.39,1707.16,10480.22,2750.35,10173.55,0.0,124.99,270.39,-608.61,-1778.86,3933.88,5712.74,262.88
DE,2022,8,3733.04,11799.05,7321.2,5526.36,347.25,4408.63,734.13,22.49,1295.18,180.45,1090.81,10279.93,2702.87,14767.27,0.0,124.64,269.44,-1029.41,-2744.32,3621.4,6365.72,239.56
DE,2022,9,3722.0,11584.99,7146.72,5233.29,354.66,4323.7,733.13,22.03,1298.26,157.67,712.17,10379.66,2654.67,18214.85,0.0,123.98,267.19,-1614.51,-3243.23,3496.18,6739.4,220.11
DE,2022,10,3709.02,11392.55,6975.16,5065.36,353.63,4245.75,735.04,21.66,1300.62,134.48,520.25,10603.34,2624.69,20074.15,0.0,123.4,265.16,-2269.6,-3501.76,3435.83,6937.58,205.8
DE,2022,11,3697.02,11246.8,6823.25,4953.1,349.95,4197.8,738.38,21.43,1301.69,120.71,353.08,10761.78,2625.43,20296.57,0.0,123.3,263.35,-2853.12,-3622.54,3368.61,6991.15,192.37
DE,2022,12,3694.2,11231.02,6774.2,4928.71,348.99,4185.21,741.5,21.29,1300.67,123.93,332.56,10880.95,2620.46,19005.26,0.0,123.07,261.7,-2975.58,-3619.58,3363.21,6982.79,186.94
DE,2022,13,3703.73,11397.45,6870.25,4984.5,345.91,4208.04,744.68,21.23,1299.34,141.55,469.57,11069.09,2640.64,16312.34,0.0,123.22,261.43,-2497.96,-3298.97,3506.7,6805.67,197.55
DE,2022,14,3721.21,11723.48,7123.45,5183.56,340.91,4290.16,748.73,21.27,1297.67,171.17,823.7,11255.71,2713.67,12404.73,0.0,123.99,262.95,-1715.55,-2571.83,3746.83,6318.66,216.43
DE,2022,15,3742.79,12094.69,7518.35,5623.09,335.43,4442.93,752.02,21.52,1295.22,222.06,1539.28,11482.19,2793.64,7944.35,0.0,125.17,265.36,-794.22,-1436.52,4019.73,5456.25,252.18
DE,2022,16,3757.27,12323.81,7842.81,6095.54,328.87,4599.76,755.98,21.83,1289.94,281.14,2857.35,11709.02,2860.75,3960.63,0.0,126.68,268.66,-277.75,-45.26,4582.59,4627.85,293.42
DE,2022,17,3762.21,12390.13,7981.09,6319.82,318.05,4666.95,756.1,22.27,1287.06,326.39,3835.45,11967.39,2917.28,1397.4,0.0,127.67,270.77,-117.71,737.08,4999.98,4262.9,318.91
DE,2022,18,3763.49,12366.46,7942.23,6282.07,307.8,4646.01,757.49,22.82,1285.09,298.74,3380.68,12304.9,2955.46,307.67,0.0,127.65,270.63,-161.0,553.3,4952.47,4399.18,308.94
DE,2022,19,3762.93,12257.62,7755.76,6029.63,301.49,4548.42,754.86,23.35,1282.78,244.46,2176.71,12718.6,2979.67,20.61,0.0,126.68,267.78,-355.17,-278.44,4633.5,4911.94,281.23
DE,2022,20,3763.72,12134.32,7521.08,5704.31,297.76,4421.23,751.83,23.82,1282.48,204.95,1403.29,12869.27,2972.75,4.04,0.0,125.21,263.91,-570.76,-1187.07,4266.03,5453.1,260.44
DE,2022,21,3764.83,12016.82,7277.04,5264.46,295.93,4304.16,754.01,24.32,1282.54,154.18,732.89,12746.73,2983.82,3.68,0.0,123.94,260.84,-926.34,-1920.24,4032.85,5953.09,237.25
DE,2022,22,3761.41,11826.72,6959.65,4748.6,295.53,4195.64,748.2,24.68,1284.24,118.26,353.45,12567.56,2991.4,3.49,0.0,122.95,257.68,-1591.32,-2403.68,3873.08,6276.77,218.28
DE,2022,23,3761.73,11699.86,6709.89,4406.2,294.79,4143.59,744.18,24.89,1286.02,106.32,229.67,12316.05,3010.92,3.42,0.0,121.92,253.58,-2286.29,-2772.47,3767.52,6539.99,205.34
DE,2023,0,769.72,8345.87,3611.47,5362.58,344.11,4067.82,771.77,23.22,1536.45,106.29,158.07,14167.73,2807.82,3.99,0.0,112.83,195.37,-2443.67,446.7,5273.86,4827.16,79.97
DE,2023,1,769.78,8285.44,3566.83,5302.49,344.48,4056.39,769.38,23.3,1532.88,96.81,136.08,13990.2,2782.68,3.65,0.0,112.48,194.68,-2824.41,709.72,5482.1,4772.38,77.68
DE,2023,2,769.91,8334.63,3592.34,5348.43,344.47,4069.58,768.12,23.31,1531.33,101.38,145.25,13842.25,2752.1,4.38,0.0,112.72,195.35,-2815.32,1083.14,5681.45,4598.31,77.04
DE,2023,3,770.5,8566.3,3777.43,5618.58,344.28,4121.24,762.33,23.15,1529.25,119.9,229.91,13789.81,2740.42,70.8,0.0,114.2,198.51,-2287.91,1539.94,5930.87,4390.93,80.8
DE,2023,4,770.54,8897.15,4177.93,6169.14,345.62,4257.19,756.52,22.68,1528.21,174.32,846.0,13852.73,2740.74,627.92,0.0,115.98,203.34,-1479.72,2249.5,6386.84,4137.34,93.88
DE,2023,5,770.43,9135.6,4601.77,6703.16,348.27,4381.49,754.7,22.33,1529.36,236.02,1825.36,13643.26,2692.05,2389.98,0.0,116.86,207.4,-775.52,2434.18,6288.68,3854.49,108.71
DE,2023,6,769.9,9212.56,4830.02,6931.22,353.98,4448.17,754.36,21.98,1533.45,237.35,2113.72,13122.53,2624.2,5757.51,0.0,116.83,209.57,-453.35,1946.02,5709.34,3763.32,112.5
DE,2023,7,769.66,9045.31,4867.43,6820.5,368.27,4424.41,755.3,21.49,1541.51,216.38,1762.34,12736.22,2563.94,10225.5,0.0,116.33,210.15,-575.13,685.0,4893.82,4208.82,106.75
DE,2023,8,770.51,8721.79,4775.34,6464.67,376.97,4336.87,757.81,21.1,1550.27,194.08,1147.93,12599.39,2488.71,14700.54,0.0,115.2,208.24,-1027.31,-351.86,4473.38,4825.25,94.68
DE,2023,9,771.17,8421.9,4635.06,6113.21,379.06,4258.23,760.85,20.71,1557.11,170.53,717.58,12761.43,2433.99,18046.77,0.0,114.44,206.14,-1678.9,-788.25,4374.85,5163.1,85.08
DE,2023,10,771.5,8236.41,4527.56,5912.64,377.45,4178.42,762.31,20.37,1558.4,157.93,492.46,12969.88,2400.44,19805.56,0.0,114.14,204.27,-2310.0,-1117.15,4302.45,5419.59,77.54
DE,2023,11,771.32,8154.47,4426.27,5779.44,376.1,4132.18,762.88,20.11,1556.05,139.81,350.21,13072.34,2400.97,20016.24,0.0,113.92,202.21,-2824.33,-1231.79,4264.35,5496.14,70.5
DE,2023,12,771.75,8165.28,4382.52,5744.16,377.89,4121.22,763.35,19.97,1554.68,138.32,300.31,13137.66,2441.55,18795.3,0.0,113.86,201.07,-2999.53,-1127.58,4320.11,5447.69,67.82
DE,2023,13,771.15,8333.66,4467.27,5848.13,376.19,4139.98,765.75,19.97,1550.88,159.64,386.19,13267.58,2484.05,16195.64,0.0,114.21,201.27,-2593.14,-639.87,4494.91,5134.78,73.83
DE,2023,14,770.47,8674.4,4678.69,6152.64,371.03,4221.03,769.67,20.08,1549.0,182.17,624.77,13374.49,2575.35,12367.38,0.0,115.66,203.53,-1827.14,339.08,4841.37,4502.29,85.07
DE,2023,15,771.11,9238.12,5004.56,6776.87,367.41,4357.77,776.0,20.31,1545.98,226.11,1313.36,13458.35,2713.33,7976.95,0.0,117.88,207.43,-849.19,1515.62,5379.53,3863.91,101.05
DE,2023,16,771.21,9723.92,5349.29,7556.26,369.48,4517.99,778.7,20.58,1535.95,273.33,2643.64,13569.49,2806.86,4039.05,0.0,119.89,211.42,-279.11,2671.11,6053.44,3382.33,121.42
DE,2023,17,769.8,9912.78,5520.83,7949.83,367.96,4592.54,780.15,21.0,1528.98,309.84,3774.46,13694.85,2842.24,1473.46,0.0,121.02,213.6,-110.38,3281.83,6507.26,3225.43,138.24
DE,2023,18,767.99,9903.65,5489.0,7942.41,358.02,4585.7,777.97,21.45,1527.28,299.29,3564.07,13910.96,2868.3,335.42,0.0,120.86,213.08,-121.43,3006.49,6415.69,3409.2,132.65
DE,2023,19,767.16,9755.2,5262.76,7635.79,350.89,4499.02,778.42,21.86,1527.42,252.33,2416.77,14354.24,2883.95,21.29,0.0,119.51,209.83,-247.26,2229.98,6023.22,3793.23,118.53
DE,2023,20,766.12,9533.15,4927.77,7161.73,348.14,4378.16,777.82,22.25,1528.35,213.76,1499.03,14589.97,2875.24,4.04,0.0,118.22,207.01,-407.1,1463.48,5621.28,4157.8,107.49
DE,2023,21,763.63,9264.55,4528.48,6550.36,345.86,4261.96,778.81,22.66,1530.91,174.42,822.1,14572.91,2841.49,4.01,0.0,116.55,203.3,-666.26,920.66,5292.73,4372.07,98.41
DE,2023,22,762.86,8874.13,4116.65,5905.25,344.79,4150.98,774.71,22.97,1534.6,135.86,390.35,14527.47,2833.07,3.98,0.0,114.71,199.19,-1219.09,582.36,5172.41,4590.05,90.51
DE,2023,23,762.86,8533.73,3786.22,5511.04,344.45,4092.98,772.88,23.14,1538.5,112.62,220.39,14380.14,2851.68,3.91,0.0,113.45,196.34,-1912.12,487.81,5188.97,4701.17,84.05
DE,2024,0,0.0,7805.08,2590.02,5995.64,350.0,3916.81,756.6,25.89,1756.83,147.93,187.16,13326.67,3036.44,5.72,0.0,96.74,162.46,-2261.94,1773.52,6564.36,4790.84,66.84
DE,2024,1,0.0,7750.61,2534.66,5944.13,350.01,3904.0,754.34,25.98,1755.75,145.23,145.73,13210.87,3036.81,5.67,0.0,96.43,161.7,-2600.28,1997.7,6753.15,4755.44,65.16
DE,2024,2,0.0,7776.32,2551.6,5990.45,349.25,3927.8,754.19,25.97,1755.23,150.05,159.28,13130.46,3020.51,6.55,0.0,96.16,161.56,-2538.56,2336.81,6948.39,4611.58,64.72
DE,2024,3,0.0,7931.3,2680.73,6260.94,349.62,3994.74,750.07,25.79,1759.92,171.39,288.26,13182.8,3009.34,78.2,0.0,96.11,162.84,-2026.93,2654.1,7193.47,4539.37,68.35
DE,2024,4,0.0,8206.27,2932.47,6810.26,350.83,4150.45,745.68,25.37,1783.51,225.45,1089.54,13317.71,3004.79,696.05,0.0,95.92,166.56,-1323.02,3005.51,7443.22,4437.7,80.14
DE,2024,5,0.0,8418.66,3183.33,7297.89,355.65,4291.42,742.46,25.0,1807.43,266.24,1888.8,13147.55,2974.21,2712.74,0.0,95.22,169.75,-723.57,3176.55,7357.73,4181.18,91.46
DE,2024,6,0.0,8418.05,3303.34,7480.39,362.94,4345.79,740.36,24.54,1812.08,254.0,1956.5,12560.37,2929.05,6530.84,0.0,94.63,171.26,-522.14,2883.65,6811.0,3927.36,93.43
DE,2024,7,0.0,8119.56,3259.79,7253.58,375.04,4287.59,740.49,24.11,1811.66,226.97,1497.05,12078.17,2866.7,11580.19,0.0,94.55,171.52,-802.66,1981.83,6029.0,4047.17,83.97
DE,2024,8,0.0,7729.15,3140.08,6780.52,384.43,4168.89,739.58,23.67,1801.04,192.42,908.2,11801.47,2748.44,16656.18,0.0,94.67,169.7,-1507.38,1103.65,5547.72,4444.08,71.25
DE,2024,9,0.0,7370.4,3020.55,6445.34,390.51,4058.09,737.72,23.26,1785.87,173.61,558.02,11857.67,2667.35,20451.72,0.0,94.67,167.49,-2216.96,321.63,5313.48,4991.85,60.68
DE,2024,10,0.0,7128.01,2932.06,6243.69,389.98,3969.39,736.58,22.87,1780.89,159.59,377.88,12010.17,2604.65,22517.06,0.0,94.82,165.12,-2722.54,-350.3,5136.42,5486.72,53.19
DE,2024,11,0.0,7034.88,2886.68,6132.2,388.04,3918.12,739.95,22.55,1775.56,144.94,254.83,12111.37,2598.69,22752.12,0.0,95.48,164.03,-3113.94,-675.99,5057.61,5733.6,47.45
DE,2024,12,0.0,7054.06,2886.96,6107.55,389.34,3911.9,740.18,22.32,1769.55,153.22,254.0,12187.11,2589.36,21347.63,0.0,96.23,163.99,-3195.63,-657.33,5080.99,5738.33,46.95
DE,2024,13,0.0,7246.48,2949.84,6252.74,392.11,3948.69,740.92,22.25,1767.52,167.1,334.44,12356.12,2655.22,18355.3,0.0,96.61,164.68,-2799.58,-77.98,5348.05,5426.03,53.7
DE,2024,14,0.0,7663.3,3115.87,6654.13,392.81,4064.66,746.21,22.37,1783.42,203.21,638.58,12576.15,2756.5,13961.17,0.0,96.92,166.09,-2043.49,1000.15,5890.76,4890.61,67.61
DE,2024,15,0.0,8320.48,3398.61,7419.41,384.87,4257.92,751.65,22.6,1814.57,258.03,1413.29,12755.42,2902.29,8987.62,0.0,97.28,169.52,-977.37,2175.12,6640.09,4464.97,86.81
DE,2024,16,0.0,8877.84,3702.93,8379.9,379.84,4459.65,753.45,22.94,1853.06,320.8,2760.15,12877.46,3063.28,4590.12,0.0,97.58,172.89,-317.29,3297.83,7380.54,4082.72,110.44
DE,2024,17,0.0,9167.79,3854.59,8944.53,379.94,4566.82,755.0,23.39,1874.68,365.43,3843.85,13009.68,3131.4,1675.78,0.0,97.78,174.84,-81.57,3770.95,7677.76,3906.81,126.76
DE,2024,18,0.0,9180.98,3837.38,8991.25,377.78,4559.38,754.79,23.91,1864.79,339.97,3637.89,13293.77,3137.88,377.09,0.0,97.77,174.63,-99.96,3517.2,7490.32,3973.12,124.66
DE,2024,19,0.0,9040.79,3687.38,8641.34,363.51,4450.37,754.62,24.4,1837.18,288.23,2635.53,13645.59,3122.17,29.49,0.0,97.57,171.84,-213.27,2876.13,7088.61,4212.47,103.56
DE,2024,20,0.0,8843.01,3449.95,8089.26,353.28,4303.13,755.35,24.84,1810.82,255.8,1783.51,13716.41,3107.76,7.79,0.0,97.51,169.09,-344.79,2307.72,6719.35,4411.63,90.16
DE,2024,21,0.0,8612.0,3164.72,7402.4,350.83,4160.82,756.3,25.32,1784.39,209.78,973.47,13637.94,3082.22,6.71,0.0,97.31,166.61,-565.87,2030.74,6523.8,4493.06,81.3
DE,2024,22,0.0,8288.53,2907.48,6666.15,350.52,4029.59,757.16,25.6,1764.71,187.43,517.69,13576.72,3039.46,6.46,0.0,96.87,164.09,-1026.63,1731.79,6498.24,4766.45,75.08
DE,2024,23,0.0,7967.79,2720.87,6204.61,350.02,3955.96,756.76,25.8,1758.87,161.25,286.05,13456.94,3036.4,6.19,0.0,96.86,163.69,-1632.82,1682.16,6505.41,4823.25,70.62
DE,2025,0,0.0,7654.93,3027.96,6630.83,307.72,3895.24,662.78,27.41,1428.66,73.81,186.33,12934.26,3162.0,12.18,0.0,84.01,200.17,-1818.53,2551.9,8077.02,5525.12,81.93
DE,2025,1,0.0,7607.81,2971.19,6579.38,307.83,3881.79,660.67,27.47,1429.5,72.37,155.53,12789.4,3141.81,12.16,0.0,83.87,200.15,-2059.41,2811.07,8251.41,5440.35,80.1
DE,2025,2,0.0,7658.76,2979.49,6633.32,307.56,3911.86,657.67,27.45,1430.03,79.0,165.56,12700.57,3125.06,13.73,0.0,83.71,200.64,-2017.91,3179.73,8513.36,5333.64,80.47
DE,2025,3,0.0,7807.3,3081.7,6886.8,307.89,4007.07,652.36,27.13,1435.06,97.95,317.79,12715.72,3099.21,99.41,0.0,83.62,201.83,-1673.89,3674.47,8923.08,5248.61,84.66
DE,2025,4,0.0,7992.6,3268.11,7370.34,313.91,4178.94,647.7,26.75,1456.73,143.81,1066.86,12799.95,3084.3,832.62,0.0,83.22,203.81,-1104.28,4267.17,9425.35,5158.18,94.94
DE,2025,5,0.0,8090.6,3396.8,7864.71,322.88,4317.47,644.55,26.27,1480.06,188.37,1741.4,12589.56,3064.89,3161.93,0.0,82.32,205.55,-626.2,4373.49,9133.48,4759.99,106.03
DE,2025,6,0.0,8022.56,3410.8,7934.86,334.56,4339.36,643.2,25.76,1496.74,196.03,1787.05,11946.17,2999.99,7658.53,0.0,81.47,207.43,-514.95,3706.87,8276.48,4569.61,107.54
DE,2025,7,0.0,7618.6,3252.45,7533.19,342.3,4238.28,641.23,25.19,1504.47,171.94,1349.06,11385.58,2917.76,13562.98,0.0,81.18,208.89,-952.7,2345.2,7287.19,4941.99,96.7
DE,2025,8,0.0,7065.7,3001.78,6952.65,339.67,4067.93,637.52,24.66,1495.91,147.03,804.99,10987.81,2780.44,19429.65,0.0,81.32,206.89,-1790.83,989.26,6531.17,5541.92,77.8
DE,2025,9,0.0,6643.83,2818.71,6516.16,335.34,3915.04,634.19,24.25,1485.57,126.71,420.82,10825.35,2640.93,23803.41,0.0,81.5,203.65,-2496.27,-286.98,6040.53,6327.51,63.11
DE,2025,10,0.0,6355.85,2703.96,6251.07,334.43,3807.47,632.15,23.91,1479.08,113.19,250.0,10818.46,2580.71,26152.52,0.0,82.26,201.64,-2979.82,-1394.99,5756.42,7151.41,52.28
DE,2025,11,0.0,6243.26,2638.32,6137.58,330.06,3759.76,631.59,23.67,1473.45,105.97,198.22,10819.81,2522.28,26433.42,0.0,82.88,200.36,-3233.4,-1919.28,5625.18,7544.46,45.96
DE,2025,12,0.0,6287.89,2637.59,6136.45,323.16,3763.86,632.16,23.58,1468.32,107.18,223.07,10913.21,2536.87,24884.66,0.0,83.25,200.19,-3346.94,-1836.17,5676.55,7512.73,46.68
DE,2025,13,0.0,6518.4,2728.16,6318.26,319.89,3821.73,634.51,23.53,1468.46,116.66,317.98,11204.14,2651.36,21570.67,0.0,83.48,201.3,-3049.01,-952.24,6138.5,7090.74,56.3
DE,2025,14,0.0,7033.27,2982.35,6784.68,320.57,3974.72,643.6,23.6,1475.88,145.12,660.5,11643.86,2767.79,16635.42,0.0,83.69,203.85,-2300.98,514.65,6909.93,6395.29,72.18
DE,2025,15,0.0,7759.46,3359.5,7692.35,322.57,4216.63,659.62,23.83,1497.3,179.32,1269.24,12194.08,3008.08,10895.66,0.0,83.8,206.73,-1122.64,2025.32,7745.07,5719.75,95.86
DE,2025,16,0.0,8471.82,3702.54,8719.95,331.31,4488.04,666.74,24.12,1531.47,234.65,2569.19,12503.98,3126.85,5562.37,0.0,83.82,209.16,-310.0,3723.7,8725.66,5001.95,123.22
DE,2025,17,0.0,8801.49,3886.26,9313.12,337.93,4648.27,669.02,24.55,1557.9,285.05,3666.85,12628.36,3192.44,2019.22,0.0,83.8,210.26,-72.53,4709.32,9450.2,4740.88,141.02
DE,2025,18,0.0,8834.37,3907.47,9374.67,328.96,4654.32,668.36,25.02,1548.74,288.42,3595.02,12865.57,3213.42,469.74,0.0,83.81,210.32,-73.1,4632.98,9471.65,4838.67,137.33
DE,2025,19,0.0,8734.34,3818.62,9070.51,314.95,4531.39,668.37,25.59,1516.58,234.12,2685.77,13289.57,3224.08,51.01,0.0,83.86,207.85,-163.72,3925.26,8998.35,5073.09,120.37
DE,2025,20,0.0,8578.83,3669.44,8569.07,310.5,4355.44,668.08,26.09,1481.66,178.1,1837.03,13424.19,3240.54,18.81,0.0,83.9,206.19,-301.68,3173.88,8495.25,5321.37,106.49
DE,2025,21,0.0,8371.33,3488.6,7983.09,308.77,4178.74,667.32,26.63,1452.56,124.05,1014.65,13369.95,3246.97,14.18,0.0,83.95,203.87,-520.91,2763.1,8215.52,5452.42,97.1
DE,2025,22,0.0,8068.93,3292.75,7312.99,308.67,4025.32,665.55,27.04,1437.45,94.12,528.9,13296.08,3237.92,13.77,0.0,83.95,201.41,-957.54,2530.91,8148.87,5617.96,90.11
DE,2025,23,0.0,7797.3,3123.67,6853.99,307.84,3939.85,661.36,27.31,1431.73,81.33,294.02,13145.34,3201.98,12.69,0.0,83.96,200.91,-1408.22,2460.12,8080.53,5620.41,85.68
DE,2026,0,0.0,7822.62,3716.73,6893.83,301.23,3831.22,762.97,24.78,1315.11,70.1,256.64,13149.26,3443.43,7.4,0.0,76.43,202.62,-1007.26,828.39,7312.67,6484.27,109.02
DE,2026,1,0.0,7779.15,3675.7,6833.85,300.28,3819.24,761.76,24.84,1311.57,67.73,232.57,12890.11,3417.23,7.2,0.0,76.43,202.42,-1186.93,1191.4,7580.2,6388.8,106.84
DE,2026,2,0.0,7778.43,3678.15,6863.36,300.81,3850.27,759.96,24.82,1310.13,72.34,240.4,12697.99,3403.51,8.1,0.0,76.38,202.85,-1220.25,1763.82,7964.54,6200.72,106.9
DE,2026,3,0.0,7816.58,3710.29,6977.98,301.8,3940.07,757.53,24.7,1315.74,83.16,379.76,12688.71,3423.62,156.08,0.0,76.33,204.14,-1075.72,2680.54,8580.24,5899.71,110.46
DE,2026,4,0.0,7857.18,3760.45,7186.51,305.63,4105.22,754.83,24.49,1337.41,129.39,1146.56,12687.71,3379.25,1466.28,0.0,76.21,206.65,-797.46,3575.97,9199.16,5623.18,119.82
DE,2026,5,0.0,7830.13,3774.74,7376.36,311.86,4233.81,752.29,24.29,1365.43,162.72,1618.94,12239.71,3296.24,5270.53,0.0,75.83,207.25,-514.88,3425.37,8710.76,5285.39,123.61
DE,2026,6,0.0,7503.39,3661.74,7258.4,320.68,4240.34,753.63,24.01,1400.11,154.57,1452.36,11273.83,3210.95,11837.05,0.0,75.31,204.86,-617.02,2141.01,7565.85,5424.85,118.12
DE,2026,7,0.0,6934.29,3384.26,6737.03,325.11,4133.22,751.26,23.68,1408.25,127.79,976.99,10634.35,3113.97,19492.25,0.0,75.3,201.2,-1296.2,25.12,6408.08,6382.95,99.39
DE,2026,8,0.0,6324.48,3036.3,6101.76,323.31,3965.46,746.06,23.25,1392.25,110.19,587.77,10256.23,2977.23,26320.38,0.0,75.26,196.39,-2474.42,-1828.55,5560.73,7389.28,77.81
DE,2026,9,0.0,5841.48,2734.87,5681.13,320.96,3820.05,742.53,22.9,1383.34,99.96,342.69,10086.79,2866.12,31133.0,0.0,75.68,193.0,-3354.3,-3397.91,4881.05,8278.96,59.78
DE,2026,10,0.0,5558.71,2547.62,5432.24,319.18,3710.6,742.34,22.68,1379.47,85.61,219.63,9939.1,2793.89,33721.11,0.0,76.1,190.71,-3764.19,-4605.7,4463.45,9069.15,45.42
DE,2026,11,0.0,5446.44,2460.97,5330.91,316.93,3658.18,741.36,22.53,1376.8,79.87,154.13,9891.49,2761.59,34104.8,0.0,76.44,189.46,-4023.51,-5137.49,4336.89,9474.39,35.55
DE,2026,12,0.0,5484.73,2468.09,5297.43,310.45,3654.09,742.8,22.43,1371.43,80.97,136.38,10116.35,2751.27,32556.18,0.0,76.76,189.32,-4029.98,-5222.93,4312.75,9535.68,36.23
DE,2026,13,0.0,5744.23,2566.31,5411.1,308.54,3700.26,736.27,22.42,1365.69,87.69,175.46,10634.09,2773.12,29038.09,0.0,76.88,190.4,-3797.08,-4326.92,4652.66,8979.58,48.4
DE,2026,14,0.0,6381.55,2875.98,5796.2,312.41,3838.97,744.5,22.48,1370.52,100.99,306.67,11397.67,2876.56,23517.97,0.0,76.77,192.62,-2939.96,-2730.94,5256.69,7987.63,68.87
DE,2026,15,0.0,7261.54,3403.0,6689.51,313.06,4081.01,755.72,22.56,1393.23,130.77,797.55,12259.51,3074.51,16485.01,0.0,76.49,197.43,-1448.77,-1087.47,6043.85,7131.32,98.77
DE,2026,16,0.0,8016.05,3905.84,7852.59,324.19,4360.39,766.0,22.75,1413.36,196.92,2106.42,12602.22,3197.1,9016.83,0.0,76.14,205.17,-375.98,1706.61,7710.59,6003.98,131.45
DE,2026,17,0.0,8333.43,4152.33,8554.1,332.62,4522.03,770.25,23.07,1427.34,266.05,3735.18,12533.83,3246.38,3431.88,0.0,76.01,209.51,-66.03,3956.66,9200.69,5244.03,159.23
DE,2026,18,0.0,8399.17,4220.0,8700.06,330.94,4526.5,767.29,23.4,1416.16,297.04,4193.1,12517.28,3271.96,778.29,0.0,76.09,210.89,-38.7,4262.42,9543.88,5281.46,169.91
DE,2026,19,0.0,8355.19,4179.54,8579.91,319.81,4425.97,767.35,23.72,1386.63,254.13,3625.63,13029.98,3329.91,67.22,0.0,76.12,210.2,-80.02,3268.76,8884.39,5615.63,156.68
DE,2026,20,0.0,8266.49,4093.03,8283.82,310.39,4260.54,765.15,24.01,1358.23,200.22,2760.99,13391.88,3412.08,14.84,0.0,76.24,208.0,-161.85,2213.79,8156.53,5942.75,140.25
DE,2026,21,0.0,8175.37,3990.92,7884.61,306.06,4086.6,765.96,24.29,1335.74,144.91,1621.55,13463.69,3406.92,9.99,0.0,76.33,205.49,-256.62,1619.66,7733.43,6113.77,126.7
DE,2026,22,0.0,8040.79,3884.35,7429.96,304.1,3944.23,765.11,24.49,1326.74,103.58,851.32,13516.83,3411.33,9.31,0.0,76.47,204.21,-502.7,1192.78,7583.8,6391.02,118.64
DE,2026,23,0.0,7922.22,3781.61,7098.17,301.96,3865.9,765.29,24.65,1321.01,79.31,435.91,13337.8,3438.69,8.24,0.0,76.34,202.99,-750.23,883.51,7360.39,6476.87,113.17
ES,2019,0,6386.24,52.86,1075.56,7153.72,231.71,331.67,288.19,0.0,931.59,1280.16,0.0,6152.87,0.0,232.27,0.0,94.83,42.45,-669.42,31.43,1519.58,1488.15,43.2
ES,2019,1,6386.9,49.73,1036.05,7015.37,229.43,331.34,287.63,0.0,920.11,1152.7,0.0,6020.01,0.0,205.5,0.0,94.36,42.29,-903.04,-60.73,1497.31,1558.05,41.57
ES,2019,2,6371.62,49.16,1016.14,7002.18,227.27,330.29,287.21,0.0,910.21,1096.68,0.0,5853.33,0.0,181.01,0.0,93.91,42.26,-1026.28,-34.13,1523.94,1558.07,40.74
ES,2019,3,6372.71,49.49,1013.81,7083.61,226.53,329.76,287.61,0.0,909.56,1107.32,0.0,5744.66,0.0,151.56,0.0,93.75,42.28,-1009.4,56.06,1521.22,1465.16,41.02
ES,2019,4,6373.93,49.97,1043.02,7624.71,229.71,330.13,287.87,0.0,921.06,1271.9,0.0,5668.59,0.0,112.99,0.0,93.59,42.47,-784.7,205.47,1457.45,1251.98,42.64
ES,2019,5,6375.7,52.31,1108.94,8435.78,238.75,331.71,287.95,0.0,947.98,1679.91,0.0,5596.37,0.0,118.5,0.0,93.49,43.23,-506.81,621.67,1619.92,998.25,45.7
ES,2019,6,6377.9,58.52,1191.09,9150.59,247.38,333.9,287.98,0.0,987.0,2257.2,0.0,5438.22,0.0,393.46,0.0,93.87,44.76,-298.7,1187.22,2048.16,860.94,49.09
ES,2019,7,6396.4,61.72,1243.99,9546.94,253.17,336.55,287.95,0.0,1024.28,2663.71,0.0,5271.52,0.0,1250.32,0.0,96.36,45.67,-209.79,1380.59,2176.89,796.3,50.56
ES,2019,8,6394.56,63.06,1278.2,9623.25,255.18,336.72,287.06,0.0,1042.7,2778.64,0.0,5159.8,0.0,2489.46,0.0,98.09,45.7,-151.35,1260.98,2065.26,804.28,50.85
ES,2019,9,6392.65,63.93,1294.7,9546.41,256.15,334.85,285.41,0.0,1046.47,2656.48,0.0,5193.96,0.0,3509.66,0.0,98.46,45.9,-133.22,1111.58,1973.89,862.31,50.55
ES,2019,10,6392.76,64.28,1298.4,9488.06,256.61,333.19,284.52,0.0,1047.02,2501.75,0.0,5340.45,0.0,4122.21,0.0,98.91,45.82,-136.44,936.68,1879.34,942.67,50.13
ES,2019,11,6393.05,63.91,1285.55,9410.43,256.78,333.37,284.1,0.0,1041.87,2290.22,0.0,5563.17,0.0,4396.22,0.0,99.84,45.77,-164.45,830.4,1827.6,997.2,49.73
ES,2019,12,6391.39,63.3,1269.05,9296.16,255.73,333.78,284.29,0.0,1024.92,1999.31,0.0,5826.04,0.0,4423.1,0.0,100.76,45.39,-222.24,635.94,1758.04,1122.1,48.44
ES,2019,13,6386.42,62.36,1250.55,9159.36,254.23,332.48,283.64,0.0,1006.7,1748.21,0.0,6079.16,0.0,4283.07,0.0,101.32,45.2,-311.58,238.51,1628.32,1389.82,46.67
ES,2019,14,6381.67,61.51,1235.75,9101.02,253.36,332.97,283.64,0.0,995.14,1670.92,0.0,6268.04,0.0,3960.32,0.0,101.33,45.02,-388.09,34.21,1518.02,1483.81,45.67
ES,2019,15,6379.01,61.98,1236.93,9178.9,253.64,333.1,284.48,0.0,994.66,1732.78,0.0,6387.48,0.0,3372.86,0.0,101.41,44.75,-386.7,40.88,1524.83,1483.95,46.22
ES,2019,16,6379.14,62.85,1253.9,9371.4,254.85,333.73,286.05,0.0,1006.63,1997.5,0.0,6464.23,0.0,2473.39,0.0,101.85,44.74,-312.95,147.84,1568.83,1420.99,48.06
ES,2019,17,6380.95,63.98,1281.5,9631.8,257.12,335.22,287.51,0.0,1030.68,2536.86,0.0,6514.07,0.0,1478.85,0.0,102.13,44.85,-185.27,667.85,1825.38,1157.53,50.68
ES,2019,18,6364.49,63.06,1298.7,9861.28,257.99,335.19,288.33,0.0,1053.34,3083.23,0.0,6527.1,0.0,754.28,0.0,102.01,44.74,-99.22,1453.0,2202.29,749.29,52.88
ES,2019,19,6387.59,65.06,1322.81,9942.46,259.78,337.66,290.82,0.0,1072.28,3280.38,0.0,6561.44,0.0,420.49,0.0,102.32,44.25,-61.73,2109.47,2556.43,446.96,53.96
ES,2019,20,6390.77,64.99,1306.68,9683.37,258.57,336.0,290.75,0.0,1053.76,2832.53,0.0,6576.76,0.0,334.46,0.0,100.3,43.64,-71.83,1803.69,2324.97,521.28,52.12
ES,2019,21,6392.78,63.89,1267.77,9073.93,255.43,332.99,289.92,0.0,1019.12,2220.15,0.0,6524.48,0.0,306.52,0.0,98.25,42.96,-122.42,1060.06,1898.36,838.3,49.51
ES,2019,22,6393.08,61.12,1205.41,8189.6,243.63,332.99,289.27,0.0,982.16,1791.56,0.0,6407.81,0.0,282.31,0.0,96.43,42.67,-229.2,697.96,1695.26,997.3,48.41
ES,2019,23,6391.18,57.32,1136.72,7487.27,234.69,332.14,288.54,0.0,952.15,1518.88,0.0,6280.01,0.0,257.75,0.0,95.21,42.42,-427.91,358.55,1609.03,1250.47,45.88
ES,2020,0,6352.92,0.0,529.4,6058.52,188.49,436.39,262.49,0.0,1083.56,1622.13,0.0,6302.22,0.0,189.25,0.0,98.47,47.1,-852.01,175.9,1690.02,1514.12,29.72
ES,2020,1,6350.23,0.0,524.07,5997.02,186.6,435.64,263.05,0.0,1068.23,1406.51,0.0,6186.02,0.0,168.83,0.0,98.16,47.04,-1136.74,120.34,1703.65,1583.32,28.25
ES,2020,2,6348.07,0.0,523.43,5991.33,185.67,435.11,263.13,0.0,1061.04,1328.11,0.0,6049.89,0.0,147.08,0.0,97.93,47.18,-1300.33,184.61,1739.95,1555.34,27.54
ES,2020,3,6348.57,0.0,526.24,6055.92,186.32,435.34,262.78,0.0,1061.77,1367.2,0.0,5947.58,0.0,121.31,0.0,97.7,47.32,-1273.21,221.55,1683.43,1461.88,27.9
ES,2020,4,6349.63,0.0,532.34,6474.86,188.76,435.88,262.33,0.0,1072.35,1703.03,0.0,5876.01,0.0,88.14,0.0,97.61,47.49,-1010.84,172.7,1581.69,1408.99,30.08
ES,2020,5,6351.84,0.0,546.96,6973.7,196.85,435.16,261.81,0.0,1097.48,2239.52,0.0,5796.05,0.0,159.99,0.0,97.38,47.94,-691.41,387.33,1648.32,1260.99,32.7
ES,2020,6,6353.61,0.0,569.84,7364.97,210.41,436.73,261.48,0.0,1132.29,2938.79,0.0,5620.81,0.0,739.82,0.0,97.79,49.52,-482.15,636.07,1895.86,1259.79,35.16
ES,2020,7,6354.13,0.0,589.97,7459.03,216.36,437.82,260.74,0.0,1161.95,3277.14,0.0,5412.19,0.0,2079.31,0.0,98.85,50.6,-403.03,781.73,2029.4,1247.67,36.15
ES,2020,8,6353.23,0.0,607.04,7369.65,218.96,436.17,259.95,0.0,1172.81,3220.75,0.0,5290.85,0.0,3781.43,0.0,99.94,50.89,-371.26,701.19,1948.38,1247.19,35.87
ES,2020,9,6353.25,0.0,625.4,7302.66,219.59,434.19,259.23,0.0,1175.03,3069.48,0.0,5288.15,0.0,5062.54,0.0,100.27,51.2,-373.15,492.44,1783.13,1290.69,35.39
ES,2020,10,6344.78,0.0,635.64,7262.42,218.51,432.63,257.3,0.0,1170.81,2922.79,0.0,5398.59,0.0,5776.61,0.0,100.44,50.95,-361.18,315.95,1682.96,1367.01,35.17
ES,2020,11,6354.94,0.0,638.69,7223.11,219.75,434.34,257.56,0.0,1170.67,2743.98,0.0,5591.45,0.0,6129.14,0.0,101.6,50.89,-403.9,357.9,1716.12,1358.23,34.76
ES,2020,12,6354.08,0.0,636.41,7142.27,219.33,434.52,257.8,0.0,1164.14,2467.93,0.0,5823.78,0.0,6191.76,0.0,102.34,50.52,-462.79,241.66,1697.75,1456.09,33.85
ES,2020,13,6354.44,0.0,629.98,7037.63,218.54,433.94,257.88,0.0,1149.63,2198.41,0.0,6048.37,0.0,6041.77,0.0,102.66,50.3,-621.84,-319.89,1506.38,1826.27,32.23
ES,2020,14,6353.39,0.0,618.68,7041.46,217.34,433.91,258.26,0.0,1145.31,2123.12,0.0,6205.72,0.0,5614.76,0.0,102.77,50.19,-735.29,-683.06,1350.75,2033.81,31.6
ES,2020,15,6352.95,0.0,610.83,7133.72,217.97,434.9,258.99,0.0,1151.31,2284.5,0.0,6341.98,0.0,4791.55,0.0,103.01,49.99,-692.18,-704.25,1275.32,1979.57,32.63
ES,2020,16,6353.49,0.0,603.38,7359.19,220.04,436.86,259.96,0.0,1175.01,2858.77,0.0,6434.84,0.0,3452.95,0.0,102.88,49.76,-499.96,-556.14,1253.16,1809.3,35.07
ES,2020,17,6355.71,0.0,601.36,7581.62,222.29,436.53,260.52,0.0,1208.88,3700.13,0.0,6475.28,0.0,1981.35,0.0,103.22,49.89,-303.38,164.98,1654.98,1490.0,38.03
ES,2020,18,6357.69,0.0,602.94,7772.4,223.49,438.58,261.76,0.0,1238.84,4422.63,0.0,6479.71,0.0,863.22,0.0,103.52,49.9,-148.94,1189.66,2239.5,1049.84,40.27
ES,2020,19,6360.31,0.0,601.92,7802.24,224.54,440.7,263.16,0.0,1252.88,4692.19,0.0,6532.24,0.0,375.12,0.0,103.41,49.26,-76.98,1984.63,2639.8,655.17,40.86
ES,2020,20,6361.73,0.0,595.33,7596.6,223.28,440.37,263.19,0.0,1232.92,4224.53,0.0,6609.09,0.0,281.18,0.0,103.22,48.48,-81.57,1711.33,2390.19,678.86,39.29
ES,2020,21,6362.82,0.0,581.89,7285.95,217.59,439.31,262.87,0.0,1195.78,3291.68,0.0,6585.08,0.0,252.37,0.0,101.99,47.72,-146.41,1024.47,1923.51,899.04,36.29
ES,2020,22,6360.63,0.0,562.21,6687.38,203.03,438.33,262.78,0.0,1150.27,2407.37,0.0,6517.14,0.0,229.57,0.0,99.98,47.49,-283.54,858.6,1824.86,966.26,34.28
ES,2020,23,6355.92,0.0,542.14,6239.51,192.91,437.84,262.48,0.0,1110.35,1951.65,0.0,6420.74,0.0,210.3,0.0,98.83,47.38,-529.3,503.01,1765.83,1262.82,31.92
ES,2021,0,6186.07,0.0,545.89,6257.28,141.29,476.35,282.49,0.0,926.76,1891.5,0.0,7023.99,0.0,198.26,0.0,96.84,52.18,-740.37,-11.9,1638.51,1650.41,103.59
ES,2021,1,6182.54,0.0,536.88,6128.19,140.17,475.45,283.14,0.0,917.33,1752.3,0.0,6842.16,0.0,176.21,0.0,96.57,52.18,-953.34,-71.02,1623.86,1694.88,100.13
ES,2021,2,6183.24,0.0,531.56,6107.25,139.48,475.19,283.55,0.0,910.95,1691.48,0.0,6671.72,0.0,155.66,0.0,96.44,52.1,-1068.53,1.83,1658.25,1656.42,97.09
ES,2021,3,6186.02,0.0,535.41,6202.95,140.06,475.38,284.01,0.0,911.11,1738.79,0.0,6542.91,0.0,134.05,0.0,96.37,52.13,-1060.29,96.29,1656.22,1559.93,97.23
ES,2021,4,6188.02,0.0,542.79,6620.92,142.32,475.55,283.89,0.0,923.99,2107.02,0.0,6466.37,0.0,103.27,0.0,96.22,52.12,-859.25,246.45,1626.94,1380.49,103.75
ES,2021,5,6190.04,0.0,557.55,7178.96,146.41,473.88,284.13,0.0,947.53,2743.26,0.0,6410.74,0.0,191.84,0.0,96.45,52.44,-607.19,595.99,1814.86,1218.86,111.45
ES,2021,6,6191.8,0.0,576.89,7536.39,151.39,474.2,285.12,0.0,980.32,3301.13,0.0,6257.29,0.0,947.39,0.0,98.82,53.64,-431.61,855.68,2060.13,1204.45,118.7
ES,2021,7,6192.45,0.0,592.25,7516.51,154.15,475.14,284.01,0.0,993.38,3360.84,0.0,6043.68,0.0,2710.24,0.0,100.46,54.55,-355.84,713.37,1955.57,1242.21,119.75
ES,2021,8,6187.38,0.0,605.93,7252.95,154.44,474.07,281.96,0.0,997.53,3105.26,0.0,5888.75,0.0,4911.5,0.0,100.93,54.96,-355.76,329.73,1768.49,1438.76,116.72
ES,2021,9,6187.87,0.0,615.52,7033.08,153.38,470.48,279.74,0.0,988.5,2814.37,0.0,5863.57,0.0,6571.75,0.0,101.44,54.91,-402.44,-81.87,1609.7,1691.57,112.64
ES,2021,10,6187.24,0.0,623.28,6898.24,152.5,469.89,279.01,0.0,978.45,2591.13,0.0,5997.75,0.0,7448.63,0.0,101.98,54.87,-453.67,-324.4,1563.7,1888.1,109.41
ES,2021,11,6186.11,0.0,627.16,6801.7,151.95,471.13,279.22,0.0,968.93,2409.32,0.0,6199.89,0.0,7796.41,0.0,102.6,54.99,-506.02,-396.63,1626.12,2022.75,107.38
ES,2021,12,6185.3,0.0,623.13,6744.12,150.89,472.04,278.5,0.0,962.1,2277.69,0.0,6413.9,0.0,7830.0,0.0,103.13,54.89,-591.33,-500.42,1639.62,2140.04,104.85
ES,2021,13,6184.03,0.0,617.85,6643.86,149.63,471.02,277.22,0.0,952.55,2119.99,0.0,6614.43,0.0,7641.11,0.0,103.42,54.73,-729.88,-870.48,1518.84,2389.33,100.38
ES,2021,14,6182.36,0.0,609.47,6631.59,149.38,471.02,277.57,0.0,944.4,2072.89,0.0,6786.61,0.0,7177.73,0.0,103.33,54.58,-805.32,-1165.41,1355.95,2521.36,99.75
ES,2021,15,6181.05,0.0,604.51,6836.02,150.42,471.95,278.71,0.0,952.94,2272.7,0.0,6943.18,0.0,6148.87,0.0,103.63,54.46,-724.82,-1172.89,1142.73,2315.63,105.81
ES,2021,16,6181.5,0.0,602.48,7282.3,153.44,474.58,280.75,0.0,976.83,2784.41,0.0,7106.54,0.0,4393.22,0.0,104.07,54.55,-514.19,-956.8,1011.26,1968.06,115.63
ES,2021,17,6183.62,0.0,602.09,7754.72,157.07,474.55,283.44,0.0,1017.95,3685.02,0.0,7253.22,0.0,2476.5,0.0,104.66,54.58,-270.9,-256.93,1339.85,1596.78,126.1
ES,2021,18,6187.42,0.0,603.98,8110.55,159.5,475.96,285.98,0.0,1053.14,4445.91,0.0,7354.82,0.0,1020.27,0.0,104.87,54.5,-120.56,863.16,1926.23,1063.07,132.61
ES,2021,19,6191.98,0.0,604.89,8215.16,160.12,478.94,287.47,0.0,1063.46,4683.18,0.0,7419.14,0.0,406.7,0.0,104.72,53.85,-73.75,1659.18,2422.36,763.19,133.11
ES,2021,20,6195.56,0.0,601.62,8004.59,159.55,479.67,286.93,0.0,1046.87,4186.3,0.0,7502.43,0.0,294.98,0.0,103.94,52.85,-82.77,1359.72,2215.36,855.64,127.18
ES,2021,21,6194.79,0.0,591.72,7549.34,157.19,475.93,286.12,0.0,1014.17,3330.33,0.0,7474.19,0.0,266.0,0.0,103.21,52.62,-130.88,625.06,1893.22,1268.16,119.11
ES,2021,22,6194.42,0.0,577.19,7004.76,150.78,475.85,284.93,0.0,979.68,2631.78,0.0,7387.04,0.0,242.55,0.0,99.7,52.32,-241.3,384.78,1755.56,1370.78,114.29
ES,2021,23,6189.62,0.0,560.01,6517.87,144.48,476.19,282.65,0.0,947.58,2163.92,0.0,7218.48,0.0,221.19,0.0,97.17,52.18,-474.23,239.36,1736.09,1496.73,110.03
ES,2022,0,6415.35,0.0,883.36,8163.68,125.95,466.58,260.27,0.0,738.54,1073.03,17.11,7167.92,0.0,185.7,0.0,93.74,28.29,-767.86,-2002.26,689.9,2692.16,158.81
ES,2022,1,6413.57,0.0,869.12,7990.83,125.1,463.69,260.67,0.0,728.91,907.27,12.73,6988.98,0.0,165.95,0.0,92.96,28.34,-1040.49,-2001.57,689.24,2690.82,152.95
ES,2022,2,6413.5,0.0,863.36,7950.98,124.53,463.33,260.98,0.0,724.61,854.84,10.95,6798.21,0.0,146.31,0.0,92.66,28.37,-1200.34,-1920.57,753.05,2673.62,150.08
ES,2022,3,6414.64,0.0,866.31,8043.17,124.46,463.07,260.85,0.0,723.36,901.73,10.76,6636.27,0.0,125.72,0.0,92.71,28.32,-1215.77,-1843.75,757.62,2601.36,151.77
ES,2022,4,6415.76,0.0,879.51,8407.17,126.2,464.02,260.19,0.0,732.18,1118.77,11.22,6486.36,0.0,95.59,0.0,92.55,28.33,-1036.8,-1569.67,754.49,2324.16,160.81
ES,2022,5,6417.05,0.0,893.93,8989.94,128.31,464.5,260.32,0.0,751.44,1595.22,14.34,6377.4,0.0,171.55,0.0,92.57,28.76,-694.65,-1218.33,825.39,2043.72,174.87
ES,2022,6,6417.21,0.0,907.61,9348.06,130.04,464.74,260.73,0.0,774.39,2080.64,30.4,6203.33,0.0,1083.82,0.0,94.16,30.16,-447.8,-1100.04,887.56,1987.6,183.6
ES,2022,7,6416.07,0.0,912.71,9207.09,130.98,464.37,259.83,0.0,790.46,2174.0,55.75,5944.1,0.0,3236.59,0.0,95.72,31.62,-428.39,-1514.06,780.94,2295.0,180.17
ES,2022,8,6414.54,0.0,911.16,8790.01,129.85,460.63,257.92,0.0,789.06,1906.59,68.91,5760.95,0.0,5943.92,0.0,95.82,31.76,-529.59,-2115.17,583.13,2698.3,169.41
ES,2022,9,6413.03,0.0,910.68,8436.81,127.56,456.78,255.6,0.0,772.55,1502.96,57.7,5738.58,0.0,7984.08,0.0,95.49,32.08,-678.61,-2537.4,450.62,2988.03,158.95
ES,2022,10,6410.23,0.0,907.33,8268.79,126.21,454.05,254.3,0.0,760.64,1283.39,42.23,5879.31,0.0,9040.25,0.0,95.53,31.7,-822.44,-2821.28,397.52,3218.8,153.88
ES,2022,11,6407.17,0.0,901.95,8217.83,125.55,453.94,254.38,0.0,754.89,1211.01,34.88,6080.8,0.0,9476.31,0.0,96.47,31.52,-939.19,-2937.92,398.55,3336.47,150.98
ES,2022,12,6405.52,0.0,896.61,8141.04,124.5,452.48,255.0,0.0,750.15,1131.87,30.75,6322.92,0.0,9541.69,0.0,97.05,31.19,-1061.2,-2967.17,438.3,3405.47,145.55
ES,2022,13,6403.58,0.0,889.28,8024.25,123.71,448.82,254.39,0.0,742.94,1064.75,30.85,6540.85,0.0,9343.25,0.0,96.97,30.52,-1196.02,-3189.03,417.87,3606.9,140.76
ES,2022,14,6402.63,0.0,886.05,8048.38,123.6,448.04,253.74,0.0,739.07,1073.25,32.27,6727.53,0.0,8815.93,0.0,96.94,29.75,-1295.17,-3384.65,375.92,3760.57,139.5
ES,2022,15,6402.05,0.0,891.04,8314.36,124.59,450.65,254.16,0.0,744.3,1196.2,42.96,6889.34,0.0,7753.81,0.0,97.42,29.72,-1166.61,-3299.49,341.25,3640.74,146.76
ES,2022,16,6400.52,0.0,901.43,8914.3,127.62,455.86,255.56,0.0,766.01,1607.09,81.56,7014.63,0.0,5768.98,0.0,98.24,29.76,-835.85,-2938.46,363.92,3302.37,163.1
ES,2022,17,6402.87,0.0,919.87,9660.93,132.9,462.24,256.56,0.0,801.67,2394.7,116.67,7170.68,0.0,3400.13,0.0,99.36,29.92,-448.02,-2282.11,446.32,2728.43,185.83
ES,2022,18,6405.9,0.0,936.59,10269.29,136.88,470.2,258.09,0.0,839.95,3296.76,126.23,7309.81,0.0,1450.38,0.0,100.5,29.85,-176.01,-1322.08,731.5,2053.58,207.45
ES,2022,19,6409.19,0.0,947.5,10536.47,138.45,476.09,260.13,0.0,862.65,3762.36,127.56,7393.44,0.0,477.47,0.0,100.89,29.48,-70.55,-660.65,1015.35,1675.99,213.22
ES,2022,20,6412.85,0.0,946.57,10339.23,138.61,475.23,260.53,0.0,850.83,3424.69,121.19,7497.24,0.0,288.87,0.0,100.28,29.09,-80.52,-875.65,959.22,1834.87,201.79
ES,2022,21,6416.79,0.0,938.9,9861.73,137.43,471.79,260.93,0.0,821.98,2557.07,84.96,7482.74,0.0,251.4,0.0,99.32,28.92,-146.33,-1561.97,734.61,2296.58,184.51
ES,2022,22,6419.26,0.0,921.72,9180.12,133.55,469.06,260.55,0.0,789.16,1789.83,51.21,7435.96,0.0,225.68,0.0,97.41,28.7,-270.54,-1831.88,692.83,2524.71,176.98
ES,2022,23,6418.38,0.0,900.64,8519.99,128.44,467.93,260.31,0.0,759.22,1373.71,27.16,7323.17,0.0,203.72,0.0,94.61,28.4,-490.65,-1852.86,728.01,2580.87,168.39
ES,2023,0,6202.3,0.0,403.07,6116.65,48.55,357.7,252.29,0.0,814.19,1657.31,490.59,7399.34,0.0,245.1,0.0,78.9,9.84,-763.86,-77.67,1136.51,1214.19,84.99
ES,2023,1,6199.24,0.0,396.98,5991.5,48.32,356.11,252.18,0.0,802.89,1501.05,370.72,7191.79,0.0,221.41,0.0,78.22,10.05,-1014.12,-48.74,1163.18,1211.93,82.21
ES,2023,2,6200.96,0.0,394.24,5937.77,48.21,356.16,252.34,0.0,796.78,1438.41,323.48,6996.41,0.0,196.97,0.0,77.51,10.16,-1152.78,50.74,1224.45,1173.7,80.08
ES,2023,3,6202.83,0.0,395.68,5974.82,48.14,355.69,252.38,0.0,796.94,1445.96,332.23,6847.59,0.0,171.27,0.0,77.3,10.21,-1171.46,89.59,1226.76,1137.17,81.04
ES,2023,4,6205.3,0.0,400.87,6262.47,48.25,357.67,252.26,0.0,801.92,1587.82,469.96,6757.78,0.0,137.74,0.0,77.45,10.34,-1022.38,92.85,1198.31,1105.46,87.5
ES,2023,5,6209.13,0.0,414.18,6722.36,49.35,359.62,251.81,0.0,817.83,1914.23,819.62,6731.84,0.0,187.67,0.0,77.59,10.64,-711.66,-14.58,1050.79,1065.38,96.12
ES,2023,6,6213.16,0.0,432.67,6946.37,50.9,360.15,251.35,0.0,836.09,2268.27,1146.21,6598.52,0.0,1242.57,0.0,80.15,11.58,-480.72,-172.43,989.52,1161.94,101.23
ES,2023,7,6216.99,0.0,456.4,6470.32,51.1,355.64,250.13,0.0,844.17,2278.6,1081.19,6316.44,0.0,4127.08,0.0,81.17,12.6,-496.9,-359.47,978.96,1338.43,96.23
ES,2023,8,6217.84,0.0,479.91,5628.42,48.07,349.9,248.16,0.0,837.39,2001.09,725.47,5989.82,0.0,7779.93,0.0,81.08,12.99,-815.63,-667.22,885.05,1552.27,83.64
ES,2023,9,6215.96,0.0,499.98,5029.4,45.66,343.48,245.97,0.0,820.3,1719.34,438.55,5814.31,0.0,10441.27,0.0,80.04,13.01,-1222.03,-946.53,780.67,1727.2,73.69
ES,2023,10,6214.17,0.0,514.88,4772.97,44.37,339.95,244.54,0.0,808.98,1557.72,298.41,5869.55,0.0,11681.16,0.0,79.44,12.53,-1573.13,-1093.67,770.2,1863.87,69.15
ES,2023,11,6211.37,0.0,516.55,4695.01,43.67,339.25,244.03,0.0,799.6,1465.22,226.79,6055.26,0.0,12126.73,0.0,79.59,12.36,-1787.5,-1088.31,801.36,1889.68,66.26
ES,2023,12,6207.55,0.0,509.46,4654.03,43.36,338.73,244.11,0.0,792.82,1433.39,198.16,6310.1,0.0,12152.69,0.0,80.13,11.77,-1919.91,-1107.53,801.72,1909.24,62.92
ES,2023,13,6204.17,0.0,497.44,4635.67,43.42,337.52,243.93,0.0,784.99,1404.5,187.45,6538.42,0.0,11917.22,0.0,80.18,11.23,-2032.89,-1317.51,692.36,2009.87,60.31
ES,2023,14,6203.5,0.0,484.03,4786.52,43.53,337.38,243.68,0.0,778.97,1413.0,192.35,6748.74,0.0,11400.87,0.0,80.1,10.62,-2038.35,-1645.39,537.46,2182.85,61.47
ES,2023,15,6203.1,0.0,470.71,5264.95,44.09,338.41,244.68,0.0,783.79,1487.76,249.65,7039.29,0.0,10248.77,0.0,80.68,10.37,-1777.19,-1824.65,408.9,2233.54,69.35
ES,2023,16,6202.16,0.0,458.18,6179.35,47.59,343.88,246.39,0.0,805.18,1779.76,519.98,7362.08,0.0,7879.1,0.0,82.13,10.34,-1205.55,-1792.43,343.46,2135.89,83.37
ES,2023,17,6201.92,0.0,453.61,7259.32,53.93,353.88,248.51,0.0,840.27,2273.16,1099.62,7703.54,0.0,4763.64,0.0,84.11,10.27,-587.45,-1412.98,443.13,1856.11,102.26
ES,2023,18,6203.22,0.0,455.94,8092.08,58.22,365.69,251.23,0.0,882.63,2875.78,1844.68,7883.66,0.0,1979.65,0.0,85.72,10.42,-160.02,-640.31,712.33,1352.64,119.24
ES,2023,19,6206.53,0.0,453.73,8396.61,59.57,370.47,253.07,0.0,907.36,3218.97,2315.79,7927.93,0.0,609.75,0.0,86.94,10.58,-47.68,137.57,1058.13,920.56,122.33
ES,2023,20,6209.96,0.0,445.61,8210.21,59.01,371.7,253.37,0.0,909.28,3128.57,2158.86,7952.56,0.0,369.92,0.0,86.75,10.61,-54.36,250.39,1157.28,906.89,114.62
ES,2023,21,6212.28,0.0,432.69,7615.64,56.7,369.62,252.99,0.0,891.58,2671.12,1612.4,7924.59,0.0,329.15,0.0,85.87,10.44,-98.45,-15.32,1079.22,1094.55,104.33
ES,2023,22,6211.96,0.0,421.18,6960.12,53.15,366.26,252.67,0.0,863.56,2186.19,1091.34,7779.96,0.0,295.3,0.0,82.85,10.2,-218.81,-107.92,1080.07,1187.99,97.65
ES,2023,23,6206.93,0.0,411.82,6423.55,49.85,361.94,252.54,0.0,832.59,1859.49,726.76,7590.35,0.0,269.22,0.0,79.95,10.0,-468.57,-41.8,1127.99,1169.79,90.53
ES,2024,0,5958.86,0.0,294.87,4678.92,35.42,399.84,215.07,0.0,1009.04,2531.45,789.28,7408.43,0.0,260.17,0.0,74.61,21.34,-607.37,432.06,1377.68,945.62,64.23
ES,2024,1,5958.79,0.0,292.22,4563.91,35.05,399.3,214.98,0.0,996.88,2383.32,659.01,7179.59,0.0,239.86,0.0,74.11,21.32,-789.0,437.14,1386.7,949.55,62.09
ES,2024,2,5960.34,0.0,289.91,4523.79,34.98,398.12,214.55,0.0,989.49,2311.39,617.83,6968.04,0.0,219.64,0.0,73.68,21.3,-912.22,524.92,1442.98,918.07,60.32
ES,2024,3,5962.6,0.0,291.98,4584.01,34.89,398.14,214.69,0.0,987.45,2325.31,630.45,6800.75,0.0,193.1,0.0,73.35,21.31,-947.19,548.5,1452.69,904.19,60.51
ES,2024,4,5962.11,0.0,295.51,4856.56,35.07,400.04,214.2,0.0,991.27,2516.59,777.64,6737.16,0.0,150.17,0.0,73.14,21.27,-851.5,572.18,1435.41,863.23,64.97
ES,2024,5,5964.54,0.0,307.2,5286.38,35.57,396.42,213.4,0.0,1009.4,2893.31,1086.11,6727.39,0.0,250.03,0.0,73.21,21.37,-645.07,558.21,1353.98,795.77,73.64
ES,2024,6,5966.75,0.0,327.43,5501.43,36.16,391.42,212.14,0.0,1029.35,3145.14,1288.12,6562.7,0.0,1657.37,0.0,74.3,22.05,-465.2,382.18,1229.58,847.39,75.97
ES,2024,7,5967.93,0.0,346.59,5088.32,35.94,386.1,210.37,0.0,1026.72,2965.36,1064.41,6161.8,0.0,4992.01,0.0,75.22,22.32,-563.63,111.54,1121.96,1010.42,69.22
ES,2024,8,5965.55,0.0,365.68,4341.36,34.44,381.13,207.73,0.0,1000.95,2521.3,722.94,5765.77,0.0,8933.91,0.0,74.56,22.95,-973.24,-260.45,983.1,1243.55,56.62
ES,2024,9,5960.32,0.0,383.93,3663.33,32.8,378.8,205.63,0.0,970.78,2115.48,437.39,5472.63,0.0,12017.27,0.0,73.43,23.19,-1472.63,-509.27,880.81,1390.08,46.83
ES,2024,10,5957.78,0.0,396.89,3348.57,31.94,375.89,204.27,0.0,950.03,1894.63,313.43,5396.33,0.0,13558.89,0.0,72.39,22.91,-1867.06,-650.57,825.26,1475.83,41.73
ES,2024,11,5957.29,0.0,403.56,3257.61,31.59,377.44,203.96,0.0,941.07,1766.42,251.36,5467.48,0.0,14147.58,0.0,72.47,22.43,-2118.55,-576.57,863.73,1440.3,39.49
ES,2024,12,5954.83,0.0,399.78,3230.46,31.39,377.9,203.73,0.0,935.45,1700.15,228.72,5633.7,0.0,14196.3,0.0,72.55,22.48,-2242.01,-498.2,892.31,1390.5,37.78
ES,2024,13,5951.07,0.0,389.08,3254.55,31.04,376.46,203.94,0.0,930.45,1683.64,226.11,5805.3,0.0,13894.05,0.0,72.7,22.14,-2304.91,-668.2,797.55,1465.75,36.74
ES,2024,14,5951.31,0.0,376.88,3381.28,31.11,375.58,204.32,0.0,929.78,1723.88,243.15,6016.76,0.0,13274.6,0.0,72.78,21.74,-2271.8,-943.7,642.09,1585.79,38.15
ES,2024,15,5950.59,0.0,365.75,3827.39,31.58,377.78,205.53,0.0,943.6,1908.14,304.59,6344.13,0.0,11986.35,0.0,73.64,21.69,-2014.37,-1037.79,577.37,1615.17,46.3
ES,2024,16,5948.61,0.0,355.29,4779.75,33.22,381.24,208.26,0.0,972.96,2360.39,541.58,6789.69,0.0,9264.96,0.0,75.37,21.73,-1436.92,-942.07,575.69,1517.76,59.32
ES,2024,17,5948.26,0.0,346.57,5948.86,35.62,387.89,210.94,0.0,1019.69,3005.88,1029.58,7278.79,0.0,5714.22,0.0,77.76,21.76,-761.37,-572.3,709.4,1281.7,75.96
ES,2024,18,5948.3,0.0,340.89,6852.38,38.21,398.4,213.06,0.0,1072.85,3713.61,1786.82,7652.12,0.0,2392.37,0.0,79.8,21.94,-228.59,286.72,1167.24,880.52,90.05
ES,2024,19,5950.55,0.0,333.66,7197.95,39.42,404.36,214.85,0.0,1102.52,4151.93,2386.16,7808.42,0.0,653.07,0.0,80.67,21.98,-77.88,1000.1,1576.96,576.86,98.77
ES,2024,20,5954.13,0.0,321.85,6966.22,39.53,406.61,215.34,0.0,1102.15,4030.74,2299.74,7910.79,0.0,368.94,0.0,80.27,21.79,-79.37,1011.54,1595.33,583.79,90.14
ES,2024,21,5956.14,0.0,310.36,6273.57,39.12,404.81,215.46,0.0,1083.18,3549.68,1877.46,7885.78,0.0,334.08,0.0,79.48,21.76,-119.01,619.89,1388.64,768.76,80.98
ES,2024,22,5958.17,0.0,302.72,5530.6,37.85,402.29,214.96,0.0,1058.79,3079.8,1408.29,7762.93,0.0,306.96,0.0,78.19,21.48,-217.31,536.91,1388.25,851.34,74.57
ES,2024,23,5959.23,0.0,299.08,4980.75,36.1,399.69,214.68,0.0,1030.48,2758.48,1041.51,7598.73,0.0,280.76,0.0,75.84,21.37,-383.63,514.17,1407.52,893.35,68.79
ES,2025,0,5930.11,0.0,130.14,5677.55,26.99,435.62,191.82,0.0,975.63,2497.5,1053.1,7110.6,0.0,275.5,0.0,71.2,6.41,-495.53,-552.54,1095.94,1648.47,70.07
ES,2025,1,5931.04,0.0,128.27,5508.58,26.81,434.64,190.91,0.0,964.73,2325.49,912.88,6897.89,0.0,253.52,0.0,70.52,6.45,-653.26,-593.34,1090.39,1683.73,66.47
ES,2025,2,5930.25,0.0,126.74,5427.87,26.87,433.67,190.0,0.0,958.07,2235.68,839.21,6716.27,0.0,233.75,0.0,69.93,6.39,-776.92,-498.38,1119.79,1618.17,64.51
ES,2025,3,5931.55,0.0,127.68,5460.74,26.69,434.25,190.46,0.0,954.33,2265.87,844.3,6566.1,0.0,203.89,0.0,69.8,6.46,-830.3,-397.29,1140.99,1538.28,65.02
ES,2025,4,5934.51,0.0,129.5,5774.0,26.95,435.08,190.27,0.0,961.88,2468.25,990.84,6480.83,0.0,160.09,0.0,69.62,6.55,-739.76,-206.74,1187.8,1394.54,70.14
ES,2025,5,5935.82,0.0,132.64,6350.63,27.57,434.34,189.93,0.0,985.24,2849.62,1257.0,6397.33,0.0,290.05,0.0,69.3,6.49,-521.58,77.58,1287.61,1210.03,80.26
ES,2025,6,5935.74,0.0,139.49,6687.62,28.08,431.44,189.42,0.0,995.89,3022.92,1381.35,6213.76,0.0,1927.47,0.0,68.61,7.11,-388.24,-55.23,1241.29,1296.52,83.27
ES,2025,7,5933.27,0.0,148.13,6303.82,28.01,424.13,188.18,0.0,976.81,2732.69,1134.2,5819.34,0.0,5853.9,0.0,67.38,8.19,-593.05,-836.06,977.82,1813.88,70.53
ES,2025,8,5926.1,0.0,154.84,5467.5,26.62,409.76,186.16,0.0,937.33,2216.92,697.53,5370.95,0.0,10492.84,0.0,66.11,8.71,-1141.08,-1706.62,680.04,2386.65,51.23
ES,2025,9,5919.07,0.0,158.88,4815.92,25.35,397.93,183.69,0.0,898.83,1759.68,401.78,5012.9,0.0,13656.11,0.0,64.79,8.77,-1787.37,-2063.17,572.75,2635.92,38.59
ES,2025,10,5912.55,0.0,164.64,4489.91,24.84,394.1,182.15,0.0,872.91,1496.22,280.26,4888.28,0.0,15067.87,0.0,64.12,8.55,-2248.16,-2120.14,573.39,2693.53,32.57
ES,2025,11,5903.75,0.0,167.99,4353.46,24.74,392.53,181.23,0.0,857.74,1363.27,224.58,4945.16,0.0,15604.92,0.0,64.21,8.18,-2509.13,-2032.14,622.36,2654.5,29.5
ES,2025,12,5904.8,0.0,169.21,4333.57,24.65,392.15,181.7,0.0,853.13,1327.43,201.54,5111.17,0.0,15635.25,0.0,65.04,7.93,-2637.82,-1967.86,675.7,2643.56,27.65
ES,2025,13,5906.47,0.0,170.26,4395.68,24.66,390.5,181.12,0.0,847.88,1328.84,209.64,5312.98,0.0,15212.55,0.0,65.13,7.21,-2657.87,-2123.23,582.72,2705.95,27.45
ES,2025,14,5908.81,0.0,168.65,4576.07,24.61,391.76,181.07,0.0,846.21,1402.27,234.2,5518.33,0.0,14471.7,0.0,65.11,6.48,-2563.64,-2313.07,461.97,2775.04,31.0
ES,2025,15,5912.92,0.0,164.86,5010.57,25.21,398.32,181.78,0.0,855.88,1611.97,332.94,5860.68,0.0,13014.72,0.0,65.84,6.37,-2139.99,-2306.55,389.6,2696.15,41.25
ES,2025,16,5918.24,0.0,160.81,5945.56,27.05,407.59,184.08,0.0,895.77,2147.44,674.25,6312.79,0.0,10124.41,0.0,67.66,6.36,-1392.14,-2031.73,452.43,2484.16,58.96
ES,2025,17,5924.97,0.0,158.9,7067.01,29.53,418.5,187.55,0.0,962.62,2942.59,1321.54,6831.9,0.0,6349.06,0.0,70.11,6.79,-653.38,-1422.15,599.76,2021.91,82.92
ES,2025,18,5929.25,0.0,158.05,8026.46,31.96,428.02,190.06,0.0,1035.16,3746.13,2038.05,7272.67,0.0,2663.21,0.0,72.36,7.08,-180.46,-211.88,1033.12,1245.0,105.43
ES,2025,19,5933.71,0.0,155.65,8403.59,32.94,434.41,192.08,0.0,1078.3,4216.82,2448.88,7481.38,0.0,693.29,0.0,73.72,7.29,-65.61,930.22,1611.48,681.27,115.64
ES,2025,20,5938.58,0.0,152.56,8054.24,32.77,436.46,192.76,0.0,1081.05,4097.31,2370.33,7549.89,0.0,375.65,0.0,74.0,6.92,-61.41,939.66,1636.6,696.94,104.25
ES,2025,21,5942.51,0.0,145.64,7355.57,32.0,435.93,192.57,0.0,1056.36,3612.52,2051.03,7516.05,0.0,345.39,0.0,73.54,6.74,-83.38,194.62,1302.76,1108.14,90.91
ES,2025,22,5943.54,0.0,135.98,6681.53,30.34,435.58,193.01,0.0,1025.89,3132.85,1641.03,7445.96,0.0,322.13,0.0,73.08,6.44,-155.16,-247.44,1163.63,1411.07,83.64
ES,2025,23,5938.12,0.0,130.97,6054.65,28.07,435.02,192.78,0.0,993.5,2761.46,1282.37,7305.43,0.0,299.39,0.0,71.94,6.39,-312.24,-387.99,1135.53,1523.52,75.56
ES,2026,0,6023.02,0.0,29.1,5810.23,20.88,422.71,200.17,0.0,1039.0,2587.88,1344.46,6938.04,0.0,324.91,0.0,66.9,9.47,-462.85,-185.52,1403.18,1588.7,86.93
ES,2026,1,6023.94,0.0,29.35,5625.81,20.64,421.53,199.96,0.0,1026.69,2459.97,1204.9,6575.61,0.0,300.43,0.0,66.39,9.52,-591.21,-111.88,1500.9,1612.78,83.9
ES,2026,2,6025.32,0.0,29.45,5589.96,20.68,420.44,199.75,0.0,1019.25,2406.34,1152.62,6301.88,0.0,266.85,0.0,65.92,9.38,-666.18,1.37,1552.89,1551.52,81.98
ES,2026,3,6026.88,0.0,29.26,5763.8,20.41,421.04,200.0,0.0,1019.68,2481.33,1197.9,6104.33,0.0,220.29,0.0,65.71,9.45,-677.96,54.06,1531.49,1477.43,82.99
ES,2026,4,6028.96,0.0,28.83,6318.56,20.54,422.09,199.83,0.0,1031.51,2806.51,1409.59,5986.57,0.0,172.71,0.0,65.56,9.18,-604.08,259.52,1555.23,1295.71,88.62
ES,2026,5,6029.64,0.0,29.26,6728.25,20.78,422.34,199.56,0.0,1054.92,3127.75,1581.09,5931.78,0.0,911.01,0.0,64.99,9.25,-441.09,569.52,1706.28,1136.77,93.36
ES,2026,6,6029.44,0.0,29.02,6151.74,20.21,422.19,198.16,0.0,1059.08,2868.34,1302.17,5700.68,0.0,5148.33,0.0,64.34,9.58,-489.84,73.14,1553.55,1480.41,85.2
ES,2026,7,6017.91,0.0,27.73,5071.69,18.4,411.08,196.03,0.0,1015.03,2257.48,822.56,5127.38,0.0,11241.85,0.0,62.58,10.68,-1079.1,-1437.24,1091.85,2529.09,60.8
ES,2026,8,6018.32,0.0,27.33,4393.0,17.45,397.0,194.52,0.0,961.49,1807.75,469.8,4545.43,0.0,15550.58,0.0,61.92,11.06,-1973.12,-2450.31,778.5,3228.81,36.8
ES,2026,9,6014.46,0.0,27.19,4062.08,16.92,385.38,193.42,0.0,917.91,1514.35,286.88,4195.12,0.0,17510.7,0.0,61.19,10.94,-2592.6,-2750.25,679.3,3429.55,23.48
ES,2026,10,6015.76,0.0,27.7,3900.89,16.72,381.72,192.96,0.0,895.37,1349.43,204.2,4107.85,0.0,18344.37,0.0,61.36,10.6,-2956.16,-2762.32,708.43,3470.75,18.43
ES,2026,11,6006.72,0.0,27.86,3852.83,16.53,380.28,193.04,0.0,883.54,1266.19,180.9,4206.23,0.0,18682.54,0.0,62.07,10.36,-3108.42,-2746.26,794.32,3540.58,16.38
ES,2026,12,6000.46,0.0,27.75,3840.7,16.08,381.34,193.36,0.0,875.08,1235.41,170.18,4427.86,0.0,18613.24,0.0,62.56,9.88,-3180.27,-2706.66,808.58,3515.24,16.82
ES,2026,13,6005.33,0.0,27.92,3903.32,15.96,381.35,194.09,0.0,869.95,1263.47,175.91,4659.86,0.0,18044.5,0.0,63.24,9.61,-3190.1,-2826.04,712.14,3538.18,17.07
ES,2026,14,5990.15,0.0,29.16,4048.55,16.06,380.48,193.9,0.0,865.81,1307.98,193.29,4961.72,0.0,17282.17,0.0,63.1,9.69,-3087.52,-2985.42,560.47,3545.89,20.08
ES,2026,15,6000.32,0.0,30.68,4357.27,16.39,390.36,195.16,0.0,882.46,1475.77,271.1,5487.33,0.0,16263.3,0.0,63.81,9.49,-2688.6,-3043.47,431.42,3474.89,28.56
ES,2026,16,5985.78,0.0,32.03,5082.77,17.04,397.32,195.94,0.0,925.2,1878.76,499.19,6310.23,0.0,13877.92,0.0,64.62,9.5,-1852.64,-3072.65,317.12,3389.77,44.33
ES,2026,17,5993.08,0.0,32.32,6473.83,19.45,408.89,197.66,0.0,1015.6,2734.51,1195.56,7210.04,0.0,9257.29,0.0,66.94,10.55,-758.9,-2575.6,398.51,2974.11,76.99
ES,2026,18,6005.34,0.0,33.2,8053.07,22.77,420.44,199.38,0.0,1115.3,3922.23,2508.59,7779.99,0.0,3478.66,0.0,68.38,16.92,-151.83,-1106.19,777.09,1883.28,111.38
ES,2026,19,6009.34,0.0,34.01,8734.26,23.75,426.08,200.23,0.0,1172.15,4617.06,3017.94,7917.2,0.0,714.73,0.0,68.93,22.75,-57.92,487.94,1390.28,902.35,127.64
ES,2026,20,6007.12,0.0,33.93,8289.11,23.55,425.91,200.23,0.0,1170.75,4445.25,2880.73,7971.05,0.0,426.06,0.0,68.77,21.4,-59.1,523.32,1430.94,907.62,119.37
ES,2026,21,6016.46,0.0,33.62,7591.71,23.13,424.99,200.85,0.0,1138.03,3865.67,2490.35,7839.89,0.0,399.78,0.0,68.66,13.99,-92.55,-47.78,1237.05,1284.83,105.29
ES,2026,22,6020.21,0.0,32.32,6897.35,22.4,422.98,200.55,0.0,1094.23,3304.25,1982.86,7612.79,0.0,375.64,0.0,68.19,9.76,-161.33,-337.76,1197.37,1535.13,97.79
ES,2026,23,6019.97,0.0,29.97,6271.27,21.41,423.3,200.16,0.0,1060.36,2866.98,1577.79,7283.62,0.0,348.64,0.0,67.37,9.45,-296.19,-243.85,1321.38,1565.23,91.67
FR,2019,0,42416.32,0.0,147.79,3589.17,170.04,349.03,200.01,0.0,4126.41,949.03,25.27,3832.03,0.0,10.43,0.0,0.0,0.0,-1326.15,-6984.02,1102.43,8086.45,31.97
FR,2019,1,42258.05,0.0,143.2,3457.79,172.2,350.63,201.14,0.0,4044.02,834.11,5.64,3801.1,0.0,10.33,0.0,0.0,0.0,-1787.74,-7619.24,977.24,8596.49,29.52
FR,2019,2,41992.25,0.0,141.86,3394.39,172.93,350.63,201.0,0.0,3987.09,743.53,0.91,3766.16,0.0,10.28,0.0,0.0,0.0,-2116.56,-8272.08,822.09,9094.17,27.52
FR,2019,3,42097.32,0.0,145.98,3538.23,173.14,350.77,200.94,0.0,3999.44,776.9,2.32,3734.42,0.0,26.76,0.0,0.0,0.0,-2056.55,-8176.54,801.81,8978.35,28.73
FR,2019,4,42508.88,0.0,159.43,3898.42,173.3,350.65,200.43,0.0,4141.68,997.33,51.67,3707.01,0.0,69.44,0.0,0.0,0.0,-1454.52,-7390.8,1007.8,8398.6,33.02
FR,2019,5,42972.43,0.0,178.18,4276.81,177.14,350.56,199.87,0.0,4438.73,1498.53,428.36,3669.62,0.0,207.71,0.0,0.0,0.0,-692.76,-6418.7,1258.42,7677.12,39.71
FR,2019,6,43326.79,0.0,188.83,4531.07,190.41,350.98,199.31,0.0,4741.87,1952.67,955.25,3571.86,0.0,635.35,0.0,0.0,0.0,-386.3,-5604.95,1622.1,7227.04,44.76
FR,2019,7,43503.4,0.0,193.04,4635.92,204.98,351.16,198.62,0.0,4900.61,2109.83,1145.88,3448.34,0.0,1458.3,0.0,0.0,0.0,-269.04,-5255.76,1713.6,6969.36,45.64
FR,2019,8,43518.91,0.0,196.44,4660.97,205.41,351.21,198.36,0.0,4919.77,2072.43,1072.48,3411.12,0.0,2450.13,0.0,0.0,0.0,-220.85,-5336.35,1592.36,6928.71,44.37
FR,2019,9,43444.65,0.0,197.2,4612.42,208.28,351.29,198.12,0.0,4866.29,1893.28,843.49,3463.59,0.0,3330.78,0.0,0.0,0.0,-212.07,-5297.48,1508.74,6806.22,43.23
FR,2019,10,43423.66,0.0,198.57,4571.71,202.9,351.02,197.95,0.0,4762.39,1737.9,697.85,3557.13,0.0,3893.79,0.0,0.0,0.0,-220.16,-4863.14,1601.67,6464.81,41.94
FR,2019,11,43314.18,0.0,199.07,4528.48,194.1,351.01,197.95,0.0,4635.0,1632.42,574.67,3646.13,0.0,4125.82,0.0,0.0,0.0,-292.84,-5161.15,1533.83,6694.98,39.94
FR,2019,12,43152.23,0.0,198.74,4478.08,191.35,350.83,197.71,0.0,4509.7,1507.51,429.43,3727.56,0.0,4067.64,0.0,0.0,0.0,-493.83,-5936.39,1285.03,7221.42,37.8
FR,2019,13,43017.81,0.0,196.26,4436.84,187.3,350.74,197.72,0.0,4424.9,1388.28,312.28,3803.52,0.0,3728.93,0.0,0.0,0.0,-634.13,-6864.21,1063.95,7928.15,36.96
FR,2019,14,43014.1,0.0,195.43,4463.72,185.14,351.19,197.87,0.0,4435.42,1364.62,272.76,3838.0,0.0,3083.21,0.0,0.0,0.0,-655.19,-7767.16,889.65,8656.8,37.21
FR,2019,15,43212.37,0.0,198.51,4553.81,183.65,351.36,198.16,0.0,4573.02,1535.02,399.98,3825.22,0.0,2188.4,0.0,0.0,0.0,-436.36,-8362.01,863.99,9226.0,40.01
FR,2019,16,43484.39,0.0,201.76,4656.25,190.32,351.52,198.62,0.0,4887.74,1951.78,810.99,3782.19,0.0,1235.82,0.0,0.0,0.0,-147.15,-7605.67,1121.01,8726.69,45.51
FR,2019,17,43743.65,0.0,202.65,4768.0,204.16,351.57,199.0,0.0,5210.94,2409.24,1446.7,3737.2,0.0,504.02,0.0,0.0,0.0,-19.87,-6308.45,1513.17,7821.62,49.5
FR,2019,18,43806.73,0.0,201.09,4789.49,205.89,351.82,199.33,0.0,5274.83,2482.11,1560.06,3729.11,0.0,159.04,0.0,0.0,0.0,-12.08,-6356.62,1459.57,7816.18,48.56
FR,2019,19,43784.54,0.0,191.67,4688.99,188.59,351.94,199.67,0.0,5107.06,2099.07,1011.84,3829.27,0.0,51.56,0.0,0.0,0.0,-45.38,-7077.71,1208.19,8285.9,45.0
FR,2019,20,43683.03,0.0,185.76,4571.14,178.28,351.68,200.19,0.0,4928.98,1752.77,685.18,3919.93,0.0,10.92,0.0,0.0,0.0,-155.53,-6686.76,1182.11,7868.87,43.12
FR,2019,21,43546.04,0.0,175.57,4541.53,175.89,351.98,200.41,0.0,4786.93,1598.91,636.66,3951.3,0.0,10.85,0.0,0.0,0.0,-167.47,-5643.0,1365.77,7008.77,40.72
FR,2019,22,43255.8,0.0,175.12,4251.45,174.21,351.21,200.62,0.0,4562.97,1386.13,303.25,3945.98,0.0,10.85,0.0,0.0,0.0,-293.38,-5848.36,1346.6,7194.96,37.42
FR,2019,23,42895.09,0.0,163.16,3836.48,171.98,350.42,200.7,0.0,4324.3,1119.54,85.7,3903.66,0.0,10.8,0.0,0.0,0.0,-820.07,-6557.91,1171.36,7729.27,34.6
FR,2020,0,37583.45,0.0,130.06,3372.79,164.91,332.59,197.14,0.0,4274.4,1374.99,80.07,4485.57,0.0,18.8,0.0,0.0,0.0,-1099.39,-5303.48,1491.27,6794.76,25.29
FR,2020,1,37290.85,0.0,125.78,3296.16,164.57,332.71,196.68,0.0,4168.42,1281.83,30.02,4406.44,0.0,18.8,0.0,0.0,0.0,-1534.14,-6052.55,1296.74,7349.29,23.54
FR,2020,2,37088.72,0.0,123.64,3230.37,164.73,332.71,196.66,0.0,4112.57,1211.35,15.66,4320.3,0.0,18.72,0.0,0.0,0.0,-1881.97,-6769.1,1112.78,7881.88,22.08
FR,2020,3,37147.69,0.0,126.5,3257.83,164.96,332.81,196.16,0.0,4117.03,1215.38,21.3,4277.63,0.0,31.65,0.0,0.0,0.0,-1833.29,-6687.8,1151.97,7839.77,22.63
FR,2020,4,37474.77,0.0,137.6,3456.25,165.09,332.78,195.08,0.0,4237.48,1395.38,78.08,4244.43,0.0,68.28,0.0,0.0,0.0,-1363.81,-5943.9,1458.53,7402.43,26.2
FR,2020,5,37857.19,0.0,150.24,3802.65,169.87,332.81,193.97,0.0,4489.01,1754.56,325.5,4214.66,0.0,216.24,0.0,0.0,0.0,-784.12,-4909.37,1813.63,6722.99,31.37
FR,2020,6,38107.68,0.0,161.17,4067.36,175.2,332.83,192.81,0.0,4773.12,2176.17,763.36,4138.66,0.0,688.38,0.0,0.0,0.0,-470.49,-4083.67,2138.2,6221.87,35.92
FR,2020,7,38239.48,0.0,167.08,4163.85,186.93,332.68,191.99,0.0,4921.36,2349.46,988.7,4052.57,0.0,1581.75,0.0,0.0,0.0,-331.13,-3689.93,2260.02,5949.95,37.05
FR,2020,8,38294.74,0.0,170.38,4194.84,190.77,332.23,191.33,0.0,4949.1,2310.35,915.39,4028.35,0.0,2647.43,0.0,0.0,0.0,-267.36,-3749.51,2251.19,6000.7,36.03
FR,2020,9,38268.94,0.0,173.36,4169.77,193.1,332.1,191.16,0.0,4924.1,2209.18,773.02,4080.17,0.0,3609.38,0.0,0.0,0.0,-265.6,-3774.61,2226.31,6000.92,35.08
FR,2020,10,38242.06,0.0,177.79,4136.73,192.57,332.15,191.23,0.0,4855.83,2171.25,715.92,4189.42,0.0,4234.9,0.0,0.0,0.0,-248.38,-3219.65,2488.92,5708.56,34.67
FR,2020,11,38152.86,0.0,181.04,4105.58,187.29,332.03,191.29,0.0,4739.12,2126.97,648.17,4304.29,0.0,4485.77,0.0,0.0,0.0,-312.96,-3607.91,2281.36,5889.27,32.9
FR,2020,12,37983.35,0.0,180.04,4057.19,183.67,331.69,191.89,0.0,4602.76,1962.62,508.89,4386.59,0.0,4425.78,0.0,0.0,0.0,-514.1,-4456.88,2001.57,6458.45,30.59
FR,2020,13,37826.5,0.0,177.33,4036.28,178.59,331.18,191.98,0.0,4516.08,1859.57,397.98,4437.37,0.0,4044.66,0.0,0.0,0.0,-647.44,-5433.76,1745.05,7178.81,29.32
FR,2020,14,37790.27,0.0,170.28,4052.59,176.46,331.01,192.35,0.0,4536.26,1893.47,366.12,4457.29,0.0,3338.52,0.0,0.0,0.0,-625.99,-6339.04,1604.43,7943.47,30.08
FR,2020,15,37964.31,0.0,170.22,4131.12,179.33,331.33,192.75,0.0,4708.8,2075.67,467.78,4450.96,0.0,2365.73,0.0,0.0,0.0,-447.99,-6823.61,1552.64,8376.25,33.09
FR,2020,16,38301.61,0.0,172.78,4263.15,184.51,331.54,193.29,0.0,5023.58,2498.54,810.77,4453.03,0.0,1348.98,0.0,0.0,0.0,-168.71,-6084.72,1838.73,7923.45,38.52
FR,2020,17,38635.95,0.0,174.51,4374.65,188.12,331.49,193.78,0.0,5341.19,2971.78,1334.8,4448.11,0.0,557.19,0.0,0.0,0.0,-31.14,-4662.55,2221.33,6883.88,43.52
FR,2020,18,38751.93,0.0,171.24,4404.27,190.1,331.66,194.43,0.0,5410.2,2999.8,1489.23,4450.06,0.0,168.62,0.0,0.0,0.0,-13.61,-4765.54,2063.08,6828.63,41.85
FR,2020,19,38768.84,0.0,163.35,4288.98,184.6,331.89,194.87,0.0,5231.66,2555.4,1049.93,4537.52,0.0,51.7,0.0,0.0,0.0,-42.37,-5707.49,1677.26,7384.75,37.46
FR,2020,20,38683.68,0.0,152.31,4088.8,183.98,331.92,195.28,0.0,5036.69,2189.6,710.4,4632.74,0.0,19.61,0.0,0.0,0.0,-147.79,-5147.75,1858.1,7005.85,34.73
FR,2020,21,38571.93,0.0,146.7,3996.73,187.34,331.93,195.98,0.0,4891.49,2100.58,696.83,4638.68,0.0,19.52,0.0,0.0,0.0,-191.98,-4066.68,2073.05,6139.73,33.12
FR,2020,22,38291.95,0.0,140.31,3835.05,178.85,332.1,196.3,0.0,4686.67,1898.71,429.17,4611.13,0.0,19.13,0.0,0.0,0.0,-266.3,-4323.95,1809.34,6133.29,30.67
FR,2020,23,37904.96,0.0,132.42,3513.2,165.96,332.39,196.91,0.0,4447.3,1538.39,165.56,4556.95,0.0,18.79,0.0,0.0,0.0,-685.67,-4858.87,1596.91,6455.78,27.19
FR,2021,0,40722.68,0.0,403.45,3014.1,168.95,356.96,201.62,0.0,4257.21,1223.06,41.15,4076.58,0.0,0.0,0.0,0.0,0.0,-1046.68,-5232.74,2276.2,7508.95,90.5
FR,2021,1,40567.0,0.0,394.17,2963.92,169.34,357.1,201.32,0.0,4180.17,1103.85,10.3,4009.88,0.0,0.0,0.0,0.0,0.0,-1510.47,-5958.61,2112.96,8071.57,84.52
FR,2021,2,40477.62,0.0,385.73,2900.68,170.35,357.27,200.92,0.0,4127.93,1009.58,2.05,3951.07,0.0,0.0,0.0,0.0,0.0,-1856.39,-6647.5,1853.86,8501.36,79.12
FR,2021,3,40600.9,0.0,395.1,2946.66,170.99,357.04,200.42,0.0,4143.25,1009.79,2.34,3908.01,0.0,26.29,0.0,0.0,0.0,-1753.0,-6504.02,1843.51,8347.53,82.88
FR,2021,4,40841.0,0.0,431.86,3294.37,173.24,356.73,198.63,0.0,4292.72,1213.84,84.8,3863.6,0.0,75.26,0.0,0.0,0.0,-1197.08,-5676.04,2086.87,7762.91,96.15
FR,2021,5,41079.98,0.0,472.59,3683.77,185.58,356.82,196.87,0.0,4562.21,1681.97,405.27,3844.6,0.0,238.26,0.0,0.0,0.0,-610.27,-4547.79,2393.04,6940.83,112.0
FR,2021,6,41242.91,0.0,494.15,3934.87,202.76,357.08,195.33,0.0,4815.77,2150.25,816.55,3778.38,0.0,748.15,0.0,0.0,0.0,-352.31,-3604.8,2744.47,6349.27,125.4
FR,2021,7,41329.62,0.0,506.57,4017.25,205.89,356.88,194.35,0.0,4890.14,2207.6,945.91,3682.94,0.0,1747.61,0.0,0.0,0.0,-271.02,-3125.61,2895.55,6021.16,126.27
FR,2021,8,41336.04,0.0,507.77,4000.78,200.74,356.72,193.47,0.0,4844.05,2123.69,838.67,3650.2,0.0,2944.04,0.0,0.0,0.0,-231.69,-3336.17,2846.91,6183.09,121.48
FR,2021,9,41276.64,0.0,497.55,3929.7,196.24,356.48,193.4,0.0,4765.67,1952.92,635.25,3727.24,0.0,4000.39,0.0,0.0,0.0,-269.78,-3525.51,2783.97,6309.48,116.22
FR,2021,10,41196.85,0.0,491.68,3845.13,193.31,356.49,193.9,0.0,4688.71,1896.67,586.04,3869.7,0.0,4681.09,0.0,0.0,0.0,-286.19,-3176.66,2949.68,6126.35,113.51
FR,2021,11,41056.87,0.0,487.31,3803.65,199.98,356.56,194.94,0.0,4588.65,1874.58,550.89,4006.14,0.0,4971.61,0.0,0.0,0.0,-335.14,-3728.24,2807.86,6536.1,107.23
FR,2021,12,40889.12,0.0,483.42,3763.35,198.69,356.94,195.38,0.0,4464.27,1732.72,403.44,4099.83,0.0,4895.97,0.0,0.0,0.0,-536.72,-4712.06,2387.61,7099.67,100.61
FR,2021,13,40737.84,0.0,474.86,3724.94,192.75,356.41,196.26,0.0,4391.24,1583.28,277.19,4172.91,0.0,4483.03,0.0,0.0,0.0,-719.91,-5653.96,1996.52,7650.49,99.16
FR,2021,14,40666.31,0.0,470.48,3760.5,190.31,355.72,197.21,0.0,4415.88,1609.72,245.64,4206.46,0.0,3694.96,0.0,0.0,0.0,-720.48,-6438.76,1762.1,8200.86,102.21
FR,2021,15,40811.12,0.0,475.37,3900.69,193.93,355.97,197.99,0.0,4580.24,1820.28,371.38,4207.04,0.0,2603.85,0.0,0.0,0.0,-465.26,-6872.1,1644.44,8516.54,111.88
FR,2021,16,41137.59,0.0,491.75,4113.99,209.85,356.04,199.04,0.0,4897.03,2268.88,755.12,4168.15,0.0,1472.28,0.0,0.0,0.0,-162.01,-5982.72,2002.92,7985.65,127.37
FR,2021,17,41396.84,0.0,504.25,4278.02,233.37,356.08,199.13,0.0,5234.45,2799.13,1334.7,4114.27,0.0,608.75,0.0,0.0,0.0,-27.87,-4520.13,2636.23,7156.36,138.95
FR,2021,18,41492.0,0.0,499.73,4307.67,248.18,356.01,199.3,0.0,5309.29,2831.36,1484.09,4089.1,0.0,185.55,0.0,0.0,0.0,-5.27,-4611.03,2543.65,7154.69,136.16
FR,2021,19,41491.69,0.0,475.44,4178.95,213.33,355.88,199.45,0.0,5123.56,2330.02,1029.3,4156.36,0.0,58.83,0.0,0.0,0.0,-22.19,-5406.73,2239.47,7646.2,124.85
FR,2021,20,41414.89,0.0,466.16,3979.73,187.92,356.31,199.6,0.0,4924.69,1925.48,678.51,4223.38,0.0,7.24,0.0,0.0,0.0,-93.41,-4986.67,2201.16,7187.83,116.57
FR,2021,21,41295.6,0.0,461.15,3856.75,183.99,356.66,200.35,0.0,4741.17,1747.25,549.09,4226.72,0.0,0.4,0.0,0.0,0.0,-146.45,-3898.93,2504.68,6403.61,109.66
FR,2021,22,41079.04,0.0,436.49,3562.03,177.72,356.42,200.4,0.0,4560.68,1621.4,315.88,4214.21,0.0,0.0,0.0,0.0,0.0,-268.73,-4310.2,2463.6,6773.81,101.95
FR,2021,23,40837.94,0.0,411.22,3175.24,169.67,356.64,201.09,0.0,4380.24,1373.52,127.43,4151.27,0.0,0.0,0.0,0.0,0.0,-617.96,-4895.27,2308.42,7203.7,95.57
FR,2022,0,31363.54,0.0,309.46,4361.63,182.61,403.48,164.87,0.0,3417.53,600.95,44.07,4480.38,0.0,0.0,0.0,0.0,0.0,-1366.52,1558.29,5460.41,3902.13,232.29
FR,2022,1,31270.51,0.0,304.48,4295.85,180.21,403.44,165.13,0.0,3338.15,518.8,17.9,4346.01,0.0,0.0,0.0,0.0,0.0,-1811.95,891.91,5155.73,4263.82,221.57
FR,2022,2,31245.86,0.0,293.68,4251.64,176.93,403.48,165.0,0.0,3282.27,428.73,3.29,4243.09,0.0,0.0,0.0,0.0,0.0,-2198.62,234.77,4879.28,4644.51,214.88
FR,2022,3,31362.89,0.0,291.99,4268.01,178.79,403.12,163.94,0.0,3299.15,449.23,6.06,4164.76,0.0,38.76,0.0,0.0,0.0,-2089.08,363.95,4950.82,4586.87,223.02
FR,2022,4,31551.56,0.0,313.42,4490.71,187.82,403.0,162.02,0.0,3441.82,691.75,144.89,4111.67,0.0,100.22,0.0,0.0,0.0,-1421.71,1073.48,5159.64,4086.16,252.62
FR,2022,5,31743.07,0.0,344.0,4794.76,202.88,403.53,160.46,0.0,3715.44,1093.66,534.78,4063.01,0.0,353.92,0.0,0.0,0.0,-750.83,2119.54,5483.37,3363.84,290.9
FR,2022,6,31893.53,0.0,361.33,5050.49,215.08,403.66,158.75,0.0,3974.57,1465.3,1012.94,3914.75,0.0,1055.77,0.0,0.0,0.0,-459.53,2906.14,5834.8,2928.66,314.39
FR,2022,7,31967.27,0.0,369.51,5130.98,219.0,403.56,157.96,0.0,4055.91,1558.87,1144.5,3732.41,0.0,2329.72,0.0,0.0,0.0,-348.98,3213.13,6007.06,2793.93,307.07
FR,2022,8,31958.25,0.0,372.06,5048.14,224.53,403.59,156.75,0.0,4001.59,1439.63,919.53,3642.77,0.0,3873.07,0.0,0.0,0.0,-342.69,3158.04,6042.14,2884.1,291.39
FR,2022,9,31923.7,0.0,372.3,4888.97,222.22,403.67,156.3,0.0,3904.02,1265.52,639.88,3686.45,0.0,5246.02,0.0,0.0,0.0,-393.5,3031.13,6011.14,2980.01,283.26
FR,2022,10,31873.29,0.0,368.61,4741.05,216.72,403.68,156.61,0.0,3807.97,1145.92,534.01,3811.68,0.0,6117.93,0.0,0.0,0.0,-433.58,3398.63,6242.49,2843.86,279.11
FR,2022,11,31782.54,0.0,364.17,4659.45,208.21,403.23,156.97,0.0,3692.97,1054.89,419.08,3946.69,0.0,6481.79,0.0,0.0,0.0,-537.6,2832.88,5918.89,3086.01,264.96
FR,2022,12,31680.96,0.0,358.01,4627.12,201.92,402.76,157.65,0.0,3579.52,950.96,278.57,4062.34,0.0,6398.24,0.0,0.0,0.0,-821.74,1928.57,5423.15,3494.58,259.65
FR,2022,13,31557.44,0.0,349.82,4655.54,201.55,402.06,157.93,0.0,3512.01,873.68,238.87,4126.75,0.0,5829.48,0.0,0.0,0.0,-1016.35,1247.31,5115.46,3868.16,255.84
FR,2022,14,31631.77,0.0,349.33,4716.78,200.18,402.31,159.86,0.0,3556.14,949.75,304.24,4187.16,0.0,4830.25,0.0,0.0,0.0,-965.9,585.71,4842.68,4256.96,259.39
FR,2022,15,31741.45,0.0,357.98,4873.53,203.54,402.58,160.59,0.0,3726.96,1129.72,507.04,4210.67,0.0,3411.91,0.0,0.0,0.0,-574.48,234.17,4588.57,4354.39,281.4
FR,2022,16,31892.76,0.0,369.01,5178.01,228.4,402.63,161.04,0.0,4091.3,1556.89,1021.52,4246.81,0.0,1967.67,0.0,0.0,0.0,-134.13,961.73,4956.63,3994.91,315.67
FR,2022,17,32040.73,0.0,375.85,5412.35,252.41,402.8,161.49,0.0,4504.52,2073.84,1691.19,4308.7,0.0,839.47,0.0,0.0,0.0,-20.99,2320.9,5608.87,3287.97,345.02
FR,2022,18,32104.48,0.0,376.51,5498.81,255.27,402.7,161.43,0.0,4568.19,2120.06,1783.67,4411.39,0.0,257.16,0.0,0.0,0.0,-4.99,2284.59,5575.27,3290.68,341.15
FR,2022,19,32083.25,0.0,369.26,5365.16,238.94,402.63,161.93,0.0,4328.66,1593.71,1202.98,4592.94,0.0,72.88,0.0,0.0,0.0,-33.05,1671.77,5266.14,3594.37,315.78
FR,2022,20,32005.72,0.0,359.12,5157.7,226.03,402.85,162.22,0.0,4091.13,1184.08,814.48,4734.64,0.0,7.27,0.0,0.0,0.0,-118.65,2021.87,5459.95,3438.08,294.28
FR,2022,21,31886.08,0.0,353.83,5066.58,215.67,403.45,163.3,0.0,3905.7,992.88,584.82,4755.97,0.0,0.0,0.0,0.0,0.0,-217.56,2847.6,5856.66,3009.06,279.01
FR,2022,22,31638.22,0.0,342.61,4837.44,202.25,403.68,163.86,0.0,3719.95,879.14,286.89,4714.45,0.0,0.0,0.0,0.0,0.0,-406.25,2358.38,5684.82,3326.45,257.39
FR,2022,23,31429.94,0.0,322.8,4488.13,187.48,403.72,164.22,0.0,3534.18,751.24,107.08,4629.78,0.0,0.0,0.0,0.0,0.0,-870.18,1774.22,5563.11,3788.9,240.8
FR,2023,0,36269.84,0.0,86.84,2937.47,177.62,370.79,99.69,0.0,4031.01,1164.58,164.78,5480.38,134.0,6.49,0.0,0.0,0.0,-683.67,-2467.33,1936.95,4404.28,83.3
FR,2023,1,36038.03,0.0,85.82,2813.7,179.3,370.56,99.67,0.0,3949.32,1043.62,82.69,5402.76,133.19,6.48,0.0,0.0,0.0,-953.62,-2752.32,1877.72,4630.04,78.25
FR,2023,2,35873.06,0.0,85.01,2747.76,181.94,370.27,99.32,0.0,3895.43,941.94,67.93,5288.52,131.95,6.48,0.0,0.0,0.0,-1220.34,-3267.81,1683.67,4951.48,73.45
FR,2023,3,35819.8,0.0,85.96,2742.55,182.41,370.53,98.78,0.0,3896.96,913.3,64.0,5185.37,130.99,19.87,0.0,0.0,0.0,-1281.7,-3326.0,1615.81,4941.81,76.74
FR,2023,4,35963.81,0.0,91.61,2868.2,180.66,370.82,97.64,0.0,3995.95,1039.74,141.17,5133.15,128.41,126.06,0.0,0.0,0.0,-1034.76,-2900.97,1812.42,4713.39,87.2
FR,2023,5,36255.93,0.0,97.98,3077.81,181.49,370.9,95.88,0.0,4188.83,1373.96,339.79,5099.87,127.18,375.68,0.0,0.0,0.0,-687.57,-2081.18,2062.45,4143.62,103.66
FR,2023,6,36517.59,0.0,101.73,3287.08,182.01,371.01,94.44,0.0,4389.54,1705.87,660.67,5014.73,124.95,1117.24,0.0,0.0,0.0,-415.14,-1338.86,2302.29,3641.14,113.65
FR,2023,7,36551.94,0.0,105.5,3403.22,185.83,369.56,93.23,0.0,4463.89,1809.81,866.56,4934.48,121.06,2375.26,0.0,0.0,0.0,-299.19,-1072.78,2384.64,3457.42,111.39
FR,2023,8,36599.29,0.0,107.04,3376.13,189.41,369.13,92.43,0.0,4421.6,1715.95,795.75,4924.23,119.84,4032.62,0.0,0.0,0.0,-290.22,-1110.58,2442.5,3553.08,101.89
FR,2023,9,36460.71,0.0,107.22,3220.45,189.05,369.52,91.57,0.0,4277.23,1525.64,608.53,4973.04,119.05,5727.61,0.0,0.0,0.0,-374.78,-1236.38,2458.38,3694.76,93.21
FR,2023,10,36304.65,0.0,108.65,3059.97,183.37,368.9,91.56,0.0,4150.42,1402.19,466.57,5107.57,118.47,6981.59,0.0,0.0,0.0,-462.0,-1124.82,2565.22,3690.05,87.55
FR,2023,11,36088.36,0.0,105.54,2939.07,181.05,368.3,91.75,0.0,4035.95,1318.91,356.3,5279.38,117.83,7641.48,0.0,0.0,0.0,-612.68,-1581.07,2361.95,3943.02,79.58
FR,2023,12,35880.04,0.0,101.99,2864.87,175.53,367.59,91.98,0.0,3939.38,1200.83,262.99,5436.62,116.86,7714.57,0.0,0.0,0.0,-802.39,-2120.66,2164.87,4285.53,75.03
FR,2023,13,35800.49,0.0,99.44,2859.87,174.07,367.95,92.8,0.0,3909.11,1153.12,218.44,5547.85,115.57,7261.03,0.0,0.0,0.0,-881.04,-2309.23,2081.46,4390.69,77.83
FR,2023,14,35870.99,0.0,101.85,2910.58,173.04,368.35,93.55,0.0,3949.01,1236.1,237.37,5622.71,117.66,6272.86,0.0,0.0,0.0,-781.67,-2612.9,1993.27,4606.17,83.69
FR,2023,15,36183.14,0.0,102.28,3096.25,178.59,368.85,94.48,0.0,4115.88,1449.95,350.35,5634.62,121.47,4699.47,0.0,0.0,0.0,-449.63,-2897.42,1925.1,4822.51,96.08
FR,2023,16,36592.91,0.0,104.08,3461.59,188.87,369.45,95.06,0.0,4426.82,1807.44,704.51,5566.47,125.49,2830.85,0.0,0.0,0.0,-132.84,-2412.08,2043.24,4455.33,115.82
FR,2023,17,36891.54,0.0,107.7,3754.93,227.15,369.85,94.98,0.0,4772.45,2300.9,1287.15,5478.89,130.33,1259.69,0.0,0.0,0.0,-19.69,-1461.55,2404.14,3865.69,131.55
FR,2023,18,37079.24,0.0,108.93,3857.79,244.72,370.4,95.37,0.0,4948.12,2508.93,1639.29,5443.64,131.32,378.36,0.0,0.0,0.0,-8.31,-1427.89,2385.94,3813.83,131.91
FR,2023,19,37080.9,0.0,108.95,3793.41,226.27,370.85,96.32,0.0,4859.23,2260.2,1431.93,5530.06,133.72,105.99,0.0,0.0,0.0,-15.41,-2199.47,2000.28,4199.75,121.46
FR,2023,20,37102.54,0.0,105.7,3652.63,212.97,372.16,97.22,0.0,4691.69,1939.24,1035.59,5638.25,134.93,38.34,0.0,0.0,0.0,-43.67,-2320.54,1868.09,4188.62,112.27
FR,2023,21,36994.84,0.0,101.87,3520.92,203.46,372.03,98.16,0.0,4524.76,1724.67,805.4,5670.5,136.55,5.26,0.0,0.0,0.0,-113.77,-1901.83,1965.51,3867.33,104.33
FR,2023,22,36829.48,0.0,98.29,3354.99,193.1,371.78,98.51,0.0,4325.2,1546.35,545.98,5650.11,136.19,4.76,0.0,0.0,0.0,-191.4,-1989.81,1992.49,3982.31,96.74
FR,2023,23,36536.3,0.0,92.74,3132.62,183.03,371.26,99.23,0.0,4157.62,1345.24,312.7,5595.04,134.17,5.36,0.0,0.0,0.0,-392.33,-2413.89,1891.39,4305.28,87.97
FR,2024,0,41113.5,0.0,54.32,1671.18,135.81,353.01,213.53,0.0,5093.44,1745.67,268.34,4954.5,460.7,0.0,0.0,0.0,0.0,-753.02,-4308.85,892.12,5200.97,49.7
FR,2024,1,40729.62,0.0,53.38,1568.49,135.46,353.01,213.49,0.0,4997.59,1583.77,108.47,4848.18,456.82,0.0,0.0,0.0,0.0,-1169.31,-4438.06,871.01,5309.07,44.57
FR,2024,2,40539.37,0.0,52.48,1555.54,135.34,353.32,213.27,0.0,4936.68,1485.26,54.02,4773.64,455.18,0.0,0.0,0.0,0.0,-1502.14,-4700.67,778.84,5479.52,39.99
FR,2024,3,40598.83,0.0,52.42,1552.8,135.02,353.48,212.86,0.0,4929.58,1469.64,72.91,4731.99,451.63,22.18,0.0,0.0,0.0,-1440.09,-4728.25,752.98,5481.23,42.23
FR,2024,4,40953.47,0.0,54.89,1614.79,137.52,353.43,211.45,0.0,5002.69,1616.21,286.56,4729.77,448.23,150.77,0.0,0.0,0.0,-1126.0,-4471.56,800.9,5272.46,50.03
FR,2024,5,41373.5,0.0,58.57,1768.39,141.46,353.4,209.93,0.0,5149.44,1873.97,678.07,4740.08,445.68,469.47,0.0,0.0,0.0,-760.55,-4122.19,837.7,4959.88,63.17
FR,2024,6,41617.9,0.0,62.86,1964.16,148.55,353.26,208.36,0.0,5274.83,2114.31,1018.21,4637.94,444.66,1394.25,0.0,0.0,0.0,-473.86,-3800.4,901.41,4701.82,73.25
FR,2024,7,41540.56,0.0,67.74,2097.78,162.41,352.89,207.47,0.0,5315.1,2209.81,1147.26,4533.74,440.65,2887.77,0.0,0.0,0.0,-409.81,-3484.64,974.81,4459.45,69.28
FR,2024,8,41039.93,0.0,73.35,2107.79,175.27,352.87,206.17,0.0,5242.29,2118.82,951.48,4447.52,435.05,4656.14,0.0,0.0,0.0,-506.46,-3018.33,1159.92,4178.24,59.29
FR,2024,9,40474.63,0.0,76.22,2040.16,172.46,352.59,205.62,0.0,5133.36,1940.77,703.02,4448.73,425.15,6379.42,0.0,0.0,0.0,-722.35,-2579.66,1324.33,3904.0,49.71
FR,2024,10,40049.78,0.0,78.87,1973.53,165.98,352.96,206.16,0.0,5039.39,1785.08,442.81,4477.85,418.64,7583.22,0.0,0.0,0.0,-869.94,-2049.58,1534.15,3583.73,44.84
FR,2024,11,39611.84,0.0,79.53,1907.14,159.3,352.82,207.22,0.0,4954.69,1647.61,274.69,4529.67,411.72,8128.12,0.0,0.0,0.0,-1024.24,-2112.7,1502.77,3615.47,40.06
FR,2024,12,39277.12,0.0,78.31,1867.89,155.2,352.17,207.6,0.0,4878.25,1561.9,204.85,4595.43,407.85,8113.06,0.0,0.0,0.0,-1233.43,-2526.74,1316.74,3843.47,36.7
FR,2024,13,39191.81,0.0,77.67,1843.09,151.88,351.84,208.18,0.0,4849.57,1531.17,164.5,4650.29,417.78,7621.61,0.0,0.0,0.0,-1319.79,-2813.92,1224.36,4038.28,38.4
FR,2024,14,39516.67,0.0,78.42,1880.33,148.49,352.28,209.19,0.0,4912.29,1621.75,191.33,4719.93,429.56,6505.06,0.0,0.0,0.0,-1182.93,-3190.87,1173.39,4364.27,44.37
FR,2024,15,40204.16,0.0,79.33,1985.01,146.55,352.74,210.08,0.0,5084.11,1859.91,360.17,4782.95,444.43,4893.97,0.0,0.0,0.0,-796.4,-3604.8,1136.91,4741.71,53.6
FR,2024,16,41155.34,0.0,78.69,2146.53,150.99,353.15,210.59,0.0,5357.42,2247.93,881.13,4877.67,458.31,3013.21,0.0,0.0,0.0,-339.73,-3619.95,1159.86,4779.81,69.62
FR,2024,17,41927.42,0.0,79.11,2326.06,184.54,353.38,211.2,0.0,5662.34,2651.66,1709.46,4858.98,466.52,1356.84,0.0,0.0,0.0,-85.94,-3299.34,1133.25,4432.59,86.53
FR,2024,18,42274.28,0.0,77.0,2410.32,205.34,353.46,211.5,0.0,5832.87,2829.53,2260.48,4859.47,479.57,391.66,0.0,0.0,0.0,-15.86,-3766.4,904.94,4671.33,88.5
FR,2024,19,42408.95,0.0,75.49,2386.74,197.09,353.51,211.89,0.0,5824.04,2750.62,2210.23,4967.34,483.24,108.06,0.0,0.0,0.0,-21.85,-4602.44,644.69,5247.12,81.73
FR,2024,20,42414.88,0.0,70.96,2294.67,189.87,353.59,212.05,0.0,5725.74,2589.34,1883.83,5076.42,484.89,43.84,0.0,0.0,0.0,-60.19,-4507.27,640.46,5147.73,77.83
FR,2024,21,42363.78,0.0,66.83,2183.85,172.48,353.45,212.72,0.0,5573.21,2365.6,1464.99,5128.64,483.89,0.0,0.0,0.0,0.0,-108.78,-4058.17,803.85,4862.02,72.42
FR,2024,22,41984.43,0.0,62.76,2044.46,158.76,353.09,213.52,0.0,5389.85,2131.53,1025.34,5101.59,479.88,0.0,0.0,0.0,0.0,-202.11,-4095.68,885.65,4981.32,62.47
FR,2024,23,41505.58,0.0,58.29,1880.75,141.84,353.03,214.19,0.0,5231.89,1914.57,572.0,5036.97,472.76,0.0,0.0,0.0,0.0,-442.6,-4257.94,879.57,5137.51,54.19
FR,2025,0,42940.19,0.0,50.23,1480.35,90.97,306.74,355.92,0.0,4174.11,1312.72,412.59,5169.69,672.19,0.0,0.0,0.0,5.09,-940.75,-7802.23,898.47,8700.7,55.89
FR,2025,1,42569.44,0.0,48.12,1395.76,87.56,307.13,355.8,0.0,4086.88,1183.77,278.87,5021.31,661.8,0.0,0.0,0.0,4.17,-1371.35,-7856.98,900.84,8757.82,50.34
FR,2025,2,42312.06,0.0,46.46,1361.3,86.22,307.62,355.54,0.0,4022.8,1089.88,214.86,4924.89,648.98,0.17,0.0,0.0,3.28,-1721.25,-8040.86,825.01,8865.87,46.49
FR,2025,3,42395.46,0.0,48.38,1387.17,86.54,307.26,354.5,0.0,4030.88,1094.5,239.6,4887.69,641.49,22.51,0.0,0.0,3.78,-1599.0,-8055.55,821.08,8876.64,47.56
FR,2025,4,42786.1,0.0,51.55,1543.09,89.35,307.0,352.81,0.0,4135.29,1280.84,496.51,4902.42,633.51,180.08,0.0,0.0,3.61,-1069.47,-7919.47,885.82,8805.29,56.05
FR,2025,5,43232.55,0.0,56.57,1844.91,96.2,306.12,351.77,0.0,4347.08,1607.93,1045.01,4890.04,633.69,623.39,0.0,0.0,4.87,-610.56,-7659.58,918.85,8578.43,69.34
FR,2025,6,43328.12,0.0,59.62,2057.61,109.41,305.76,350.67,0.0,4518.31,1864.1,1519.2,4765.09,637.6,1930.55,0.0,0.0,5.43,-426.04,-7321.27,941.5,8262.77,78.62
FR,2025,7,43034.81,0.0,60.9,2079.53,127.16,304.97,349.98,0.0,4480.68,1835.04,1440.36,4556.05,630.56,4159.09,0.0,0.0,7.15,-476.39,-6785.2,1044.94,7830.15,73.48
FR,2025,8,42325.29,0.0,62.49,1961.56,121.27,304.92,349.21,0.0,4301.39,1607.0,972.47,4412.26,616.18,6741.03,0.0,0.0,5.82,-756.91,-5994.33,1247.82,7242.16,58.01
FR,2025,9,41551.53,0.0,62.52,1799.49,110.3,304.6,348.4,0.0,4111.72,1372.18,538.63,4354.16,594.88,8891.88,0.0,0.0,5.29,-1182.93,-5261.34,1425.23,6686.57,45.81
FR,2025,10,40878.01,0.0,60.49,1659.74,106.46,304.08,348.78,0.0,3983.53,1193.43,345.41,4412.98,574.74,10198.35,0.0,0.0,6.3,-1476.34,-4466.35,1677.63,6143.98,40.44
FR,2025,11,40297.96,0.0,59.56,1592.44,105.96,304.3,349.98,0.0,3916.55,1114.42,288.98,4400.19,554.92,10647.02,0.0,0.0,6.27,-1623.15,-4334.85,1733.39,6068.24,35.53
FR,2025,12,39820.43,0.0,58.31,1551.42,101.3,303.54,348.48,0.0,3859.01,1045.98,262.55,4383.27,554.03,10350.12,0.0,0.0,6.98,-1776.44,-4729.61,1594.82,6324.43,31.54
FR,2025,13,39858.34,0.0,59.3,1569.6,96.8,303.51,349.44,0.0,3858.87,1054.52,256.71,4494.04,577.08,9461.64,0.0,0.0,6.76,-1831.6,-5275.83,1423.33,6699.16,33.51
FR,2025,14,40287.35,0.0,60.32,1631.82,95.8,304.25,350.04,0.0,3936.78,1205.38,329.15,4684.88,603.27,8005.78,0.0,0.0,5.29,-1588.35,-6133.77,1244.33,7378.1,39.81
FR,2025,15,41153.72,0.0,61.49,1801.06,94.16,303.99,350.01,0.0,4117.27,1464.9,535.32,4959.8,630.03,5857.25,0.0,0.0,4.99,-1067.32,-6979.31,1158.56,8137.87,51.67
FR,2025,16,42492.48,0.0,63.3,2138.22,101.82,303.88,350.48,0.0,4455.54,1891.61,1210.57,5102.14,662.03,3447.87,0.0,0.0,5.17,-422.05,-7288.95,1193.25,8482.21,70.85
FR,2025,17,43416.18,0.0,64.09,2418.27,141.47,303.61,351.26,0.0,4848.82,2387.26,2308.11,5137.69,694.39,1540.55,0.0,0.0,11.28,-112.41,-7107.4,1224.15,8331.55,93.52
FR,2025,18,43946.59,0.0,64.1,2546.5,176.3,304.77,352.61,0.0,5037.31,2532.24,2718.71,5205.11,713.43,548.73,0.0,0.0,8.66,-65.67,-7708.36,871.58,8579.94,99.1
FR,2025,19,44067.84,0.0,65.44,2501.57,164.9,304.98,352.98,0.0,4966.64,2362.29,2352.73,5352.77,721.03,180.31,0.0,0.0,4.21,-89.21,-8741.63,499.82,9241.45,91.92
FR,2025,20,44080.8,0.0,62.84,2394.01,150.1,305.6,353.56,0.0,4846.95,2162.1,1915.03,5459.07,723.07,84.2,0.0,0.0,4.39,-153.34,-8674.97,465.91,9140.88,87.2
FR,2025,21,44046.9,0.0,60.28,2289.09,129.44,305.99,354.75,0.0,4695.79,1984.91,1572.49,5458.48,714.7,41.34,0.0,0.0,5.29,-187.23,-8006.2,702.57,8708.77,79.6
FR,2025,22,43708.59,0.0,57.38,2062.49,106.93,306.12,355.43,0.0,4476.64,1725.0,1048.65,5406.92,708.47,0.0,0.0,0.0,6.28,-308.99,-7780.58,845.88,8626.45,69.16
FR,2025,23,43288.88,0.0,54.54,1720.51,92.21,306.26,356.2,0.0,4293.09,1497.48,663.92,5271.22,685.36,0.0,0.0,0.0,5.18,-604.13,-7819.47,859.11,8678.58,60.51
FR,2026,0,42488.64,0.0,34.84,1686.92,47.69,362.22,393.05,0.0,4136.71,1391.09,555.96,5385.87,766.84,0.0,0.0,0.0,15.18,-712.59,-9100.52,818.55,9919.07,81.66
FR,2026,1,42477.96,0.0,34.74,1579.92,44.88,362.83,394.1,0.0,4051.85,1258.89,380.05,5163.2,745.52,0.0,0.0,0.0,14.29,-1092.29,-9492.72,782.88,10275.6,74.48
FR,2026,2,42360.78,0.0,35.28,1551.51,43.33,363.63,394.49,0.0,3989.2,1182.97,303.77,4973.08,728.14,0.0,0.0,0.0,12.03,-1342.74,-9706.65,711.53,10418.18,70.59
FR,2026,3,42410.21,0.0,34.22,1579.57,43.81,363.51,393.49,0.0,4016.25,1227.6,355.88,4880.49,709.9,25.55,0.0,0.0,14.42,-1221.45,-9698.69,715.56,10414.25,74.09
FR,2026,4,42629.05,0.0,35.31,1710.37,46.58,364.11,391.86,0.0,4148.6,1420.39,686.49,4834.68,699.61,224.07,0.0,0.0,24.24,-859.87,-9443.0,803.97,10246.97,83.9
FR,2026,5,42787.16,0.0,38.34,1848.37,49.65,364.54,390.54,0.0,4308.95,1656.87,1176.38,4788.23,688.17,863.82,0.0,0.0,53.81,-531.18,-8969.68,850.11,9819.79,93.37
FR,2026,6,42607.83,0.0,42.21,1941.18,56.3,364.33,389.61,0.0,4367.94,1738.31,1371.37,4501.27,682.1,2769.4,0.0,0.0,52.79,-462.36,-8246.69,847.75,9094.44,94.66
FR,2026,7,42142.04,0.0,44.59,1816.16,72.89,364.05,389.08,0.0,4277.76,1590.27,1119.7,4208.7,655.08,5743.74,0.0,0.0,30.67,-702.68,-7490.68,983.86,8474.55,78.14
FR,2026,8,41378.76,0.0,45.04,1595.82,73.42,362.97,388.35,0.0,4097.82,1372.17,758.0,4025.91,616.42,8799.21,0.0,0.0,20.8,-1143.49,-6920.79,1075.74,7996.52,56.97
FR,2026,9,40558.17,0.0,44.25,1466.9,66.69,361.6,387.82,0.0,3905.15,1164.25,469.05,3898.57,565.08,11161.77,0.0,0.0,20.4,-1602.81,-6375.89,1091.28,7467.18,41.33
FR,2026,10,39874.56,0.0,43.29,1403.73,64.35,361.18,388.16,0.0,3786.07,1010.62,297.09,3919.32,541.28,12710.47,0.0,0.0,17.58,-1880.49,-5879.1,1182.63,7061.74,32.73
FR,2026,11,39393.16,0.0,42.95,1352.18,61.96,360.12,387.54,0.0,3721.81,946.19,233.53,3918.6,528.75,13221.63,0.0,0.0,16.09,-2066.31,-5904.55,1154.07,7058.62,24.48
FR,2026,12,39126.8,0.0,43.65,1329.1,59.07,359.63,387.42,0.0,3675.47,903.97,200.39,3948.2,528.55,13103.66,0.0,0.0,19.03,-2131.97,-5948.01,1167.91,7115.92,23.88
FR,2026,13,39082.53,0.0,44.64,1377.2,63.42,359.46,387.58,0.0,3684.11,950.78,212.87,4025.67,537.28,12380.13,0.0,0.0,19.88,-2025.53,-6484.63,1022.9,7507.53,29.28
FR,2026,14,39370.95,0.0,45.44,1460.6,60.77,359.81,388.25,0.0,3776.63,1130.86,381.54,4201.5,597.59,10877.68,0.0,0.0,14.63,-1810.89,-7310.75,928.9,8239.66,37.17
FR,2026,15,40099.14,0.0,47.43,1656.52,64.32,360.65,389.69,0.0,3964.67,1346.61,481.53,4556.31,661.35,8676.06,0.0,0.0,15.08,-1424.38,-7827.14,985.8,8812.94,52.65
FR,2026,16,41327.45,0.0,49.4,2107.68,94.87,360.84,390.45,0.0,4295.31,1758.05,948.02,4943.81,721.27,5766.65,0.0,0.0,17.49,-744.86,-7868.67,1277.35,9146.02,79.9
FR,2026,17,42373.8,0.0,49.58,2565.35,137.33,361.59,390.31,0.0,4699.84,2322.3,2131.41,5044.04,768.98,2731.91,0.0,0.0,26.88,-168.97,-7669.1,1501.4,9170.5,113.75
FR,2026,18,42869.38,0.0,48.25,2761.47,154.05,362.77,391.03,0.0,4916.29,2612.48,2829.75,5106.88,800.37,898.38,0.0,0.0,93.26,-52.26,-8270.73,1244.85,9515.57,128.13
FR,2026,19,43055.85,0.0,46.36,2730.95,138.58,362.98,391.86,0.0,4923.11,2481.28,2566.98,5291.77,809.3,240.29,0.0,0.0,94.67,-50.53,-9276.76,803.57,10080.33,121.2
FR,2026,20,43109.88,0.0,45.5,2589.73,106.59,362.23,392.75,0.0,4802.49,2298.14,2182.93,5529.47,821.63,103.55,0.0,0.0,77.47,-106.79,-9167.82,766.19,9934.02,114.9
FR,2026,21,43114.94,0.0,45.84,2444.88,77.67,362.55,393.6,0.0,4664.93,2092.29,1806.38,5631.85,827.83,50.0,0.0,0.0,30.86,-167.61,-8624.83,889.27,9514.1,106.17
FR,2026,22,43059.53,0.0,43.86,2250.62,63.19,362.94,394.07,0.0,4462.82,1835.18,1234.74,5622.55,811.81,0.0,0.0,0.0,25.38,-283.4,-8682.19,897.53,9579.72,95.68
FR,2026,23,42876.68,0.0,36.92,1953.28,51.36,363.27,394.53,0.0,4290.13,1603.93,845.14,5551.22,789.52,0.0,0.0,0.0,21.19,-468.42,-8902.95,843.13,9746.08,89.28
GB,2019,0,5896.06,0.0,197.97,8263.54,0.0,1760.73,0.0,0.0,284.68,0.0,19.35,2492.75,2168.26,0.0,0.0,0.0,81.87,,1044.96,1133.51,88.54,40.22
GB,2019,1,5920.77,0.0,197.6,8285.38,0.0,1779.41,0.0,0.0,273.95,0.0,12.78,2502.17,2155.26,0.05,0.0,0.0,81.93,,1036.1,1115.07,78.97,39.21
GB,2019,2,5906.13,0.0,192.29,8032.37,0.0,1772.48,0.0,0.0,266.35,0.0,8.49,2450.06,2082.56,0.1,0.0,0.0,81.61,,995.4,1084.22,88.81,38.01
GB,2019,3,5910.43,0.0,185.18,7953.86,0.0,1773.1,0.0,0.0,263.02,0.0,5.61,2474.0,2093.63,0.2,0.0,0.0,81.09,,932.16,1032.63,100.47,37.17
GB,2019,4,5944.28,0.0,195.17,8134.21,0.0,1774.25,0.0,0.0,273.94,0.0,4.79,2481.96,2096.53,21.79,0.0,0.0,81.29,,794.77,917.24,122.47,39.13
GB,2019,5,5919.09,0.0,295.36,9373.92,0.0,1800.53,0.0,0.0,316.93,0.0,16.67,2432.89,2085.42,163.41,0.0,0.0,82.01,,770.05,890.22,120.17,42.37
GB,2019,6,5933.49,0.0,524.75,11916.18,0.0,1883.3,0.0,0.0,395.42,0.0,88.95,2461.92,2062.37,529.49,0.0,0.0,85.64,,889.57,1020.56,130.99,47.25
GB,2019,7,5932.96,0.0,725.42,14031.85,0.0,1979.38,0.0,0.0,471.71,0.0,240.31,2554.18,2090.66,1147.47,0.0,0.0,89.7,,1015.37,1141.25,125.88,51.17
GB,2019,8,5919.45,0.0,807.27,14690.7,0.0,1998.66,0.0,0.0,498.03,0.0,261.92,2625.19,2029.08,1978.87,0.0,0.0,90.92,,1124.18,1240.12,115.93,51.5
GB,2019,9,5812.97,0.0,847.4,14646.72,0.0,1985.79,0.0,0.0,473.56,0.0,197.65,2714.04,2006.46,2874.04,0.0,0.0,89.19,,1136.45,1263.24,126.79,50.54
GB,2019,10,5835.72,0.0,867.85,14506.92,0.0,1985.27,0.0,0.0,432.44,0.0,153.55,2840.96,2032.41,3660.1,0.0,0.0,87.41,,1112.11,1255.13,143.02,48.05
GB,2019,11,5863.33,0.0,892.5,14501.15,0.0,1994.59,0.0,0.0,397.86,0.0,126.75,2911.75,2019.68,4053.89,0.0,0.0,87.65,,1102.16,1254.18,152.02,46.93
GB,2019,12,5879.01,0.0,878.63,14245.8,0.0,1980.39,0.0,0.0,366.38,0.0,98.16,3022.24,2074.54,4064.85,0.0,0.0,87.25,,1065.85,1209.86,144.01,46.14
GB,2019,13,5895.32,0.0,881.46,14100.73,0.0,1983.52,0.0,0.0,350.71,0.0,90.32,3048.0,2092.09,3747.1,0.0,0.0,86.74,,1039.03,1185.51,146.49,45.79
GB,2019,14,5898.75,0.0,876.68,14114.88,0.14,1985.43,0.0,0.0,357.3,0.0,94.3,2972.84,2050.36,3112.59,0.0,0.0,85.75,,1022.41,1162.34,139.92,46.83
GB,2019,15,5916.28,0.0,893.78,14724.7,0.0,2005.75,0.0,0.0,411.65,0.0,165.61,2992.58,2147.26,2256.24,0.0,0.0,87.22,,1094.48,1219.44,124.97,50.97
GB,2019,16,5935.6,0.0,979.8,15927.72,0.0,2030.97,0.0,0.0,536.84,0.0,458.62,2944.38,2205.97,1410.66,0.0,0.0,97.31,,1228.21,1341.08,112.87,56.49
GB,2019,17,5931.19,0.0,1014.85,16621.36,0.0,2035.08,0.0,0.0,608.01,0.0,755.95,2879.68,2219.15,720.98,0.0,0.0,106.52,,1294.31,1407.28,112.96,60.9
GB,2019,18,5931.56,0.0,1012.21,16768.06,0.0,2047.09,0.0,0.0,609.5,0.0,825.78,2812.61,2274.58,266.71,0.0,0.0,99.24,,1327.08,1438.89,111.81,61.01
GB,2019,19,5949.29,0.0,964.09,16443.56,0.0,2043.1,0.0,0.0,554.97,0.0,602.51,2768.56,2311.37,54.37,0.0,0.0,90.77,,1325.0,1435.47,110.47,55.86
GB,2019,20,5929.92,0.0,823.08,15522.17,0.0,2025.29,0.0,0.0,452.42,0.0,300.54,2677.28,2291.44,2.66,0.0,0.0,85.27,,1271.49,1373.01,101.51,52.05
GB,2019,21,5912.07,0.0,515.44,13705.28,0.0,1991.95,0.0,0.0,366.88,0.0,142.6,2637.88,2325.19,0.45,0.0,0.0,84.88,,1145.22,1249.01,103.78,48.35
GB,2019,22,5923.0,0.0,326.41,11023.88,0.0,1918.12,0.0,0.0,332.99,0.0,100.78,2603.47,2302.88,0.25,0.0,0.0,82.72,,1090.94,1184.29,93.35,45.59
GB,2019,23,5897.95,0.0,228.91,8908.6,0.0,1795.62,0.0,0.0,305.02,0.0,35.4,2439.58,2158.25,0.0,0.0,0.0,81.9,,1042.75,1135.93,93.19,41.92
GB,2020,0,5067.43,0.0,238.29,6685.71,0.0,1755.6,0.0,0.0,348.46,0.0,13.66,2619.31,2982.31,0.14,0.0,0.0,130.81,,797.55,957.07,159.53,28.89
GB,2020,1,5055.1,0.0,237.41,6621.99,0.0,1764.06,0.0,0.0,337.69,0.0,6.56,2598.26,2930.21,0.1,0.0,0.0,130.76,,770.27,929.6,159.32,28.7
GB,2020,2,5062.94,0.0,231.27,6380.0,0.0,1764.46,0.0,0.0,331.06,0.0,4.46,2551.33,2890.74,0.09,0.0,0.0,130.13,,665.44,857.37,191.92,26.75
GB,2020,3,5066.45,0.0,230.68,6327.54,0.0,1762.46,0.0,0.0,330.1,0.0,5.62,2561.57,2885.48,0.31,0.0,0.0,130.18,,527.41,761.15,233.74,25.76
GB,2020,4,5070.58,0.0,231.97,6459.91,0.0,1761.88,0.0,0.0,337.99,0.0,5.04,2534.37,2886.37,19.31,0.0,0.0,130.27,,368.7,684.4,315.69,27.59
GB,2020,5,5074.09,0.0,270.39,7252.19,0.0,1783.06,0.0,0.0,376.45,0.0,14.03,2546.51,2884.99,155.06,0.0,0.0,133.39,,402.33,709.56,307.23,31.38
GB,2020,6,5065.51,0.0,383.61,8976.83,0.0,1871.44,0.0,0.0,438.33,0.0,48.91,2540.64,2828.26,513.99,0.0,0.0,146.34,,606.96,851.75,244.79,35.32
GB,2020,7,5064.74,0.0,504.54,10681.18,0.0,1963.12,0.0,0.0,493.93,0.0,135.75,2612.93,2802.19,1126.94,0.0,0.0,161.46,,869.24,1041.48,172.23,38.72
GB,2020,8,5069.92,0.0,564.59,11354.04,0.0,1997.27,0.0,0.0,528.76,0.0,153.83,2729.75,2786.69,1917.98,0.0,0.0,169.81,,1040.17,1187.36,147.19,40.05
GB,2020,9,5034.9,0.0,592.94,11475.41,0.0,1994.32,0.0,0.0,514.27,0.0,151.18,2817.24,2760.68,2834.27,0.0,0.0,164.68,,1081.47,1236.95,155.48,40.76
GB,2020,10,5010.36,0.0,603.58,11385.17,0.0,1977.63,0.0,0.0,480.3,0.0,119.42,2935.02,2745.51,3594.62,0.0,0.0,158.84,,1087.15,1253.74,166.59,39.15
GB,2020,11,5031.99,0.0,603.71,11423.98,0.0,1977.41,0.0,0.0,456.72,0.0,112.77,3049.81,2767.19,4025.68,0.0,0.0,159.8,,1119.59,1271.05,151.47,38.69
GB,2020,12,5053.06,0.0,622.27,11407.9,0.0,1984.69,0.0,0.0,423.63,0.0,89.03,3107.12,2711.83,4057.12,0.0,0.0,156.64,,1089.38,1257.67,168.29,37.87
GB,2020,13,5068.29,0.0,625.47,11247.18,0.0,1978.29,0.0,0.0,402.07,0.0,69.31,3150.01,2717.89,3746.6,0.0,0.0,147.0,,1046.38,1220.21,173.84,36.47
GB,2020,14,5068.25,0.0,625.24,11305.63,0.0,1983.06,0.0,0.0,404.08,0.0,67.1,3148.9,2748.42,3138.21,0.0,0.0,143.11,,1000.56,1175.77,175.21,37.04
GB,2020,15,5066.93,0.0,633.36,11773.21,0.0,2001.53,0.0,0.0,460.04,0.0,142.97,3172.53,2868.78,2310.49,0.0,0.0,157.82,,1110.07,1246.84,136.77,41.14
GB,2020,16,5067.51,0.0,666.4,12982.63,0.0,2031.38,0.0,0.0,576.94,0.0,388.49,3150.79,2955.99,1473.41,0.0,0.0,198.99,,1311.87,1420.94,109.07,48.75
GB,2020,17,5073.68,0.0,693.3,13814.8,0.0,2048.3,0.0,0.0,647.83,0.0,775.0,3100.84,3013.96,752.9,0.0,0.0,251.75,,1352.16,1453.38,101.22,55.03
GB,2020,18,5079.48,0.0,685.92,13928.24,0.0,2057.19,0.0,0.0,644.31,0.0,781.05,2959.83,2986.2,269.6,0.0,0.0,239.53,,1337.53,1439.44,101.91,52.35
GB,2020,19,5083.09,0.0,655.71,13477.24,0.0,2049.56,0.0,0.0,600.71,0.0,500.69,2871.83,3038.65,52.46,0.0,0.0,196.91,,1305.38,1416.74,111.36,46.35
GB,2020,20,5082.34,0.0,566.2,12537.63,0.0,2032.84,0.0,0.0,526.95,0.0,253.99,2816.89,3047.58,3.77,0.0,0.0,162.85,,1240.93,1362.7,121.78,42.36
GB,2020,21,5079.28,0.0,434.34,11004.28,0.0,1986.52,0.0,0.0,453.77,0.0,116.18,2783.24,3087.38,0.32,0.0,0.0,140.48,,1111.74,1238.34,126.6,39.11
GB,2020,22,5080.08,0.0,315.6,8777.52,0.0,1861.73,0.0,0.0,415.0,0.0,54.94,2736.14,3082.77,0.45,0.0,0.0,134.06,,1010.61,1126.29,115.68,35.59
GB,2020,23,5049.51,0.0,247.11,7139.3,0.0,1755.98,0.0,0.0,369.08,0.0,31.2,2645.71,3005.37,0.14,0.0,0.0,131.69,,844.69,985.65,140.95,30.2
GB,2021,0,4772.76,0.0,256.71,8048.55,0.0,1900.54,0.0,0.0,247.91,0.0,13.89,2445.54,2805.08,0.78,0.0,0.0,129.1,,1234.54,1344.74,110.2,108.22
GB,2021,1,4774.07,0.0,252.04,7993.63,0.0,1918.25,0.0,0.0,239.52,0.0,9.26,2427.22,2777.4,0.56,0.0,0.0,131.26,,1233.71,1338.7,104.99,106.58
GB,2021,2,4778.36,0.0,235.97,7710.72,0.0,1907.41,0.0,0.0,234.29,0.0,5.93,2403.13,2731.16,0.43,0.0,0.0,130.4,,1185.72,1305.19,119.47,101.72
GB,2021,3,4781.77,0.0,231.44,7629.83,0.0,1899.21,0.0,0.0,230.74,0.0,3.08,2421.01,2743.99,0.37,0.0,0.0,129.48,,1095.43,1231.84,136.41,99.47
GB,2021,4,4796.0,0.0,247.76,7751.35,0.0,1893.08,0.0,0.0,238.18,0.0,3.69,2420.24,2727.52,17.24,0.0,0.0,129.91,,937.9,1102.33,164.43,104.28
GB,2021,5,4788.45,0.0,320.99,8764.91,0.0,1952.39,0.0,0.0,270.61,0.0,21.67,2358.66,2661.32,141.07,0.0,0.0,136.98,,890.89,1077.26,186.37,115.3
GB,2021,6,4787.81,0.0,448.82,10773.62,0.0,2044.84,0.0,0.0,323.9,0.0,81.91,2424.45,2632.35,468.78,0.0,0.0,165.01,,1054.95,1232.21,177.25,127.24
GB,2021,7,4781.71,0.0,560.08,12591.4,0.0,2122.59,0.0,0.0,388.31,0.0,211.03,2533.42,2719.07,1030.11,0.0,0.0,219.71,,1177.93,1347.63,169.69,140.69
GB,2021,8,4776.4,0.0,641.39,13369.75,0.0,2139.48,0.0,0.0,419.99,0.0,232.76,2607.58,2700.12,1776.77,0.0,0.0,251.19,,1344.21,1483.92,139.72,142.51
GB,2021,9,4744.69,0.0,691.32,13549.5,0.0,2135.14,0.0,0.0,408.27,0.0,180.47,2722.28,2700.89,2602.23,0.0,0.0,246.58,,1387.17,1530.77,143.6,142.48
GB,2021,10,4739.2,0.0,708.98,13448.17,0.0,2135.21,0.0,0.0,371.99,0.0,142.97,2826.64,2701.83,3319.25,0.0,0.0,229.26,,1373.94,1524.3,150.36,138.39
GB,2021,11,4741.0,0.0,708.19,13365.05,0.0,2139.69,0.0,0.0,343.06,0.0,133.48,2958.62,2693.1,3725.46,0.0,0.0,216.54,,1384.89,1538.91,154.03,136.88
GB,2021,12,4749.95,0.0,704.61,13247.25,0.0,2132.41,0.0,0.0,319.86,0.0,125.56,3042.09,2707.91,3761.67,0.0,0.0,200.55,,1400.58,1556.1,155.51,134.12
GB,2021,13,4755.09,0.0,682.87,13047.19,0.0,2121.73,0.0,0.0,308.67,0.0,96.06,3098.27,2737.06,3471.98,0.0,0.0,178.88,,1393.23,1544.62,151.39,132.83
GB,2021,14,4766.35,0.0,678.18,13147.83,0.0,2130.4,0.0,0.0,315.05,0.0,75.99,3113.06,2770.8,2892.18,0.0,0.0,170.47,,1372.69,1524.54,151.85,136.0
GB,2021,15,4781.45,0.0,725.01,13776.32,0.0,2161.41,0.0,0.0,369.33,0.0,162.02,3055.9,2773.25,2123.91,0.0,0.0,205.57,,1392.96,1522.84,129.88,151.46
GB,2021,16,4773.03,0.0,796.2,14672.48,0.0,2185.61,0.0,0.0,494.16,0.0,536.35,3006.58,2822.45,1341.0,0.0,0.0,292.96,,1508.06,1615.67,107.61,172.67
GB,2021,17,4760.99,0.0,832.2,15246.55,0.0,2204.21,0.0,0.0,564.3,0.0,983.1,2883.36,2810.72,689.76,0.0,0.0,401.98,,1573.34,1667.68,94.35,200.35
GB,2021,18,4763.54,0.0,826.26,15321.33,0.0,2209.04,0.0,0.0,561.43,0.0,995.65,2775.43,2834.49,256.99,0.0,0.0,393.64,,1566.98,1663.21,96.23,185.67
GB,2021,19,4766.25,0.0,791.7,14977.98,0.0,2206.37,0.0,0.0,496.43,0.0,567.24,2666.44,2844.03,52.38,0.0,0.0,297.76,,1554.62,1659.59,104.97,156.85
GB,2021,20,4766.0,0.0,705.74,14069.81,0.0,2191.81,0.0,0.0,397.43,0.0,220.54,2619.28,2864.82,2.23,0.0,0.0,216.49,,1498.17,1609.24,111.08,139.79
GB,2021,21,4772.85,0.0,532.32,12481.74,0.0,2145.65,0.0,0.0,326.52,0.0,93.17,2584.84,2879.93,0.3,0.0,0.0,149.14,,1394.54,1513.89,119.36,127.97
GB,2021,22,4774.76,0.0,378.67,10363.1,0.0,2015.52,0.0,0.0,295.47,0.0,53.37,2525.43,2861.05,0.23,0.0,0.0,130.84,,1280.44,1409.34,128.9,119.33
GB,2021,23,4757.04,0.0,288.13,8596.45,0.0,1916.78,0.0,0.0,265.46,0.0,24.02,2460.53,2807.46,0.08,0.0,0.0,127.0,,1223.78,1344.18,120.4,108.77
GB,2022,0,3881.25,0.0,166.16,7617.59,0.0,1178.77,0.0,0.0,208.08,0.0,10.91,2865.77,2731.2,0.44,0.0,0.0,129.92,,-474.02,839.39,1313.41,196.43
GB,2022,1,3871.69,0.0,163.17,7517.15,0.0,1168.03,0.0,0.0,199.86,0.0,5.49,2869.52,2704.64,0.43,0.0,0.0,129.22,,-477.06,846.68,1323.74,192.25
GB,2022,2,3860.52,0.0,156.8,7305.83,0.0,1150.58,0.0,0.0,190.38,0.0,3.35,2844.94,2670.25,0.36,0.0,0.0,124.44,,-586.28,788.98,1375.26,184.08
GB,2022,3,3870.55,0.0,155.84,7347.85,0.0,1144.16,0.0,0.0,188.94,0.0,3.71,2849.56,2651.1,0.34,0.0,0.0,123.95,,-798.21,684.69,1482.9,182.56
GB,2022,4,3873.13,0.0,169.61,7508.36,0.0,1161.93,0.0,0.0,197.91,0.0,6.81,2835.79,2638.82,16.25,0.0,0.0,127.68,,-992.19,588.8,1580.99,189.25
GB,2022,5,4020.86,0.0,223.25,8340.39,0.0,1237.75,0.0,0.0,246.8,0.0,23.47,2690.03,2499.32,143.14,0.0,0.0,152.1,,-902.18,567.28,1469.45,211.44
GB,2022,6,3877.79,0.0,315.25,9262.78,0.0,1297.97,0.0,0.0,321.23,0.0,105.67,2666.08,2388.47,429.5,0.0,0.0,223.76,,-438.03,692.84,1130.86,242.47
GB,2022,7,3878.09,0.0,384.6,10202.77,0.0,1349.34,0.0,0.0,357.3,0.0,176.39,2953.88,2674.98,962.06,0.0,0.0,290.82,,180.32,989.82,809.51,255.91
GB,2022,8,3877.06,0.0,419.04,10465.22,0.0,1359.02,0.0,0.0,358.87,0.0,173.9,3036.66,2656.63,1698.01,0.0,0.0,271.34,,673.7,1306.65,632.95,250.88
GB,2022,9,3860.34,0.0,427.6,10362.87,0.0,1337.64,0.0,0.0,329.98,0.0,126.19,3141.63,2616.56,2522.82,0.0,0.0,224.5,,849.46,1466.53,617.07,245.02
GB,2022,10,3840.89,0.0,413.62,10132.47,0.0,1309.07,0.0,0.0,295.53,0.0,94.57,3306.78,2653.32,3224.11,0.0,0.0,194.44,,921.74,1527.79,606.05,232.31
GB,2022,11,3840.42,0.0,407.64,10012.51,0.0,1302.21,0.0,0.0,268.56,0.0,77.38,3416.29,2577.76,3621.95,0.0,0.0,179.78,,969.98,1569.59,599.61,226.51
GB,2022,12,3872.38,0.0,405.13,10015.08,0.0,1311.5,0.0,0.0,258.08,0.0,69.8,3523.03,2587.04,3645.42,0.0,0.0,172.51,,897.14,1520.44,623.3,222.47
GB,2022,13,3899.81,0.0,396.09,9972.1,0.0,1322.95,0.0,0.0,253.45,0.0,54.8,3582.77,2592.39,3342.53,0.0,0.0,165.13,,763.72,1438.56,674.83,221.67
GB,2022,14,3871.67,0.0,399.78,10066.74,0.0,1321.74,0.0,0.0,258.7,0.0,59.84,3607.71,2622.15,2713.09,0.0,0.0,166.15,,558.84,1286.74,727.9,227.23
GB,2022,15,3885.5,0.0,434.98,10716.24,0.0,1347.22,0.0,0.0,306.69,0.0,137.59,3566.07,2638.82,1945.68,0.0,0.0,212.51,,404.56,1150.43,745.87,247.06
GB,2022,16,3881.5,0.0,488.31,11560.06,0.0,1390.09,0.0,0.0,385.94,0.0,399.0,3462.01,2657.37,1203.79,0.0,0.0,328.76,,406.16,1141.69,735.52,279.41
GB,2022,17,3893.15,0.0,517.53,12076.17,0.0,1413.36,0.0,0.0,446.28,0.0,781.18,3378.7,2727.86,615.93,0.0,0.0,468.7,,438.67,1167.15,728.48,299.09
GB,2022,18,3869.62,0.0,509.29,12051.55,0.0,1417.23,0.0,0.0,455.17,0.0,846.43,3240.28,2787.02,231.43,0.0,0.0,489.75,,395.24,1136.97,741.73,297.13
GB,2022,19,3871.2,0.0,494.38,11838.85,0.0,1419.87,0.0,0.0,424.45,0.0,546.45,3111.07,2785.54,48.31,0.0,0.0,381.87,,371.52,1156.81,785.28,273.78
GB,2022,20,3871.21,0.0,464.19,11337.38,0.0,1404.55,0.0,0.0,364.63,0.0,258.48,3048.85,2827.05,3.15,0.0,0.0,289.69,,182.55,1059.94,877.39,255.42
GB,2022,21,3868.13,0.0,375.71,10357.18,0.0,1357.08,0.0,0.0,306.33,0.0,107.4,2987.29,2827.31,0.36,0.0,0.0,210.72,,-62.16,978.59,1040.75,236.36
GB,2022,22,3890.55,0.0,249.41,9003.81,0.0,1278.63,0.0,0.0,269.17,0.0,58.26,2963.7,2833.57,0.16,0.0,0.0,158.85,,-351.08,853.39,1204.48,218.11
GB,2022,23,3876.63,0.0,181.22,7987.21,0.0,1197.54,0.0,0.0,226.7,0.0,23.59,2861.28,2736.41,0.02,0.0,0.0,137.98,,-498.47,812.77,1311.23,200.08
GB,2023,0,4082.98,0.0,194.74,6861.1,0.0,1365.47,0.0,0.0,228.75,0.0,16.37,2871.47,3132.69,0.0,0.0,0.0,181.16,,672.72,1267.82,595.11,90.61
GB,2023,1,4089.09,0.0,196.77,6810.96,0.0,1377.9,0.0,0.0,220.47,0.0,8.65,2808.35,3056.49,0.0,0.0,0.0,180.33,,611.63,1256.73,645.1,87.77
GB,2023,2,4079.7,0.0,190.57,6584.19,0.0,1359.18,0.0,0.0,213.75,0.0,4.61,2807.32,3076.13,0.0,0.0,0.0,171.3,,440.5,1163.68,723.18,83.21
GB,2023,3,4078.99,0.0,189.19,6625.73,0.0,1348.09,0.0,0.0,212.35,0.0,5.39,2845.14,3209.21,0.03,0.0,0.0,168.54,,162.36,1019.88,857.52,83.03
GB,2023,4,4081.09,0.0,194.54,6873.86,0.0,1345.85,0.0,0.0,227.68,0.0,9.62,2822.55,3148.5,23.26,0.0,0.0,173.55,,-124.39,893.69,1018.09,88.08
GB,2023,5,4082.25,0.0,222.47,7666.86,0.0,1366.74,0.0,0.0,296.59,0.0,42.8,2749.45,3098.32,175.89,0.0,0.0,204.11,,-11.49,889.43,900.91,101.27
GB,2023,6,4082.59,0.0,266.64,8946.94,0.0,1411.66,0.0,0.0,376.6,0.0,111.03,2705.07,2951.11,552.14,0.0,0.0,296.2,,659.65,1193.22,533.57,112.13
GB,2023,7,4079.34,0.0,302.65,9967.54,0.0,1451.39,0.0,0.0,416.55,0.0,168.46,2736.99,2837.19,1194.19,0.0,0.0,341.86,,1475.92,1775.19,299.27,116.02
GB,2023,8,4075.97,0.0,328.78,10188.47,0.0,1463.68,0.0,0.0,413.3,0.0,168.36,2780.04,2707.66,2067.0,0.0,0.0,306.14,,1967.04,2146.25,179.21,114.7
GB,2023,9,4029.67,0.0,328.92,9993.15,0.0,1453.26,0.0,0.0,372.72,0.0,150.12,2839.58,2539.93,3042.76,0.0,0.0,271.04,,2141.26,2287.88,146.62,112.22
GB,2023,10,3975.27,0.0,326.73,9607.91,0.0,1431.57,0.0,0.0,329.11,0.0,120.83,2883.58,2522.36,3877.01,0.0,0.0,238.72,,2176.52,2342.94,166.41,107.2
GB,2023,11,3996.72,0.0,316.02,9442.02,0.0,1446.19,0.0,0.0,296.32,0.0,100.88,3031.1,2542.76,4312.21,0.0,0.0,226.18,,2216.79,2373.47,156.68,103.25
GB,2023,12,4044.93,0.0,308.4,9387.58,0.0,1452.48,0.0,0.0,275.3,0.0,100.7,3166.86,2632.17,4326.41,0.0,0.0,218.19,,2166.93,2338.48,171.55,99.87
GB,2023,13,4076.67,0.0,311.23,9403.73,0.0,1463.32,0.0,0.0,273.43,0.0,103.52,3183.09,2602.42,3968.74,0.0,0.0,208.63,,2001.1,2201.54,200.45,98.77
GB,2023,14,4090.79,0.0,320.51,9678.82,0.0,1479.39,0.0,0.0,282.59,0.0,111.47,3212.99,2723.91,3261.75,0.0,0.0,210.98,,1745.41,2012.67,267.26,102.67
GB,2023,15,4093.06,0.0,354.88,10404.92,0.0,1494.53,0.0,0.0,330.58,0.0,254.31,3192.55,2776.64,2337.09,0.0,0.0,236.35,,1597.43,1910.54,313.11,110.32
GB,2023,16,4079.58,0.0,400.33,11560.21,0.0,1502.69,0.0,0.0,448.08,0.0,500.94,3156.18,2898.91,1442.86,0.0,0.0,353.92,,1561.63,1889.29,327.66,126.56
GB,2023,17,4084.09,0.0,435.87,12287.56,0.0,1519.15,0.0,0.0,552.45,0.0,754.29,3205.76,3222.05,741.07,0.0,0.0,618.66,,1473.29,1848.14,374.84,138.22
GB,2023,18,4075.44,0.0,430.83,12400.5,0.0,1532.64,0.0,0.0,574.14,0.0,797.88,3080.36,3190.42,282.83,0.0,0.0,662.11,,1404.19,1809.05,404.86,140.31
GB,2023,19,4078.18,0.0,417.22,12169.1,0.0,1530.87,0.0,0.0,533.2,0.0,508.73,3035.15,3294.91,54.14,0.0,0.0,452.31,,1483.36,1829.62,346.26,130.63
GB,2023,20,4089.22,0.0,381.07,11603.76,0.0,1525.44,0.0,0.0,448.98,0.0,258.62,3013.49,3287.61,1.99,0.0,0.0,303.85,,1386.71,1719.05,332.34,121.35
GB,2023,21,4097.91,0.0,317.88,10506.94,0.0,1504.81,0.0,0.0,363.81,0.0,130.84,2979.95,3273.19,0.0,0.0,0.0,230.29,,1072.13,1463.8,391.67,112.83
GB,2023,22,4068.12,0.0,245.07,8600.73,0.0,1424.24,0.0,0.0,285.53,0.0,59.15,2933.75,3211.15,0.0,0.0,0.0,193.5,,930.05,1372.82,442.76,101.47
GB,2023,23,4056.47,0.0,207.34,7216.01,0.0,1356.53,0.0,0.0,241.82,0.0,34.31,2857.34,3230.89,0.0,0.0,0.0,187.19,,702.26,1279.19,576.92,92.87
GB,2024,0,4215.17,0.0,123.54,5148.13,0.0,1842.68,0.0,0.0,275.25,0.0,23.08,2953.99,3161.85,0.0,0.0,0.0,208.21,,1853.31,2457.25,603.95,70.6
GB,2024,1,4237.17,0.0,125.36,5127.78,0.0,1859.61,0.0,0.0,265.13,0.0,16.5,2907.01,3123.77,0.0,0.0,0.0,215.2,,1787.6,2420.58,632.98,67.33
GB,2024,2,4238.53,0.0,120.88,4960.79,0.0,1840.74,0.0,0.0,258.46,0.0,10.05,2950.93,3205.12,0.0,0.0,0.0,200.29,,1588.09,2302.09,714.01,64.1
GB,2024,3,4239.94,0.0,119.51,4953.72,0.0,1820.79,0.0,0.0,256.39,0.0,10.07,2893.33,3118.99,0.0,0.0,0.0,196.76,,1333.73,2145.36,811.63,64.35
GB,2024,4,4241.22,0.0,124.6,5141.09,0.0,1815.98,0.0,0.0,270.89,0.0,18.66,2868.87,3076.51,23.9,0.0,0.0,201.67,,1021.96,1992.08,970.12,67.89
GB,2024,5,4242.83,0.0,149.29,5990.5,0.0,1892.19,0.0,0.0,321.23,0.0,60.87,2764.92,2888.69,195.93,0.0,0.0,260.18,,981.79,1944.85,963.06,76.83
GB,2024,6,4241.33,0.0,177.19,7390.19,0.0,1994.93,0.0,0.0,395.93,0.0,167.81,2864.42,3018.04,622.01,0.0,0.0,398.43,,1491.12,2165.57,674.45,87.36
GB,2024,7,4238.46,0.0,187.59,8468.8,0.0,2105.85,0.0,0.0,449.02,0.0,237.82,2886.46,2952.05,1344.12,0.0,0.0,486.16,,2161.41,2614.71,453.31,92.23
GB,2024,8,4223.87,0.0,178.73,8635.3,0.0,2123.38,0.0,0.0,456.94,0.0,227.5,2944.6,2814.12,2281.77,0.0,0.0,450.76,,2673.09,2975.6,302.51,90.81
GB,2024,9,4174.46,0.0,170.26,8426.81,0.0,2101.68,0.0,0.0,417.09,0.0,183.19,3006.49,2679.49,3288.16,0.0,0.0,376.03,,2964.79,3208.62,243.83,88.12
GB,2024,10,4155.07,0.0,158.81,8129.59,0.0,2085.59,0.0,0.0,369.45,0.0,133.7,3170.81,2719.67,4211.1,0.0,0.0,333.41,,3037.64,3272.28,234.64,83.46
GB,2024,11,4145.7,0.0,152.81,7901.1,0.0,2067.24,0.0,0.0,336.56,0.0,107.46,3189.94,2597.55,4658.62,0.0,0.0,304.33,,3078.89,3308.88,229.98,81.37
GB,2024,12,4165.67,0.0,143.87,7963.29,0.0,2073.49,0.0,0.0,323.73,0.0,105.57,3336.9,2737.75,4667.34,0.0,0.0,288.84,,3025.43,3270.72,245.29,78.76
GB,2024,13,4208.1,0.0,143.18,8031.85,0.0,2090.2,0.0,0.0,318.3,0.0,102.69,3362.09,2697.21,4278.57,0.0,0.0,284.46,,2847.57,3122.38,274.81,78.12
GB,2024,14,4229.34,0.0,148.08,8372.1,0.0,2122.61,0.0,0.0,334.23,0.0,116.19,3420.48,2791.1,3513.97,0.0,0.0,283.73,,2596.69,2921.74,325.05,80.98
GB,2024,15,4229.77,0.0,163.15,9188.12,0.0,2151.88,0.0,0.0,373.27,0.0,258.47,3418.9,2932.89,2523.04,0.0,0.0,328.07,,2355.17,2780.61,425.44,89.69
GB,2024,16,4209.22,0.0,191.13,10324.19,0.0,2191.23,0.0,0.0,478.29,0.0,534.23,3356.45,2938.31,1574.15,0.0,0.0,488.07,,2226.93,2735.15,508.21,103.77
GB,2024,17,4235.4,0.0,218.13,11176.02,0.0,2236.64,0.0,0.0,575.13,0.0,841.18,3307.82,3056.22,816.06,0.0,0.0,785.55,,2099.79,2681.28,581.49,111.92
GB,2024,18,4234.39,0.0,223.95,11335.72,0.0,2255.45,0.0,0.0,598.69,0.0,931.01,3247.52,3180.43,311.39,0.0,0.0,858.93,,2085.66,2684.78,599.12,111.64
GB,2024,19,4227.81,0.0,223.47,10985.56,0.0,2252.36,0.0,0.0,554.79,0.0,659.67,3150.38,3189.74,58.86,0.0,0.0,631.7,,2302.4,2820.18,517.78,102.84
GB,2024,20,4226.48,0.0,203.0,10214.64,0.0,2240.57,0.0,0.0,485.16,0.0,388.93,3102.36,3209.61,1.63,0.0,0.0,407.49,,2268.64,2750.7,482.06,95.32
GB,2024,21,4227.01,0.0,170.36,8832.91,0.0,2176.79,0.0,0.0,410.04,0.0,177.08,3094.02,3220.98,0.07,0.0,0.0,284.15,,2115.48,2633.78,518.3,87.43
GB,2024,22,4228.11,0.0,134.94,6873.09,0.0,2033.82,0.0,0.0,334.76,0.0,78.88,3001.75,3158.18,0.0,0.0,0.0,249.86,,2005.52,2559.02,553.49,79.41
GB,2024,23,4204.66,0.0,124.64,5526.17,0.0,1878.34,0.0,0.0,289.2,0.0,41.12,2983.34,3160.83,0.0,0.0,0.0,223.62,,1844.02,2465.44,621.43,72.89
GB,2025,0,3741.93,0.0,0.0,5982.18,0.0,2094.29,0.0,0.0,288.85,0.0,31.83,3692.45,5956.83,0.0,0.0,0.0,276.62,,1620.64,2631.44,1010.79,82.44
GB,2025,1,3737.32,0.0,0.0,5938.95,0.0,2093.1,0.0,0.0,275.56,0.0,25.58,3675.15,5860.5,0.0,0.0,0.0,283.61,,1503.13,2593.36,1090.23,80.07
GB,2025,2,3726.16,0.0,0.0,5732.54,0.0,2064.88,0.0,0.0,262.31,0.0,18.88,3634.47,5756.52,0.0,0.0,0.0,249.05,,1227.45,2465.48,1238.02,77.79
GB,2025,3,3735.29,0.0,0.0,5725.18,0.0,2048.26,0.0,0.0,260.09,0.0,17.26,3609.7,5675.61,0.03,0.0,0.0,254.75,,850.67,2304.04,1453.37,76.98
GB,2025,4,3713.34,0.0,0.0,5938.04,0.0,2049.04,0.0,0.0,269.08,0.0,21.2,3567.21,5598.27,32.96,0.0,0.0,254.73,,459.16,2139.25,1680.08,80.18
GB,2025,5,3706.93,0.0,0.0,6647.61,0.0,2093.22,0.0,0.0,327.2,0.0,60.56,3521.32,5581.54,255.05,0.0,0.0,402.0,,550.3,2139.33,1589.04,89.14
GB,2025,6,3712.78,0.0,0.0,7764.57,0.0,2181.62,0.0,0.0,383.6,0.0,109.51,3539.73,5594.9,812.38,0.0,0.0,579.51,,1485.96,2581.83,1095.87,97.89
GB,2025,7,3711.77,0.0,0.0,8691.96,0.0,2250.27,0.0,0.0,414.67,0.0,166.49,3591.51,5557.12,1799.55,0.0,0.0,662.4,,2439.84,3210.53,770.69,102.24
GB,2025,8,3710.48,0.0,0.0,8821.55,0.0,2270.82,0.0,0.0,408.47,0.0,162.0,3667.45,5508.49,3117.05,0.0,0.0,617.24,,3005.74,3575.09,569.34,97.33
GB,2025,9,3689.19,0.0,0.0,8533.26,0.0,2228.91,0.0,0.0,373.31,0.0,128.61,3774.61,5453.88,4535.05,0.0,0.0,557.74,,3282.88,3773.87,490.99,92.06
GB,2025,10,3691.3,0.0,0.0,8124.43,0.0,2180.38,0.0,0.0,342.53,0.0,93.86,3884.51,5438.49,5759.92,0.0,0.0,534.05,,3250.73,3753.4,502.67,84.68
GB,2025,11,3697.34,0.0,0.0,7835.13,0.0,2151.9,0.0,0.0,316.97,0.0,74.96,3995.45,5446.85,6368.5,0.0,0.0,498.25,,3259.82,3774.32,514.49,80.72
GB,2025,12,3707.49,0.0,0.0,7815.18,0.0,2138.7,0.0,0.0,308.24,0.0,74.35,4048.74,5475.83,6367.56,0.0,0.0,471.7,,3198.56,3735.81,537.25,78.4
GB,2025,13,3729.26,0.0,0.0,7884.38,0.0,2131.71,0.0,0.0,306.79,0.0,75.39,4128.9,5567.67,5887.47,0.0,0.0,462.33,,2967.8,3556.46,588.66,79.43
GB,2025,14,3727.61,0.0,0.0,8258.41,0.0,2177.77,0.0,0.0,317.61,0.0,93.51,4150.8,5691.02,4871.75,0.0,0.0,461.79,,2560.81,3259.83,699.02,84.21
GB,2025,15,3719.55,0.0,0.0,9157.87,0.0,2261.09,0.0,0.0,355.66,0.0,202.12,4102.34,5766.69,3497.97,0.0,0.0,502.49,,2272.8,3103.91,831.11,94.87
GB,2025,16,3731.66,0.0,0.0,10671.48,0.0,2364.75,0.0,0.0,436.88,0.0,403.18,4047.93,5900.15,2208.82,0.0,0.0,717.86,,2117.05,3002.81,885.75,112.52
GB,2025,17,3734.65,0.0,0.0,11829.58,0.0,2439.79,0.0,0.0,526.87,0.0,584.6,3953.84,5994.94,1128.15,0.0,0.0,1104.05,,1962.42,2929.93,967.52,125.31
GB,2025,18,3737.52,0.0,0.0,12168.62,0.0,2472.27,0.0,0.0,562.43,0.0,611.88,3872.88,6089.94,418.66,0.0,0.0,1174.54,,1916.59,2911.02,994.44,128.1
GB,2025,19,3738.75,0.0,0.0,11943.38,0.0,2463.98,0.0,0.0,537.51,0.0,404.13,3799.47,6155.0,78.59,0.0,0.0,876.6,,2113.68,3017.09,903.41,117.01
GB,2025,20,3739.69,0.0,0.0,11286.17,0.0,2443.34,0.0,0.0,472.73,0.0,210.23,3789.04,6181.45,1.76,0.0,0.0,570.68,,2043.69,2928.48,884.79,106.92
GB,2025,21,3739.35,0.0,0.0,9956.16,0.0,2379.12,0.0,0.0,411.25,0.0,115.55,3777.18,6154.87,0.02,0.0,0.0,388.69,,1829.08,2759.74,930.66,98.76
GB,2025,22,3740.21,0.0,0.0,7944.75,0.0,2244.99,0.0,0.0,351.82,0.0,68.33,3736.53,6103.94,0.0,0.0,0.0,306.78,,1682.58,2682.27,999.69,90.37
GB,2025,23,3715.7,0.0,0.0,6479.38,0.0,2123.45,0.0,0.0,307.63,0.0,41.27,3674.97,5993.25,0.0,0.0,0.0,292.94,,1593.03,2621.33,1028.3,84.57
GB,2026,0,3097.22,0.0,0.0,4943.39,0.0,1746.1,0.0,0.0,262.87,0.0,40.67,3599.73,5208.26,0.0,0.0,0.0,257.44,,1486.82,2610.4,1123.58,110.72
GB,2026,1,3166.67,0.0,0.0,4971.22,0.0,1777.53,0.0,0.0,258.07,0.0,40.73,3616.48,5310.32,0.0,0.0,0.0,296.31,,1353.56,2550.16,1196.6,109.41
GB,2026,2,3134.83,0.0,0.0,4656.96,0.0,1746.05,0.0,0.0,245.72,0.0,34.85,3553.12,5228.96,0.0,0.0,0.0,249.2,,951.28,2326.39,1375.11,106.82
GB,2026,3,3210.48,0.0,0.0,4898.83,0.0,1782.19,0.0,0.0,246.97,0.0,42.79,3717.24,5307.95,0.41,0.0,0.0,273.14,,437.89,2070.58,1632.69,106.91
GB,2026,4,3231.13,0.0,0.0,4991.73,0.0,1795.46,0.0,0.0,255.46,0.0,49.14,3538.47,5188.8,34.2,0.0,0.0,308.99,,-51.53,1856.59,1908.13,112.55
GB,2026,5,3182.79,0.0,0.0,5257.63,0.0,1781.8,0.0,0.0,275.73,0.0,98.69,3637.57,5162.61,343.71,0.0,0.0,468.99,,359.66,2056.8,1697.14,117.86
GB,2026,6,3231.74,0.0,0.0,6198.59,0.0,1841.62,0.0,0.0,310.58,0.0,144.93,3533.34,5110.27,1231.01,0.0,0.0,683.26,,1597.79,2787.37,1189.57,120.11
GB,2026,7,3167.86,0.0,0.0,6547.82,0.0,1806.45,0.0,0.0,322.6,0.0,176.15,3510.4,5001.2,2381.12,0.0,0.0,693.26,,2601.64,3461.32,859.68,118.42
GB,2026,8,3229.3,0.0,0.0,6660.79,0.0,1815.91,0.0,0.0,343.59,0.0,152.55,3647.21,5110.55,4047.61,0.0,0.0,638.23,,3190.21,3874.23,684.02,110.45
GB,2026,9,3167.57,0.0,0.0,6229.62,0.0,1758.92,0.0,0.0,317.65,0.0,112.94,3797.83,4969.46,5356.93,0.0,0.0,600.27,,3425.13,4063.6,638.47,104.32
GB,2026,10,3144.09,0.0,0.0,5914.37,0.0,1710.17,0.0,0.0,285.41,0.0,85.66,3918.62,5052.82,6862.87,0.0,0.0,560.39,,3451.35,4091.88,640.53,96.51
GB,2026,11,3163.42,0.0,0.0,5731.44,0.0,1695.56,0.0,0.0,260.26,0.0,62.19,4023.27,4980.55,7499.15,0.0,0.0,496.23,,3477.47,4114.36,636.89,92.31
GB,2026,12,3220.59,0.0,0.0,5748.12,0.0,1708.62,0.0,0.0,255.13,0.0,50.96,4175.44,5105.96,7694.12,0.0,0.0,497.48,,3404.22,4064.55,660.33,89.39
GB,2026,13,3323.09,0.0,0.0,6002.5,0.0,1781.96,0.0,0.0,261.33,0.0,43.44,4253.64,5086.64,7451.64,0.0,0.0,509.11,,3137.15,3844.58,707.43,89.52
GB,2026,14,3261.8,0.0,0.0,6219.43,0.0,1773.33,0.0,0.0,267.39,0.0,51.24,4343.57,5133.1,6596.5,0.0,0.0,513.96,,2732.47,3496.53,764.07,95.86
GB,2026,15,3332.22,0.0,0.0,7264.42,0.0,1880.66,0.0,0.0,295.73,0.0,109.2,4457.73,5356.33,5344.34,0.0,0.0,575.74,,2230.84,3127.7,896.86,107.56
GB,2026,16,3300.88,0.0,0.0,8700.11,0.0,1976.6,0.0,0.0,358.27,0.0,266.7,4429.08,5429.02,3724.62,0.0,0.0,782.94,,1847.9,2903.43,1055.53,128.52
GB,2026,17,3296.78,0.0,0.0,9802.37,0.0,2031.72,0.0,0.0,442.42,0.0,552.36,4409.4,5578.86,2234.57,0.0,0.0,1308.55,,1579.77,2752.54,1172.77,144.23
GB,2026,18,3327.26,0.0,0.0,10255.43,0.0,2072.88,0.0,0.0,482.93,0.0,681.31,4269.77,5681.05,1131.18,0.0,0.0,1527.22,,1581.78,2776.97,1195.19,152.64
GB,2026,19,3336.5,0.0,0.0,10253.67,0.0,2085.78,0.0,0.0,467.54,0.0,562.44,4247.45,5794.51,415.32,0.0,0.0,1145.4,,1997.0,3028.26,1031.26,148.72
GB,2026,20,3370.33,0.0,0.0,9797.46,0.0,2099.33,0.0,0.0,433.13,0.0,389.62,4118.68,5746.99,72.67,0.0,0.0,674.2,,2188.89,3080.55,891.66,140.1
GB,2026,21,3314.38,0.0,0.0,8669.18,0.0,2032.0,0.0,0.0,379.21,0.0,205.12,4106.42,5755.24,5.33,0.0,0.0,442.78,,1914.55,2861.68,947.13,130.37
GB,2026,22,3335.92,0.0,0.0,7248.85,0.0,1973.8,0.0,0.0,341.26,0.0,104.65,4095.82,5825.57,0.0,0.0,0.0,377.51,,1462.38,2606.12,1143.74,119.17
GB,2026,23,3378.44,0.0,0.0,6160.32,0.0,1938.82,0.0,0.0,311.5,0.0,74.17,3978.26,5765.26,0.0,0.0,0.0,339.81,,1402.42,2547.74,1145.32,113.02
IT,2019,0,0.0,0.0,1660.42,10080.83,96.77,590.87,39.2,653.12,2937.59,451.1,51.79,2235.02,0.0,0.08,0.0,0.0,2314.49,-539.54,4610.64,4979.63,368.99,43.74
IT,2019,1,0.0,0.0,1625.15,9867.58,96.35,589.43,39.47,653.39,2841.11,429.03,30.37,2212.03,0.0,0.08,0.0,0.0,2246.98,-707.17,4607.66,4969.45,361.78,42.09
IT,2019,2,0.0,0.0,1621.35,9897.18,95.56,589.91,39.67,653.67,2848.68,433.82,20.72,2178.47,0.0,0.05,0.0,0.0,2244.06,-813.52,4624.65,4999.1,374.45,41.34
IT,2019,3,0.0,0.0,1667.04,10355.37,94.3,590.1,39.34,653.5,2923.14,465.65,26.59,2161.93,0.0,0.93,0.0,0.0,2333.16,-757.13,4489.7,4902.86,413.16,42.43
IT,2019,4,0.0,0.0,1795.46,11522.63,95.26,589.07,39.0,652.89,3222.63,613.93,79.66,2152.23,0.0,83.63,0.0,0.0,2559.83,-518.9,4405.5,4882.47,476.97,46.68
IT,2019,5,0.0,0.0,1975.35,13303.93,96.76,585.05,38.59,651.82,3781.95,860.89,251.06,2116.28,0.0,615.64,0.0,0.0,2876.62,-236.56,4430.86,4934.69,503.83,52.74
IT,2019,6,0.0,0.0,2084.08,14543.43,98.81,580.34,38.14,650.04,4382.03,1122.64,554.51,2056.82,0.0,1923.37,0.0,0.0,3076.65,-116.67,4453.92,4955.0,501.08,57.18
IT,2019,7,0.0,0.0,2089.15,14726.0,102.53,577.27,38.07,647.89,4644.45,1222.07,620.61,2023.23,0.0,3683.71,0.0,0.0,3133.51,-78.85,4424.22,4921.12,496.9,58.16
IT,2019,8,0.0,0.0,2028.69,14523.28,103.95,575.73,37.92,645.97,4447.91,1140.04,473.07,2043.25,0.0,5315.38,0.0,0.0,3109.91,-69.31,4231.93,4764.99,533.06,55.81
IT,2019,9,0.0,0.0,1960.01,14213.81,103.93,576.41,37.63,645.18,4088.92,1021.53,337.04,2112.76,0.0,6434.93,0.0,0.0,3064.3,-108.25,4069.01,4625.68,556.67,52.88
IT,2019,10,0.0,0.0,1893.07,13764.28,104.38,576.94,37.48,644.8,3700.97,885.37,209.1,2220.28,0.0,7010.79,0.0,0.0,2956.08,-183.63,3843.85,4413.22,569.37,49.37
IT,2019,11,0.0,0.0,1851.55,13405.8,107.11,577.86,37.57,645.27,3467.43,811.37,159.01,2352.69,0.0,7090.48,0.0,0.0,2871.9,-267.17,3663.35,4246.29,582.94,47.2
IT,2019,12,0.0,0.0,1853.19,13576.21,108.86,577.11,37.74,644.64,3500.68,845.93,171.73,2473.96,0.0,6625.73,0.0,0.0,2893.01,-321.18,3852.6,4425.78,573.19,48.14
IT,2019,13,0.0,0.0,1893.49,14045.15,112.7,575.89,37.82,644.35,3648.42,940.53,234.41,2567.08,0.0,5664.27,0.0,0.0,2963.84,-282.23,4224.42,4783.73,559.31,50.46
IT,2019,14,0.0,0.0,1962.47,14727.76,115.4,577.25,38.02,645.27,3988.56,1055.73,354.5,2619.08,0.0,4196.53,0.0,0.0,3084.1,-163.18,4425.42,4982.24,556.82,53.61
IT,2019,15,0.0,0.0,2054.27,15480.59,120.9,581.24,37.96,646.4,4482.84,1206.04,496.46,2607.83,0.0,2447.5,0.0,0.0,3190.45,-78.57,4603.79,5134.38,530.59,56.58
IT,2019,16,0.0,0.0,2186.49,16156.7,125.57,584.55,37.99,647.18,5093.12,1375.75,781.54,2520.28,0.0,977.38,0.0,0.0,3316.37,-33.3,4775.42,5253.93,478.52,61.38
IT,2019,17,0.0,0.0,2315.91,16600.18,129.21,586.01,37.9,648.25,5589.81,1530.67,1198.51,2392.92,0.0,203.73,0.0,0.0,3396.65,-9.98,4730.56,5159.46,428.9,66.01
IT,2019,18,0.0,0.0,2359.33,16720.05,131.15,587.22,38.41,649.85,5547.43,1503.02,1223.66,2302.57,0.0,11.62,0.0,0.0,3413.1,-7.96,4740.17,5156.04,415.86,66.65
IT,2019,19,0.0,0.0,2272.38,16392.02,128.55,589.15,39.03,650.87,4952.32,1294.88,776.64,2259.55,0.0,0.02,0.0,0.0,3334.82,-12.03,4757.94,5186.33,428.39,62.17
IT,2019,20,0.0,0.0,2109.57,15395.47,124.78,590.65,39.3,651.63,4176.56,1010.87,391.74,2249.16,0.0,0.05,0.0,0.0,3114.9,-29.53,4692.67,5130.61,437.94,55.99
IT,2019,21,0.0,0.0,1936.35,13968.39,119.6,590.79,39.59,652.12,3653.66,790.94,169.93,2250.04,0.0,0.07,0.0,0.0,2883.3,-80.07,4445.84,4892.01,446.17,50.32
IT,2019,22,0.0,0.0,1811.65,12179.64,111.0,589.57,39.59,652.41,3359.26,643.06,95.66,2261.33,0.0,0.06,0.0,0.0,2629.41,-171.99,4424.73,4830.44,405.72,48.43
IT,2019,23,0.0,0.0,1735.61,10703.96,98.59,589.52,39.32,652.93,3134.44,516.18,70.72,2247.99,0.0,0.07,0.0,0.0,2424.48,-337.42,4596.92,4963.14,366.22,46.52
IT,2020,0,0.0,0.0,1263.98,10117.53,91.7,658.98,34.32,647.25,3103.46,335.22,56.39,2111.4,0.0,0.31,0.0,0.0,1676.72,-509.96,4001.86,4440.5,438.64,31.44
IT,2020,1,0.0,0.0,1256.66,9887.65,91.09,656.95,33.93,647.57,3016.78,322.0,34.77,2097.81,0.0,0.04,0.0,0.0,1654.04,-674.03,3973.08,4399.91,426.83,29.77
IT,2020,2,0.0,0.0,1259.94,9933.33,88.15,656.8,33.89,647.98,3026.51,322.57,24.32,2072.83,0.0,0.02,0.0,0.0,1665.95,-792.1,3963.15,4386.2,423.05,28.96
IT,2020,3,0.0,0.0,1268.33,10371.33,87.43,657.79,33.92,647.88,3118.97,351.71,40.84,2049.32,0.0,1.32,0.0,0.0,1714.38,-759.18,3842.59,4307.52,464.94,30.01
IT,2020,4,0.0,0.0,1312.73,11432.36,85.74,655.65,33.71,647.14,3478.95,479.58,92.42,2013.0,0.0,99.69,0.0,0.0,1842.28,-534.9,3684.75,4235.31,550.57,34.03
IT,2020,5,0.0,0.0,1395.93,12765.81,86.07,652.46,33.35,645.68,4157.29,718.73,257.81,1952.28,0.0,709.29,0.0,0.0,2051.36,-283.38,3719.24,4339.81,620.57,39.49
IT,2020,6,0.0,0.0,1477.26,13678.91,89.48,647.75,33.2,643.42,4764.08,931.14,538.42,1890.68,0.0,2150.96,0.0,0.0,2198.26,-163.42,3770.39,4441.95,671.57,42.81
IT,2020,7,0.0,0.0,1497.42,13915.91,92.54,643.79,33.09,641.52,5000.59,989.85,652.75,1847.47,0.0,4023.11,0.0,0.0,2231.82,-124.79,3593.02,4308.9,715.88,43.49
IT,2020,8,0.0,0.0,1471.92,13690.92,95.42,642.71,32.86,639.71,4766.2,902.02,494.15,1858.36,0.0,5697.49,0.0,0.0,2218.14,-122.65,3411.11,4173.68,762.57,41.19
IT,2020,9,0.0,0.0,1431.65,13411.21,97.02,644.0,32.63,638.42,4367.26,800.47,368.32,1910.7,0.0,6860.24,0.0,0.0,2186.17,-159.4,3231.55,4047.48,815.94,39.04
IT,2020,10,0.0,0.0,1406.87,13194.96,100.61,645.68,32.88,638.66,3999.75,715.7,266.76,1991.98,0.0,7412.72,0.0,0.0,2132.29,-176.7,2803.75,3701.36,897.61,37.46
IT,2020,11,0.0,0.0,1377.07,12865.61,104.57,647.1,33.2,638.73,3736.4,633.99,188.67,2101.58,0.0,7447.64,0.0,0.0,2089.09,-255.76,2668.12,3582.79,914.67,35.52
IT,2020,12,0.0,0.0,1370.07,12867.01,109.32,647.07,33.29,638.44,3680.72,623.01,170.77,2220.07,0.0,6986.92,0.0,0.0,2099.25,-359.73,3092.66,3917.54,824.87,34.94
IT,2020,13,0.0,0.0,1387.22,13257.05,112.45,645.33,33.28,638.67,3808.92,678.62,196.02,2329.87,0.0,5976.45,0.0,0.0,2150.78,-335.5,3585.1,4359.7,774.6,36.21
IT,2020,14,0.0,0.0,1417.88,13896.4,115.13,646.07,33.55,639.2,4143.05,785.73,286.34,2435.4,0.0,4455.52,0.0,0.0,2224.46,-216.94,3910.34,4680.1,769.75,38.79
IT,2020,15,0.0,0.0,1471.08,14714.55,119.79,649.16,33.65,640.3,4733.86,943.66,482.56,2490.52,0.0,2629.48,0.0,0.0,2288.11,-109.01,3974.53,4720.27,745.74,42.34
IT,2020,16,0.0,0.0,1537.09,15545.3,126.1,651.74,33.59,641.4,5512.95,1128.67,896.77,2408.66,0.0,1060.37,0.0,0.0,2339.47,-42.88,4068.51,4723.23,654.72,47.45
IT,2020,17,0.0,0.0,1608.2,16059.06,129.48,654.23,33.61,642.71,6133.52,1274.1,1321.17,2255.9,0.0,224.62,0.0,0.0,2377.9,-14.66,4230.62,4784.21,553.59,52.11
IT,2020,18,0.0,0.0,1648.53,16167.04,127.65,655.46,33.45,644.04,6147.13,1274.16,1297.11,2149.1,0.0,11.76,0.0,0.0,2373.66,-5.37,4346.16,4863.32,517.15,51.9
IT,2020,19,0.0,0.0,1564.38,15751.67,124.25,658.47,33.86,645.05,5540.08,1067.58,918.26,2112.25,0.0,0.01,0.0,0.0,2316.41,-7.17,4371.82,4880.49,508.66,46.87
IT,2020,20,0.0,0.0,1433.9,14989.58,119.18,659.46,34.17,645.91,4720.61,867.82,582.53,2114.15,0.0,0.03,0.0,0.0,2182.8,-26.56,4003.19,4563.37,560.18,42.34
IT,2020,21,0.0,0.0,1329.46,13829.66,113.86,659.25,34.55,646.09,4014.54,681.8,322.05,2124.42,0.0,0.04,0.0,0.0,2030.33,-68.16,3686.61,4267.61,581.0,37.87
IT,2020,22,0.0,0.0,1284.25,12160.78,103.07,658.69,34.63,646.47,3548.61,496.72,143.72,2127.44,0.0,0.03,0.0,0.0,1845.69,-173.69,3889.98,4377.4,487.42,35.94
IT,2020,23,0.0,0.0,1270.82,10762.14,92.93,658.52,34.52,646.77,3269.1,382.22,81.07,2120.72,0.0,0.04,0.0,0.0,1732.2,-303.31,4035.23,4475.22,439.99,33.69
IT,2021,0,0.0,0.0,1404.41,10242.32,177.17,695.47,34.87,634.03,2973.56,375.63,50.88,2369.7,0.0,0.0,0.0,0.0,1631.85,-649.82,5030.71,5256.37,225.66,107.79
IT,2021,1,0.0,0.0,1380.98,9954.26,170.62,695.75,34.48,634.06,2908.08,360.08,38.53,2341.33,0.0,0.0,0.0,0.0,1608.61,-789.93,5077.96,5299.52,221.57,104.11
IT,2021,2,0.0,0.0,1374.39,9931.73,166.4,693.12,34.24,634.06,2913.2,362.56,31.48,2304.93,0.0,0.0,0.0,0.0,1613.11,-867.99,5169.04,5349.89,180.86,102.89
IT,2021,3,0.0,0.0,1384.14,10441.43,167.4,692.96,34.06,633.98,2994.64,384.66,41.33,2283.18,0.0,1.84,0.0,0.0,1669.46,-797.78,5091.81,5262.7,170.89,105.12
IT,2021,4,0.0,0.0,1436.05,11825.39,172.99,691.18,33.86,633.32,3377.82,508.99,152.93,2258.49,0.0,107.66,0.0,0.0,1800.41,-562.03,4896.83,5091.59,194.76,114.89
IT,2021,5,0.0,0.0,1505.81,13520.54,179.89,687.42,33.55,632.08,4075.46,708.18,458.98,2198.21,0.0,725.2,0.0,0.0,1990.62,-241.33,4833.12,5026.47,193.34,127.9
IT,2021,6,0.0,0.0,1565.34,14516.25,185.51,686.84,33.55,630.54,4665.38,881.99,891.46,2125.94,0.0,2167.61,0.0,0.0,2116.04,-109.84,4913.72,5118.53,204.81,138.12
IT,2021,7,0.0,0.0,1580.05,14713.48,185.99,686.73,33.16,629.15,4873.24,917.21,891.32,2078.71,0.0,4022.18,0.0,0.0,2143.21,-90.15,4981.71,5186.76,205.05,139.28
IT,2021,8,0.0,0.0,1547.64,14518.59,185.96,685.37,33.08,627.89,4571.05,817.12,636.82,2103.72,0.0,5650.48,0.0,0.0,2128.89,-94.35,4915.52,5138.55,223.03,134.25
IT,2021,9,0.0,0.0,1509.22,14200.57,182.44,686.39,32.98,627.55,4170.75,728.95,427.93,2181.96,0.0,6763.48,0.0,0.0,2097.29,-131.46,4777.27,5025.96,248.69,129.0
IT,2021,10,0.0,0.0,1476.77,13832.28,177.62,687.58,32.74,627.76,3755.85,626.62,292.67,2304.81,0.0,7296.16,0.0,0.0,2042.35,-183.13,4460.51,4738.5,277.99,124.25
IT,2021,11,0.0,0.0,1457.25,13517.52,178.33,688.24,32.93,627.95,3521.18,577.05,226.47,2441.83,0.0,7302.94,0.0,0.0,2002.22,-250.98,4268.62,4589.4,320.78,119.99
IT,2021,12,0.0,0.0,1450.59,13634.09,183.04,687.9,32.87,627.9,3500.54,574.87,205.25,2563.15,0.0,6853.41,0.0,0.0,2023.63,-323.74,4573.91,4858.79,284.88,119.25
IT,2021,13,0.0,0.0,1468.96,14141.77,191.11,687.74,32.79,627.87,3611.08,611.79,247.91,2663.19,0.0,5900.94,0.0,0.0,2081.84,-301.28,4956.23,5214.95,258.72,122.39
IT,2021,14,0.0,0.0,1500.52,14863.9,199.18,689.39,33.1,628.59,3905.69,687.03,356.51,2728.47,0.0,4440.31,0.0,0.0,2149.1,-213.8,5225.76,5478.16,252.41,127.97
IT,2021,15,0.0,0.0,1543.54,15725.98,214.39,692.19,33.14,629.58,4391.69,807.24,535.15,2718.85,0.0,2650.46,0.0,0.0,2212.48,-109.17,5313.74,5566.86,253.12,134.32
IT,2021,16,0.0,0.0,1598.6,16535.01,228.45,695.87,33.33,630.7,5136.12,967.78,1026.39,2599.65,0.0,1068.84,0.0,0.0,2277.78,-45.15,5208.43,5471.67,263.24,144.19
IT,2021,17,0.0,0.0,1653.21,17029.45,238.24,698.22,33.29,631.67,5678.13,1135.4,1567.67,2455.77,0.0,222.64,0.0,0.0,2318.1,-14.99,5128.16,5403.18,275.01,152.77
IT,2021,18,0.0,0.0,1673.33,17110.71,242.35,700.25,33.47,632.32,5633.8,1141.09,1537.28,2365.78,0.0,13.65,0.0,0.0,2325.51,-11.12,5196.24,5430.6,234.37,149.14
IT,2021,19,0.0,0.0,1629.74,16625.87,235.52,698.2,33.76,632.58,4977.67,967.35,951.41,2330.27,0.0,0.02,0.0,0.0,2271.23,-18.99,5350.53,5556.32,205.79,138.2
IT,2021,20,0.0,0.0,1545.89,15738.39,226.46,695.54,34.27,632.89,4184.45,732.24,494.79,2342.25,0.0,0.0,0.0,0.0,2147.88,-52.06,5048.8,5254.47,205.67,127.38
IT,2021,21,0.0,0.0,1468.44,14431.06,211.5,695.26,34.6,633.18,3624.47,581.36,243.72,2362.27,0.0,0.99,0.0,0.0,1992.85,-117.86,4610.38,4868.36,257.97,119.27
IT,2021,22,0.0,0.0,1444.56,12399.82,190.44,689.99,34.73,633.82,3322.47,491.98,145.65,2367.28,0.0,0.0,0.0,0.0,1826.38,-240.59,4837.78,5111.52,273.75,115.98
IT,2021,23,0.0,0.0,1431.55,10860.39,180.68,694.44,34.8,634.1,3112.54,409.47,71.54,2364.34,0.0,0.0,0.0,0.0,1698.8,-467.68,5128.9,5330.52,201.61,112.9
IT,2022,0,0.0,0.0,2318.35,10490.98,258.02,634.18,34.01,625.03,1821.41,143.25,21.25,2277.01,1.78,0.0,0.0,0.0,1770.1,-624.37,5268.72,5528.0,259.28,265.06
IT,2022,1,0.0,0.0,2294.62,10180.79,254.82,633.99,33.72,625.33,1772.08,133.48,13.35,2275.66,1.71,0.0,0.0,0.0,1743.99,-793.81,5264.72,5510.33,245.62,258.18
IT,2022,2,0.0,0.0,2299.18,10082.28,256.63,633.26,33.43,625.24,1765.58,133.43,11.4,2270.6,1.79,0.0,0.0,0.0,1744.63,-849.42,5365.13,5590.94,225.81,255.52
IT,2022,3,0.0,0.0,2324.81,10541.14,257.59,631.7,33.28,624.73,1803.41,145.32,19.68,2242.51,1.66,2.05,0.0,0.0,1791.52,-672.19,5251.95,5480.1,228.15,261.03
IT,2022,4,0.0,0.0,2381.48,12225.93,260.73,631.59,32.87,624.18,2031.69,229.41,92.08,2200.8,1.79,122.81,0.0,0.0,1906.7,-309.16,4798.81,5067.63,268.83,284.21
IT,2022,5,0.0,0.0,2429.9,14174.87,268.2,632.21,32.54,623.16,2605.57,416.5,337.31,2132.04,1.63,833.92,0.0,0.0,2033.29,-95.96,4635.06,4948.33,313.27,315.37
IT,2022,6,0.0,0.0,2437.2,15019.88,273.32,633.35,32.56,621.51,3215.25,576.65,632.9,2055.88,1.49,2488.73,0.0,0.0,2128.69,-60.04,4841.22,5126.57,285.35,334.64
IT,2022,7,0.0,0.0,2425.45,15035.24,279.27,631.47,32.5,619.83,3342.97,576.26,629.05,2003.38,1.61,4571.58,0.0,0.0,2140.68,-59.61,4964.4,5240.0,275.6,327.97
IT,2022,8,0.0,0.0,2391.11,14706.55,276.81,629.17,32.62,618.45,3008.5,472.76,433.53,2013.91,1.75,6344.3,0.0,0.0,2105.44,-89.36,4855.07,5139.89,284.83,309.97
IT,2022,9,0.0,0.0,2352.64,14283.42,268.47,627.35,32.6,617.76,2648.65,394.42,300.83,2107.79,2.02,7506.03,0.0,0.0,2074.13,-177.27,4609.19,4939.57,330.37,298.27
IT,2022,10,0.0,0.0,2311.16,13843.21,264.79,626.65,32.39,618.18,2365.32,332.65,193.19,2230.92,2.25,8053.71,0.0,0.0,2047.68,-292.63,4195.66,4551.26,355.6,288.07
IT,2022,11,0.0,0.0,2284.32,13517.54,265.09,626.02,32.51,618.57,2191.9,285.08,125.28,2361.85,2.67,8051.85,0.0,0.0,2008.83,-422.84,4062.04,4446.08,384.04,276.16
IT,2022,12,0.0,0.0,2279.33,13596.85,266.98,625.9,32.52,618.15,2165.64,287.77,121.93,2509.84,3.18,7552.47,0.0,0.0,2016.26,-482.98,4406.94,4763.39,356.45,276.84
IT,2022,13,0.0,0.0,2290.07,14170.73,269.92,625.33,32.56,618.25,2239.18,322.65,160.29,2642.28,3.49,6546.08,0.0,0.0,2063.4,-424.79,4793.79,5151.85,358.06,285.46
IT,2022,14,0.0,0.0,2326.45,15096.32,276.81,628.38,32.66,618.97,2405.66,381.45,239.18,2714.03,3.62,4976.93,0.0,0.0,2130.89,-269.39,5112.91,5486.02,373.11,301.52
IT,2022,15,0.0,0.0,2384.36,16165.52,287.08,634.96,32.64,619.81,2839.63,477.92,424.73,2695.16,3.61,2982.27,0.0,0.0,2213.77,-120.76,5162.72,5551.91,389.19,320.91
IT,2022,16,0.0,0.0,2444.59,17089.52,298.35,639.22,32.76,620.37,3581.42,633.24,804.72,2563.85,3.26,1243.32,0.0,0.0,2300.25,-43.36,5169.29,5536.88,367.59,350.0
IT,2022,17,0.0,0.0,2485.7,17489.33,305.9,644.62,32.71,620.9,4311.51,798.8,1343.81,2399.84,2.86,274.32,0.0,0.0,2367.94,-13.1,5104.78,5460.17,355.4,379.55
IT,2022,18,0.0,0.0,2502.69,17573.12,306.13,649.11,32.77,621.51,4295.69,772.21,1282.21,2277.95,2.67,17.63,0.0,0.0,2371.73,-9.26,5270.62,5597.08,326.46,377.09
IT,2022,19,0.0,0.0,2501.37,17327.64,303.88,649.44,33.05,622.33,3518.78,603.41,798.79,2210.99,2.49,0.0,0.0,0.0,2307.85,-10.32,5288.83,5601.39,312.56,346.83
IT,2022,20,0.0,0.0,2479.24,16495.82,296.79,642.22,33.45,623.19,2768.37,422.77,344.6,2197.12,2.27,0.0,0.0,0.0,2221.29,-24.27,4954.05,5284.59,330.54,320.08
IT,2022,21,0.0,0.0,2448.77,14978.7,290.61,638.04,33.93,623.75,2335.43,290.58,152.82,2212.44,2.26,0.0,0.0,0.0,2109.24,-63.05,4609.2,4938.82,329.62,300.98
IT,2022,22,0.0,0.0,2390.02,12881.4,274.55,631.66,34.09,624.12,2079.09,200.6,68.76,2226.57,1.96,0.0,0.0,0.0,1945.77,-187.62,4934.02,5242.84,308.81,285.37
IT,2022,23,0.0,0.0,2349.37,11162.82,262.25,633.9,34.12,624.45,1923.16,158.72,35.99,2258.44,1.78,0.0,0.0,0.0,1826.04,-392.61,5323.61,5577.67,254.06,275.8
IT,2023,0,0.0,0.0,1319.1,8361.92,158.32,489.25,255.66,613.14,2771.19,329.96,93.13,2587.44,5.38,0.08,0.0,0.0,1520.34,-358.41,5864.41,6002.03,137.62,112.58
IT,2023,1,0.0,0.0,1314.17,8149.26,156.62,488.54,255.31,613.54,2713.78,315.43,73.02,2560.22,5.29,0.1,0.0,0.0,1490.16,-470.72,5762.32,5895.78,133.46,109.35
IT,2023,2,0.0,0.0,1316.33,8148.85,155.93,487.18,255.22,613.66,2707.65,312.95,60.78,2527.23,5.14,0.12,0.0,0.0,1494.49,-513.18,5794.12,5922.37,128.25,107.92
IT,2023,3,0.0,0.0,1332.47,8579.03,155.48,488.04,254.61,613.59,2782.08,325.27,84.32,2506.49,5.08,1.87,0.0,0.0,1552.76,-392.19,5718.07,5861.2,143.12,110.34
IT,2023,4,0.0,0.0,1354.47,10044.37,157.93,488.5,252.95,613.18,3117.66,395.88,184.95,2480.67,4.78,136.62,0.0,0.0,1681.79,-205.02,5572.01,5737.62,165.61,119.64
IT,2023,5,0.0,0.0,1391.27,11738.46,161.11,486.93,250.37,611.81,3719.84,560.17,432.2,2412.3,4.77,919.2,0.0,0.0,1849.21,-71.45,5729.11,5896.86,167.75,134.71
IT,2023,6,0.0,0.0,1415.69,12623.6,163.71,484.89,248.38,610.42,4219.4,684.06,671.75,2343.19,4.96,2717.23,0.0,0.0,1950.65,-37.28,5967.03,6102.3,135.27,143.31
IT,2023,7,0.0,0.0,1411.96,12528.67,165.86,481.5,246.85,608.81,4290.76,709.42,673.57,2316.96,5.12,4909.35,0.0,0.0,1971.26,-60.28,5939.07,6056.84,117.77,141.66
IT,2023,8,0.0,0.0,1388.41,11969.68,164.21,478.26,247.09,607.08,3863.67,579.53,456.94,2357.61,5.67,6740.32,0.0,0.0,1945.03,-123.68,5904.14,6032.49,128.36,131.09
IT,2023,9,0.0,0.0,1364.01,11377.2,162.83,475.86,247.18,605.99,3471.25,488.45,278.76,2473.3,6.05,7923.91,0.0,0.0,1914.15,-232.8,5626.84,5769.04,142.19,120.44
IT,2023,10,0.0,0.0,1343.4,10746.33,161.13,475.37,245.55,606.59,3149.18,410.66,163.68,2611.76,6.53,8511.94,0.0,0.0,1872.11,-397.83,5313.6,5484.78,171.18,112.15
IT,2023,11,0.0,0.0,1334.58,10376.02,158.98,475.08,244.93,607.09,2972.77,374.38,122.58,2783.87,7.22,8548.76,0.0,0.0,1827.34,-526.28,5072.26,5268.43,196.16,106.35
IT,2023,12,0.0,0.0,1336.8,10599.14,155.13,475.12,245.13,606.99,2987.55,385.92,132.66,2948.53,7.78,8115.17,0.0,0.0,1845.16,-576.09,5183.71,5379.69,195.97,106.62
IT,2023,13,0.0,0.0,1351.55,11238.39,155.17,475.13,245.83,607.42,3113.51,425.42,171.37,3074.75,8.39,7138.95,0.0,0.0,1905.77,-467.78,5515.69,5717.23,201.53,112.82
IT,2023,14,0.0,0.0,1379.25,12232.79,161.8,478.82,246.53,607.84,3377.65,495.66,252.04,3132.16,8.86,5485.41,0.0,0.0,1977.51,-286.61,5828.23,6041.9,213.66,121.4
IT,2023,15,0.0,0.0,1420.48,13455.18,167.2,483.86,246.53,608.74,3834.01,599.85,448.45,3089.12,8.66,3350.24,0.0,0.0,2050.43,-114.52,5935.95,6172.55,236.6,132.49
IT,2023,16,0.0,0.0,1463.26,14572.62,172.5,486.34,248.04,609.48,4510.43,767.32,869.78,2949.36,7.9,1407.37,0.0,0.0,2124.33,-34.78,5968.58,6245.18,276.61,147.12
IT,2023,17,0.0,0.0,1501.74,15124.49,176.49,489.53,248.98,610.59,5137.03,917.6,1402.02,2789.28,7.02,307.25,0.0,0.0,2189.09,-8.84,5968.29,6233.59,265.3,165.48
IT,2023,18,0.0,0.0,1513.65,15195.77,177.28,492.16,249.59,611.5,5164.98,911.57,1494.99,2693.64,6.17,18.27,0.0,0.0,2198.85,-4.94,5989.42,6236.59,247.16,167.04
IT,2023,19,0.0,0.0,1486.95,14692.63,176.0,492.99,250.54,612.03,4579.1,762.13,1060.75,2647.67,5.67,0.01,0.0,0.0,2133.33,-6.96,6075.38,6278.12,202.74,150.5
IT,2023,20,0.0,0.0,1443.94,13567.16,172.31,492.66,252.81,612.59,3875.12,589.72,613.5,2625.71,5.2,0.01,0.0,0.0,2032.61,-22.54,6013.29,6204.77,191.48,134.82
IT,2023,21,0.0,0.0,1407.64,11968.7,170.35,490.88,255.25,612.72,3396.37,477.45,350.52,2613.28,4.95,0.01,0.0,0.0,1892.78,-62.19,5913.57,6095.58,182.01,126.47
IT,2023,22,0.0,0.0,1359.54,10143.19,163.87,490.49,256.34,613.08,3091.99,402.31,212.53,2606.11,4.84,0.01,0.0,0.0,1709.81,-128.93,6067.98,6195.72,127.74,121.65
IT,2023,23,0.0,0.0,1329.88,8892.12,158.04,488.9,255.92,613.01,2909.91,354.55,144.08,2598.59,4.99,0.04,0.0,0.0,1581.09,-208.95,6013.5,6142.47,128.97,117.15
IT,2024,0,0.0,0.0,391.27,7889.63,117.51,594.48,331.75,549.85,3839.13,468.35,225.55,2400.28,4.45,0.7,0.0,0.0,1433.03,-212.34,5596.84,5810.85,214.01,95.53
IT,2024,1,0.0,0.0,391.23,7618.38,118.23,595.54,332.23,550.08,3751.8,454.34,196.29,2391.24,4.55,0.73,0.0,0.0,1382.28,-300.49,5532.62,5740.36,207.74,93.06
IT,2024,2,0.0,0.0,391.13,7585.84,118.43,593.7,332.18,549.92,3744.02,452.38,193.07,2389.43,4.93,0.8,0.0,0.0,1372.37,-337.13,5485.31,5691.89,206.58,92.31
IT,2024,3,0.0,0.0,392.86,7987.73,118.57,592.47,331.43,550.01,3863.06,469.94,231.81,2378.51,5.06,4.52,0.0,0.0,1434.79,-285.64,5425.64,5645.8,220.16,94.38
IT,2024,4,0.0,0.0,398.49,9381.49,119.36,591.45,326.44,549.63,4288.46,567.74,385.31,2352.27,5.03,168.76,0.0,0.0,1613.29,-157.87,5204.03,5468.65,264.61,102.91
IT,2024,5,0.0,0.0,405.73,11166.89,120.73,588.04,321.26,548.17,4818.73,730.79,726.21,2280.86,4.77,1030.75,0.0,0.0,1832.88,-53.73,5150.6,5452.08,301.48,116.06
IT,2024,6,0.0,0.0,411.84,12036.27,121.99,584.57,319.92,546.45,5256.72,835.52,1003.61,2213.26,4.4,2953.32,0.0,0.0,1936.73,-41.18,5275.93,5550.61,274.68,122.81
IT,2024,7,0.0,0.0,410.66,11855.14,122.35,581.11,318.79,544.43,5231.78,830.8,926.88,2169.93,4.57,5452.33,0.0,0.0,1940.81,-55.6,5258.34,5516.74,258.41,119.98
IT,2024,8,0.0,0.0,403.68,11221.01,122.68,580.75,318.59,543.18,4814.22,704.55,582.68,2196.53,5.04,7709.61,0.0,0.0,1885.08,-126.76,5108.47,5379.56,271.09,109.72
IT,2024,9,0.0,0.0,396.65,10558.85,123.78,580.29,317.84,542.95,4322.02,584.92,369.89,2302.95,5.57,9236.22,0.0,0.0,1814.67,-247.12,4858.07,5175.28,317.21,100.75
IT,2024,10,0.0,0.0,391.87,9953.32,124.45,578.47,316.18,543.31,3957.64,517.8,222.17,2461.1,6.13,10020.51,0.0,0.0,1727.99,-441.7,4601.47,4979.1,377.63,92.25
IT,2024,11,0.0,0.0,390.5,9621.07,124.8,578.55,316.21,543.45,3777.32,479.71,158.52,2642.47,6.95,10160.25,0.0,0.0,1673.83,-618.58,4429.58,4845.81,416.23,87.78
IT,2024,12,0.0,0.0,389.15,9888.7,124.74,579.63,316.23,542.92,3814.14,488.22,169.13,2811.78,7.63,9480.24,0.0,0.0,1698.43,-591.89,4448.07,4857.75,409.68,89.36
IT,2024,13,0.0,0.0,389.92,10709.37,125.47,579.43,317.13,542.96,4019.87,542.82,226.57,2958.37,8.09,8096.43,0.0,0.0,1785.49,-456.59,4588.03,4997.56,409.53,95.37
IT,2024,14,0.0,0.0,394.3,12079.19,127.46,582.78,317.74,543.6,4417.34,639.14,354.29,3049.43,8.0,5992.8,0.0,0.0,1890.21,-270.93,4634.7,5106.71,472.01,105.3
IT,2024,15,0.0,0.0,401.05,13638.37,131.88,587.39,318.23,544.64,5004.56,776.1,597.45,2998.73,7.59,3583.34,0.0,0.0,2023.07,-119.73,4609.78,5192.85,583.06,115.62
IT,2024,16,0.0,0.0,415.31,15104.84,133.02,590.14,318.84,545.86,5722.69,965.66,1126.29,2818.81,6.89,1556.26,0.0,0.0,2135.54,-49.38,4491.42,5148.57,657.16,128.37
IT,2024,17,0.0,0.0,432.63,15854.4,133.99,592.02,319.95,546.57,6217.54,1097.28,1744.01,2627.36,6.18,388.17,0.0,0.0,2190.04,-13.47,4539.63,5190.93,651.3,143.83
IT,2024,18,0.0,0.0,440.3,15922.35,132.76,592.79,321.07,547.6,6186.89,1077.17,1791.78,2487.82,5.75,38.28,0.0,0.0,2181.52,-4.14,4817.02,5407.58,590.56,144.03
IT,2024,19,0.0,0.0,433.08,15254.48,129.92,593.78,322.11,548.19,5587.56,892.63,1248.43,2421.4,5.2,1.57,0.0,0.0,2116.58,-8.65,5205.09,5694.7,489.61,128.88
IT,2024,20,0.0,0.0,421.94,13702.1,127.28,596.65,324.3,548.31,4922.01,728.69,696.63,2387.33,5.1,0.86,0.0,0.0,2003.07,-20.2,5619.7,6016.95,397.25,115.16
IT,2024,21,0.0,0.0,410.71,11806.25,125.35,597.16,329.95,548.95,4465.18,616.72,442.14,2380.12,4.96,0.76,0.0,0.0,1845.46,-54.43,5747.27,6054.91,307.64,107.88
IT,2024,22,0.0,0.0,402.8,9978.04,120.29,595.26,330.88,549.3,4208.66,546.17,365.24,2375.0,4.72,1.01,0.0,0.0,1652.78,-108.08,5732.52,5981.16,248.64,103.62
IT,2024,23,0.0,0.0,392.88,8563.73,108.85,594.98,330.16,547.85,4025.72,499.07,285.23,2376.05,4.75,1.01,0.0,0.01,1514.68,-144.16,5699.19,5918.06,218.87,99.61
IT,2025,0,0.0,0.0,352.35,9049.75,63.04,700.57,4.94,153.16,2575.99,322.95,123.73,2406.66,4.43,0.1,0.0,5.2,1609.3,-102.95,4478.94,4587.7,108.76,106.34
IT,2025,1,0.0,0.0,351.54,8840.98,63.32,700.43,4.98,151.67,2516.36,302.06,96.29,2411.84,4.47,0.12,0.0,3.65,1595.5,-151.68,4455.05,4558.36,103.31,104.61
IT,2025,2,0.0,0.0,352.18,8858.41,62.87,699.32,4.94,151.67,2503.48,299.94,80.36,2401.61,4.4,0.15,0.0,3.62,1596.42,-158.91,4403.54,4506.7,103.16,104.07
IT,2025,3,0.0,0.0,355.56,9315.13,63.18,698.22,4.99,151.7,2571.11,330.15,80.39,2389.3,4.34,6.93,0.0,8.45,1615.17,-122.59,4276.9,4388.28,111.38,106.26
IT,2025,4,0.0,0.0,362.37,10733.34,63.52,693.53,5.03,151.52,2798.95,455.91,143.42,2354.1,4.18,246.87,0.0,42.05,1755.43,-71.29,4031.66,4165.73,134.07,115.56
IT,2025,5,0.0,0.0,371.55,12391.45,64.27,687.49,4.99,151.04,3089.75,641.21,339.06,2248.05,4.21,1377.2,0.0,121.78,2031.92,-37.6,3906.15,4064.85,158.7,126.73
IT,2025,6,0.0,0.0,376.51,12844.52,64.42,682.37,4.93,150.6,3240.73,727.94,423.74,2145.8,4.33,3788.19,0.0,142.12,2137.98,-35.53,3984.5,4145.62,161.12,130.61
IT,2025,7,0.0,0.0,371.23,12328.25,64.15,676.89,4.82,150.1,3137.77,664.36,326.98,2116.1,4.59,6788.2,0.0,102.84,2040.68,-70.35,3974.36,4138.07,163.72,125.66
IT,2025,8,0.0,0.0,360.56,11331.24,64.15,673.61,4.8,149.63,2846.01,532.0,182.08,2144.23,5.08,9510.6,0.0,31.91,1864.02,-162.62,3842.06,4005.2,163.14,114.15
IT,2025,9,0.0,0.0,350.61,10478.3,65.18,672.66,5.03,149.35,2627.62,409.9,82.81,2210.73,5.6,11421.81,0.0,12.92,1750.66,-356.1,3640.21,3813.45,173.25,103.5
IT,2025,10,0.0,0.0,345.66,9917.39,65.94,677.34,4.92,147.66,2488.07,334.71,40.51,2324.66,6.06,12443.37,0.0,5.88,1703.6,-647.21,3494.94,3670.52,175.58,94.24
IT,2025,11,0.0,0.0,344.43,9653.91,66.98,681.59,4.92,147.42,2417.06,294.68,24.91,2456.34,6.68,12483.76,0.0,1.49,1683.72,-847.62,3434.42,3619.51,185.09,89.72
IT,2025,12,0.0,0.0,344.78,9890.89,67.51,680.54,5.06,147.68,2418.65,310.66,26.94,2616.71,7.15,11593.13,0.0,5.01,1692.26,-819.51,3454.02,3641.78,187.76,92.12
IT,2025,13,0.0,0.0,344.95,10621.84,67.89,677.79,5.12,146.19,2486.67,358.99,44.82,2774.37,7.8,9755.78,0.0,8.71,1736.08,-623.96,3568.01,3763.74,195.73,98.41
IT,2025,14,0.0,0.0,349.58,12141.5,68.46,677.97,5.06,144.96,2691.42,470.19,89.79,2887.45,8.01,7120.54,0.0,12.52,1846.92,-373.79,3704.74,3930.49,225.75,109.61
IT,2025,15,0.0,0.0,355.68,14196.95,69.13,679.08,5.1,145.22,3018.73,638.02,240.12,2878.01,7.77,4227.02,0.0,18.59,2011.17,-161.46,3733.18,3989.53,256.35,122.98
IT,2025,16,0.0,0.0,371.15,16114.99,70.27,681.76,5.06,145.46,3445.06,854.45,553.15,2733.11,7.12,1814.79,0.0,86.03,2273.81,-51.24,3672.49,3957.5,285.01,135.23
IT,2025,17,0.0,0.0,389.19,17072.46,71.17,683.69,5.09,145.72,3774.72,1011.57,1055.91,2540.02,6.31,442.75,0.0,265.24,2551.39,-16.19,3675.96,3964.69,288.73,146.62
IT,2025,18,0.0,0.0,398.01,17220.04,71.44,687.3,4.97,146.12,3816.48,1034.77,1186.05,2391.27,5.15,38.88,0.0,305.83,2546.02,-6.36,3736.38,4007.53,271.14,149.43
IT,2025,19,0.0,0.0,391.21,16803.67,70.15,692.07,4.97,146.31,3525.42,852.47,749.66,2316.24,4.77,0.38,0.0,155.37,2176.76,-8.14,3998.97,4235.57,236.6,136.77
IT,2025,20,0.0,0.0,378.06,15404.86,69.56,695.85,5.26,144.79,3174.94,649.15,353.66,2298.36,4.72,0.07,0.0,34.37,1874.37,-17.32,4193.72,4396.22,202.5,125.93
IT,2025,21,0.0,0.0,367.56,13444.78,68.6,698.49,5.12,144.96,2937.84,511.08,190.16,2311.1,4.48,0.08,0.0,10.27,1745.93,-35.88,4281.57,4446.67,165.1,118.87
IT,2025,22,0.0,0.0,360.97,11338.29,64.11,699.65,5.0,153.28,2794.93,409.88,156.25,2342.53,4.33,0.05,0.0,10.32,1687.83,-44.44,4425.21,4558.22,133.02,114.39
IT,2025,23,0.0,0.0,354.96,9745.15,63.03,700.28,4.96,183.47,2679.04,360.6,141.52,2375.62,4.71,0.06,0.0,7.92,1634.49,-59.44,4481.77,4599.93,118.16,110.21
IT,2026,0,0.0,0.0,236.74,11124.9,67.66,510.08,1.67,502.79,2386.96,301.96,58.76,2583.61,5.28,0.0,0.0,0.0,1761.64,-29.11,4824.88,4934.86,109.97,136.55
IT,2026,1,0.0,0.0,236.73,10883.99,67.26,510.44,1.69,502.95,2338.74,285.12,63.13,2573.62,4.85,0.0,0.0,0.0,1746.85,-31.8,4832.36,4933.48,101.12,134.09
IT,2026,2,0.0,0.0,234.35,10779.34,66.41,510.51,1.68,502.86,2328.24,287.04,65.6,2578.21,4.71,0.01,0.0,0.0,1750.74,-30.95,4762.62,4861.87,99.25,132.97
IT,2026,3,0.0,0.0,236.35,11032.54,66.8,508.34,1.65,502.65,2380.85,313.19,74.49,2565.44,4.61,10.07,0.0,0.0,1776.58,-22.85,4680.86,4791.63,110.77,135.35
IT,2026,4,0.0,0.0,242.25,11831.14,67.46,506.79,1.67,502.02,2605.13,415.34,177.13,2521.04,4.61,382.56,0.0,0.0,1969.68,-8.54,4534.81,4665.9,131.09,145.03
IT,2026,5,0.0,0.0,247.11,12788.39,66.97,503.84,1.66,500.5,2780.81,502.79,290.95,2413.85,4.59,2033.68,0.0,0.0,2263.92,-3.92,4379.77,4542.36,162.59,151.83
IT,2026,6,0.0,0.0,248.51,12847.21,68.2,500.21,1.58,498.77,2781.82,498.87,312.33,2308.97,4.5,5105.99,0.0,0.0,2306.68,-0.0,4321.47,4495.57,174.1,151.27
IT,2026,7,0.0,0.0,246.15,11885.35,68.67,497.56,1.39,497.17,2664.02,427.88,198.9,2279.87,5.18,8466.36,0.0,0.0,2166.72,-50.31,4196.38,4378.09,181.71,142.95
IT,2026,8,0.0,0.0,238.86,10621.14,68.26,494.93,1.5,495.52,2475.35,330.64,108.73,2273.3,5.42,11341.65,0.0,0.0,1950.98,-170.76,4003.73,4193.84,190.11,128.89
IT,2026,9,0.0,0.0,237.18,9666.29,68.16,495.53,1.52,495.49,2305.57,255.38,57.59,2333.79,5.28,13360.43,0.0,0.0,1791.67,-293.23,3793.68,3984.0,190.31,115.86
IT,2026,10,0.0,0.0,236.51,9101.85,68.26,497.84,1.53,495.68,2203.24,217.4,15.48,2458.76,5.45,14432.73,0.0,0.0,1737.8,-518.64,3679.65,3876.16,196.51,104.43
IT,2026,11,0.0,0.0,237.18,8899.59,68.34,500.24,1.61,495.59,2142.37,193.69,6.22,2611.54,5.98,14525.82,0.0,0.0,1731.95,-622.48,3644.8,3845.64,200.84,99.82
IT,2026,12,0.0,0.0,234.14,9141.43,72.0,498.73,1.69,495.41,2132.53,197.28,10.0,2816.95,6.58,13688.21,0.0,0.0,1733.01,-620.0,3681.13,3878.46,197.33,102.85
IT,2026,13,0.0,0.0,227.94,9754.19,73.1,496.6,1.66,495.81,2182.24,231.15,21.78,3027.37,7.11,11962.98,0.0,0.0,1745.66,-475.11,3839.7,4038.78,199.07,109.82
IT,2026,14,0.0,0.0,228.23,11219.17,73.8,498.15,1.63,496.65,2319.35,303.53,48.81,3142.99,7.85,9407.17,0.0,0.0,1780.83,-267.28,4061.18,4271.08,209.9,123.45
IT,2026,15,0.0,0.0,218.42,13705.85,75.34,501.45,1.63,497.33,2559.8,421.66,158.45,3188.22,8.2,6189.01,0.0,0.0,1907.8,-46.17,4143.01,4372.23,229.23,141.29
IT,2026,16,0.0,0.0,221.9,16276.92,76.54,502.67,1.66,498.35,2965.84,656.89,490.45,3091.21,7.64,2876.14,0.0,0.0,2371.64,-0.0,4217.92,4469.78,251.86,159.58
IT,2026,17,0.0,0.0,228.94,17557.5,79.44,502.74,1.6,499.53,3399.54,876.59,994.56,2876.14,6.8,720.2,0.0,0.0,2974.71,-0.0,4281.48,4535.52,254.03,174.96
IT,2026,18,0.0,0.0,234.89,17916.62,84.52,504.46,1.64,500.43,3511.09,932.43,1190.8,2726.11,6.12,66.45,0.0,0.0,3069.26,-0.0,4424.37,4668.49,244.12,179.61
IT,2026,19,0.0,0.0,235.17,17659.26,84.11,509.88,1.67,500.83,3319.41,799.24,837.24,2658.21,5.91,0.15,0.0,0.0,2714.56,-0.0,4571.26,4789.4,218.14,170.23
IT,2026,20,0.0,0.0,232.44,16795.36,80.18,511.52,1.65,501.27,3005.88,609.0,435.02,2625.76,5.46,0.0,0.0,0.0,2057.01,-0.0,4690.5,4881.55,191.05,160.4
IT,2026,21,0.0,0.0,225.63,15399.86,75.74,511.37,1.69,502.07,2746.55,448.91,157.81,2598.53,5.25,0.0,0.0,0.0,1821.67,-0.29,4598.4,4767.5,169.1,148.74
IT,2026,22,0.0,0.0,244.38,13256.41,72.05,508.65,1.64,501.9,2603.63,385.06,91.1,2611.41,5.45,0.0,0.0,0.0,1825.38,-0.73,4714.64,4854.72,140.08,146.8
IT,2026,23,0.0,0.0,237.3,11744.4,68.77,509.7,1.57,504.51,2483.47,336.9,71.79,2608.17,5.72,0.0,0.0,0.0,1783.03,-17.54,4829.73,4951.33,121.6,141.54
PT,2019,0,0.0,0.0,493.42,1204.0,0.0,310.63,0.0,0.0,329.54,91.49,76.46,1686.21,0.0,0.0,0.0,0.0,42.56,-404.03,1170.87,1254.75,83.87,43.72
PT,2019,1,0.0,0.0,458.79,1169.81,0.0,310.84,0.0,0.0,281.35,81.19,56.77,1681.01,0.0,0.0,0.0,0.0,42.72,-544.53,1221.58,1298.74,77.16,41.99
PT,2019,2,0.0,0.0,444.28,1161.24,0.0,310.63,0.0,0.0,261.74,78.73,50.41,1683.13,0.0,0.0,0.0,0.0,42.95,-658.83,1243.95,1318.53,74.58,41.11
PT,2019,3,0.0,0.0,459.8,1183.15,0.0,310.01,0.0,0.0,259.95,79.31,53.01,1677.79,0.0,0.0,0.0,0.0,42.47,-667.86,1154.64,1236.65,82.01,41.32
PT,2019,4,0.0,0.0,498.92,1292.05,0.0,308.83,0.0,0.0,279.49,89.69,77.42,1669.8,0.0,0.0,0.0,0.0,42.08,-497.03,790.04,944.57,154.53,42.81
PT,2019,5,0.0,0.0,545.87,1507.69,0.0,307.88,0.0,0.0,376.14,143.12,178.35,1658.92,0.0,1.25,0.0,0.0,41.65,-315.29,189.4,608.34,418.95,45.78
PT,2019,6,0.0,0.0,597.6,1833.04,0.0,308.08,0.0,0.0,554.89,237.06,386.28,1626.21,0.0,19.62,0.0,0.0,41.38,-188.75,-465.34,401.97,867.3,49.04
PT,2019,7,0.0,0.0,639.38,2060.95,0.0,308.18,0.0,0.0,682.67,305.55,511.73,1543.66,0.0,82.66,0.0,0.0,41.53,-122.04,-561.31,353.93,915.24,50.45
PT,2019,8,0.0,0.0,656.71,2132.28,0.0,308.41,0.0,0.0,760.93,307.26,506.18,1434.09,0.0,176.78,0.0,0.0,42.03,-82.05,-283.51,424.02,707.53,50.8
PT,2019,9,0.0,0.0,660.05,2161.4,0.0,308.65,0.0,0.0,784.48,293.3,462.89,1336.72,0.0,271.53,0.0,0.0,42.25,-66.04,-30.02,530.51,560.53,50.56
PT,2019,10,0.0,0.0,657.66,2176.79,0.0,309.09,0.0,0.0,781.7,272.13,426.32,1280.51,0.0,332.01,0.0,0.0,42.46,-68.57,150.6,617.59,466.99,50.22
PT,2019,11,0.0,0.0,652.38,2156.99,0.0,309.56,0.0,0.0,759.27,248.42,380.0,1269.32,0.0,361.25,0.0,0.0,42.72,-70.64,283.95,681.31,397.36,49.86
PT,2019,12,0.0,0.0,636.96,2094.43,0.0,309.67,0.0,0.0,666.92,189.7,262.93,1286.44,0.0,371.31,0.0,0.0,42.73,-116.94,561.74,841.16,279.42,48.63
PT,2019,13,0.0,0.0,613.57,2034.36,0.0,308.79,0.0,0.0,568.48,152.52,183.97,1316.19,0.0,362.4,0.0,0.0,42.38,-182.66,887.5,1081.65,194.15,47.09
PT,2019,14,0.0,0.0,603.54,2007.47,0.0,308.7,0.0,0.0,525.8,146.04,174.87,1368.15,0.0,334.65,0.0,0.0,42.5,-208.11,980.1,1146.19,166.09,46.28
PT,2019,15,0.0,0.0,601.6,2032.71,0.0,309.02,0.0,0.0,527.21,174.73,224.9,1430.41,0.0,279.6,0.0,0.0,42.65,-206.77,810.43,1060.52,250.08,46.7
PT,2019,16,0.0,0.0,609.04,2069.66,0.0,309.47,0.0,0.0,578.27,218.11,341.79,1490.83,0.0,192.28,0.0,0.0,42.88,-159.97,459.13,884.34,425.22,48.31
PT,2019,17,0.0,0.0,624.5,2154.73,0.0,309.49,0.0,0.0,717.07,321.88,573.58,1536.0,0.0,94.54,0.0,0.0,42.93,-92.57,-66.35,640.69,707.04,50.69
PT,2019,18,0.0,0.0,646.08,2234.72,0.0,309.87,0.0,0.0,886.36,445.75,853.12,1571.34,0.0,26.62,0.0,0.0,43.11,-28.9,-472.23,397.04,869.27,52.87
PT,2019,19,0.0,0.0,656.64,2242.74,0.0,310.16,0.0,0.0,994.73,499.7,969.75,1609.96,0.0,2.4,0.0,0.0,42.99,-11.28,-587.8,269.36,857.16,53.96
PT,2019,20,0.0,0.0,649.22,2171.05,0.0,309.75,0.0,0.0,900.47,370.14,690.06,1637.52,0.0,0.0,0.0,0.0,42.51,-21.89,-118.44,411.35,529.79,52.16
PT,2019,21,0.0,0.0,628.39,1977.75,0.0,309.4,0.0,0.0,721.3,217.37,364.93,1654.72,0.0,0.0,0.0,0.0,42.31,-59.3,423.63,687.3,263.66,49.58
PT,2019,22,0.0,0.0,596.73,1730.36,0.0,309.8,0.0,0.0,589.09,170.24,240.24,1657.42,0.0,0.0,0.0,0.0,42.25,-111.53,626.96,809.85,182.89,48.55
PT,2019,23,0.0,0.0,543.68,1396.23,0.0,310.82,0.0,0.0,441.81,124.01,136.7,1669.65,0.0,0.0,0.0,0.0,42.32,-245.83,958.83,1073.43,114.6,46.29
PT,2020,0,0.0,0.0,214.09,1343.61,0.0,372.97,0.0,0.0,536.9,185.34,37.84,1474.62,5.09,0.0,0.0,0.0,28.3,-387.78,1025.72,1123.52,97.79,29.79
PT,2020,1,0.0,0.0,206.04,1297.75,0.0,372.44,0.0,0.0,447.29,163.35,25.71,1479.85,4.82,0.0,0.0,0.0,28.29,-539.3,1113.62,1203.54,89.92,28.35
PT,2020,2,0.0,0.0,202.16,1289.11,0.0,372.28,0.0,0.0,408.61,157.02,21.46,1477.71,4.69,0.0,0.0,0.0,27.99,-629.74,1130.13,1219.39,89.26,27.65
PT,2020,3,0.0,0.0,210.98,1321.73,0.0,371.97,0.0,0.0,406.65,163.61,28.37,1477.63,4.53,0.0,0.0,0.0,27.84,-606.66,988.23,1100.28,112.05,28.0
PT,2020,4,0.0,0.0,226.34,1409.35,0.0,371.24,0.0,0.0,454.0,190.9,89.7,1475.58,4.38,0.0,0.0,0.0,27.58,-478.02,611.7,849.49,237.79,30.16
PT,2020,5,0.0,0.0,241.52,1587.26,0.0,370.36,0.0,0.0,600.89,251.65,209.32,1462.08,4.35,1.41,0.0,0.0,27.4,-303.15,5.97,540.15,534.18,32.71
PT,2020,6,0.0,0.0,253.63,1855.27,0.0,370.1,0.0,0.0,809.42,356.45,402.42,1431.96,4.26,21.4,0.0,0.0,27.46,-205.55,-601.81,387.0,988.81,35.04
PT,2020,7,0.0,0.0,263.11,2047.23,0.0,369.81,0.0,0.0,953.78,426.49,529.43,1371.64,4.23,92.57,0.0,0.0,27.41,-163.82,-698.34,390.44,1088.78,35.98
PT,2020,8,0.0,0.0,267.64,2111.72,0.0,369.05,0.0,0.0,1040.68,431.87,509.62,1280.64,4.14,207.06,0.0,0.0,27.4,-138.97,-439.92,458.38,898.3,35.83
PT,2020,9,0.0,0.0,269.43,2126.05,0.0,368.03,0.0,0.0,1053.38,412.07,471.99,1198.46,4.07,322.84,0.0,0.0,27.53,-114.99,-182.41,532.68,715.09,35.39
PT,2020,10,0.0,0.0,271.27,2134.72,0.0,368.16,0.0,0.0,1042.66,376.44,435.7,1143.69,4.21,398.74,0.0,0.0,27.66,-119.17,56.45,628.59,572.14,35.21
PT,2020,11,0.0,0.0,270.63,2124.08,0.0,368.76,0.0,0.0,1018.14,344.4,400.92,1126.02,4.41,435.05,0.0,0.0,27.94,-120.71,237.91,706.63,468.72,34.81
PT,2020,12,0.0,0.0,268.29,2084.49,0.0,369.29,0.0,0.0,909.66,288.59,290.21,1149.84,4.7,444.49,0.0,0.0,28.0,-156.96,483.05,852.38,369.33,33.91
PT,2020,13,0.0,0.0,265.23,2039.99,0.0,368.41,0.0,0.0,763.27,242.01,163.41,1194.44,5.03,433.69,0.0,0.0,27.91,-278.94,897.25,1143.54,246.28,32.33
PT,2020,14,0.0,0.0,264.46,2031.61,0.0,368.23,0.0,0.0,712.19,228.62,137.64,1239.73,5.33,400.92,0.0,0.0,27.98,-331.11,1023.0,1238.52,215.52,31.85
PT,2020,15,0.0,0.0,268.11,2062.47,0.0,369.17,0.0,0.0,738.78,255.93,199.17,1294.18,5.4,333.55,0.0,0.0,28.19,-293.33,773.13,1065.93,292.8,32.84
PT,2020,16,0.0,0.0,270.02,2133.58,0.0,370.03,0.0,0.0,839.75,351.34,389.71,1341.9,5.41,226.03,0.0,0.0,28.28,-175.62,186.95,713.8,526.85,35.1
PT,2020,17,0.0,0.0,270.77,2201.25,0.0,370.51,0.0,0.0,1064.51,511.59,771.91,1382.3,5.75,109.88,0.0,0.0,28.33,-63.75,-602.59,376.71,979.3,37.96
PT,2020,18,0.0,0.0,275.84,2242.98,0.0,370.92,0.0,0.0,1286.56,640.63,1095.72,1423.98,6.06,29.56,0.0,0.0,28.01,-24.54,-1006.59,238.74,1245.33,40.17
PT,2020,19,0.0,0.0,277.61,2230.77,0.0,371.2,0.0,0.0,1385.85,683.67,1201.28,1469.92,6.08,2.64,0.0,0.0,27.64,-14.5,-1059.83,153.75,1213.58,40.77
PT,2020,20,0.0,0.0,273.44,2202.78,0.0,370.9,0.0,0.0,1340.9,574.42,946.35,1497.48,6.02,0.0,0.0,0.0,27.21,-18.21,-775.04,186.71,961.75,39.26
PT,2020,21,0.0,0.0,265.44,2092.97,0.0,371.25,0.0,0.0,1137.07,390.81,471.53,1497.29,5.73,0.0,0.0,0.0,27.46,-52.12,-132.64,405.23,537.87,36.28
PT,2020,22,0.0,0.0,247.54,1868.39,0.0,371.9,0.0,0.0,934.36,277.19,228.17,1483.14,5.55,0.0,0.0,0.0,27.85,-121.71,314.05,592.68,278.63,34.29
PT,2020,23,0.0,0.0,223.39,1538.83,0.0,372.77,0.0,0.0,719.52,218.65,94.18,1476.23,5.41,0.0,0.0,0.0,28.15,-226.15,742.89,899.18,156.3,32.0
PT,2021,0,0.0,0.0,53.61,1333.75,0.0,393.88,0.0,0.0,579.66,164.45,117.45,1620.04,6.49,0.0,0.0,0.0,27.04,-289.96,880.87,1025.16,144.28,103.73
PT,2021,1,0.0,0.0,49.77,1295.47,0.0,393.75,0.0,0.0,507.5,145.39,84.72,1626.41,6.23,0.0,0.0,0.0,26.93,-398.71,911.54,1057.84,146.3,100.26
PT,2021,2,0.0,0.0,48.43,1287.78,0.0,392.95,0.0,0.0,484.25,137.89,71.58,1630.1,5.81,0.0,0.0,0.0,26.63,-494.03,919.79,1066.2,146.42,97.26
PT,2021,3,0.0,0.0,55.42,1321.98,0.0,392.22,0.0,0.0,494.26,149.32,84.7,1625.0,5.41,0.0,0.0,0.0,26.3,-481.84,773.92,957.43,183.51,97.43
PT,2021,4,0.0,0.0,67.64,1428.81,0.0,391.81,0.0,0.0,580.13,199.86,157.23,1625.21,5.17,0.0,0.0,0.0,26.17,-366.41,341.41,674.94,333.53,103.84
PT,2021,5,0.0,0.0,81.17,1543.94,0.0,392.45,0.0,0.0,740.67,309.04,341.0,1627.26,5.03,2.03,0.0,0.0,26.16,-263.92,-229.16,464.05,693.21,111.33
PT,2021,6,0.0,0.0,93.18,1692.13,0.0,392.41,0.0,0.0,914.94,435.29,582.38,1598.78,4.85,28.34,0.0,0.0,26.25,-173.85,-696.67,369.93,1066.6,118.25
PT,2021,7,0.0,0.0,99.0,1781.64,0.0,392.04,0.0,0.0,984.48,443.79,615.54,1523.66,4.47,123.68,0.0,0.0,26.39,-149.68,-445.3,441.93,887.24,119.48
PT,2021,8,0.0,0.0,100.66,1800.69,0.0,391.78,0.0,0.0,966.39,369.61,483.63,1410.77,4.24,281.75,0.0,0.0,26.45,-139.25,120.52,688.83,568.32,116.69
PT,2021,9,0.0,0.0,99.85,1779.61,0.0,391.08,0.0,0.0,897.06,302.66,364.79,1297.62,4.4,440.55,0.0,0.0,26.49,-153.77,605.69,973.39,367.69,112.76
PT,2021,10,0.0,0.0,97.65,1761.25,0.0,390.5,0.0,0.0,844.46,261.84,287.94,1218.06,4.51,546.66,0.0,0.0,26.63,-202.52,975.57,1215.07,239.5,109.55
PT,2021,11,0.0,0.0,94.48,1745.88,0.0,390.99,0.0,0.0,771.16,239.77,246.51,1174.21,4.76,596.01,0.0,0.0,26.87,-243.92,1218.55,1388.2,169.66,107.48
PT,2021,12,0.0,0.0,87.73,1701.04,0.0,391.25,0.0,0.0,698.28,225.14,202.63,1167.93,5.28,608.96,0.0,0.0,26.84,-305.26,1390.84,1532.92,142.08,104.98
PT,2021,13,0.0,0.0,78.86,1650.12,0.0,390.84,0.0,0.0,616.96,191.73,163.46,1202.3,5.63,593.45,0.0,0.0,26.75,-403.27,1654.76,1763.76,109.0,100.78
PT,2021,14,0.0,0.0,75.99,1649.99,0.0,390.7,0.0,0.0,577.62,180.41,152.07,1265.13,5.92,544.18,0.0,0.0,26.89,-446.98,1725.03,1806.09,81.05,100.28
PT,2021,15,0.0,0.0,79.98,1712.02,0.0,391.16,0.0,0.0,606.42,205.1,198.92,1330.88,6.33,450.5,0.0,0.0,27.05,-352.16,1420.04,1530.66,110.62,106.09
PT,2021,16,0.0,0.0,92.03,1801.17,0.0,391.49,0.0,0.0,771.4,315.36,408.67,1388.87,6.62,302.83,0.0,0.0,27.08,-202.9,735.88,1010.71,274.84,115.68
PT,2021,17,0.0,0.0,100.23,1869.53,0.0,392.11,0.0,0.0,1036.68,493.65,768.29,1450.89,7.16,146.2,0.0,0.0,27.16,-77.34,-51.67,569.29,620.96,126.04
PT,2021,18,0.0,0.0,105.03,1895.3,0.0,392.98,0.0,0.0,1253.13,644.99,1124.73,1506.1,7.43,40.38,0.0,0.0,27.12,-19.61,-475.66,340.05,815.71,132.56
PT,2021,19,0.0,0.0,106.99,1905.79,0.0,392.89,0.0,0.0,1315.85,697.59,1214.46,1550.79,7.37,3.93,0.0,0.0,26.91,-8.39,-503.63,281.07,784.7,133.15
PT,2021,20,0.0,0.0,103.4,1891.34,0.0,392.47,0.0,0.0,1196.9,563.88,884.72,1586.4,7.18,0.0,0.0,0.0,26.7,-16.63,-87.62,446.42,534.04,127.2
PT,2021,21,0.0,0.0,91.04,1804.78,0.0,392.72,0.0,0.0,966.64,346.91,454.23,1604.78,7.06,0.0,0.0,0.0,26.53,-64.14,518.18,780.35,262.16,119.04
PT,2021,22,0.0,0.0,76.6,1700.16,0.0,393.51,0.0,0.0,835.36,258.95,287.78,1608.96,6.85,0.0,0.0,0.0,26.64,-124.6,621.16,817.64,196.48,114.44
PT,2021,23,0.0,0.0,64.47,1476.62,0.0,393.98,0.0,0.0,694.19,207.57,196.73,1612.7,6.71,0.0,0.0,0.0,26.85,-201.8,764.59,938.83,174.24,110.2
PT,2022,0,0.0,0.0,0.0,1676.23,0.0,380.55,0.0,0.0,313.82,101.94,122.46,1581.07,9.35,0.0,0.0,0.0,22.34,-370.44,1125.13,1232.22,107.09,159.03
PT,2022,1,0.0,0.0,0.0,1643.78,0.0,379.59,0.0,0.0,258.81,89.03,84.62,1587.1,9.02,0.0,0.0,0.0,22.28,-489.77,1139.9,1245.64,105.75,153.13
PT,2022,2,0.0,0.0,0.0,1649.23,0.0,379.58,0.0,0.0,240.02,86.05,80.56,1582.14,8.66,0.0,0.0,0.0,22.2,-571.45,1113.82,1226.06,112.24,150.15
PT,2022,3,0.0,0.0,0.0,1676.95,0.0,379.26,0.0,0.0,243.08,84.55,92.51,1588.44,8.52,0.0,0.0,0.0,21.88,-568.23,994.97,1123.91,128.93,151.99
PT,2022,4,0.0,0.0,0.0,1763.37,0.0,378.62,0.0,0.0,296.73,109.89,174.99,1598.01,8.24,0.0,0.0,0.0,21.63,-427.36,635.09,866.44,231.35,160.86
PT,2022,5,0.0,0.0,0.0,1850.09,0.0,377.8,0.0,0.0,399.25,151.85,345.16,1598.58,7.94,3.29,0.0,0.0,21.6,-239.25,159.21,593.5,434.29,174.96
PT,2022,6,0.0,0.0,0.0,1933.68,0.0,377.52,0.0,0.0,516.35,185.51,505.36,1582.56,7.74,45.96,0.0,0.0,21.67,-165.53,-54.22,513.68,567.89,183.46
PT,2022,7,0.0,0.0,0.0,1969.31,0.0,377.34,0.0,0.0,557.25,206.56,517.13,1523.46,7.78,185.05,0.0,0.0,21.72,-196.86,276.96,783.54,506.58,180.18
PT,2022,8,0.0,0.0,0.0,1948.12,0.0,376.41,0.0,0.0,521.65,178.31,380.47,1434.87,7.7,410.66,0.0,0.0,21.72,-246.08,874.52,1181.46,306.94,170.3
PT,2022,9,0.0,0.0,0.0,1900.85,0.0,375.44,0.0,0.0,448.16,151.99,255.09,1338.45,7.69,647.21,0.0,0.0,21.71,-340.45,1357.83,1527.71,169.89,160.39
PT,2022,10,0.0,0.0,0.0,1864.07,0.0,375.34,0.0,0.0,387.06,134.64,199.12,1272.59,7.93,807.0,0.0,0.0,21.85,-413.1,1666.63,1767.17,100.53,154.75
PT,2022,11,0.0,0.0,0.0,1830.43,0.0,375.27,0.0,0.0,337.41,127.58,176.62,1249.87,8.17,885.46,0.0,0.0,21.95,-476.63,1826.81,1903.75,76.93,151.86
PT,2022,12,0.0,0.0,0.0,1797.57,0.0,375.15,0.0,0.0,302.27,116.79,139.47,1255.04,8.32,905.35,0.0,0.0,21.99,-595.93,1943.21,2013.37,70.15,146.44
PT,2022,13,0.0,0.0,0.0,1790.36,0.0,374.99,0.0,0.0,277.42,108.93,119.96,1272.96,8.63,876.94,0.0,0.0,21.92,-713.22,2082.02,2146.97,64.95,141.55
PT,2022,14,0.0,0.0,0.0,1806.1,0.0,375.21,0.0,0.0,259.38,111.17,121.58,1302.6,8.89,797.56,0.0,0.0,21.95,-723.8,2134.98,2192.21,57.23,140.49
PT,2022,15,0.0,0.0,0.0,1846.72,0.0,376.01,0.0,0.0,286.09,121.89,153.74,1345.32,9.27,652.67,0.0,0.0,22.16,-607.88,1990.67,2066.72,76.04,147.3
PT,2022,16,0.0,0.0,0.0,1942.39,0.0,376.51,0.0,0.0,384.84,170.9,307.87,1388.5,9.7,438.67,0.0,0.0,22.24,-365.15,1525.22,1654.6,129.38,163.42
PT,2022,17,0.0,0.0,0.0,2057.12,0.0,377.23,0.0,0.0,601.1,230.35,636.24,1435.02,9.91,214.14,0.0,0.0,22.32,-148.5,890.78,1123.25,232.48,185.88
PT,2022,18,0.0,0.0,0.0,2117.02,0.0,378.21,0.0,0.0,895.95,334.39,1124.83,1472.29,10.26,60.43,0.0,0.0,22.37,-27.44,269.12,664.87,395.74,207.4
PT,2022,19,0.0,0.0,0.0,2121.69,0.0,379.38,0.0,0.0,1038.96,396.59,1287.17,1516.21,10.31,6.0,0.0,0.0,22.39,-13.54,48.92,476.23,427.3,213.23
PT,2022,20,0.0,0.0,0.0,2101.19,0.0,379.75,0.0,0.0,893.06,306.23,961.69,1561.89,10.47,0.07,0.0,0.0,22.35,-30.0,367.54,648.53,280.99,201.82
PT,2022,21,0.0,0.0,0.0,2031.38,0.0,379.3,0.0,0.0,626.78,208.0,507.26,1575.04,10.14,0.02,0.0,0.0,22.23,-93.95,919.58,1067.56,147.98,184.58
PT,2022,22,0.0,0.0,0.0,1913.36,0.0,379.43,0.0,0.0,470.58,143.24,348.73,1581.3,9.95,0.01,0.0,0.0,22.17,-138.67,1069.18,1179.12,109.94,177.13
PT,2022,23,0.0,0.0,0.0,1770.77,0.0,380.56,0.0,0.0,385.97,126.08,222.94,1584.43,9.58,0.0,0.0,0.0,22.24,-227.83,1048.09,1163.48,115.39,168.66
PT,2023,0,0.0,0.0,0.0,1064.55,0.0,332.78,0.0,0.0,645.78,283.78,258.09,1602.41,9.18,0.01,0.0,0.0,22.09,-363.45,1166.93,1307.21,140.28,85.03
PT,2023,1,0.0,0.0,0.0,1045.04,0.0,332.44,0.0,0.0,578.67,261.56,204.29,1598.77,8.91,0.01,0.0,0.0,22.07,-477.82,1194.99,1326.62,131.63,82.22
PT,2023,2,0.0,0.0,0.0,1036.86,0.0,332.46,0.0,0.0,523.64,253.58,183.45,1594.92,8.81,0.01,0.0,0.0,22.03,-559.31,1222.91,1343.75,120.84,80.09
PT,2023,3,0.0,0.0,0.0,1051.32,0.0,332.11,0.0,0.0,521.78,255.27,197.49,1589.18,8.63,0.01,0.0,0.0,21.76,-542.74,1144.79,1265.6,120.81,81.07
PT,2023,4,0.0,0.0,0.0,1085.22,0.0,331.76,0.0,0.0,576.59,291.45,297.28,1585.08,8.36,0.01,0.0,0.0,21.51,-394.16,849.67,1016.49,166.82,87.54
PT,2023,5,0.0,0.0,0.0,1118.25,0.0,331.4,0.0,0.0,753.48,374.31,565.34,1572.81,8.2,4.91,0.0,0.0,21.46,-250.19,316.47,665.9,349.43,96.08
PT,2023,6,0.0,0.0,0.0,1142.18,0.0,331.34,0.0,0.0,886.1,443.87,765.69,1550.99,7.88,67.13,0.0,0.0,21.47,-202.48,36.21,603.92,567.71,101.18
PT,2023,7,0.0,0.0,0.0,1121.34,0.0,331.89,0.0,0.0,860.21,407.97,663.64,1486.85,7.81,272.91,0.0,0.0,21.61,-280.01,531.07,1083.53,552.45,96.27
PT,2023,8,0.0,0.0,0.0,1076.78,0.0,330.83,0.0,0.0,793.95,357.69,497.4,1387.55,7.87,602.31,0.0,0.0,21.65,-433.76,1215.85,1592.24,376.39,84.68
PT,2023,9,0.0,0.0,0.0,1027.25,0.0,328.63,0.0,0.0,703.97,307.84,324.21,1277.25,7.72,926.83,0.0,0.0,21.6,-559.99,1724.28,1911.51,187.22,77.14
PT,2023,10,0.0,0.0,0.0,1005.31,0.0,327.71,0.0,0.0,642.6,280.53,239.2,1208.21,7.83,1144.18,0.0,0.0,21.58,-659.67,2007.52,2113.75,106.23,72.78
PT,2023,11,0.0,0.0,0.0,995.66,0.0,328.08,0.0,0.0,593.26,278.32,223.42,1189.73,8.14,1246.07,0.0,0.0,21.72,-738.15,2131.87,2207.0,75.13,70.11
PT,2023,12,0.0,0.0,0.0,984.25,0.0,328.26,0.0,0.0,563.09,274.05,208.68,1219.36,8.52,1266.16,0.0,0.0,21.84,-866.53,2174.44,2242.29,67.85,66.55
PT,2023,13,0.0,0.0,0.0,992.18,0.0,328.05,0.0,0.0,532.71,271.13,196.07,1260.54,9.07,1232.86,0.0,0.0,21.97,-945.79,2241.03,2303.37,62.34,64.61
PT,2023,14,0.0,0.0,0.0,1009.97,0.0,327.86,0.0,0.0,536.25,280.76,199.56,1313.07,9.36,1127.44,0.0,0.0,21.99,-919.18,2254.56,2306.69,52.13,65.43
PT,2023,15,0.0,0.0,0.0,1070.04,0.0,328.5,0.0,0.0,567.84,313.94,269.82,1370.9,9.56,927.3,0.0,0.0,22.01,-717.34,2051.66,2128.14,76.48,72.28
PT,2023,16,0.0,0.0,0.0,1183.33,0.0,329.04,0.0,0.0,684.01,380.12,510.27,1428.41,9.87,623.31,0.0,0.0,22.06,-427.36,1569.24,1735.45,166.21,85.0
PT,2023,17,0.0,0.0,0.0,1295.51,0.0,329.55,0.0,0.0,890.17,498.92,975.19,1480.88,10.37,299.48,0.0,0.0,22.07,-196.5,915.56,1258.97,343.41,102.06
PT,2023,18,0.0,0.0,0.0,1362.27,0.0,330.01,0.0,0.0,1165.0,636.99,1545.54,1514.57,10.73,82.09,0.0,0.0,22.1,-42.83,269.34,744.81,475.47,119.09
PT,2023,19,0.0,0.0,0.0,1378.92,0.0,330.84,0.0,0.0,1295.37,713.31,1727.33,1556.81,10.73,8.16,0.0,0.0,22.12,-18.06,-16.38,473.61,489.99,122.25
PT,2023,20,0.0,0.0,0.0,1372.11,0.0,331.26,0.0,0.0,1215.21,584.72,1391.29,1593.98,10.35,0.25,0.0,0.0,22.11,-30.02,237.19,633.1,395.91,114.55
PT,2023,21,0.0,0.0,0.0,1316.91,0.0,331.56,0.0,0.0,1014.44,457.1,861.8,1605.05,10.15,0.12,0.0,0.0,22.13,-74.86,747.09,1012.82,265.73,104.39
PT,2023,22,0.0,0.0,0.0,1237.4,0.0,331.81,0.0,0.0,869.86,367.63,563.45,1606.54,9.84,0.11,0.0,0.0,22.08,-140.05,1001.58,1176.85,175.27,97.65
PT,2023,23,0.0,0.0,0.0,1129.11,0.0,333.13,0.0,0.0,753.33,317.75,361.75,1604.09,9.42,0.03,0.0,0.0,22.13,-232.04,1105.21,1254.46,149.25,90.6
PT,2024,0,0.0,0.0,0.0,461.59,0.0,362.04,0.0,0.0,891.69,368.19,562.62,1735.11,10.05,0.06,0.0,0.0,28.47,-349.95,1044.39,1292.6,248.22,64.59
PT,2024,1,0.0,0.0,0.0,457.56,0.0,361.68,0.0,0.0,791.47,336.11,468.94,1735.88,10.01,0.05,0.0,0.0,28.41,-472.33,1125.14,1338.13,213.0,62.52
PT,2024,2,0.0,0.0,0.0,455.69,0.0,362.12,0.0,0.0,749.53,323.71,430.76,1745.94,9.98,0.06,0.0,0.0,28.21,-566.97,1160.24,1364.0,203.76,60.69
PT,2024,3,0.0,0.0,0.0,455.01,0.0,361.67,0.0,0.0,772.44,330.74,452.42,1747.96,9.91,0.05,0.0,0.0,27.71,-552.94,1051.92,1294.18,242.27,60.76
PT,2024,4,0.0,0.0,0.0,468.7,0.0,360.53,0.0,0.0,866.14,358.31,573.74,1731.4,9.7,0.06,0.0,0.0,27.27,-430.68,750.02,1063.89,313.87,64.93
PT,2024,5,0.0,0.0,0.0,484.99,0.0,360.46,0.0,0.0,1033.7,425.46,849.01,1720.01,9.48,6.69,0.0,0.0,27.39,-277.32,249.79,755.27,505.48,72.83
PT,2024,6,0.0,0.0,0.0,523.88,0.0,360.25,0.0,0.0,1123.8,459.72,959.93,1701.09,9.28,92.76,0.0,0.0,27.54,-254.18,111.54,786.83,675.29,74.72
PT,2024,7,0.0,0.0,0.0,555.69,0.0,360.15,0.0,0.0,1059.68,441.84,860.6,1633.41,8.82,368.41,0.0,0.0,27.77,-359.67,569.29,1197.21,627.92,68.55
PT,2024,8,0.0,0.0,0.0,557.82,0.0,359.76,0.0,0.0,935.16,388.16,575.53,1520.95,8.52,805.63,0.0,0.0,27.92,-559.64,1273.42,1646.23,372.81,57.03
PT,2024,9,0.0,0.0,0.0,543.5,0.0,358.97,0.0,0.0,812.71,328.71,323.16,1417.1,8.47,1240.92,0.0,0.0,27.89,-839.12,1866.67,2038.64,171.97,48.19
PT,2024,10,0.0,0.0,0.0,538.74,0.0,358.45,0.0,0.0,710.46,292.74,214.07,1341.07,8.39,1534.6,0.0,0.0,27.97,-1052.04,2228.79,2313.71,84.92,43.45
PT,2024,11,0.0,0.0,0.0,537.55,0.0,358.54,0.0,0.0,646.6,279.48,187.46,1310.51,8.52,1679.75,0.0,0.0,28.04,-1178.55,2396.75,2446.64,49.89,40.9
PT,2024,12,0.0,0.0,0.0,541.72,0.0,359.2,0.0,0.0,613.51,265.25,152.07,1320.13,8.87,1716.76,0.0,0.0,28.04,-1309.51,2461.71,2495.91,34.19,39.04
PT,2024,13,0.0,0.0,0.0,550.25,0.0,358.32,0.0,0.0,605.69,258.92,151.08,1359.48,9.46,1679.32,0.0,0.0,28.08,-1357.07,2484.72,2515.19,30.47,38.74
PT,2024,14,0.0,0.0,0.0,563.45,0.0,357.38,0.0,0.0,616.76,266.58,181.81,1413.18,9.83,1548.09,0.0,0.0,28.08,-1270.97,2440.49,2478.53,38.04,39.93
PT,2024,15,0.0,0.0,0.0,593.48,0.0,357.28,0.0,0.0,686.59,310.99,266.62,1473.03,10.29,1280.34,0.0,0.0,28.18,-989.41,2212.3,2270.34,58.04,47.45
PT,2024,16,0.0,0.0,0.0,643.12,0.0,357.98,0.0,0.0,855.2,406.45,602.67,1544.53,10.5,875.58,0.0,0.0,28.25,-576.68,1648.18,1787.5,139.32,59.56
PT,2024,17,0.0,0.0,0.0,693.74,0.0,358.6,0.0,0.0,1155.93,535.08,1185.37,1605.54,10.87,439.26,0.0,0.0,28.26,-221.3,873.23,1249.51,376.29,76.1
PT,2024,18,0.0,0.0,0.0,712.11,0.0,360.04,0.0,0.0,1444.44,660.57,1740.83,1660.37,11.12,128.39,0.0,0.0,28.33,-44.43,312.67,882.03,569.36,89.65
PT,2024,19,0.0,0.0,0.0,719.48,0.0,361.11,0.0,0.0,1570.36,752.73,1964.23,1715.61,10.9,12.92,0.0,0.0,28.35,-16.24,41.29,631.09,589.8,98.69
PT,2024,20,0.0,0.0,0.0,708.57,0.0,361.24,0.0,0.0,1503.74,663.38,1759.51,1746.34,10.87,0.2,0.0,0.0,28.35,-25.67,150.81,692.38,541.57,90.07
PT,2024,21,0.0,0.0,0.0,640.84,0.0,361.49,0.0,0.0,1326.75,542.13,1354.95,1745.74,10.42,0.12,0.0,0.0,28.39,-56.12,486.66,935.22,448.56,80.96
PT,2024,22,0.0,0.0,0.0,554.16,0.0,361.49,0.0,0.0,1152.93,471.76,986.33,1743.04,10.38,0.1,0.0,0.0,28.39,-125.66,768.12,1126.0,357.88,74.71
PT,2024,23,0.0,0.0,0.0,487.92,0.0,361.82,0.0,0.0,1009.99,407.87,719.08,1740.95,10.4,0.09,0.0,0.0,28.42,-231.47,949.6,1238.33,288.74,68.98
PT,2025,0,0.0,0.0,0.0,800.53,0.0,320.95,0.0,0.0,1000.73,340.31,549.9,1642.09,7.44,0.12,0.0,0.0,25.71,-275.78,899.85,1086.9,187.05,70.53
PT,2025,1,0.0,0.0,0.0,801.57,0.0,320.66,0.0,0.0,917.63,306.91,429.87,1644.36,7.3,0.12,0.0,0.0,25.74,-376.23,950.95,1116.05,165.1,66.95
PT,2025,2,0.0,0.0,0.0,804.58,0.0,320.33,0.0,0.0,891.51,291.87,378.24,1652.65,7.14,0.1,0.0,0.0,25.44,-448.22,942.21,1109.46,167.25,64.9
PT,2025,3,0.0,0.0,0.0,807.89,0.0,319.74,0.0,0.0,910.9,297.53,413.56,1657.17,7.12,0.1,0.0,0.0,25.04,-468.9,840.65,1031.97,191.32,65.24
PT,2025,4,0.0,0.0,0.0,817.2,0.0,319.01,0.0,0.0,1011.84,339.64,576.32,1665.22,6.86,0.1,0.0,0.0,24.85,-385.13,504.56,812.57,308.01,69.93
PT,2025,5,0.0,0.0,0.0,829.66,0.0,319.12,0.0,0.0,1105.55,425.8,884.91,1668.46,6.64,10.56,0.0,0.0,24.93,-257.3,5.81,537.13,531.31,79.4
PT,2025,6,0.0,0.0,0.0,845.8,0.0,319.16,0.0,0.0,1126.68,472.06,976.78,1659.57,6.62,133.26,0.0,0.0,24.95,-259.47,-90.61,555.39,646.0,82.29
PT,2025,7,0.0,0.0,0.0,859.25,0.0,318.91,0.0,0.0,1070.78,445.35,777.27,1595.82,6.69,504.95,0.0,0.0,24.94,-426.7,516.79,1033.31,516.52,71.16
PT,2025,8,0.0,0.0,0.0,853.08,0.0,318.26,0.0,0.0,965.77,350.83,455.11,1494.5,6.46,1047.65,0.0,0.0,25.03,-747.22,1348.65,1590.67,242.01,53.47
PT,2025,9,0.0,0.0,0.0,844.62,0.0,317.18,0.0,0.0,835.47,278.39,242.01,1402.44,6.58,1544.87,0.0,0.0,25.01,-1090.21,1934.73,2024.43,89.71,41.14
PT,2025,10,0.0,0.0,0.0,846.21,0.0,316.8,0.0,0.0,749.1,239.02,158.02,1334.48,6.59,1883.11,0.0,0.0,25.04,-1300.36,2179.99,2217.27,37.28,35.05
PT,2025,11,0.0,0.0,0.0,849.17,0.0,316.88,0.0,0.0,676.31,226.51,131.03,1302.04,6.68,2056.19,0.0,0.0,25.06,-1424.98,2266.96,2288.68,21.72,32.07
PT,2025,12,0.0,0.0,0.0,848.54,0.0,317.69,0.0,0.0,623.81,218.12,112.23,1304.99,6.99,2089.65,0.0,0.0,25.17,-1508.38,2300.15,2317.44,17.28,30.04
PT,2025,13,0.0,0.0,0.0,864.19,0.0,317.79,0.0,0.0,602.23,217.59,115.52,1326.44,7.18,2046.12,0.0,0.0,25.15,-1499.93,2285.34,2309.26,23.92,30.04
PT,2025,14,0.0,0.0,0.0,865.29,0.0,318.13,0.0,0.0,614.11,233.78,136.9,1367.37,7.24,1891.3,0.0,0.0,25.26,-1362.1,2245.4,2271.6,26.2,33.24
PT,2025,15,0.0,0.0,0.0,892.22,0.0,318.09,0.0,0.0,669.5,267.3,224.24,1418.85,7.52,1600.8,0.0,0.0,25.26,-1087.33,2077.06,2113.0,35.94,42.98
PT,2025,16,0.0,0.0,0.0,950.85,0.0,318.43,0.0,0.0,839.45,359.72,545.59,1470.23,7.88,1129.65,0.0,0.0,25.32,-654.94,1609.0,1683.66,74.65,60.29
PT,2025,17,0.0,0.0,0.0,1016.01,0.0,319.09,0.0,0.0,1168.91,536.49,1204.04,1513.59,8.1,585.57,0.0,0.0,25.45,-235.73,767.58,1030.0,262.41,83.71
PT,2025,18,0.0,0.0,0.0,1032.51,0.0,320.25,0.0,0.0,1488.86,706.54,1811.52,1539.72,8.3,180.48,0.0,0.0,25.47,-40.46,149.67,581.36,431.69,105.45
PT,2025,19,0.0,0.0,0.0,1038.32,0.0,320.99,0.0,0.0,1640.28,816.12,2072.51,1574.69,8.19,19.86,0.0,0.0,25.36,-10.28,-132.56,380.41,512.97,115.13
PT,2025,20,0.0,0.0,0.0,1013.42,0.0,321.32,0.0,0.0,1576.19,731.68,1874.37,1611.95,8.02,0.17,0.0,0.0,25.42,-19.71,25.13,455.77,430.65,104.07
PT,2025,21,0.0,0.0,0.0,961.36,0.0,321.49,0.0,0.0,1412.57,576.99,1430.45,1634.6,8.0,0.14,0.0,0.0,25.55,-44.35,388.75,702.07,313.32,91.2
PT,2025,22,0.0,0.0,0.0,887.82,0.0,321.24,0.0,0.0,1215.29,469.57,1071.58,1643.3,7.88,0.13,0.0,0.0,25.49,-93.44,679.08,920.91,241.82,83.96
PT,2025,23,0.0,0.0,0.0,822.45,0.0,321.11,0.0,0.0,1105.66,399.06,767.51,1646.68,7.59,0.12,0.0,0.0,25.72,-172.79,811.28,1018.26,206.98,76.17
PT,2026,0,0.0,0.0,0.0,790.31,0.0,300.19,0.0,0.0,890.5,376.1,963.67,1544.55,8.6,7.21,0.0,0.0,26.68,-164.4,708.95,924.24,215.29,86.85
PT,2026,1,0.0,0.0,0.0,786.59,0.0,299.89,0.0,0.0,805.18,347.09,837.2,1541.32,8.39,7.22,0.0,0.0,26.48,-229.39,728.41,959.87,231.46,83.79
PT,2026,2,0.0,0.0,0.0,784.32,0.0,300.12,0.0,0.0,766.77,326.06,783.61,1544.24,8.37,7.23,0.0,0.0,26.06,-269.54,709.04,946.57,237.53,81.86
PT,2026,3,0.0,0.0,0.0,782.88,0.0,300.06,0.0,0.0,783.34,328.92,819.9,1547.04,8.03,7.12,0.0,0.0,25.54,-275.01,605.29,863.97,258.68,82.87
PT,2026,4,0.0,0.0,0.0,798.66,0.0,299.09,0.0,0.0,921.9,373.74,1072.63,1545.36,8.0,6.75,0.0,0.0,25.24,-237.41,216.57,608.94,392.36,88.44
PT,2026,5,0.0,0.0,0.0,804.69,0.0,298.0,0.0,0.0,1016.38,433.6,1295.86,1546.62,7.78,25.85,0.0,0.0,25.23,-178.0,-196.21,430.28,626.49,92.71
PT,2026,6,0.0,0.0,0.0,795.29,0.0,297.66,0.0,0.0,952.98,419.64,1059.75,1522.25,7.59,241.17,0.0,0.0,25.26,-294.99,170.87,803.83,632.96,82.76
PT,2026,7,0.0,0.0,0.0,788.44,0.0,297.32,0.0,0.0,845.03,347.06,667.25,1443.26,7.38,756.2,0.0,0.0,25.51,-691.26,1286.23,1747.28,461.04,58.83
PT,2026,8,0.0,0.0,0.0,794.47,0.0,295.74,0.0,0.0,739.21,293.38,454.93,1347.53,7.47,1329.49,0.0,0.0,25.61,-1145.89,2147.06,2396.51,249.45,38.08
PT,2026,9,0.0,0.0,0.0,793.39,0.0,295.23,0.0,0.0,634.42,245.55,309.97,1260.31,7.7,1780.95,0.0,0.0,25.88,-1433.43,2577.65,2702.72,125.07,27.67
PT,2026,10,0.0,0.0,0.0,794.22,0.0,294.48,0.0,0.0,563.4,221.79,226.38,1218.31,7.65,2103.29,0.0,0.0,25.97,-1643.88,2740.02,2823.99,83.97,22.91
PT,2026,11,0.0,0.0,0.0,787.39,0.0,294.8,0.0,0.0,512.72,202.84,190.96,1221.91,7.97,2245.28,0.0,0.0,26.01,-1777.38,2850.11,2917.16,67.04,20.02
PT,2026,12,0.0,0.0,0.0,786.97,0.0,295.54,0.0,0.0,484.48,191.23,181.92,1253.25,8.34,2264.64,0.0,0.0,26.22,-1865.17,2826.16,2889.78,63.62,19.1
PT,2026,13,0.0,0.0,0.0,796.05,0.0,295.44,0.0,0.0,467.08,195.98,183.11,1298.68,8.91,2195.23,0.0,0.0,26.28,-1846.27,2779.85,2849.29,69.44,18.38
PT,2026,14,0.0,0.0,0.0,809.41,0.0,295.87,0.0,0.0,478.51,207.44,210.25,1345.79,9.24,2080.44,0.0,0.0,26.36,-1740.22,2691.97,2765.14,73.17,21.0
PT,2026,15,0.0,0.0,0.0,836.89,0.0,295.92,0.0,0.0,518.74,235.62,275.51,1403.92,9.73,1882.44,0.0,0.0,26.41,-1496.38,2480.87,2569.61,88.73,28.99
PT,2026,16,0.0,0.0,0.0,899.33,0.0,296.88,0.0,0.0,634.4,289.67,468.74,1467.42,10.0,1534.3,0.0,0.0,26.67,-1051.8,2052.94,2177.08,124.14,44.07
PT,2026,17,0.0,0.0,0.0,1034.16,0.0,297.29,0.0,0.0,826.2,381.98,947.19,1500.98,10.14,948.4,0.0,0.0,26.76,-399.5,1400.62,1589.75,189.13,74.66
PT,2026,18,0.0,0.0,0.0,1084.86,0.0,298.95,0.0,0.0,1195.9,582.64,1890.46,1525.23,10.45,326.34,0.0,0.0,26.74,-57.73,524.82,796.55,271.73,106.92
PT,2026,19,0.0,0.0,0.0,1112.98,0.0,299.39,0.0,0.0,1477.7,790.76,2358.07,1562.46,10.46,43.74,0.0,0.0,26.64,-16.86,-108.77,248.67,357.44,123.78
PT,2026,20,0.0,0.0,0.0,1093.86,0.0,300.25,0.0,0.0,1457.44,709.66,2186.14,1586.1,10.46,7.98,0.0,0.0,26.67,-20.65,-11.45,316.25,327.7,116.77
PT,2026,21,0.0,0.0,0.0,1060.9,0.0,301.16,0.0,0.0,1283.73,544.93,1775.93,1580.01,10.14,7.31,0.0,0.0,26.77,-38.7,337.59,575.11,237.52,104.14
PT,2026,22,0.0,0.0,0.0,893.62,0.0,300.52,0.0,0.0,1088.57,469.35,1422.17,1568.92,9.72,7.19,0.0,0.0,26.74,-66.12,639.61,800.09,160.47,97.52
PT,2026,23,0.0,0.0,0.0,806.5,0.0,299.85,0.0,0.0,1003.01,419.92,1198.5,1552.17,9.12,7.16,0.0,0.0,26.63,-96.03,679.89,883.16,203.26,91.53
