row,win_year,f1_Ge_w,f1_Sp_w,f1_Po_w,f1_Fr_w,f1_It_w,f3_Ge_w,f3_Sp_w,f3_Po_w,f3_Fr_w,f3_It_w,i_DE_w1,i_DE_w2,i_DE_w3,i_DE_w4,i_DE_w5,i_DE_w6,i_DE_w7,i_DE_w8,i_ES_w1,i_ES_w2,i_ES_w3,i_ES_w4,i_ES_w5,i_ES_w6,i_ES_w7,i_ES_w8,a_DE_w1,a_DE_w2,a_DE_w3,a_DE_w4,a_DE_w5,a_DE_w6,a_DE_w7,a_DE_w8,c_DE_w1,c_DE_w2,c_DE_w3,c_DE_w4,c_DE_w5,c_DE_w6,c_DE_w7,c_DE_w8,c_ES_w1,c_ES_w2,c_ES_w3,c_ES_w4,c_ES_w5,c_ES_w6,c_ES_w7,c_ES_w8,d_PT_w1,d_PT_w2,d_PT_w3,d_PT_w4,d_PT_w5,d_PT_w6,d_PT_w7,d_PT_w8,n_DE_w1,n_DE_w2,n_DE_w3,n_DE_w4,n_DE_w5,n_DE_w6,n_DE_w7,n_DE_w8,mm_DE_min,mm_DE_max,gm_Gas,gm_Biomass,gm_HydroROR,gm_HydroRes,gm_HydroPump,gm_Onshore,gm_Solar,gm_Other,gm_Price,md_M01,md_M02,md_M03,md_M04,md_M05,md_M06,md_M07,md_M08,md_M09,md_M10,md_M11,md_M12,i_PT_w1,i_PT_w2,i_PT_w3,i_PT_w4,i_PT_w5,i_PT_w6,i_PT_w7,i_PT_w8,i_FR_w1,i_FR_w2,i_FR_w3,i_FR_w4,i_FR_w5,i_FR_w6,i_FR_w7,i_FR_w8,i_IT_w1,i_IT_w2,i_IT_w3,i_IT_w4,i_IT_w5,i_IT_w6,i_IT_w7,i_IT_w8,c_PT_w1,c_PT_w2,c_PT_w3,c_PT_w4,c_PT_w5,c_PT_w6,c_PT_w7,c_PT_w8,c_FR_w1,c_FR_w2,c_FR_w3,c_FR_w4,c_FR_w5,c_FR_w6,c_FR_w7,c_FR_w8,c_IT_w1,c_IT_w2,c_IT_w3,c_IT_w4,c_IT_w5,c_IT_w6,c_IT_w7,c_IT_w8,i_GB_w1,i_GB_w2,i_GB_w3,i_GB_w4,i_GB_w5,i_GB_w6,i_GB_w7,i_GB_w8,c_GB_w1,c_GB_w2,c_GB_w3,c_GB_w4,c_GB_w5,c_GB_w6,c_GB_w7,c_GB_w8,f1_GB_w,f3_GB_w
1,2019,15.52,10.88,10.81,14.02,12.67,211.0,0.0,0.0,27.0,0.0,0.7721,0.7574,0.7706,0.8372,0.8402,0.8513,0.9172,1.0565,0.9061,0.8751,0.9254,0.9481,0.9757,1.0188,1.0733,1.2955,29.08,23.08,74.64,197.11,79.97,66.84,81.93,109.13,21.0,0.0,0.0,0.0,14.0,11.0,17.0,11.0,0.0,0.0,0.0,0.0,15.0,0.0,0.0,0.0,74.74,68.9,409.0,651.0,220.0,193.0,240.0,293.75,31.06,29.22,33.71,29.82,25.37,26.77,27.46,28.01,-1.01,10.05,800.5,321.0,1000.7,340.3,549.9,1642.1,0.1,25.7,70.5,85.59,108.98,90.12,82.49,81.33,79.79,91.22,83.49,69.63,62.59,76.86,73.12,0.9134,0.8764,0.926,0.9473,0.9632,1.0178,1.0656,1.2962,0.8104,0.7853,0.829,0.842,0.8601,0.8566,0.9149,1.0937,0.8359,0.8083,0.8591,0.872,0.885,0.8802,0.9174,0.9828,0.0,0.0,0.0,0.0,15.0,0.0,0.0,0.0,0.0,0.0,0.0,0.0,13.0,11.0,0.0,0.0,0.0,0.0,0.0,0.0,0.0,0.0,0.0,0.0,0.8437,0.7668,0.804,0.8437,0.8444,0.8358,0.8825,0.9643,0.0,0.0,0.0,7.0,6.0,1.0,3.0,0.0,14.8,27.0
2,2020,17.5,11.42,11.26,16.11,14.63,298.0,0.0,0.0,102.0,0.0,0.7461,0.7187,0.7456,0.8143,0.8162,0.8299,0.8967,1.0354,0.8718,0.8319,0.8945,0.9131,0.9438,0.9847,1.0182,1.2507,28.1,21.9,72.21,191.73,77.68,65.16,80.1,106.95,27.0,0.0,0.0,1.0,14.0,12.0,17.0,12.0,0.0,0.0,0.0,0.0,15.0,0.0,0.0,0.0,69.81,56.62,334.55,395.65,165.22,158.47,169.22,207.39,30.92,29.04,33.54,29.76,25.25,26.55,27.23,27.99,1.56,152.94,801.6,320.7,917.6,306.9,429.9,1644.4,0.1,25.7,67.0,82.18,106.42,88.17,81.95,80.45,78.16,89.35,81.99,69.13,60.58,74.27,70.59,0.8773,0.8341,0.895,0.9122,0.9313,0.9852,1.0116,1.2507,0.7483,0.7308,0.7741,0.8032,0.8079,0.7682,0.8242,0.9978,0.8043,0.7652,0.8297,0.8494,0.8596,0.8575,0.9024,0.9648,0.0,0.0,0.0,0.0,15.0,0.0,0.0,0.0,0.0,0.0,0.0,0.0,13.0,15.0,0.0,0.0,0.0,0.0,0.0,0.0,0.0,0.0,0.0,0.0,0.8225,0.7617,0.7919,0.8257,0.8179,0.7971,0.8571,0.952,0.0,0.0,0.0,8.0,6.0,5.0,3.0,0.0,20.14,161.0
3,2021,73.68,74.71,74.7,84.31,81.08,139.0,0.0,0.0,64.0,0.0,0.7387,0.7029,0.7413,0.81,0.8094,0.8244,0.9008,1.0363,0.8545,0.8111,0.8673,0.896,0.9194,0.9566,0.9882,1.2221,27.82,21.42,71.8,190.72,77.04,64.72,80.46,107.04,27.0,2.0,0.0,6.0,14.0,17.0,17.0,12.0,0.0,0.0,0.0,0.0,15.0,0.0,0.0,0.0,68.4,54.56,307.92,330.07,159.37,150.0,157.84,194.01,31.66,29.72,34.24,30.51,25.89,27.1,27.84,28.68,69.94,116.66,804.6,320.3,891.5,291.9,378.2,1652.6,0.1,25.4,64.9,80.36,104.47,87.03,83.44,82.67,79.13,90.16,84.29,72.35,61.0,73.01,69.55,0.8588,0.8136,0.8682,0.8944,0.9072,0.9563,0.9806,1.222,0.6977,0.6857,0.7247,0.7789,0.7583,0.6892,0.7611,0.9458,0.79,0.7445,0.82,0.8407,0.8484,0.8506,0.8978,0.957,0.0,0.0,0.0,0.0,15.0,0.0,0.0,0.0,0.0,0.0,0.0,2.0,13.0,20.0,0.0,0.0,0.0,0.0,0.0,0.0,0.0,0.0,0.0,0.0,0.7974,0.7102,0.7557,0.7906,0.7754,0.7589,0.8327,0.9287,0.0,0.0,0.0,14.0,6.0,5.0,3.0,0.0,105.56,31.0
4,2022,142.82,69.46,69.13,145.84,133.15,70.0,0.0,0.0,4.0,0.0,0.7738,0.7458,0.7799,0.8564,0.8489,0.8705,0.9477,1.0707,0.8604,0.8215,0.8686,0.9061,0.9303,0.9597,0.996,1.2369,29.15,22.73,75.53,201.63,80.8,68.35,84.66,110.59,27.0,4.0,0.0,6.0,16.0,17.0,17.0,12.0,0.0,0.0,0.0,0.0,15.0,0.0,0.0,0.0,67.66,53.28,285.23,291.01,153.93,144.38,150.99,187.07,33.53,31.49,36.03,32.27,27.61,28.69,29.58,30.27,90.2,151.24,807.9,319.7,910.9,297.5,413.6,1657.2,0.1,25.0,65.2,81.73,106.47,89.15,91.3,88.65,83.72,94.7,91.66,81.09,64.36,74.51,70.38,0.8633,0.8239,0.8697,0.9054,0.9184,0.9574,0.9857,1.2368,0.7282,0.7026,0.7591,0.8084,0.7923,0.7279,0.7787,0.9924,0.8108,0.7714,0.8378,0.8588,0.8673,0.8697,0.9167,0.974,0.0,0.0,0.0,0.0,15.0,0.0,0.0,0.0,0.0,0.0,0.0,2.0,13.0,20.0,0.0,0.0,0.0,0.0,0.0,0.0,0.0,0.0,0.0,0.0,0.7798,0.6839,0.739,0.7841,0.7738,0.7618,0.824,0.929,0.0,0.0,0.0,14.0,10.0,5.0,3.0,0.0,124.76,67.0
5,2023,47.58,41.34,39.93,45.53,35.59,300.0,0.0,0.0,147.0,0.0,0.9055,0.8905,0.913,0.9875,0.9863,1.0208,1.0628,1.1609,0.8944,0.8858,0.9268,0.96,1.0045,1.0305,1.0744,1.3201,34.11,27.14,88.42,232.5,93.88,80.14,94.94,119.91,27.0,4.0,0.0,6.0,19.0,17.0,17.0,12.0,0.0,0.0,0.0,0.0,15.0,0.0,0.0,0.0,66.5,52.53,265.35,278.0,150.0,140.09,145.0,182.83,37.41,34.95,39.51,35.62,30.89,31.79,32.75,32.8,27.52,100.33,817.2,319.0,1011.8,339.6,576.3,1665.2,0.1,24.8,69.9,87.63,110.28,98.04,110.23,101.3,92.04,104.92,101.38,101.7,79.47,79.34,74.55,0.8944,0.8875,0.927,0.9582,0.9916,1.0231,1.0566,1.3192,0.837,0.8135,0.8807,0.9157,0.9003,0.8623,0.9176,1.1228,0.892,0.8747,0.9157,0.935,0.9405,0.9483,0.997,1.0432,0.0,0.0,0.0,0.0,15.0,0.0,0.0,0.0,0.0,0.0,0.0,2.0,13.0,20.0,0.0,0.0,0.0,0.0,0.0,0.0,0.0,0.0,0.0,0.0,0.8209,0.7323,0.7748,0.8128,0.8208,0.8037,0.8583,0.9775,0.0,0.0,0.0,14.0,10.0,5.0,3.0,0.0,45.09,205.0
6,2024,52.73,45.94,45.57,40.66,29.66,457.0,247.0,196.0,352.0,0.0,1.0721,1.0666,1.0695,1.1114,1.1422,1.1649,1.1869,1.1971,0.9586,0.9629,0.9956,1.044,1.1035,1.168,1.2294,1.3903,40.38,32.5,103.58,261.66,108.71,91.46,106.03,123.65,27.0,4.0,0.0,6.0,19.0,17.0,17.0,12.0,0.0,0.0,0.0,0.0,15.0,0.0,0.0,4.0,65.0,51.73,254.76,268.04,146.73,136.59,138.86,178.83,41.26,38.43,42.84,38.62,33.81,34.43,35.17,33.73,9.2,41.37,829.7,319.1,1105.6,425.8,884.9,1668.5,10.6,24.9,79.4,102.13,125.37,118.95,124.03,101.6,86.89,105.41,101.94,125.51,107.03,91.13,84.3,0.9565,0.9624,0.9939,1.0422,1.0883,1.1476,1.1996,1.3826,1.0065,0.9742,1.0259,1.0545,1.0702,1.0888,1.1352,1.248,1.0079,1.0152,1.0194,1.0375,1.0589,1.0694,1.0933,1.0914,0.0,0.0,0.0,0.0,15.0,0.0,0.0,0.0,0.0,0.0,0.0,2.0,13.0,20.0,0.0,0.0,0.0,0.0,0.0,0.0,0.0,0.0,0.0,0.0,0.8888,0.8329,0.8566,0.9081,0.9437,0.9096,0.9542,1.023,0.0,0.0,0.0,14.0,10.0,5.0,3.0,0.0,37.16,235.0
7,2025,52.09,47.61,46.44,46.38,29.69,576.0,556.0,200.0,513.0,0.0,1.1763,1.1929,1.1878,1.1791,1.182,1.19,1.2039,1.1432,1.0297,1.0354,1.0603,1.0961,1.1621,1.2049,1.2756,1.2694,44.31,36.35,115.04,277.6,112.5,93.43,107.54,118.08,27.0,4.0,0.0,6.0,19.0,17.0,17.0,12.0,0.0,0.0,0.0,0.0,15.0,0.0,0.0,4.0,63.64,50.92,248.02,260.79,143.9,133.02,134.42,175.0,43.1,40.07,44.27,39.48,34.58,34.85,34.87,31.37,5.01,101.11,845.8,319.2,1126.7,472.1,976.8,1659.6,133.3,25.0,82.3,127.19,151.48,127.16,105.41,83.81,71.39,100.08,90.5,110.38,114.36,115.07,97.0,1.0245,1.031,1.0556,1.0928,1.1462,1.1775,1.2433,1.235,1.1347,1.1154,1.1486,1.1396,1.1734,1.2625,1.2872,1.2639,1.0928,1.1004,1.1008,1.101,1.1265,1.1316,1.1267,1.0878,0.0,0.0,0.0,0.0,15.0,0.0,0.0,0.0,0.0,0.0,0.0,2.0,13.0,20.0,1.0,0.0,0.0,0.0,0.0,0.0,0.0,0.0,0.0,0.0,0.9912,0.9376,0.9453,1.0415,1.0449,1.0343,1.0479,1.0405,0.0,0.0,0.0,14.0,13.0,5.0,3.0,0.0,47.8,238.0
8,,,,,,,,,,,,1.1559,1.1741,1.1647,1.1165,1.1216,1.0695,1.0825,0.9598,1.0604,1.0647,1.0697,1.0756,1.1047,1.0979,1.0803,0.9042,43.54,35.78,112.8,262.88,106.75,83.97,96.7,99.14,27.0,6.0,0.0,6.0,19.0,17.0,17.0,12.0,0.0,0.0,0.0,0.0,15.0,0.0,0.0,4.0,62.01,50.27,240.45,255.0,141.39,130.0,130.86,172.48,42.1,38.89,43.02,37.47,32.56,32.37,31.38,25.87,57.01,155.46,859.2,318.9,1070.8,445.4,777.3,1595.8,505.0,24.9,71.2,151.04,165.83,109.53,76.52,53.47,43.5,83.98,69.51,84.41,98.19,120.69,108.45,1.0541,1.0586,1.0666,1.0733,1.0906,1.0803,1.0752,0.8763,1.157,1.1506,1.1565,1.1131,1.1501,1.194,1.2031,1.0404,1.1114,1.1178,1.11,1.079,1.1136,1.1055,1.084,1.0277,0.0,0.0,0.0,0.0,15.0,0.0,0.0,0.0,0.0,0.0,0.0,2.0,13.0,20.0,1.0,0.0,0.0,0.0,0.0,0.0,0.0,0.0,0.0,0.0,1.0735,1.0279,1.0453,1.0992,1.0812,1.0919,1.0944,1.0249,0.0,0.0,0.0,14.0,13.0,5.0,3.0,0.0,,
9,,,,,,,,,,,,1.092,1.087,1.0992,1.0175,0.9948,0.9075,0.871,0.7503,1.0666,1.0562,1.0427,1.0114,0.9602,0.8981,0.7847,0.5451,41.13,33.12,106.46,239.56,94.68,71.25,77.8,77.5,27.0,6.0,0.0,6.0,19.0,17.0,17.0,12.0,0.0,0.0,0.0,0.0,15.0,0.0,0.0,4.0,60.8,49.87,234.04,250.0,139.48,127.32,127.94,169.52,40.03,36.63,40.73,34.44,29.43,28.73,26.71,19.87,84.79,164.88,853.1,318.3,965.8,350.8,455.1,1494.5,1047.6,25.0,53.5,136.53,144.35,85.65,50.32,24.37,20.36,68.65,49.58,59.87,82.71,109.26,106.1,1.0613,1.0542,1.0416,1.0145,0.9592,0.8987,0.8079,0.5647,1.1247,1.1187,1.1127,1.0563,1.052,1.0219,0.9498,0.757,1.0666,1.0589,1.07,1.0198,1.0305,1.011,0.9847,0.9264,0.0,0.0,0.0,0.0,15.0,0.0,0.0,0.0,0.0,0.0,0.0,2.0,13.0,20.0,1.0,0.0,0.0,0.0,0.0,0.0,0.0,0.0,0.0,0.0,1.0805,1.063,1.0588,1.0776,1.0689,1.0751,1.0419,0.9555,0.0,0.0,0.0,14.0,13.0,5.0,3.0,0.0,,
10,,,,,,,,,,,,1.0408,1.0181,1.0419,0.9349,0.894,0.7729,0.7065,0.5765,1.0601,1.0421,1.0062,0.9489,0.846,0.7428,0.5911,0.3467,39.2,31.02,100.9,220.11,85.08,60.68,63.11,59.54,27.0,6.0,0.0,6.0,19.0,17.0,17.0,12.0,0.0,0.0,0.0,0.0,15.0,0.0,0.0,4.0,59.97,49.16,228.86,247.37,137.67,124.98,125.21,166.03,38.31,34.97,38.91,31.96,26.86,25.64,22.92,15.29,69.05,144.12,844.6,317.2,835.5,278.4,242.0,1402.4,1544.9,25.0,41.1,122.9,125.57,60.76,32.54,10.25,7.7,58.29,31.17,41.91,71.64,100.13,98.27,1.0563,1.0414,1.0066,0.9554,0.8738,0.7594,0.6216,0.4091,1.0959,1.0892,1.0645,1.0268,0.9623,0.8568,0.75,0.5491,1.0106,1.0036,1.0281,0.9813,0.9468,0.9284,0.8928,0.8329,0.0,0.0,0.0,0.0,15.0,0.0,0.0,0.0,0.0,0.0,0.0,2.0,13.0,20.0,1.0,0.0,0.0,0.0,0.0,0.0,0.0,0.0,0.0,0.0,1.0602,1.0818,1.0586,1.0524,1.0458,1.0432,0.9854,0.9022,0.0,0.0,0.0,14.0,14.0,5.0,3.0,0.0,,
11,,,,,,,,,,,,0.9913,0.9603,0.9974,0.8741,0.8147,0.6775,0.5853,0.438,1.0513,1.0356,0.9774,0.9186,0.7939,0.6619,0.4989,0.2722,37.34,29.26,96.6,205.8,77.54,53.19,52.28,45.24,27.0,6.0,0.0,6.0,23.0,17.0,17.0,12.0,0.0,0.0,0.0,0.0,15.0,0.0,0.0,4.0,59.38,48.42,223.0,243.47,135.72,122.58,123.49,162.22,36.71,33.53,37.38,30.06,24.93,23.44,20.23,12.32,83.58,122.34,846.2,316.8,749.1,239.0,158.0,1334.5,1883.1,25.0,35.0,113.51,113.85,43.27,15.27,-3.64,-2.04,46.74,19.29,30.57,62.14,97.2,94.99,1.0493,1.036,0.9779,0.9218,0.8245,0.6847,0.5296,0.3387,1.0631,1.0765,1.0397,1.0117,0.9039,0.7729,0.662,0.4349,0.9436,0.9628,0.9903,0.9478,0.8816,0.8501,0.813,0.7513,0.0,0.0,0.0,0.0,15.0,0.0,0.0,0.0,0.0,0.0,0.0,2.0,16.0,20.0,1.0,0.0,0.0,0.0,0.0,0.0,0.0,0.0,0.0,0.0,1.008,1.0392,1.0282,0.9978,0.999,0.9881,0.9064,0.8345,0.0,0.0,0.0,14.0,17.0,5.0,3.0,0.0,,
12,,,,,,,,,,,,0.9352,0.8779,0.9344,0.8171,0.7407,0.6043,0.5145,0.3428,1.0429,1.0237,0.9592,0.9013,0.7607,0.6263,0.4519,0.2419,35.23,26.75,90.49,192.37,70.5,47.45,45.96,35.4,27.0,6.0,0.0,6.0,24.0,17.0,17.0,12.0,0.0,0.0,0.0,0.0,15.0,0.0,0.0,4.0,58.9,47.86,218.3,240.0,134.0,120.72,121.16,158.74,35.54,32.21,36.01,28.87,23.71,22.16,18.94,11.03,83.75,146.66,849.2,316.9,676.3,226.5,131.0,1302.0,2056.2,25.1,32.1,107.55,107.68,36.49,3.01,-12.15,-10.09,37.76,12.42,25.52,57.73,96.28,93.01,1.0416,1.0243,0.9595,0.9046,0.7942,0.6445,0.4846,0.296,1.0124,1.0217,0.9822,0.9605,0.8216,0.6904,0.5817,0.3253,0.902,0.9131,0.9563,0.9086,0.836,0.8089,0.774,0.718,0.0,0.0,0.0,0.0,15.0,0.0,0.0,0.0,0.0,0.0,0.0,2.0,16.0,20.0,1.0,0.0,0.0,0.0,0.0,0.0,0.0,0.0,0.0,0.0,0.9844,1.027,1.0169,0.9729,0.9621,0.9633,0.864,0.7982,0.0,0.0,0.0,14.0,17.0,5.0,3.0,0.0,,
13,,,,,,,,,,,,0.9051,0.8265,0.896,0.794,0.7126,0.5981,0.5226,0.3493,1.0159,0.9968,0.9367,0.8689,0.7224,0.5992,0.4236,0.2483,34.09,25.19,86.77,186.94,67.82,46.96,46.68,36.08,34.0,6.0,0.0,6.0,24.0,17.0,17.0,12.0,0.0,0.0,0.0,0.0,15.0,0.0,0.0,4.0,58.58,47.08,214.48,237.2,132.24,119.0,119.39,155.3,35.22,31.81,35.4,28.71,23.53,22.11,19.07,10.94,100.0,223.09,848.5,317.7,623.8,218.1,112.2,1305.0,2089.6,25.2,30.0,106.49,107.43,31.69,4.17,-10.12,-10.45,34.96,14.06,29.07,61.08,99.72,95.86,1.0159,0.9978,0.9372,0.8723,0.7539,0.6153,0.4539,0.2824,0.9583,0.95,0.9216,0.9412,0.7746,0.6325,0.5163,0.3173,0.9199,0.8981,0.9504,0.9108,0.8381,0.8234,0.7947,0.7401,0.0,0.0,0.0,0.0,15.0,0.0,0.0,0.0,0.0,0.0,0.0,2.0,16.0,20.0,1.0,0.0,0.0,0.0,0.0,0.0,0.0,0.0,0.0,0.0,0.968,1.0051,0.9964,0.9555,0.9307,0.9325,0.8393,0.7731,0.0,0.0,0.0,14.0,17.0,5.0,3.0,0.0,,
14,,,,,,,,,,,,0.9249,0.8626,0.9237,0.8391,0.7757,0.6839,0.6303,0.4667,0.9788,0.9489,0.8967,0.8403,0.6924,0.5827,0.4205,0.2521,34.84,26.28,89.46,197.55,73.83,53.7,56.3,48.2,38.0,6.0,0.0,6.0,24.0,17.0,17.0,12.0,0.0,0.0,0.0,0.0,15.0,0.0,0.0,4.0,58.09,46.53,207.76,233.96,130.44,117.11,117.56,151.49,36.21,32.78,36.34,30.1,24.94,23.84,21.16,13.03,97.99,184.03,864.2,317.8,602.2,217.6,115.5,1326.4,2046.1,25.2,30.0,110.83,113.07,41.59,20.15,2.83,-1.62,43.45,24.93,39.96,72.29,107.94,103.84,0.9838,0.9514,0.8997,0.8432,0.7319,0.6105,0.4539,0.2717,0.937,0.9105,0.9082,0.9274,0.8035,0.6619,0.5486,0.389,0.9643,0.9307,0.9754,0.9392,0.8869,0.8788,0.8489,0.79,0.0,0.0,0.0,0.0,15.0,0.0,0.0,0.0,0.0,0.0,0.0,2.0,16.0,20.0,1.0,0.0,0.0,0.0,0.0,0.0,0.0,0.0,0.0,0.0,0.9606,0.9681,0.9868,0.9521,0.9204,0.9249,0.8502,0.7748,0.0,0.0,0.0,14.0,17.0,5.0,3.0,0.0,,
15,,,,,,,,,,,,0.9734,0.9492,0.9899,0.9193,0.8939,0.8611,0.8081,0.6649,0.958,0.9305,0.8911,0.8328,0.7056,0.6051,0.4749,0.2976,36.67,28.92,95.87,216.43,85.08,67.61,72.18,68.68,38.0,7.0,0.0,6.0,28.0,17.0,17.0,12.0,0.0,0.0,0.0,0.0,15.0,0.0,0.0,4.0,57.75,46.07,202.0,230.04,129.74,115.74,115.86,145.85,38.4,35.06,38.7,32.99,28.0,27.45,25.34,17.74,107.72,377.99,865.3,318.1,614.1,233.8,136.9,1367.4,1891.3,25.3,33.2,126.53,124.79,68.58,38.34,20.27,11.14,59.61,39.34,57.64,85.31,123.76,114.12,0.9669,0.937,0.8952,0.8369,0.7412,0.6291,0.5022,0.3117,0.9432,0.934,0.9362,0.9403,0.8641,0.7648,0.6518,0.4949,1.0244,0.997,1.0199,0.992,0.9543,0.9703,0.9456,0.8884,0.0,0.0,0.0,0.0,15.0,0.0,0.0,0.0,0.0,0.0,0.0,2.0,16.0,20.0,1.0,0.0,0.0,0.0,0.0,0.0,0.0,0.0,0.0,0.0,0.9825,0.9832,1.0104,0.976,0.9567,0.9587,0.9014,0.8303,0.0,0.0,0.0,14.0,17.0,5.0,3.0,0.0,,
16,,,,,,,,,,,,1.0838,1.1067,1.1178,1.0711,1.0617,1.1057,1.0732,0.9572,0.9694,0.9609,0.9452,0.8761,0.7961,0.7343,0.6319,0.4274,40.82,33.72,108.26,252.18,101.05,86.81,95.86,98.86,38.0,7.0,0.0,6.0,28.0,17.0,17.0,12.0,0.0,0.0,0.0,0.0,15.0,0.0,0.0,4.0,57.32,45.56,198.41,227.98,128.36,114.3,114.72,139.99,41.8,38.78,42.62,37.41,32.66,32.77,31.31,24.72,115.03,199.65,892.2,318.1,669.5,267.3,224.2,1418.8,1600.8,25.3,43.0,141.56,142.01,97.27,70.05,48.48,41.59,81.27,72.14,91.49,109.29,138.86,119.47,0.9756,0.9662,0.9471,0.8774,0.8187,0.7477,0.6495,0.4344,1.0143,1.0275,1.0247,1.0201,0.992,0.9238,0.846,0.7059,1.0812,1.0884,1.0705,1.0558,1.0415,1.0654,1.0609,1.0171,0.0,0.0,0.0,0.0,15.0,0.0,0.0,0.0,0.0,0.0,0.0,2.0,16.0,20.0,1.0,0.0,0.0,0.0,0.0,0.0,0.0,0.0,0.0,0.0,1.0693,1.0919,1.1253,1.0612,1.028,1.0618,1.0155,0.9354,0.0,0.0,0.0,14.0,17.0,5.0,3.0,0.0,,
17,,,,,,,,,,,,1.2255,1.3113,1.2771,1.2462,1.2757,1.4067,1.3794,1.2726,1.0079,1.0327,1.0329,0.9737,0.9571,0.9409,0.9031,0.6572,46.16,39.96,123.69,293.42,121.42,110.44,123.22,131.45,38.0,7.0,0.0,6.0,28.0,17.0,17.0,12.0,0.0,0.0,0.0,0.0,16.0,0.0,0.0,4.0,56.94,45.07,194.06,225.01,126.96,112.83,113.55,135.14,45.63,43.05,46.92,42.17,37.6,38.29,37.88,33.53,114.72,208.13,950.8,318.4,839.4,359.7,545.6,1470.2,1129.6,25.3,60.3,162.17,164.93,130.86,107.61,89.62,78.67,97.09,100.64,142.1,141.56,148.24,118.7,1.0092,1.0327,1.0327,0.9735,0.9629,0.9385,0.911,0.6542,1.1538,1.196,1.1666,1.1443,1.1958,1.2,1.1599,1.0659,1.173,1.2198,1.1492,1.1515,1.1565,1.1829,1.1666,1.1462,0.0,0.0,0.0,0.0,16.0,0.0,0.0,0.0,0.0,0.0,0.0,2.0,16.0,20.0,1.0,0.0,0.0,0.0,0.0,0.0,0.0,0.0,0.0,0.0,1.185,1.2941,1.2828,1.2001,1.1794,1.2285,1.2045,1.1167,0.0,0.0,0.0,14.0,17.0,5.0,3.0,0.0,,
18,,,,,,,,,,,,1.3174,1.4441,1.3402,1.3545,1.4525,1.6145,1.5787,1.5416,1.063,1.12,1.1264,1.1094,1.174,1.2047,1.2701,1.1413,49.62,44.01,129.8,318.91,138.24,126.76,141.02,159.23,38.0,7.0,0.0,6.0,28.0,17.0,17.0,12.0,0.0,0.0,0.0,0.0,21.0,2.0,0.0,4.0,56.56,44.86,190.83,222.78,125.64,111.36,112.2,131.31,47.55,45.25,49.16,44.65,40.27,41.27,41.7,39.81,115.01,167.85,1016.0,319.1,1168.9,536.5,1204.0,1513.6,585.6,25.4,83.7,154.3,172.99,164.98,138.62,117.37,107.69,117.32,133.32,196.43,146.06,134.87,111.88,1.0591,1.1169,1.1252,1.1072,1.1562,1.1992,1.2649,1.1082,1.2549,1.3513,1.2727,1.2507,1.3582,1.4914,1.531,1.5175,1.2614,1.3396,1.2175,1.2487,1.3008,1.3253,1.2649,1.2567,0.0,0.0,0.0,0.0,21.0,2.0,0.0,0.0,0.0,0.0,0.0,2.0,16.0,20.0,1.0,0.0,0.0,0.0,0.0,0.0,0.0,0.0,0.0,0.0,1.2775,1.4606,1.4885,1.2846,1.2881,1.325,1.3414,1.2532,0.0,0.0,0.0,14.0,17.0,5.0,3.0,0.0,,
19,,,,,,,,,,,,1.2799,1.3655,1.2612,1.3122,1.3938,1.5878,1.5373,1.645,1.1092,1.1858,1.1846,1.2385,1.3689,1.4283,1.6149,1.6511,48.21,41.61,122.15,308.94,132.65,124.66,137.33,169.91,38.0,7.0,0.0,6.0,28.0,17.0,17.0,12.0,0.0,0.0,0.0,0.0,21.0,2.0,0.0,4.0,56.26,44.45,187.82,220.26,124.59,110.0,110.94,127.36,46.65,44.36,48.37,43.87,39.65,40.82,41.67,41.26,107.51,159.04,1032.5,320.2,1488.9,706.5,1811.5,1539.7,180.5,25.5,105.4,138.4,161.08,156.22,144.38,145.18,143.12,137.6,144.5,145.46,108.44,121.34,104.67,1.1045,1.1819,1.1834,1.2355,1.349,1.4127,1.5933,1.5871,1.2311,1.2996,1.2472,1.2366,1.3619,1.5253,1.6225,1.7094,1.2736,1.334,1.1886,1.2406,1.3131,1.3272,1.2891,1.2902,0.0,0.0,0.0,0.0,21.0,2.0,0.0,0.0,0.0,0.0,0.0,2.0,16.0,20.0,1.0,0.0,0.0,0.0,0.0,0.0,0.0,0.0,0.0,0.0,1.2799,1.3896,1.3794,1.2762,1.3075,1.3217,1.3713,1.3262,0.0,0.0,0.0,14.0,17.0,5.0,3.0,0.0,,
20,,,,,,,,,,,,1.1608,1.1902,1.1297,1.1945,1.2454,1.3191,1.3475,1.5169,1.1317,1.2032,1.189,1.2729,1.4044,1.5666,1.7713,1.8921,43.73,36.27,109.42,281.23,118.53,103.56,120.37,156.68,38.0,7.0,0.0,6.0,28.0,17.0,17.0,12.0,0.0,0.0,0.0,0.0,21.0,2.0,0.0,4.0,56.02,44.01,184.58,218.5,123.0,108.78,109.85,124.82,43.68,41.36,45.54,40.98,36.89,38.26,39.1,39.16,114.41,583.4,1038.3,321.0,1640.3,816.1,2072.5,1574.7,19.9,25.4,115.1,121.49,143.7,132.12,118.3,128.36,143.15,137.74,121.17,107.36,89.02,106.32,97.76,1.1274,1.1996,1.1886,1.2702,1.3849,1.5552,1.7396,1.8374,1.1406,1.1632,1.1436,1.1447,1.254,1.4086,1.5049,1.617,1.188,1.2048,1.1014,1.1411,1.183,1.1876,1.1799,1.2227,0.0,0.0,0.0,0.0,21.0,2.0,0.0,0.0,0.0,0.0,0.0,2.0,16.0,20.0,1.0,0.0,0.0,0.0,0.0,0.0,0.0,0.0,0.0,0.0,1.1719,1.2302,1.1653,1.1759,1.2173,1.2175,1.2525,1.2922,0.0,0.0,0.0,14.0,17.0,5.0,3.0,0.0,,
21,,,,,,,,,,,,1.0661,1.0817,1.0279,1.1062,1.1294,1.1483,1.1921,1.3579,1.0931,1.1571,1.1361,1.2047,1.3159,1.4297,1.5968,1.7694,40.16,32.96,99.56,260.44,107.49,90.16,106.49,140.26,38.0,7.0,2.0,6.0,28.0,17.0,17.0,12.0,0.0,0.0,0.0,0.0,21.0,2.0,0.0,4.0,55.78,43.66,180.3,216.01,121.88,107.2,108.61,122.05,40.61,38.4,42.71,38.08,33.93,35.43,36.15,36.2,113.54,301.15,1013.4,321.3,1576.2,731.7,1874.4,1612.0,0.2,25.4,104.1,109.97,129.95,114.94,104.39,110.03,118.92,121.88,106.01,93.74,81.64,97.46,90.89,1.0897,1.1552,1.1355,1.2022,1.2976,1.4193,1.5725,1.7333,1.093,1.0785,1.0677,1.0668,1.1592,1.3414,1.4276,1.533,1.07,1.0885,1.0152,1.0531,1.0598,1.0611,1.0864,1.1521,0.0,0.0,0.0,0.0,21.0,2.0,0.0,0.0,0.0,0.0,0.0,2.0,16.0,20.0,1.0,0.0,0.0,0.0,0.0,0.0,0.0,0.0,0.0,0.0,1.0919,1.1243,1.0385,1.097,1.1309,1.1284,1.1445,1.2173,0.0,0.0,0.0,14.0,17.0,5.0,3.0,0.0,,
22,,,,,,,,,,,,0.9764,0.9834,0.9357,1.0077,1.034,1.0355,1.087,1.2266,1.0384,1.0688,1.064,1.1015,1.1978,1.2844,1.3924,1.5608,36.78,29.96,90.63,237.25,98.41,81.3,97.1,126.7,38.0,7.0,2.0,6.0,28.0,17.0,17.0,12.0,0.0,0.0,0.0,0.0,21.0,2.0,0.0,4.0,55.51,43.21,177.0,214.9,120.58,105.63,107.32,119.75,37.49,35.39,39.79,35.24,31.02,32.54,33.23,33.31,113.7,238.6,961.4,321.5,1412.6,577.0,1430.4,1634.6,0.1,25.6,91.2,105.44,124.96,106.91,93.56,95.93,99.88,107.74,95.75,81.02,73.23,93.76,89.02,1.0358,1.0676,1.0626,1.0995,1.1825,1.2758,1.378,1.5458,1.0322,1.0283,1.0044,1.0114,1.0771,1.2482,1.3032,1.4165,0.9616,0.9734,0.9505,0.9902,0.9941,0.9941,1.0255,1.0684,0.0,0.0,0.0,0.0,21.0,2.0,0.0,0.0,0.0,0.0,0.0,2.0,16.0,20.0,1.0,0.0,0.0,0.0,0.0,0.0,0.0,0.0,0.0,0.0,1.0143,1.038,0.9507,1.0152,1.0514,1.0351,1.0572,1.1328,0.0,0.0,0.0,14.0,17.0,5.0,3.0,0.0,,
23,,,,,,,,,,,,0.874,0.879,0.8442,0.9271,0.951,0.9563,1.0087,1.149,1.0153,1.0094,1.0209,1.0566,1.121,1.1828,1.2811,1.4561,32.92,26.79,81.76,218.28,90.51,75.08,90.11,118.68,38.0,7.0,2.0,6.0,28.0,17.0,17.0,12.0,0.0,0.0,0.0,0.0,21.0,2.0,0.0,6.0,55.26,42.93,173.89,212.6,119.96,104.44,106.43,117.79,34.32,32.36,36.82,32.54,28.27,29.82,30.42,30.76,58.23,159.03,887.8,321.2,1215.3,469.6,1071.6,1643.3,0.1,25.5,84.0,93.76,115.79,98.08,89.93,91.23,90.62,101.87,91.49,76.12,70.05,84.06,80.13,1.0143,1.0089,1.0216,1.0551,1.1062,1.1773,1.2685,1.4542,0.9486,0.9524,0.9338,0.933,0.9988,1.0767,1.1322,1.2804,0.9255,0.9238,0.9243,0.9389,0.9563,0.9548,0.9868,1.0565,0.0,0.0,0.0,0.0,21.0,2.0,0.0,2.0,0.0,0.0,0.0,2.0,16.0,20.0,1.0,0.0,0.0,0.0,0.0,0.0,0.0,0.0,0.0,0.0,0.9565,0.9448,0.8866,0.9368,0.9456,0.9401,0.9673,1.0376,0.0,0.0,0.0,14.0,17.0,5.0,3.0,0.0,,
24,,,,,,,,,,,,0.813,0.8075,0.8111,0.8721,0.8831,0.8994,0.9592,1.0962,0.9624,0.94,0.9829,1.0053,1.0393,1.0911,1.1575,1.3657,30.62,24.6,78.56,205.34,84.05,70.62,85.68,113.23,38.0,7.0,2.0,6.0,28.0,22.0,17.0,12.0,0.0,0.0,0.0,0.0,21.0,2.0,0.0,6.0,55.04,42.61,168.84,210.25,118.76,102.98,105.42,115.12,32.24,30.32,34.74,30.73,26.36,27.86,28.48,29.01,40.6,116.23,822.4,321.1,1105.7,399.1,767.5,1646.7,0.1,25.7,76.2,94.44,112.77,95.07,84.19,84.48,83.39,95.21,85.94,72.22,64.59,82.19,75.67,0.9671,0.9414,0.9837,1.0047,1.0263,1.0869,1.1509,1.3656,0.8771,0.8444,0.8754,0.8729,0.9083,0.9339,0.9906,1.1952,0.889,0.8659,0.8998,0.9074,0.9209,0.9179,0.9508,1.019,0.0,0.0,0.0,0.0,21.0,2.0,0.0,2.0,0.0,0.0,0.0,2.0,16.0,21.0,1.0,0.0,0.0,0.0,0.0,0.0,0.0,0.0,0.0,0.0,0.8795,0.8015,0.8081,0.8594,0.8655,0.863,0.9053,0.9842,0.0,0.0,0.0,14.0,17.0,5.0,3.0,0.0,,
25,,,,,,,,,,,,,,,,,,,,,,,,,,,,,,,,,,,,38.0,7.0,2.0,6.0,28.0,22.0,17.0,12.0,0.0,0.0,0.0,0.0,21.0,2.0,0.0,12.0,54.94,42.22,162.82,208.97,117.62,101.72,104.72,113.0,,,,,,,,,63.55,151.0,,,,,,,,,,,,,,,,,,,,,,,,,,,,,,,,,,,,,,,,,,,,,,0.0,0.0,0.0,0.0,21.0,2.0,0.0,8.0,0.0,0.0,0.0,2.0,16.0,21.0,1.0,0.0,0.0,0.0,0.0,0.0,0.0,0.0,0.0,0.0,,,,,,,,,0.0,0.0,0.0,14.0,17.0,5.0,3.0,0.0,,
26,,,,,,,,,,,,,,,,,,,,,,,,,,,,,,,,,,,,38.0,7.0,2.0,6.0,28.0,22.0,17.0,12.0,0.0,0.0,0.0,0.0,21.0,2.0,0.0,12.0,54.66,41.94,157.7,206.4,116.08,100.28,103.87,110.85,,,,,,,,,23.89,132.77,,,,,,,,,,,,,,,,,,,,,,,,,,,,,,,,,,,,,,,,,,,,,,0.0,0.0,0.0,0.0,21.0,2.0,0.0,8.0,0.0,0.0,0.0,2.0,16.0,21.0,1.0,0.0,0.0,0.0,0.0,0.0,0.0,0.0,0.0,0.0,,,,,,,,,0.0,0.0,0.0,14.0,17.0,5.0,3.0,0.0,,
27,,,,,,,,,,,,,,,,,,,,,,,,,,,,,,,,,,,,38.0,7.0,2.0,6.0,28.0,22.0,17.0,12.0,0.0,0.0,0.0,0.0,21.0,2.0,1.0,12.0,54.47,41.63,152.54,204.86,115.09,99.64,102.68,108.4,,,,,,,,,10.1,118.67,,,,,,,,,,,,,,,,,,,,,,,,,,,,,,,,,,,,,,,,,,,,,,0.0,0.0,0.0,0.0,21.0,2.0,1.0,8.0,0.0,0.0,0.0,2.0,16.0,21.0,2.0,0.0,0.0,0.0,0.0,0.0,0.0,0.0,0.0,0.0,,,,,,,,,0.0,0.0,0.0,14.0,17.0,5.0,3.0,0.0,,
28,,,,,,,,,,,,,,,,,,,,,,,,,,,,,,,,,,,,38.0,7.0,2.0,6.0,28.0,22.0,17.0,12.0,0.0,0.0,0.0,0.0,21.0,2.0,9.0,12.0,54.1,41.36,147.35,202.6,114.21,98.6,101.45,106.43,,,,,,,,,57.33,149.6,,,,,,,,,,,,,,,,,,,,,,,,,,,,,,,,,,,,,,,,,,,,,,0.0,0.0,0.0,0.0,21.0,2.0,9.0,8.0,0.0,0.0,0.0,2.0,16.0,21.0,4.0,0.0,0.0,0.0,0.0,0.0,0.0,0.0,0.0,0.0,,,,,,,,,0.0,0.0,0.0,14.0,17.0,5.0,3.0,0.0,,
29,,,,,,,,,,,,,,,,,,,,,,,,,,,,,,,,,,,,38.0,7.0,2.0,6.0,28.0,22.0,17.0,12.0,0.0,0.0,0.0,0.0,21.0,2.0,9.0,12.0,53.96,41.06,141.42,200.49,113.21,96.9,100.39,104.24,,,,,,,,,75.64,150.09,,,,,,,,,,,,,,,,,,,,,,,,,,,,,,,,,,,,,,,,,,,,,,0.0,0.0,0.0,0.0,21.0,2.0,9.0,8.0,0.0,0.0,0.0,2.0,16.0,21.0,4.0,0.0,0.0,0.0,0.0,0.0,0.0,0.0,0.0,0.0,,,,,,,,,0.0,0.0,0.0,14.0,17.0,5.0,3.0,0.0,,
30,,,,,,,,,,,,,,,,,,,,,,,,,,,,,,,,,,,,38.0,8.0,2.0,6.0,28.0,22.0,17.0,12.0,0.0,0.0,0.0,0.0,21.0,2.0,13.0,18.0,53.6,40.7,137.78,199.84,112.16,95.41,99.62,102.91,,,,,,,,,92.43,180.36,,,,,,,,,,,,,,,,,,,,,,,,,,,,,,,,,,,,,,,,,,,,,,0.0,0.0,0.0,0.0,21.0,2.0,13.0,18.0,0.0,0.0,0.0,2.0,16.0,21.0,4.0,0.0,0.0,0.0,0.0,0.0,0.0,0.0,0.0,0.0,,,,,,,,,0.0,0.0,0.0,14.0,17.0,5.0,3.0,0.0,,
31,,,,,,,,,,,,,,,,,,,,,,,,,,,,,,,,,,,,38.0,13.0,2.0,6.0,28.0,22.0,17.0,12.0,0.0,0.0,6.0,0.0,21.0,2.0,13.0,35.0,53.29,40.37,132.5,197.65,111.0,94.2,98.21,101.15,,,,,,,,,113.12,185.26,,,,,,,,,,,,,,,,,,,,,,,,,,,,,,,,,,,,,,,,,,,,,,0.0,0.0,6.0,0.0,21.0,2.0,13.0,35.0,0.0,0.0,0.0,2.0,16.0,21.0,4.0,0.0,0.0,0.0,0.0,0.0,0.0,0.0,0.0,0.0,,,,,,,,,0.0,0.0,0.0,14.0,17.0,5.0,3.0,0.0,,
32,,,,,,,,,,,,,,,,,,,,,,,,,,,,,,,,,,,,38.0,24.0,2.0,6.0,28.0,22.0,17.0,12.0,0.0,0.0,10.0,0.0,21.0,2.0,13.0,39.0,53.03,40.1,127.38,195.98,110.01,92.28,96.84,99.38,,,,,,,,,103.4,168.27,,,,,,,,,,,,,,,,,,,,,,,,,,,,,,,,,,,,,,,,,,,,,,0.0,0.0,10.0,0.0,21.0,2.0,13.0,47.0,0.0,1.0,0.0,2.0,16.0,21.0,4.0,0.0,0.0,0.0,0.0,0.0,0.0,0.0,0.0,0.0,,,,,,,,,0.0,2.0,0.0,14.0,17.0,5.0,3.0,0.0,,
33,,,,,,,,,,,,,,,,,,,,,,,,,,,,,,,,,,,,38.0,31.0,2.0,6.0,28.0,22.0,17.0,12.0,0.0,0.0,10.0,0.0,21.0,2.0,13.0,49.0,52.84,40.0,122.81,194.6,109.48,90.57,95.15,97.92,,,,,,,,,111.88,173.95,,,,,,,,,,,,,,,,,,,,,,,,,,,,,,,,,,,,,,,,,,,,,,0.0,0.0,10.0,0.0,21.0,2.0,13.0,65.0,0.0,1.0,0.0,2.0,16.0,21.0,4.0,0.0,0.0,0.0,0.0,0.0,0.0,0.0,0.0,0.0,,,,,,,,,0.0,2.0,0.0,14.0,17.0,5.0,3.0,0.0,,
34,,,,,,,,,,,,,,,,,,,,,,,,,,,,,,,,,,,,38.0,31.0,2.0,6.0,28.0,22.0,17.0,12.0,0.0,0.0,10.0,0.0,21.0,2.0,13.0,58.0,52.54,39.79,119.97,192.42,108.26,89.73,93.94,96.33,,,,,,,,,115.29,243.23,,,,,,,,,,,,,,,,,,,,,,,,,,,,,,,,,,,,,,,,,,,,,,0.0,0.0,10.0,0.0,21.0,2.0,13.0,79.0,0.0,1.0,0.0,2.0,16.0,21.0,4.0,0.0,0.0,0.0,0.0,0.0,0.0,0.0,0.0,0.0,,,,,,,,,0.0,5.0,0.0,14.0,17.0,5.0,3.0,0.0,,
35,,,,,,,,,,,,,,,,,,,,,,,,,,,,,,,,,,,,38.0,31.0,2.0,6.0,28.0,28.0,17.0,12.0,0.0,0.0,10.0,0.0,21.0,2.0,13.0,60.0,52.27,39.53,116.73,190.2,107.0,87.99,92.38,94.73,,,,,,,,,113.17,211.99,,,,,,,,,,,,,,,,,,,,,,,,,,,,,,,,,,,,,,,,,,,,,,0.0,0.0,10.0,0.0,21.0,2.0,13.0,85.0,0.0,1.0,0.0,2.0,16.0,21.0,4.0,0.0,0.0,0.0,0.0,0.0,0.0,0.0,0.0,0.0,,,,,,,,,0.0,5.0,0.0,14.0,17.0,8.0,3.0,0.0,,
36,,,,,,,,,,,,,,,,,,,,,,,,,,,,,,,,,,,,38.0,31.0,2.0,6.0,28.0,33.0,17.0,12.0,0.0,0.0,10.0,0.0,21.0,2.0,13.0,75.0,52.0,39.19,113.05,189.0,105.83,86.11,90.79,93.49,,,,,,,,,108.18,189.9,,,,,,,,,,,,,,,,,,,,,,,,,,,,,,,,,,,,,,,,,,,,,,0.0,0.0,10.0,0.0,21.0,2.0,13.0,102.0,0.0,1.0,0.0,2.0,16.0,21.0,4.0,0.0,0.0,0.0,0.0,0.0,0.0,0.0,0.0,0.0,,,,,,,,,0.0,5.0,0.0,14.0,17.0,11.0,3.0,0.0,,
37,,,,,,,,,,,,,,,,,,,,,,,,,,,,,,,,,,,,38.0,31.0,3.0,8.0,28.0,33.0,17.0,12.0,0.0,0.0,10.0,0.0,21.0,2.0,13.0,89.0,51.8,38.99,110.0,186.43,105.0,85.0,89.59,91.66,,,,,,,,,121.95,219.42,,,,,,,,,,,,,,,,,,,,,,,,,,,,,,,,,,,,,,,,,,,,,,0.0,0.0,10.0,0.0,21.0,2.0,13.0,116.0,0.0,1.0,0.0,2.0,16.0,21.0,4.0,0.0,0.0,0.0,0.0,0.0,0.0,0.0,0.0,0.0,,,,,,,,,0.0,5.0,0.0,17.0,17.0,11.0,3.0,0.0,,
38,,,,,,,,,,,,,,,,,,,,,,,,,,,,,,,,,,,,38.0,31.0,11.0,8.0,28.0,33.0,17.0,12.0,0.0,0.0,14.0,0.0,21.0,2.0,13.0,105.0,51.59,38.61,107.49,184.94,104.0,83.82,88.09,89.66,,,,,,,,,81.34,164.21,,,,,,,,,,,,,,,,,,,,,,,,,,,,,,,,,,,,,,,,,,,,,,0.0,0.0,14.0,0.0,21.0,2.0,13.0,135.0,0.0,1.0,4.0,2.0,16.0,21.0,4.0,0.0,0.0,0.0,0.0,0.0,0.0,0.0,0.0,0.0,,,,,,,,,0.0,5.0,4.0,17.0,17.0,11.0,3.0,0.0,,
39,,,,,,,,,,,,,,,,,,,,,,,,,,,,,,,,,,,,39.0,31.0,12.0,8.0,28.0,33.0,17.0,12.0,0.0,0.0,14.0,0.0,21.0,2.0,13.0,123.0,51.38,38.3,105.12,182.49,103.09,82.29,86.08,87.82,,,,,,,,,67.71,161.1,,,,,,,,,,,,,,,,,,,,,,,,,,,,,,,,,,,,,,,,,,,,,,0.0,0.0,14.0,0.0,21.0,2.0,13.0,153.0,0.0,1.0,4.0,2.0,16.0,21.0,4.0,0.0,0.0,0.0,0.0,0.0,0.0,0.0,0.0,0.0,,,,,,,,,0.0,5.0,4.0,17.0,17.0,11.0,3.0,0.0,,
40,,,,,,,,,,,,,,,,,,,,,,,,,,,,,,,,,,,,51.0,45.0,12.0,8.0,28.0,33.0,17.0,12.0,0.0,0.0,14.0,0.0,21.0,2.0,13.0,134.0,51.19,38.05,103.55,180.18,102.0,81.17,85.0,86.04,,,,,,,,,95.53,161.93,,,,,,,,,,,,,,,,,,,,,,,,,,,,,,,,,,,,,,,,,,,,,,0.0,0.0,15.0,0.0,21.0,2.0,13.0,166.0,0.0,1.0,4.0,2.0,16.0,21.0,4.0,0.0,0.0,0.0,0.0,0.0,0.0,0.0,0.0,0.0,,,,,,,,,0.0,5.0,4.0,17.0,17.0,11.0,3.0,0.0,,
41,,,,,,,,,,,,,,,,,,,,,,,,,,,,,,,,,,,,52.0,51.0,12.0,8.0,28.0,33.0,17.0,12.0,0.0,0.0,14.0,0.0,21.0,10.0,13.0,148.0,51.0,37.82,101.47,179.9,101.0,79.96,83.34,84.21,,,,,,,,,77.45,181.36,,,,,,,,,,,,,,,,,,,,,,,,,,,,,,,,,,,,,,,,,,,,,,0.0,0.0,18.0,0.0,21.0,10.0,13.0,181.0,0.0,1.0,4.0,2.0,16.0,21.0,4.0,0.0,0.0,0.0,0.0,0.0,0.0,0.0,0.0,0.0,,,,,,,,,0.0,5.0,4.0,17.0,17.0,11.0,3.0,0.0,,
42,,,,,,,,,,,,,,,,,,,,,,,,,,,,,,,,,,,,56.0,54.0,12.0,8.0,28.0,33.0,17.0,12.0,0.0,0.0,14.0,0.0,21.0,10.0,13.0,163.0,50.87,37.55,100.03,178.04,100.0,78.05,82.03,82.33,,,,,,,,,71.1,168.19,,,,,,,,,,,,,,,,,,,,,,,,,,,,,,,,,,,,,,,,,,,,,,0.0,0.0,18.0,0.0,21.0,10.0,13.0,203.0,0.0,1.0,4.0,2.0,16.0,21.0,4.0,7.0,0.0,0.0,0.0,0.0,0.0,0.0,0.0,0.0,,,,,,,,,0.0,5.0,4.0,17.0,17.0,11.0,3.0,0.0,,
43,,,,,,,,,,,,,,,,,,,,,,,,,,,,,,,,,,,,56.0,57.0,12.0,8.0,28.0,33.0,17.0,12.0,0.0,0.0,14.0,0.0,21.0,10.0,13.0,178.0,50.55,37.21,99.19,176.07,99.7,76.15,80.4,80.96,,,,,,,,,126.59,197.13,,,,,,,,,,,,,,,,,,,,,,,,,,,,,,,,,,,,,,,,,,,,,,0.0,0.0,18.0,0.0,21.0,10.0,13.0,218.0,0.0,1.0,4.0,2.0,16.0,21.0,4.0,13.0,0.0,0.0,0.0,0.0,0.0,0.0,0.0,0.0,,,,,,,,,0.0,6.0,4.0,17.0,17.0,11.0,3.0,0.0,,
44,,,,,,,,,,,,,,,,,,,,,,,,,,,,,,,,,,,,56.0,57.0,12.0,8.0,28.0,33.0,17.0,12.0,0.0,0.0,14.0,0.0,21.0,10.0,13.0,191.0,50.45,37.0,97.91,174.96,99.0,75.0,79.43,79.2,,,,,,,,,136.59,222.36,,,,,,,,,,,,,,,,,,,,,,,,,,,,,,,,,,,,,,,,,,,,,,0.0,0.0,18.0,0.0,21.0,10.0,13.0,236.0,0.0,1.0,4.0,2.0,16.0,21.0,4.0,13.0,0.0,0.0,0.0,0.0,0.0,0.0,0.0,0.0,,,,,,,,,0.0,6.0,4.0,17.0,17.0,11.0,3.0,0.0,,
45,,,,,,,,,,,,,,,,,,,,,,,,,,,,,,,,,,,,56.0,57.0,12.0,8.0,28.0,33.0,17.0,12.0,0.0,0.0,14.0,0.0,21.0,10.0,13.0,208.0,50.24,36.7,96.08,172.77,97.96,73.55,78.0,77.63,,,,,,,,,127.65,298.91,,,,,,,,,,,,,,,,,,,,,,,,,,,,,,,,,,,,,,,,,,,,,,0.0,0.0,18.0,0.0,21.0,10.0,13.0,253.0,0.0,1.0,4.0,2.0,16.0,21.0,4.0,14.0,0.0,0.0,0.0,0.0,0.0,0.0,0.0,0.0,,,,,,,,,0.0,6.0,4.0,17.0,17.0,11.0,3.0,0.0,,
46,,,,,,,,,,,,,,,,,,,,,,,,,,,,,,,,,,,,56.0,59.0,12.0,8.0,28.0,33.0,17.0,12.0,0.0,0.0,17.0,0.0,21.0,10.0,13.0,225.0,50.1,36.29,95.0,171.04,96.94,71.94,76.78,75.91,,,,,,,,,110.01,174.7,,,,,,,,,,,,,,,,,,,,,,,,,,,,,,,,,,,,,,,,,,,,,,0.0,0.0,21.0,0.0,21.0,10.0,13.0,272.0,0.0,1.0,4.0,2.0,16.0,21.0,4.0,18.0,0.0,0.0,0.0,0.0,0.0,0.0,0.0,0.0,,,,,,,,,0.0,6.0,4.0,17.0,17.0,11.0,3.0,0.0,,
47,,,,,,,,,,,,,,,,,,,,,,,,,,,,,,,,,,,,56.0,83.0,12.0,8.0,28.0,33.0,17.0,12.0,0.0,0.0,17.0,0.0,21.0,10.0,13.0,238.0,50.0,36.06,93.51,170.0,95.7,70.74,75.47,73.86,,,,,,,,,118.77,169.98,,,,,,,,,,,,,,,,,,,,,,,,,,,,,,,,,,,,,,,,,,,,,,0.0,0.0,21.0,0.0,21.0,10.0,13.0,288.0,0.0,5.0,4.0,2.0,16.0,21.0,4.0,27.0,0.0,0.0,0.0,0.0,0.0,0.0,0.0,0.0,,,,,,,,,0.0,8.0,4.0,17.0,17.0,11.0,3.0,0.0,,
48,,,,,,,,,,,,,,,,,,,,,,,,,,,,,,,,,,,,56.0,88.0,12.0,8.0,28.0,33.0,17.0,12.0,0.0,0.0,17.0,0.0,21.0,10.0,13.0,247.0,49.87,35.66,92.54,168.52,95.0,69.74,73.9,70.68,,,,,,,,,106.78,271.0,,,,,,,,,,,,,,,,,,,,,,,,,,,,,,,,,,,,,,,,,,,,,,0.0,0.0,21.0,0.0,21.0,10.0,13.0,297.0,0.0,5.0,4.0,2.0,16.0,21.0,4.0,30.0,0.0,0.0,0.0,0.0,0.0,0.0,0.0,0.0,,,,,,,,,0.0,8.0,4.0,17.0,17.0,11.0,3.0,0.0,,
49,,,,,,,,,,,,,,,,,,,,,,,,,,,,,,,,,,,,56.0,88.0,12.0,8.0,28.0,33.0,17.0,12.0,0.0,0.0,17.0,0.0,21.0,10.0,13.0,252.0,49.53,35.21,91.45,166.78,94.09,68.0,72.18,67.81,,,,,,,,,88.53,193.8,,,,,,,,,,,,,,,,,,,,,,,,,,,,,,,,,,,,,,,,,,,,,,0.0,0.0,21.0,0.0,21.0,10.0,13.0,302.0,0.0,5.0,4.0,2.0,16.0,21.0,4.0,31.0,0.0,0.0,0.0,0.0,0.0,0.0,0.0,0.0,,,,,,,,,0.0,8.0,4.0,17.0,17.0,11.0,3.0,0.0,,
50,,,,,,,,,,,,,,,,,,,,,,,,,,,,,,,,,,,,56.0,88.0,12.0,15.0,28.0,33.0,17.0,12.0,0.0,0.0,17.0,0.0,21.0,10.0,13.0,264.0,49.2,35.0,90.07,165.02,93.32,66.01,70.77,65.19,,,,,,,,,81.52,166.37,,,,,,,,,,,,,,,,,,,,,,,,,,,,,,,,,,,,,,,,,,,,,,0.0,0.0,21.0,0.0,21.0,10.0,13.0,312.0,0.0,5.0,4.0,2.0,16.0,21.0,4.0,33.0,0.0,0.0,0.0,0.0,0.0,0.0,0.0,0.0,,,,,,,,,0.0,8.0,4.0,17.0,17.0,11.0,3.0,0.0,,
51,,,,,,,,,,,,,,,,,,,,,,,,,,,,,,,,,,,,56.0,88.0,12.0,15.0,28.0,33.0,17.0,12.0,0.0,0.0,29.0,0.0,21.0,10.0,13.0,271.0,49.0,34.64,89.5,163.95,92.5,64.93,69.99,62.69,,,,,,,,,75.51,127.98,,,,,,,,,,,,,,,,,,,,,,,,,,,,,,,,,,,,,,,,,,,,,,0.0,0.0,34.0,0.0,21.0,10.0,13.0,312.0,0.0,5.0,4.0,2.0,16.0,21.0,4.0,33.0,0.0,0.0,0.0,0.0,0.0,0.0,0.0,0.0,,,,,,,,,0.0,8.0,4.0,17.0,17.0,11.0,3.0,0.0,,
52,,,,,,,,,,,,,,,,,,,,,,,,,,,,,,,,,,,,56.0,88.0,12.0,15.0,28.0,33.0,17.0,12.0,0.0,0.0,29.0,0.0,21.0,10.0,13.0,278.0,48.87,34.27,88.61,162.12,91.82,63.09,68.64,60.13,,,,,,,,,50.99,152.5,,,,,,,,,,,,,,,,,,,,,,,,,,,,,,,,,,,,,,,,,,,,,,0.0,0.0,34.0,0.0,21.0,10.0,13.0,318.0,0.0,5.0,4.0,2.0,16.0,21.0,4.0,39.0,0.0,0.0,0.0,0.0,0.0,0.0,0.0,0.0,,,,,,,,,0.0,8.0,4.0,17.0,17.0,11.0,3.0,0.0,,
53,,,,,,,,,,,,,,,,,,,,,,,,,,,,,,,,,,,,56.0,110.0,12.0,15.0,28.0,33.0,17.0,12.0,0.0,0.0,29.0,0.0,21.0,10.0,13.0,286.0,48.56,34.01,87.34,160.96,91.0,61.28,66.62,56.51,,,,,,,,,40.4,115.18,,,,,,,,,,,,,,,,,,,,,,,,,,,,,,,,,,,,,,,,,,,,,,0.0,0.0,34.0,0.0,21.0,10.0,13.0,325.0,0.0,5.0,4.0,2.0,16.0,21.0,4.0,47.0,0.0,0.0,0.0,0.0,0.0,0.0,0.0,0.0,,,,,,,,,0.0,8.0,4.0,17.0,17.0,11.0,3.0,0.0,,
54,,,,,,,,,,,,,,,,,,,,,,,,,,,,,,,,,,,,56.0,119.0,12.0,15.0,28.0,36.0,17.0,12.0,0.0,0.0,29.0,0.0,21.0,14.0,13.0,293.0,48.34,33.64,86.6,160.0,90.3,60.0,65.0,53.59,,,,,,,,,64.75,154.69,,,,,,,,,,,,,,,,,,,,,,,,,,,,,,,,,,,,,,,,,,,,,,0.0,0.0,34.0,0.0,21.0,14.0,13.0,325.0,0.0,5.0,4.0,2.0,16.0,21.0,4.0,52.0,0.0,0.0,0.0,0.0,0.0,0.0,0.0,0.0,,,,,,,,,0.0,8.0,5.0,17.0,17.0,11.0,3.0,2.0,,
55,,,,,,,,,,,,,,,,,,,,,,,,,,,,,,,,,,,,56.0,120.0,12.0,15.0,28.0,36.0,17.0,12.0,0.0,0.0,29.0,0.0,21.0,20.0,13.0,300.0,48.03,33.32,85.08,158.26,90.0,58.83,62.56,50.16,,,,,,,,,37.1,148.71,,,,,,,,,,,,,,,,,,,,,,,,,,,,,,,,,,,,,,,,,,,,,,0.0,0.0,34.0,0.0,21.0,20.0,13.0,331.0,0.0,5.0,4.0,2.0,16.0,21.0,4.0,52.0,0.0,0.0,0.0,0.0,0.0,0.0,0.0,0.0,,,,,,,,,0.0,8.0,5.0,17.0,17.0,11.0,3.0,2.0,,
56,,,,,,,,,,,,,,,,,,,,,,,,,,,,,,,,,,,,56.0,120.0,12.0,15.0,28.0,36.0,17.0,12.0,0.0,0.0,29.0,0.0,21.0,25.0,13.0,306.0,47.8,33.01,84.27,156.17,89.42,56.83,60.33,46.3,,,,,,,,,89.91,233.05,,,,,,,,,,,,,,,,,,,,,,,,,,,,,,,,,,,,,,,,,,,,,,0.0,0.0,34.0,0.0,21.0,25.0,13.0,331.0,0.0,5.0,4.0,2.0,16.0,21.0,4.0,57.0,0.0,0.0,0.0,0.0,0.0,0.0,0.0,0.0,,,,,,,,,0.0,8.0,5.0,17.0,17.0,11.0,3.0,2.0,,
57,,,,,,,,,,,,,,,,,,,,,,,,,,,,,,,,,,,,56.0,120.0,12.0,15.0,28.0,36.0,17.0,12.0,0.0,0.0,29.0,0.0,21.0,33.0,13.0,313.0,47.5,32.7,83.35,155.0,88.44,55.2,58.58,42.56,,,,,,,,,101.48,175.19,,,,,,,,,,,,,,,,,,,,,,,,,,,,,,,,,,,,,,,,,,,,,,0.0,0.0,34.0,0.0,21.0,33.0,13.0,331.0,0.0,5.0,4.0,2.0,16.0,21.0,4.0,63.0,0.0,0.0,0.0,0.0,0.0,0.0,0.0,0.0,,,,,,,,,0.0,8.0,5.0,17.0,17.0,11.0,3.0,2.0,,
58,,,,,,,,,,,,,,,,,,,,,,,,,,,,,,,,,,,,56.0,120.0,12.0,15.0,28.0,36.0,17.0,15.0,0.0,0.0,29.0,0.0,21.0,44.0,13.0,318.0,47.25,32.32,82.54,153.33,87.46,54.0,55.91,38.88,,,,,,,,,99.6,174.71,,,,,,,,,,,,,,,,,,,,,,,,,,,,,,,,,,,,,,,,,,,,,,0.0,0.0,34.0,0.0,21.0,44.0,13.0,331.0,0.0,5.0,4.0,2.0,16.0,21.0,4.0,68.0,0.0,0.0,0.0,0.0,0.0,0.0,0.0,0.0,,,,,,,,,0.0,8.0,5.0,17.0,17.0,11.0,3.0,2.0,,
59,,,,,,,,,,,,,,,,,,,,,,,,,,,,,,,,,,,,56.0,121.0,12.0,15.0,28.0,36.0,17.0,20.0,0.0,0.0,29.0,0.0,21.0,51.0,13.0,325.0,47.01,32.05,81.07,151.94,86.24,51.99,53.69,36.08,,,,,,,,,106.93,161.82,,,,,,,,,,,,,,,,,,,,,,,,,,,,,,,,,,,,,,,,,,,,,,0.0,0.0,34.0,0.0,21.0,51.0,13.0,338.0,0.0,5.0,4.0,2.0,16.0,21.0,4.0,73.0,0.0,0.0,0.0,0.0,0.0,0.0,0.0,0.0,,,,,,,,,0.0,8.0,5.0,17.0,17.0,11.0,3.0,2.0,,
60,,,,,,,,,,,,,,,,,,,,,,,,,,,,,,,,,,,,56.0,122.0,12.0,15.0,28.0,36.0,17.0,25.0,0.0,0.0,29.0,0.0,21.0,58.0,13.0,333.0,46.85,31.66,80.0,150.3,85.2,50.2,51.41,34.68,,,,,,,,,97.27,158.55,,,,,,,,,,,,,,,,,,,,,,,,,,,,,,,,,,,,,,,,,,,,,,0.0,0.0,34.0,0.0,21.0,58.0,13.0,346.0,0.0,5.0,4.0,2.0,16.0,21.0,4.0,79.0,0.0,0.0,0.0,0.0,0.0,0.0,0.0,0.0,,,,,,,,,0.0,8.0,5.0,17.0,17.0,11.0,3.0,5.0,,
61,,,,,,,,,,,,,,,,,,,,,,,,,,,,,,,,,,,,56.0,137.0,12.0,15.0,28.0,36.0,17.0,25.0,0.0,0.0,29.0,0.0,21.0,71.0,13.0,338.0,46.5,31.26,79.19,149.95,84.82,49.05,50.0,32.31,,,,,,,,,2.84,146.1,,,,,,,,,,,,,,,,,,,,,,,,,,,,,,,,,,,,,,,,,,,,,,0.0,0.0,34.0,0.0,21.0,71.0,13.0,351.0,0.0,5.0,4.0,2.0,16.0,21.0,4.0,80.0,0.0,0.0,0.0,0.0,0.0,0.0,0.0,0.0,,,,,,,,,0.0,10.0,5.0,17.0,17.0,11.0,3.0,5.0,,
62,,,,,,,,,,,,,,,,,,,,,,,,,,,,,,,,,,,,64.0,137.0,12.0,15.0,28.0,36.0,19.0,25.0,0.0,0.0,29.0,0.0,21.0,81.0,13.0,339.0,46.18,30.96,78.02,148.58,83.9,47.22,47.56,29.81,,,,,,,,,0.01,183.95,,,,,,,,,,,,,,,,,,,,,,,,,,,,,,,,,,,,,,,,,,,,,,0.0,0.0,34.0,0.0,21.0,81.0,13.0,352.0,0.0,5.0,4.0,2.0,16.0,21.0,4.0,80.0,0.0,0.0,0.0,0.0,0.0,0.0,0.0,0.0,,,,,,,,,0.0,10.0,5.0,17.0,17.0,11.0,3.0,5.0,,
63,,,,,,,,,,,,,,,,,,,,,,,,,,,,,,,,,,,,72.0,137.0,12.0,15.0,28.0,36.0,19.0,25.0,0.0,0.0,29.0,0.0,21.0,98.0,13.0,339.0,46.0,30.58,76.72,147.62,82.85,45.38,45.59,27.5,,,,,,,,,14.34,180.92,,,,,,,,,,,,,,,,,,,,,,,,,,,,,,,,,,,,,,,,,,,,,,0.0,0.0,34.0,0.0,21.0,98.0,13.0,352.0,0.0,5.0,4.0,2.0,16.0,21.0,4.0,80.0,0.0,0.0,0.0,0.0,0.0,0.0,0.0,0.0,,,,,,,,,0.0,10.0,5.0,17.0,17.0,11.0,3.0,5.0,,
64,,,,,,,,,,,,,,,,,,,,,,,,,,,,,,,,,,,,76.0,137.0,12.0,15.0,28.0,36.0,24.0,25.0,0.0,0.0,29.0,0.0,21.0,98.0,13.0,339.0,45.77,30.29,75.57,146.0,81.76,43.64,43.78,24.74,,,,,,,,,-4.28,146.23,,,,,,,,,,,,,,,,,,,,,,,,,,,,,,,,,,,,,,,,,,,,,,0.0,0.0,34.0,0.0,21.0,98.0,13.0,352.0,0.0,5.0,4.0,2.0,16.0,21.0,5.0,80.0,0.0,0.0,0.0,0.0,0.0,0.0,0.0,0.0,,,,,,,,,0.0,10.0,5.0,17.0,17.0,11.0,3.0,5.0,,
65,,,,,,,,,,,,,,,,,,,,,,,,,,,,,,,,,,,,76.0,137.0,12.0,15.0,28.0,36.0,26.0,25.0,0.0,0.0,29.0,0.0,21.0,98.0,13.0,339.0,45.5,30.02,74.53,144.95,80.5,41.8,41.22,22.98,,,,,,,,,0.02,165.36,,,,,,,,,,,,,,,,,,,,,,,,,,,,,,,,,,,,,,,,,,,,,,0.0,0.0,34.0,0.0,21.0,98.0,13.0,352.0,0.0,5.0,4.0,2.0,16.0,21.0,5.0,80.0,0.0,0.0,0.0,0.0,0.0,0.0,0.0,0.0,,,,,,,,,0.0,10.0,5.0,17.0,17.0,11.0,3.0,5.0,,
66,,,,,,,,,,,,,,,,,,,,,,,,,,,,,,,,,,,,76.0,137.0,12.0,15.0,28.0,36.0,26.0,25.0,0.0,0.0,29.0,0.0,21.0,98.0,13.0,339.0,45.17,29.9,73.35,143.0,80.0,40.08,39.68,20.49,,,,,,,,,8.08,216.64,,,,,,,,,,,,,,,,,,,,,,,,,,,,,,,,,,,,,,,,,,,,,,0.0,0.0,34.0,0.0,21.0,98.0,13.0,352.0,0.0,5.0,4.0,2.0,16.0,21.0,5.0,80.0,0.0,0.0,0.0,0.0,0.0,0.0,0.0,0.0,,,,,,,,,0.0,10.0,5.0,17.0,17.0,11.0,3.0,5.0,,
67,,,,,,,,,,,,,,,,,,,,,,,,,,,,,,,,,,,,80.0,137.0,12.0,15.0,28.0,36.0,29.0,26.0,0.0,0.0,29.0,0.0,21.0,102.0,16.0,339.0,45.0,29.51,72.02,141.11,78.85,38.51,37.93,18.06,,,,,,,,,-0.34,174.05,,,,,,,,,,,,,,,,,,,,,,,,,,,,,,,,,,,,,,,,,,,,,,0.0,0.0,34.0,0.0,21.0,102.0,16.0,352.0,0.0,5.0,4.0,2.0,16.0,21.0,6.0,81.0,0.0,0.0,0.0,0.0,0.0,0.0,0.0,0.0,,,,,,,,,0.0,11.0,5.0,17.0,17.0,11.0,3.0,5.0,,
68,,,,,,,,,,,,,,,,,,,,,,,,,,,,,,,,,,,,92.0,137.0,12.0,15.0,28.0,36.0,33.0,26.0,0.0,0.0,29.0,0.0,21.0,116.0,16.0,339.0,44.71,29.1,70.68,140.0,77.62,35.79,35.62,15.32,,,,,,,,,-2.26,136.7,,,,,,,,,,,,,,,,,,,,,,,,,,,,,,,,,,,,,,,,,,,,,,0.0,0.0,34.0,0.0,21.0,116.0,16.0,352.0,0.0,5.0,4.0,2.0,16.0,21.0,6.0,81.0,0.0,0.0,0.0,0.0,0.0,0.0,0.0,0.0,,,,,,,,,0.0,12.0,5.0,17.0,17.0,11.0,3.0,5.0,,
69,,,,,,,,,,,,,,,,,,,,,,,,,,,,,,,,,,,,97.0,137.0,12.0,15.0,28.0,40.0,33.0,26.0,0.0,0.0,29.0,0.0,21.0,136.0,16.0,339.0,44.4,28.88,69.61,138.53,76.2,35.01,35.0,12.88,,,,,,,,,76.02,174.92,,,,,,,,,,,,,,,,,,,,,,,,,,,,,,,,,,,,,,,,,,,,,,0.0,0.0,34.0,0.0,21.0,136.0,16.0,352.0,0.0,5.0,4.0,2.0,16.0,21.0,6.0,81.0,0.0,0.0,0.0,0.0,0.0,0.0,0.0,0.0,,,,,,,,,0.0,12.0,5.0,17.0,17.0,11.0,3.0,5.0,,
70,,,,,,,,,,,,,,,,,,,,,,,,,,,,,,,,,,,,97.0,138.0,16.0,17.0,28.0,44.0,33.0,26.0,0.0,0.0,29.0,0.0,21.0,156.0,16.0,339.0,44.07,28.5,68.26,136.24,75.0,35.0,33.6,11.07,,,,,,,,,96.44,205.02,,,,,,,,,,,,,,,,,,,,,,,,,,,,,,,,,,,,,,,,,,,,,,0.0,0.0,34.0,0.0,21.0,156.0,16.0,352.0,0.0,5.0,4.0,2.0,16.0,21.0,6.0,82.0,0.0,0.0,0.0,0.0,0.0,0.0,0.0,0.0,,,,,,,,,0.0,12.0,5.0,17.0,17.0,11.0,3.0,5.0,,
71,,,,,,,,,,,,,,,,,,,,,,,,,,,,,,,,,,,,98.0,141.0,21.0,17.0,28.0,44.0,33.0,30.0,0.0,0.0,29.0,0.0,21.0,170.0,16.0,345.0,43.81,28.1,66.84,135.0,74.0,35.0,31.17,9.45,,,,,,,,,97.38,199.75,,,,,,,,,,,,,,,,,,,,,,,,,,,,,,,,,,,,,,,,,,,,,,0.0,0.0,34.0,0.0,21.0,170.0,16.0,356.0,0.0,5.0,4.0,2.0,16.0,21.0,6.0,88.0,0.0,0.0,0.0,0.0,0.0,0.0,0.0,0.0,,,,,,,,,0.0,12.0,5.0,17.0,17.0,11.0,3.0,5.0,,
72,,,,,,,,,,,,,,,,,,,,,,,,,,,,,,,,,,,,100.0,150.0,30.0,17.0,31.0,44.0,33.0,35.0,0.0,0.0,29.0,0.0,21.0,176.0,16.0,352.0,43.5,27.92,65.71,133.1,72.52,33.0,30.0,7.73,,,,,,,,,96.71,173.47,,,,,,,,,,,,,,,,,,,,,,,,,,,,,,,,,,,,,,,,,,,,,,0.0,0.0,34.0,0.0,21.0,176.0,16.0,362.0,0.0,5.0,4.0,2.0,16.0,21.0,6.0,89.0,0.0,0.0,0.0,0.0,0.0,0.0,0.0,0.0,,,,,,,,,0.0,14.0,5.0,17.0,19.0,11.0,3.0,10.0,,
73,,,,,,,,,,,,,,,,,,,,,,,,,,,,,,,,,,,,100.0,153.0,40.0,17.0,31.0,44.0,33.0,35.0,0.0,0.0,29.0,0.0,21.0,176.0,16.0,359.0,43.1,27.52,64.69,131.0,70.81,30.1,28.3,6.29,,,,,,,,,103.83,155.33,,,,,,,,,,,,,,,,,,,,,,,,,,,,,,,,,,,,,,,,,,,,,,0.0,0.0,34.0,0.0,21.0,176.0,16.0,369.0,0.0,5.0,4.0,2.0,16.0,21.0,6.0,89.0,0.0,0.0,0.0,0.0,0.0,0.0,0.0,0.0,,,,,,,,,0.0,14.0,5.0,17.0,19.0,11.0,3.0,10.0,,
74,,,,,,,,,,,,,,,,,,,,,,,,,,,,,,,,,,,,102.0,153.0,40.0,17.0,31.0,44.0,33.0,35.0,0.0,0.0,29.0,0.0,21.0,176.0,22.0,371.0,42.85,27.2,63.15,129.99,69.99,27.03,26.21,5.1,,,,,,,,,48.0,132.96,,,,,,,,,,,,,,,,,,,,,,,,,,,,,,,,,,,,,,,,,,,,,,0.0,0.0,34.0,0.0,21.0,176.0,22.0,381.0,0.0,5.0,4.0,2.0,16.0,21.0,6.0,91.0,0.0,0.0,0.0,0.0,0.0,0.0,0.0,0.0,,,,,,,,,0.0,14.0,5.0,17.0,19.0,11.0,3.0,14.0,,
75,,,,,,,,,,,,,,,,,,,,,,,,,,,,,,,,,,,,106.0,163.0,40.0,17.0,31.0,44.0,34.0,35.0,0.0,0.0,29.0,0.0,21.0,176.0,22.0,379.0,42.51,27.0,62.01,127.85,68.0,24.22,24.59,4.02,,,,,,,,,0.19,140.0,,,,,,,,,,,,,,,,,,,,,,,,,,,,,,,,,,,,,,,,,,,,,,0.0,0.0,34.0,0.0,21.0,176.0,22.0,389.0,0.0,6.0,4.0,2.0,16.0,21.0,6.0,91.0,0.0,0.0,0.0,0.0,0.0,0.0,0.0,0.0,,,,,,,,,0.0,14.0,5.0,17.0,19.0,11.0,3.0,14.0,,
76,,,,,,,,,,,,,,,,,,,,,,,,,,,,,,,,,,,,122.0,163.0,40.0,17.0,31.0,44.0,34.0,35.0,0.0,0.0,29.0,0.0,21.0,177.0,22.0,386.0,42.21,26.51,61.02,125.33,65.88,20.1,22.19,3.62,,,,,,,,,27.95,177.33,,,,,,,,,,,,,,,,,,,,,,,,,,,,,,,,,,,,,,,,,,,,,,0.0,0.0,34.0,0.0,21.0,177.0,22.0,396.0,8.0,6.0,4.0,2.0,16.0,21.0,6.0,96.0,0.0,0.0,0.0,0.0,0.0,0.0,0.0,0.0,,,,,,,,,0.0,14.0,5.0,17.0,19.0,11.0,3.0,14.0,,
77,,,,,,,,,,,,,,,,,,,,,,,,,,,,,,,,,,,,122.0,163.0,40.0,17.0,31.0,44.0,37.0,39.0,0.0,0.0,29.0,0.0,21.0,182.0,22.0,392.0,41.95,26.2,60.0,123.38,64.8,17.04,20.3,2.97,,,,,,,,,-1.46,170.91,,,,,,,,,,,,,,,,,,,,,,,,,,,,,,,,,,,,,,,,,,,,,,0.0,0.0,34.0,0.0,21.0,182.0,22.0,402.0,8.0,6.0,4.0,2.0,16.0,21.0,6.0,103.0,0.0,0.0,0.0,0.0,0.0,0.0,0.0,0.0,,,,,,,,,0.0,14.0,5.0,17.0,19.0,11.0,3.0,14.0,,
78,,,,,,,,,,,,,,,,,,,,,,,,,,,,,,,,,,,,122.0,163.0,40.0,17.0,31.0,44.0,41.0,40.0,0.0,0.0,29.0,0.0,21.0,182.0,28.0,399.0,41.54,26.0,58.96,121.0,62.48,14.2,19.26,2.29,,,,,,,,,-0.56,248.18,,,,,,,,,,,,,,,,,,,,,,,,,,,,,,,,,,,,,,,,,,,,,,0.0,0.0,34.0,0.0,21.0,182.0,28.0,409.0,8.0,6.0,4.0,2.0,16.0,21.0,9.0,110.0,0.0,0.0,0.0,0.0,0.0,0.0,0.0,0.0,,,,,,,,,0.0,14.0,5.0,21.0,19.0,11.0,3.0,14.0,,
79,,,,,,,,,,,,,,,,,,,,,,,,,,,,,,,,,,,,122.0,163.0,40.0,25.0,31.0,44.0,43.0,40.0,0.0,0.0,29.0,0.0,21.0,182.0,30.0,399.0,41.1,25.51,57.46,120.0,60.0,11.41,17.6,2.0,,,,,,,,,0.43,280.07,,,,,,,,,,,,,,,,,,,,,,,,,,,,,,,,,,,,,,,,,,,,,,0.0,0.0,34.0,0.0,21.0,182.0,30.0,409.0,8.0,6.0,4.0,2.0,16.0,21.0,11.0,110.0,0.0,0.0,0.0,0.0,0.0,0.0,0.0,0.0,,,,,,,,,0.0,14.0,5.0,21.0,19.0,11.0,3.0,14.0,,
80,,,,,,,,,,,,,,,,,,,,,,,,,,,,,,,,,,,,122.0,163.0,40.0,25.0,31.0,44.0,45.0,40.0,0.0,0.0,29.0,0.0,21.0,182.0,35.0,399.0,40.85,25.09,56.05,117.99,57.88,10.0,15.97,1.55,,,,,,,,,0.0,156.0,,,,,,,,,,,,,,,,,,,,,,,,,,,,,,,,,,,,,,,,,,,,,,0.0,0.0,34.0,0.0,21.0,182.0,35.0,409.0,8.0,6.0,4.0,2.0,16.0,21.0,12.0,111.0,0.0,0.0,0.0,0.0,0.0,0.0,0.0,0.0,,,,,,,,,0.0,14.0,5.0,21.0,19.0,11.0,3.0,14.0,,
81,,,,,,,,,,,,,,,,,,,,,,,,,,,,,,,,,,,,122.0,164.0,40.0,25.0,31.0,44.0,52.0,45.0,0.0,0.0,29.0,0.0,21.0,182.0,49.0,407.0,40.46,24.82,54.99,115.55,55.0,7.58,15.0,1.2,,,,,,,,,-15.18,60.03,,,,,,,,,,,,,,,,,,,,,,,,,,,,,,,,,,,,,,,,,,,,,,0.0,0.0,34.0,0.0,21.0,182.0,49.0,417.0,8.0,6.0,4.0,2.0,16.0,21.0,12.0,116.0,0.0,0.0,0.0,0.0,0.0,0.0,0.0,0.0,,,,,,,,,0.0,14.0,5.0,21.0,19.0,11.0,3.0,14.0,,
82,,,,,,,,,,,,,,,,,,,,,,,,,,,,,,,,,,,,122.0,172.0,40.0,25.0,31.0,44.0,52.0,45.0,0.0,0.0,29.0,0.0,21.0,182.0,56.0,414.0,40.0,24.3,53.58,114.13,52.0,6.0,13.9,0.98,,,,,,,,,5.01,142.51,,,,,,,,,,,,,,,,,,,,,,,,,,,,,,,,,,,,,,,,,,,,,,0.0,0.0,34.0,0.0,21.0,182.0,56.0,424.0,8.0,10.0,4.0,2.0,16.0,21.0,12.0,117.0,0.0,0.0,0.0,0.0,0.0,0.0,0.0,0.0,,,,,,,,,0.0,14.0,5.0,21.0,20.0,11.0,3.0,14.0,,
83,,,,,,,,,,,,,,,,,,,,,,,,,,,,,,,,,,,,122.0,172.0,40.0,25.0,31.0,51.0,52.0,48.0,0.0,0.0,29.0,0.0,21.0,194.0,58.0,421.0,39.68,24.0,52.01,112.0,49.99,5.0,12.01,0.72,,,,,,,,,98.94,211.99,,,,,,,,,,,,,,,,,,,,,,,,,,,,,,,,,,,,,,,,,,,,,,0.0,0.0,34.0,0.0,21.0,194.0,58.0,431.0,8.0,10.0,4.0,2.0,16.0,28.0,12.0,122.0,0.0,0.0,0.0,0.0,0.0,0.0,0.0,0.0,,,,,,,,,0.0,14.0,5.0,21.0,21.0,22.0,3.0,15.0,,
84,,,,,,,,,,,,,,,,,,,,,,,,,,,,,,,,,,,,122.0,172.0,40.0,25.0,44.0,59.0,52.0,60.0,0.0,0.0,29.0,0.0,23.0,211.0,62.0,430.0,39.2,23.19,50.4,110.0,47.0,3.74,9.7,0.49,,,,,,,,,68.45,166.36,,,,,,,,,,,,,,,,,,,,,,,,,,,,,,,,,,,,,,,,,,,,,,0.0,0.0,34.0,0.0,21.0,211.0,62.0,439.0,8.0,10.0,4.0,2.0,21.0,41.0,12.0,135.0,0.0,0.0,0.0,0.0,0.0,1.0,0.0,0.0,,,,,,,,,0.0,14.0,5.0,21.0,30.0,30.0,3.0,20.0,,
85,,,,,,,,,,,,,,,,,,,,,,,,,,,,,,,,,,,,122.0,172.0,40.0,25.0,44.0,59.0,52.0,61.0,0.0,0.0,29.0,0.0,31.0,211.0,71.0,440.0,38.88,22.67,48.67,107.41,44.94,3.29,7.44,0.29,,,,,,,,,84.5,169.54,,,,,,,,,,,,,,,,,,,,,,,,,,,,,,,,,,,,,,,,,,,,,,0.0,0.0,34.0,0.0,29.0,211.0,71.0,449.0,8.0,10.0,4.0,2.0,21.0,41.0,12.0,138.0,0.0,0.0,0.0,0.0,0.0,1.0,0.0,0.0,,,,,,,,,0.0,14.0,5.0,21.0,30.0,30.0,3.0,20.0,,
86,,,,,,,,,,,,,,,,,,,,,,,,,,,,,,,,,,,,122.0,172.0,45.0,25.0,44.0,59.0,52.0,61.0,0.0,0.0,29.0,0.0,31.0,221.0,79.0,449.0,38.23,22.0,46.83,105.0,41.58,3.22,5.99,0.16,,,,,,,,,6.67,170.7,,,,,,,,,,,,,,,,,,,,,,,,,,,,,,,,,,,,,,,,,,,,,,0.0,0.0,34.0,0.0,29.0,221.0,79.0,458.0,8.0,10.0,4.0,2.0,21.0,41.0,12.0,138.0,0.0,0.0,0.0,0.0,0.0,1.0,0.0,0.0,,,,,,,,,0.0,14.0,5.0,21.0,30.0,30.0,3.0,20.0,,
87,,,,,,,,,,,,,,,,,,,,,,,,,,,,,,,,,,,,122.0,172.0,50.0,25.0,44.0,59.0,54.0,61.0,0.0,0.0,29.0,0.0,31.0,241.0,88.0,460.0,37.8,21.25,44.7,102.0,40.0,3.2,5.38,0.05,,,,,,,,,-0.03,165.99,,,,,,,,,,,,,,,,,,,,,,,,,,,,,,,,,,,,,,,,,,,,,,0.0,0.0,34.0,0.0,29.0,241.0,88.0,469.0,8.0,10.0,8.0,2.0,21.0,41.0,12.0,138.0,0.0,0.0,0.0,0.0,0.0,1.0,0.0,0.0,,,,,,,,,0.0,14.0,8.0,21.0,30.0,30.0,5.0,25.0,,
88,,,,,,,,,,,,,,,,,,,,,,,,,,,,,,,,,,,,122.0,174.0,50.0,25.0,44.0,61.0,54.0,65.0,0.0,0.0,29.0,0.0,31.0,259.0,99.0,472.0,37.0,20.64,43.05,100.0,36.48,2.35,5.0,0.0,,,,,,,,,2.06,152.22,,,,,,,,,,,,,,,,,,,,,,,,,,,,,,,,,,,,,,,,,,,,,,0.0,0.0,34.0,0.0,29.0,259.0,98.0,481.0,8.0,12.0,8.0,2.0,21.0,43.0,12.0,140.0,0.0,0.0,0.0,0.0,0.0,1.0,0.0,0.0,,,,,,,,,0.0,15.0,8.0,21.0,30.0,30.0,8.0,25.0,,
89,,,,,,,,,,,,,,,,,,,,,,,,,,,,,,,,,,,,122.0,184.0,50.0,25.0,44.0,61.0,67.0,65.0,0.0,0.0,29.0,0.0,34.0,271.0,117.0,481.0,36.29,20.01,40.52,97.8,33.1,1.5,4.31,0.0,,,,,,,,,-26.07,65.57,,,,,,,,,,,,,,,,,,,,,,,,,,,,,,,,,,,,,,,,,,,,,,0.0,0.0,34.0,0.0,32.0,271.0,116.0,490.0,8.0,16.0,8.0,2.0,21.0,43.0,25.0,140.0,0.0,0.0,0.0,0.0,0.0,1.0,0.0,0.0,,,,,,,,,0.0,19.0,8.0,21.0,30.0,30.0,18.0,26.0,,
90,,,,,,,,,,,,,,,,,,,,,,,,,,,,,,,,,,,,122.0,184.0,50.0,25.0,44.0,61.0,67.0,65.0,0.0,0.0,29.0,0.0,36.0,278.0,129.0,490.0,35.82,19.51,38.5,95.01,30.0,0.5,3.6,0.0,,,,,,,,,64.41,183.96,,,,,,,,,,,,,,,,,,,,,,,,,,,,,,,,,,,,,,,,,,,,,,0.0,0.0,34.0,0.0,34.0,278.0,128.0,499.0,10.0,16.0,8.0,2.0,21.0,43.0,28.0,140.0,0.0,0.0,0.0,0.0,0.0,1.0,0.0,0.0,,,,,,,,,0.0,19.0,8.0,21.0,30.0,30.0,18.0,26.0,,
91,,,,,,,,,,,,,,,,,,,,,,,,,,,,,,,,,,,,122.0,184.0,50.0,25.0,44.0,61.0,67.0,65.0,0.0,0.0,29.0,0.0,36.0,297.0,135.0,499.0,35.26,18.83,36.46,92.15,25.6,0.43,3.52,0.0,,,,,,,,,10.89,179.96,,,,,,,,,,,,,,,,,,,,,,,,,,,,,,,,,,,,,,,,,,,,,,0.0,0.0,34.0,0.0,34.0,297.0,128.0,508.0,10.0,16.0,8.0,2.0,21.0,43.0,35.0,140.0,0.0,0.0,0.0,0.0,0.0,1.0,0.0,0.0,,,,,,,,,0.0,19.0,8.0,21.0,30.0,30.0,19.0,26.0,,
92,,,,,,,,,,,,,,,,,,,,,,,,,,,,,,,,,,,,122.0,184.0,54.0,25.0,44.0,65.0,73.0,65.0,0.0,0.0,29.0,0.0,44.0,314.0,141.0,509.0,34.66,18.02,33.62,89.74,22.8,0.1,2.99,-0.0,,,,,,,,,-21.02,150.31,,,,,,,,,,,,,,,,,,,,,,,,,,,,,,,,,,,,,,,,,,,,,,0.0,0.0,34.0,0.0,40.0,314.0,134.0,518.0,10.0,16.0,8.0,2.0,21.0,47.0,42.0,140.0,0.0,0.0,0.0,0.0,0.0,2.0,0.0,0.0,,,,,,,,,0.0,19.0,8.0,21.0,30.0,30.0,27.0,26.0,,
93,,,,,,,,,,,,,,,,,,,,,,,,,,,,,,,,,,,,122.0,184.0,54.0,25.0,44.0,72.0,78.0,65.0,0.0,0.0,29.0,0.0,44.0,321.0,145.0,519.0,33.68,17.01,29.8,86.0,18.89,0.0,1.72,-0.01,,,,,,,,,-8.4,163.48,,,,,,,,,,,,,,,,,,,,,,,,,,,,,,,,,,,,,,,,,,,,,,0.0,0.0,34.0,0.0,40.0,321.0,138.0,528.0,10.0,16.0,8.0,2.0,21.0,51.0,47.0,140.0,0.0,0.0,0.0,0.0,0.0,2.0,0.0,0.0,,,,,,,,,0.0,19.0,8.0,21.0,30.0,30.0,27.0,27.0,,
94,,,,,,,,,,,,,,,,,,,,,,,,,,,,,,,,,,,,122.0,184.0,57.0,25.0,44.0,72.0,82.0,71.0,0.0,0.0,30.0,0.0,44.0,331.0,152.0,528.0,32.51,16.01,26.41,80.27,15.0,0.0,0.66,-0.04,,,,,,,,,-1.31,180.17,,,,,,,,,,,,,,,,,,,,,,,,,,,,,,,,,,,,,,,,,,,,,,0.0,0.0,35.0,0.0,40.0,331.0,145.0,537.0,10.0,16.0,9.0,2.0,21.0,56.0,52.0,145.0,0.0,0.0,0.0,0.0,0.0,2.0,0.0,0.0,,,,,,,,,0.0,19.0,10.0,21.0,30.0,30.0,27.0,27.0,,
95,,,,,,,,,,,,,,,,,,,,,,,,,,,,,,,,,,,,122.0,184.0,74.0,25.0,44.0,72.0,90.0,88.0,0.0,0.0,30.0,0.0,44.0,342.0,160.0,537.0,31.5,15.0,22.74,75.49,10.0,0.0,0.38,-0.13,,,,,,,,,-49.1,105.9,,,,,,,,,,,,,,,,,,,,,,,,,,,,,,,,,,,,,,,,,,,,,,0.0,0.0,35.0,0.0,40.0,342.0,153.0,546.0,10.0,16.0,10.0,2.0,21.0,63.0,60.0,161.0,0.0,0.0,0.0,0.0,0.0,2.0,0.0,1.0,,,,,,,,,0.0,19.0,10.0,21.0,30.0,30.0,34.0,33.0,,
96,,,,,,,,,,,,,,,,,,,,,,,,,,,,,,,,,,,,122.0,189.0,74.0,25.0,44.0,75.0,98.0,98.0,0.0,0.0,30.0,0.0,44.0,362.0,169.0,546.0,30.01,14.01,18.4,66.18,5.0,0.0,0.02,-0.41,,,,,,,,,-114.57,132.9,,,,,,,,,,,,,,,,,,,,,,,,,,,,,,,,,,,,,,,,,,,,,,0.0,0.0,35.0,0.0,40.0,365.0,162.0,555.0,10.0,21.0,10.0,2.0,21.0,69.0,69.0,169.0,0.0,1.0,0.0,0.0,0.0,2.0,0.0,1.0,,,,,,,,,0.0,29.0,10.0,21.0,30.0,30.0,38.0,37.0,,
97,,,,,,,,,,,,,,,,,,,,,,,,,,,,,,,,,,,,122.0,189.0,74.0,25.0,44.0,82.0,98.0,103.0,0.0,0.0,30.0,0.0,44.0,382.0,174.0,552.0,29.0,12.66,14.0,55.0,4.3,0.0,0.0,-0.63,,,,,,,,,2.19,175.97,,,,,,,,,,,,,,,,,,,,,,,,,,,,,,,,,,,,,,,,,,,,,,0.0,0.0,35.0,0.0,40.0,385.0,166.0,561.0,10.0,21.0,10.0,2.0,21.0,88.0,71.0,175.0,0.0,1.0,0.0,0.0,0.0,2.0,0.0,1.0,,,,,,,,,0.0,33.0,10.0,21.0,30.0,39.0,38.0,42.0,,
98,,,,,,,,,,,,,,,,,,,,,,,,,,,,,,,,,,,,122.0,189.0,74.0,25.0,44.0,97.0,98.0,108.0,0.0,0.0,30.0,0.0,44.0,401.0,183.0,552.0,26.51,11.34,9.4,45.0,4.16,0.0,0.0,-1.0,,,,,,,,,16.83,180.55,,,,,,,,,,,,,,,,,,,,,,,,,,,,,,,,,,,,,,,,,,,,,,0.0,0.0,35.0,0.0,40.0,404.0,175.0,561.0,10.0,21.0,10.0,2.0,21.0,103.0,74.0,181.0,0.0,1.0,0.0,0.0,0.0,3.0,0.0,1.0,,,,,,,,,0.0,33.0,10.0,21.0,30.0,54.0,38.0,42.0,,
99,,,,,,,,,,,,,,,,,,,,,,,,,,,,,,,,,,,,122.0,189.0,74.0,30.0,44.0,97.0,98.0,112.0,0.0,0.0,30.0,0.0,45.0,421.0,190.0,559.0,20.62,9.83,3.5,21.02,1.74,-0.01,-0.01,-1.74,,,,,,,,,6.72,175.56,,,,,,,,,,,,,,,,,,,,,,,,,,,,,,,,,,,,,,,,,,,,,,0.0,0.0,35.0,0.0,41.0,425.0,182.0,568.0,10.0,21.0,10.0,2.0,21.0,118.0,81.0,188.0,0.0,1.0,0.0,0.0,0.0,3.0,0.0,1.0,,,,,,,,,0.0,33.0,10.0,21.0,30.0,54.0,38.0,42.0,,
100,,,,,,,,,,,,,,,,,,,,,,,,,,,,,,,,,,,,122.0,189.0,74.0,33.0,52.0,97.0,99.0,112.0,0.0,0.0,30.0,0.0,47.0,439.0,197.0,564.0,6.46,5.93,1.95,4.11,0.1,-0.07,-0.86,-2.35,,,,,,,,,0.08,170.59,,,,,,,,,,,,,,,,,,,,,,,,,,,,,,,,,,,,,,,,,,,,,,0.0,0.0,35.0,0.0,43.0,443.0,189.0,573.0,10.0,21.0,10.0,2.0,24.0,135.0,86.0,191.0,0.0,1.0,0.0,0.0,0.0,3.0,0.0,1.0,,,,,,,,,0.0,33.0,10.0,21.0,36.0,55.0,38.0,42.0,,
101,,,,,,,,,,,,,,,,,,,,,,,,,,,,,,,,,,,,122.0,189.0,74.0,33.0,57.0,97.0,105.0,120.0,0.0,0.0,30.0,0.0,47.0,452.0,202.0,571.0,0.01,1.02,0.0,0.0,0.0,-2.0,-5.0,-9.82,,,,,,,,,-4.99,155.0,,,,,,,,,,,,,,,,,,,,,,,,,,,,,,,,,,,,,,,,,,,,,,0.0,0.0,35.0,0.0,43.0,456.0,194.0,580.0,10.0,21.0,10.0,2.0,25.0,135.0,91.0,199.0,0.0,1.0,0.0,0.0,0.0,3.0,0.0,1.0,,,,,,,,,0.0,33.0,10.0,21.0,38.0,55.0,38.0,53.0,,
102,,,,,,,,,,,,,,,,,,,,,,,,,,,,,,,,,,,,122.0,189.0,74.0,33.0,57.0,100.0,111.0,120.0,0.0,0.0,30.0,0.0,47.0,465.0,205.0,579.0,,,,,,,,,,,,,,,,,-42.01,150.06,,,,,,,,,,,,,,,,,,,,,,,,,,,,,,,,,,,,,,,,,,,,,,0.0,0.0,35.0,0.0,43.0,469.0,197.0,588.0,10.0,21.0,10.0,2.0,25.0,143.0,97.0,199.0,0.0,1.0,0.0,0.0,0.0,3.0,0.0,1.0,,,,,,,,,0.0,33.0,10.0,21.0,38.0,56.0,39.0,53.0,,
103,,,,,,,,,,,,,,,,,,,,,,,,,,,,,,,,,,,,122.0,192.0,74.0,33.0,57.0,105.0,118.0,120.0,0.0,0.0,30.0,0.0,50.0,474.0,212.0,587.0,,,,,,,,,,,,,,,,,-25.38,120.65,,,,,,,,,,,,,,,,,,,,,,,,,,,,,,,,,,,,,,,,,,,,,,0.0,0.0,35.0,0.0,45.0,478.0,204.0,595.0,10.0,24.0,10.0,2.0,25.0,148.0,104.0,199.0,0.0,4.0,0.0,0.0,0.0,3.0,0.0,1.0,,,,,,,,,0.0,33.0,10.0,21.0,38.0,62.0,39.0,53.0,,
104,,,,,,,,,,,,,,,,,,,,,,,,,,,,,,,,,,,,122.0,208.0,74.0,33.0,57.0,115.0,118.0,120.0,0.0,0.0,30.0,0.0,50.0,484.0,218.0,595.0,,,,,,,,,,,,,,,,,61.64,180.0,,,,,,,,,,,,,,,,,,,,,,,,,,,,,,,,,,,,,,,,,,,,,,0.0,0.0,35.0,0.0,45.0,488.0,210.0,595.0,10.0,39.0,10.0,2.0,25.0,156.0,104.0,200.0,0.0,8.0,0.0,0.0,0.0,3.0,0.0,1.0,,,,,,,,,0.0,41.0,10.0,21.0,38.0,69.0,39.0,53.0,,
105,,,,,,,,,,,,,,,,,,,,,,,,,,,,,,,,,,,,122.0,208.0,74.0,33.0,57.0,124.0,121.0,120.0,0.0,0.0,30.0,0.0,53.0,494.0,224.0,602.0,,,,,,,,,,,,,,,,,0.0,141.54,,,,,,,,,,,,,,,,,,,,,,,,,,,,,,,,,,,,,,,,,,,,,,0.0,0.0,35.0,0.0,48.0,498.0,216.0,595.0,10.0,41.0,10.0,2.0,25.0,164.0,110.0,204.0,0.0,8.0,0.0,0.0,0.0,3.0,0.0,1.0,,,,,,,,,0.0,41.0,10.0,21.0,38.0,80.0,39.0,53.0,,
106,,,,,,,,,,,,,,,,,,,,,,,,,,,,,,,,,,,,122.0,208.0,74.0,33.0,57.0,125.0,121.0,120.0,0.0,0.0,30.0,0.0,60.0,509.0,233.0,608.0,,,,,,,,,,,,,,,,,22.4,146.52,,,,,,,,,,,,,,,,,,,,,,,,,,,,,,,,,,,,,,,,,,,,,,0.0,0.0,35.0,0.0,48.0,513.0,225.0,597.0,10.0,41.0,10.0,2.0,25.0,179.0,110.0,208.0,0.0,8.0,0.0,0.0,0.0,3.0,0.0,1.0,,,,,,,,,0.0,41.0,10.0,21.0,38.0,84.0,39.0,53.0,,
107,,,,,,,,,,,,,,,,,,,,,,,,,,,,,,,,,,,,122.0,208.0,74.0,36.0,57.0,127.0,121.0,120.0,0.0,0.0,30.0,0.0,60.0,525.0,239.0,614.0,,,,,,,,,,,,,,,,,77.65,130.0,,,,,,,,,,,,,,,,,,,,,,,,,,,,,,,,,,,,,,,,,,,,,,0.0,0.0,35.0,0.0,48.0,529.0,231.0,602.0,10.0,41.0,10.0,4.0,25.0,194.0,110.0,212.0,0.0,8.0,0.0,0.0,0.0,3.0,0.0,1.0,,,,,,,,,0.0,41.0,10.0,21.0,38.0,85.0,39.0,53.0,,
108,,,,,,,,,,,,,,,,,,,,,,,,,,,,,,,,,,,,122.0,208.0,74.0,36.0,57.0,127.0,121.0,123.0,0.0,0.0,30.0,0.0,60.0,536.0,247.0,621.0,,,,,,,,,,,,,,,,,62.64,126.52,,,,,,,,,,,,,,,,,,,,,,,,,,,,,,,,,,,,,,,,,,,,,,0.0,0.0,35.0,0.0,48.0,540.0,239.0,609.0,10.0,41.0,10.0,4.0,25.0,197.0,114.0,218.0,0.0,8.0,0.0,0.0,0.0,3.0,0.0,1.0,,,,,,,,,0.0,41.0,10.0,21.0,38.0,85.0,39.0,53.0,,
109,,,,,,,,,,,,,,,,,,,,,,,,,,,,,,,,,,,,122.0,208.0,74.0,36.0,58.0,127.0,126.0,126.0,0.0,0.0,30.0,0.0,60.0,545.0,258.0,630.0,,,,,,,,,,,,,,,,,-7.26,142.71,,,,,,,,,,,,,,,,,,,,,,,,,,,,,,,,,,,,,,,,,,,,,,0.0,0.0,35.0,0.0,48.0,549.0,250.0,618.0,10.0,41.0,10.0,4.0,25.0,197.0,119.0,227.0,0.0,8.0,0.0,0.0,0.0,3.0,0.0,1.0,,,,,,,,,0.0,41.0,10.0,21.0,38.0,85.0,39.0,53.0,,
110,,,,,,,,,,,,,,,,,,,,,,,,,,,,,,,,,,,,122.0,212.0,74.0,36.0,58.0,127.0,133.0,126.0,0.0,0.0,30.0,0.0,60.0,550.0,267.0,636.0,,,,,,,,,,,,,,,,,-52.42,144.95,,,,,,,,,,,,,,,,,,,,,,,,,,,,,,,,,,,,,,,,,,,,,,0.0,0.0,35.0,0.0,48.0,554.0,259.0,622.0,10.0,45.0,10.0,4.0,25.0,202.0,126.0,233.0,0.0,8.0,0.0,0.0,0.0,3.0,0.0,1.0,,,,,,,,,0.0,42.0,10.0,21.0,38.0,86.0,39.0,53.0,,
111,,,,,,,,,,,,,,,,,,,,,,,,,,,,,,,,,,,,122.0,219.0,74.0,36.0,60.0,127.0,133.0,130.0,0.0,0.0,30.0,0.0,60.0,559.0,267.0,643.0,,,,,,,,,,,,,,,,,8.43,139.14,,,,,,,,,,,,,,,,,,,,,,,,,,,,,,,,,,,,,,,,,,,,,,0.0,0.0,35.0,0.0,48.0,563.0,259.0,629.0,10.0,51.0,10.0,4.0,25.0,210.0,126.0,240.0,0.0,8.0,0.0,0.0,0.0,3.0,0.0,1.0,,,,,,,,,0.0,49.0,10.0,21.0,38.0,86.0,39.0,53.0,,
112,,,,,,,,,,,,,,,,,,,,,,,,,,,,,,,,,,,,135.0,228.0,76.0,36.0,60.0,130.0,133.0,136.0,0.0,0.0,30.0,0.0,60.0,570.0,267.0,650.0,,,,,,,,,,,,,,,,,67.66,263.2,,,,,,,,,,,,,,,,,,,,,,,,,,,,,,,,,,,,,,,,,,,,,,0.0,0.0,35.0,0.0,48.0,574.0,259.0,636.0,13.0,60.0,10.0,4.0,25.0,218.0,126.0,250.0,0.0,8.0,0.0,0.0,0.0,3.0,0.0,1.0,,,,,,,,,0.0,55.0,10.0,21.0,38.0,86.0,39.0,58.0,,
113,,,,,,,,,,,,,,,,,,,,,,,,,,,,,,,,,,,,143.0,232.0,76.0,38.0,60.0,130.0,133.0,143.0,0.0,0.0,30.0,0.0,67.0,582.0,273.0,657.0,,,,,,,,,,,,,,,,,80.29,155.97,,,,,,,,,,,,,,,,,,,,,,,,,,,,,,,,,,,,,,,,,,,,,,0.0,0.0,35.0,0.0,55.0,586.0,265.0,638.0,13.0,62.0,10.0,4.0,25.0,218.0,126.0,257.0,0.0,8.0,0.0,0.0,0.0,3.0,0.0,1.0,,,,,,,,,0.0,55.0,10.0,21.0,38.0,86.0,39.0,58.0,,
114,,,,,,,,,,,,,,,,,,,,,,,,,,,,,,,,,,,,143.0,232.0,76.0,38.0,60.0,130.0,133.0,149.0,0.0,0.0,30.0,0.0,67.0,592.0,281.0,657.0,,,,,,,,,,,,,,,,,78.04,121.61,,,,,,,,,,,,,,,,,,,,,,,,,,,,,,,,,,,,,,,,,,,,,,0.0,0.0,35.0,0.0,55.0,596.0,272.0,638.0,13.0,62.0,10.0,4.0,25.0,218.0,126.0,263.0,0.0,8.0,0.0,0.0,0.0,3.0,0.0,1.0,,,,,,,,,0.0,55.0,10.0,21.0,38.0,86.0,39.0,58.0,,
115,,,,,,,,,,,,,,,,,,,,,,,,,,,,,,,,,,,,143.0,232.0,79.0,38.0,60.0,130.0,133.0,158.0,0.0,0.0,30.0,0.0,67.0,599.0,289.0,664.0,,,,,,,,,,,,,,,,,40.99,123.78,,,,,,,,,,,,,,,,,,,,,,,,,,,,,,,,,,,,,,,,,,,,,,0.0,0.0,35.0,0.0,55.0,603.0,280.0,645.0,14.0,62.0,13.0,4.0,25.0,218.0,128.0,271.0,0.0,8.0,0.0,0.0,0.0,3.0,0.0,1.0,,,,,,,,,0.0,55.0,10.0,21.0,38.0,86.0,39.0,58.0,,
116,,,,,,,,,,,,,,,,,,,,,,,,,,,,,,,,,,,,143.0,232.0,79.0,38.0,60.0,130.0,139.0,166.0,0.0,0.0,30.0,0.0,67.0,599.0,300.0,673.0,,,,,,,,,,,,,,,,,-14.85,107.4,,,,,,,,,,,,,,,,,,,,,,,,,,,,,,,,,,,,,,,,,,,,,,0.0,0.0,35.0,0.0,55.0,603.0,291.0,654.0,14.0,62.0,13.0,4.0,25.0,218.0,134.0,280.0,0.0,10.0,0.0,0.0,0.0,3.0,0.0,1.0,,,,,,,,,0.0,55.0,10.0,21.0,38.0,86.0,39.0,58.0,,
117,,,,,,,,,,,,,,,,,,,,,,,,,,,,,,,,,,,,143.0,232.0,79.0,38.0,60.0,130.0,147.0,169.0,0.0,0.0,30.0,0.0,67.0,599.0,311.0,680.0,,,,,,,,,,,,,,,,,-129.81,124.23,,,,,,,,,,,,,,,,,,,,,,,,,,,,,,,,,,,,,,,,,,,,,,0.0,0.0,35.0,0.0,55.0,603.0,302.0,661.0,14.0,62.0,13.0,4.0,25.0,218.0,142.0,286.0,0.0,10.0,0.0,0.0,0.0,3.0,0.0,1.0,,,,,,,,,0.0,55.0,10.0,21.0,38.0,86.0,45.0,58.0,,
118,,,,,,,,,,,,,,,,,,,,,,,,,,,,,,,,,,,,143.0,232.0,79.0,38.0,60.0,134.0,152.0,175.0,0.0,0.0,30.0,0.0,67.0,606.0,320.0,685.0,,,,,,,,,,,,,,,,,-6.18,194.81,,,,,,,,,,,,,,,,,,,,,,,,,,,,,,,,,,,,,,,,,,,,,,0.0,0.0,35.0,0.0,55.0,610.0,311.0,664.0,14.0,62.0,13.0,4.0,25.0,222.0,148.0,293.0,0.0,10.0,0.0,0.0,0.0,3.0,0.0,1.0,,,,,,,,,0.0,55.0,10.0,21.0,38.0,86.0,45.0,58.0,,
119,,,,,,,,,,,,,,,,,,,,,,,,,,,,,,,,,,,,143.0,232.0,79.0,38.0,60.0,145.0,157.0,182.0,0.0,0.0,30.0,0.0,67.0,614.0,330.0,685.0,,,,,,,,,,,,,,,,,-1.9,174.75,,,,,,,,,,,,,,,,,,,,,,,,,,,,,,,,,,,,,,,,,,,,,,0.0,0.0,35.0,0.0,55.0,618.0,321.0,664.0,14.0,62.0,13.0,4.0,25.0,233.0,154.0,304.0,0.0,10.0,0.0,0.0,0.0,3.0,0.0,1.0,,,,,,,,,0.0,55.0,10.0,21.0,38.0,86.0,45.0,58.0,,
120,,,,,,,,,,,,,,,,,,,,,,,,,,,,,,,,,,,,143.0,232.0,79.0,38.0,63.0,145.0,162.0,189.0,0.0,0.0,30.0,0.0,67.0,614.0,338.0,691.0,,,,,,,,,,,,,,,,,-6.21,176.43,,,,,,,,,,,,,,,,,,,,,,,,,,,,,,,,,,,,,,,,,,,,,,0.0,0.0,35.0,0.0,55.0,618.0,321.0,665.0,14.0,62.0,13.0,4.0,25.0,233.0,160.0,311.0,0.0,10.0,0.0,0.0,0.0,3.0,0.0,1.0,,,,,,,,,0.0,55.0,10.0,21.0,38.0,86.0,45.0,64.0,,
121,,,,,,,,,,,,,,,,,,,,,,,,,,,,,,,,,,,,145.0,232.0,79.0,38.0,63.0,145.0,170.0,197.0,0.0,0.0,30.0,0.0,70.0,614.0,349.0,699.0,,,,,,,,,,,,,,,,,-129.99,164.38,,,,,,,,,,,,,,,,,,,,,,,,,,,,,,,,,,,,,,,,,,,,,,0.0,0.0,35.0,0.0,55.0,618.0,321.0,673.0,14.0,62.0,13.0,4.0,25.0,233.0,168.0,320.0,0.0,10.0,0.0,0.0,0.0,3.0,3.0,8.0,,,,,,,,,0.0,55.0,10.0,21.0,38.0,86.0,45.0,64.0,,
122,,,,,,,,,,,,,,,,,,,,,,,,,,,,,,,,,,,,145.0,240.0,80.0,38.0,63.0,154.0,177.0,204.0,0.0,0.0,30.0,0.0,70.0,624.0,358.0,704.0,,,,,,,,,,,,,,,,,-4.0,150.4,,,,,,,,,,,,,,,,,,,,,,,,,,,,,,,,,,,,,,,,,,,,,,0.0,0.0,35.0,0.0,55.0,628.0,321.0,678.0,14.0,62.0,14.0,4.0,25.0,241.0,175.0,327.0,0.0,11.0,0.0,0.0,0.0,3.0,3.0,12.0,,,,,,,,,0.0,55.0,10.0,21.0,38.0,86.0,45.0,64.0,,
123,,,,,,,,,,,,,,,,,,,,,,,,,,,,,,,,,,,,145.0,240.0,80.0,38.0,63.0,159.0,184.0,209.0,0.0,0.0,30.0,0.0,70.0,627.0,366.0,710.0,,,,,,,,,,,,,,,,,-3.04,92.86,,,,,,,,,,,,,,,,,,,,,,,,,,,,,,,,,,,,,,,,,,,,,,0.0,0.0,35.0,0.0,55.0,631.0,323.0,684.0,14.0,62.0,14.0,4.0,25.0,244.0,182.0,333.0,0.0,11.0,0.0,0.0,0.0,3.0,3.0,13.0,,,,,,,,,0.0,55.0,10.0,21.0,38.0,86.0,45.0,64.0,,
124,,,,,,,,,,,,,,,,,,,,,,,,,,,,,,,,,,,,145.0,240.0,83.0,38.0,63.0,159.0,192.0,209.0,0.0,0.0,30.0,0.0,70.0,628.0,376.0,716.0,,,,,,,,,,,,,,,,,-5.01,112.38,,,,,,,,,,,,,,,,,,,,,,,,,,,,,,,,,,,,,,,,,,,,,,0.0,0.0,35.0,0.0,55.0,632.0,323.0,690.0,14.0,62.0,17.0,4.0,25.0,244.0,190.0,333.0,0.0,11.0,0.0,0.0,0.0,3.0,3.0,13.0,,,,,,,,,0.0,55.0,15.0,21.0,38.0,86.0,53.0,64.0,,
125,,,,,,,,,,,,,,,,,,,,,,,,,,,,,,,,,,,,145.0,240.0,88.0,38.0,63.0,159.0,192.0,209.0,0.0,0.0,30.0,0.0,70.0,637.0,385.0,721.0,,,,,,,,,,,,,,,,,49.66,128.92,,,,,,,,,,,,,,,,,,,,,,,,,,,,,,,,,,,,,,,,,,,,,,0.0,0.0,35.0,0.0,55.0,641.0,323.0,695.0,14.0,62.0,17.0,4.0,25.0,244.0,196.0,333.0,0.0,11.0,0.0,0.0,0.0,3.0,3.0,13.0,,,,,,,,,0.0,55.0,15.0,21.0,38.0,86.0,53.0,64.0,,
126,,,,,,,,,,,,,,,,,,,,,,,,,,,,,,,,,,,,145.0,240.0,88.0,38.0,63.0,165.0,192.0,209.0,0.0,0.0,30.0,0.0,70.0,644.0,395.0,721.0,,,,,,,,,,,,,,,,,38.17,161.18,,,,,,,,,,,,,,,,,,,,,,,,,,,,,,,,,,,,,,,,,,,,,,0.0,0.0,35.0,0.0,55.0,648.0,323.0,695.0,14.0,62.0,17.0,4.0,25.0,250.0,203.0,333.0,0.0,11.0,0.0,0.0,0.0,3.0,3.0,13.0,,,,,,,,,0.0,55.0,15.0,21.0,38.0,86.0,53.0,64.0,,
127,,,,,,,,,,,,,,,,,,,,,,,,,,,,,,,,,,,,145.0,240.0,88.0,38.0,66.0,165.0,192.0,209.0,0.0,0.0,30.0,0.0,70.0,644.0,403.0,721.0,,,,,,,,,,,,,,,,,63.92,147.15,,,,,,,,,,,,,,,,,,,,,,,,,,,,,,,,,,,,,,,,,,,,,,0.0,0.0,35.0,0.0,55.0,648.0,323.0,695.0,14.0,62.0,17.0,4.0,25.0,250.0,206.0,333.0,0.0,11.0,0.0,0.0,0.0,3.0,3.0,13.0,,,,,,,,,0.0,55.0,15.0,21.0,38.0,86.0,53.0,64.0,,
128,,,,,,,,,,,,,,,,,,,,,,,,,,,,,,,,,,,,145.0,240.0,88.0,38.0,66.0,165.0,192.0,209.0,0.0,0.0,31.0,0.0,70.0,651.0,412.0,725.0,,,,,,,,,,,,,,,,,63.75,185.08,,,,,,,,,,,,,,,,,,,,,,,,,,,,,,,,,,,,,,,,,,,,,,0.0,0.0,35.0,0.0,55.0,650.0,323.0,699.0,14.0,62.0,18.0,4.0,25.0,250.0,215.0,338.0,0.0,11.0,0.0,0.0,0.0,3.0,3.0,13.0,,,,,,,,,0.0,55.0,15.0,21.0,38.0,86.0,53.0,64.0,,
129,,,,,,,,,,,,,,,,,,,,,,,,,,,,,,,,,,,,145.0,240.0,102.0,38.0,66.0,165.0,197.0,214.0,0.0,0.0,39.0,0.0,70.0,651.0,419.0,731.0,,,,,,,,,,,,,,,,,-0.74,149.13,,,,,,,,,,,,,,,,,,,,,,,,,,,,,,,,,,,,,,,,,,,,,,0.0,0.0,43.0,0.0,55.0,650.0,323.0,705.0,14.0,62.0,32.0,4.0,25.0,250.0,222.0,345.0,0.0,11.0,0.0,0.0,0.0,3.0,3.0,13.0,,,,,,,,,0.0,55.0,15.0,21.0,38.0,86.0,53.0,64.0,,
130,,,,,,,,,,,,,,,,,,,,,,,,,,,,,,,,,,,,145.0,240.0,102.0,38.0,66.0,171.0,204.0,220.0,0.0,0.0,39.0,0.0,70.0,655.0,429.0,740.0,,,,,,,,,,,,,,,,,-114.53,163.2,,,,,,,,,,,,,,,,,,,,,,,,,,,,,,,,,,,,,,,,,,,,,,0.0,0.0,43.0,0.0,55.0,650.0,328.0,714.0,14.0,62.0,32.0,4.0,25.0,255.0,230.0,351.0,0.0,11.0,0.0,0.0,0.0,3.0,3.0,13.0,,,,,,,,,0.0,55.0,15.0,21.0,38.0,86.0,53.0,64.0,,
131,,,,,,,,,,,,,,,,,,,,,,,,,,,,,,,,,,,,145.0,241.0,102.0,38.0,66.0,174.0,213.0,220.0,0.0,0.0,39.0,0.0,70.0,659.0,440.0,742.0,,,,,,,,,,,,,,,,,-250.32,124.86,,,,,,,,,,,,,,,,,,,,,,,,,,,,,,,,,,,,,,,,,,,,,,0.0,0.0,43.0,0.0,55.0,652.0,334.0,716.0,14.0,63.0,32.0,4.0,25.0,259.0,239.0,353.0,0.0,11.0,0.0,0.0,0.0,3.0,3.0,13.0,,,,,,,,,0.0,56.0,15.0,21.0,38.0,86.0,53.0,64.0,,
132,,,,,,,,,,,,,,,,,,,,,,,,,,,,,,,,,,,,149.0,244.0,102.0,38.0,66.0,181.0,220.0,220.0,0.0,0.0,39.0,0.0,70.0,667.0,449.0,744.0,,,,,,,,,,,,,,,,,-35.0,172.7,,,,,,,,,,,,,,,,,,,,,,,,,,,,,,,,,,,,,,,,,,,,,,0.0,0.0,43.0,0.0,55.0,659.0,334.0,716.0,17.0,68.0,32.0,4.0,25.0,267.0,245.0,355.0,0.0,11.0,0.0,0.0,0.0,3.0,3.0,13.0,,,,,,,,,0.0,63.0,15.0,21.0,38.0,88.0,53.0,64.0,,
133,,,,,,,,,,,,,,,,,,,,,,,,,,,,,,,,,,,,149.0,244.0,102.0,38.0,66.0,190.0,226.0,220.0,0.0,0.0,39.0,0.0,70.0,676.0,456.0,752.0,,,,,,,,,,,,,,,,,-16.0,223.58,,,,,,,,,,,,,,,,,,,,,,,,,,,,,,,,,,,,,,,,,,,,,,0.0,0.0,43.0,0.0,55.0,663.0,334.0,722.0,17.0,68.0,32.0,4.0,25.0,276.0,251.0,363.0,0.0,11.0,0.0,0.0,0.0,3.0,3.0,13.0,,,,,,,,,0.0,63.0,15.0,21.0,38.0,93.0,53.0,64.0,,
134,,,,,,,,,,,,,,,,,,,,,,,,,,,,,,,,,,,,149.0,244.0,102.0,38.0,67.0,196.0,233.0,220.0,0.0,0.0,39.0,0.0,79.0,681.0,465.0,760.0,,,,,,,,,,,,,,,,,-31.82,158.45,,,,,,,,,,,,,,,,,,,,,,,,,,,,,,,,,,,,,,,,,,,,,,0.0,0.0,43.0,0.0,58.0,668.0,334.0,730.0,17.0,68.0,32.0,4.0,27.0,280.0,258.0,368.0,0.0,11.0,0.0,0.0,0.0,3.0,3.0,13.0,,,,,,,,,0.0,63.0,15.0,21.0,38.0,93.0,53.0,64.0,,
135,,,,,,,,,,,,,,,,,,,,,,,,,,,,,,,,,,,,149.0,244.0,102.0,38.0,67.0,204.0,239.0,220.0,0.0,0.0,39.0,0.0,79.0,692.0,475.0,768.0,,,,,,,,,,,,,,,,,-14.76,130.74,,,,,,,,,,,,,,,,,,,,,,,,,,,,,,,,,,,,,,,,,,,,,,0.0,0.0,43.0,0.0,58.0,679.0,334.0,738.0,17.0,68.0,32.0,4.0,27.0,290.0,266.0,371.0,0.0,11.0,0.0,0.0,0.0,3.0,3.0,13.0,,,,,,,,,0.0,63.0,15.0,21.0,38.0,93.0,53.0,64.0,,
136,,,,,,,,,,,,,,,,,,,,,,,,,,,,,,,,,,,,149.0,244.0,102.0,38.0,67.0,209.0,244.0,225.0,0.0,0.0,39.0,0.0,79.0,700.0,486.0,778.0,,,,,,,,,,,,,,,,,-3.15,154.91,,,,,,,,,,,,,,,,,,,,,,,,,,,,,,,,,,,,,,,,,,,,,,0.0,0.0,43.0,0.0,58.0,687.0,335.0,748.0,17.0,68.0,32.0,4.0,27.0,290.0,274.0,378.0,0.0,11.0,0.0,0.0,0.0,3.0,3.0,13.0,,,,,,,,,0.0,63.0,15.0,21.0,38.0,93.0,53.0,64.0,,
137,,,,,,,,,,,,,,,,,,,,,,,,,,,,,,,,,,,,149.0,244.0,102.0,38.0,67.0,214.0,252.0,229.0,0.0,0.0,39.0,0.0,79.0,702.0,496.0,786.0,,,,,,,,,,,,,,,,,-11.27,130.21,,,,,,,,,,,,,,,,,,,,,,,,,,,,,,,,,,,,,,,,,,,,,,0.0,0.0,43.0,0.0,58.0,687.0,335.0,756.0,17.0,68.0,32.0,4.0,27.0,290.0,283.0,383.0,0.0,11.0,0.0,0.0,0.0,3.0,3.0,13.0,,,,,,,,,0.0,63.0,15.0,21.0,38.0,93.0,54.0,64.0,,
138,,,,,,,,,,,,,,,,,,,,,,,,,,,,,,,,,,,,149.0,250.0,102.0,38.0,67.0,214.0,259.0,229.0,0.0,0.0,39.0,0.0,79.0,702.0,508.0,793.0,,,,,,,,,,,,,,,,,-15.0,130.47,,,,,,,,,,,,,,,,,,,,,,,,,,,,,,,,,,,,,,,,,,,,,,0.0,0.0,43.0,0.0,58.0,687.0,342.0,763.0,17.0,73.0,32.0,4.0,27.0,290.0,292.0,383.0,0.0,11.0,0.0,0.0,0.0,3.0,6.0,13.0,,,,,,,,,0.0,63.0,15.0,21.0,38.0,93.0,54.0,64.0,,
139,,,,,,,,,,,,,,,,,,,,,,,,,,,,,,,,,,,,149.0,250.0,102.0,38.0,67.0,220.0,259.0,229.0,0.0,0.0,39.0,0.0,79.0,708.0,518.0,800.0,,,,,,,,,,,,,,,,,5.0,229.11,,,,,,,,,,,,,,,,,,,,,,,,,,,,,,,,,,,,,,,,,,,,,,0.0,0.0,43.0,0.0,58.0,693.0,342.0,769.0,17.0,73.0,32.0,4.0,27.0,296.0,292.0,389.0,0.0,11.0,0.0,0.0,0.0,3.0,6.0,13.0,,,,,,,,,0.0,63.0,15.0,21.0,38.0,93.0,54.0,64.0,,
140,,,,,,,,,,,,,,,,,,,,,,,,,,,,,,,,,,,,149.0,250.0,102.0,38.0,72.0,228.0,262.0,229.0,0.0,0.0,39.0,0.0,79.0,716.0,528.0,808.0,,,,,,,,,,,,,,,,,0.01,192.25,,,,,,,,,,,,,,,,,,,,,,,,,,,,,,,,,,,,,,,,,,,,,,0.0,0.0,43.0,0.0,58.0,701.0,342.0,775.0,17.0,73.0,32.0,4.0,29.0,304.0,292.0,397.0,0.0,11.0,0.0,0.0,0.0,3.0,6.0,13.0,,,,,,,,,0.0,63.0,16.0,21.0,38.0,93.0,54.0,64.0,,
141,,,,,,,,,,,,,,,,,,,,,,,,,,,,,,,,,,,,149.0,250.0,105.0,42.0,79.0,232.0,267.0,229.0,0.0,0.0,39.0,0.0,80.0,718.0,537.0,816.0,,,,,,,,,,,,,,,,,-2.2,116.54,,,,,,,,,,,,,,,,,,,,,,,,,,,,,,,,,,,,,,,,,,,,,,0.0,0.0,43.0,0.0,58.0,702.0,342.0,783.0,17.0,73.0,34.0,4.0,36.0,306.0,292.0,405.0,0.0,11.0,0.0,0.0,0.0,3.0,6.0,13.0,,,,,,,,,0.0,63.0,21.0,21.0,38.0,93.0,54.0,64.0,,
142,,,,,,,,,,,,,,,,,,,,,,,,,,,,,,,,,,,,149.0,250.0,121.0,42.0,79.0,232.0,274.0,231.0,0.0,0.0,39.0,0.0,80.0,718.0,548.0,824.0,,,,,,,,,,,,,,,,,-15.4,127.25,,,,,,,,,,,,,,,,,,,,,,,,,,,,,,,,,,,,,,,,,,,,,,0.0,0.0,43.0,0.0,58.0,702.0,343.0,791.0,17.0,73.0,44.0,4.0,36.0,306.0,298.0,413.0,0.0,11.0,0.0,0.0,0.0,3.0,6.0,13.0,,,,,,,,,0.0,63.0,21.0,21.0,38.0,93.0,54.0,64.0,,
143,,,,,,,,,,,,,,,,,,,,,,,,,,,,,,,,,,,,149.0,250.0,126.0,42.0,79.0,232.0,277.0,238.0,0.0,0.0,39.0,0.0,80.0,718.0,558.0,832.0,,,,,,,,,,,,,,,,,0.0,139.29,,,,,,,,,,,,,,,,,,,,,,,,,,,,,,,,,,,,,,,,,,,,,,0.0,0.0,43.0,0.0,58.0,702.0,343.0,799.0,17.0,73.0,49.0,4.0,36.0,306.0,303.0,421.0,0.0,11.0,0.0,0.0,0.0,3.0,6.0,13.0,,,,,,,,,0.0,76.0,21.0,21.0,38.0,93.0,54.0,64.0,,
144,,,,,,,,,,,,,,,,,,,,,,,,,,,,,,,,,,,,149.0,256.0,129.0,42.0,79.0,232.0,284.0,246.0,0.0,0.0,39.0,0.0,80.0,718.0,569.0,841.0,,,,,,,,,,,,,,,,,-1.77,111.0,,,,,,,,,,,,,,,,,,,,,,,,,,,,,,,,,,,,,,,,,,,,,,0.0,0.0,43.0,0.0,58.0,702.0,343.0,808.0,17.0,75.0,49.0,4.0,36.0,306.0,311.0,430.0,0.0,11.0,0.0,0.0,0.0,3.0,6.0,18.0,,,,,,,,,0.0,76.0,21.0,21.0,38.0,93.0,60.0,64.0,,
145,,,,,,,,,,,,,,,,,,,,,,,,,,,,,,,,,,,,149.0,272.0,129.0,42.0,79.0,232.0,294.0,253.0,0.0,0.0,39.0,0.0,80.0,718.0,581.0,849.0,,,,,,,,,,,,,,,,,-5.05,107.41,,,,,,,,,,,,,,,,,,,,,,,,,,,,,,,,,,,,,,,,,,,,,,0.0,0.0,43.0,0.0,58.0,702.0,349.0,816.0,17.0,91.0,49.0,4.0,36.0,306.0,324.0,437.0,0.0,11.0,0.0,0.0,0.0,3.0,13.0,18.0,,,,,,,,,0.0,90.0,21.0,21.0,38.0,93.0,72.0,64.0,,
146,,,,,,,,,,,,,,,,,,,,,,,,,,,,,,,,,,,,152.0,272.0,129.0,48.0,82.0,235.0,300.0,258.0,0.0,0.0,39.0,0.0,80.0,723.0,590.0,857.0,,,,,,,,,,,,,,,,,-1.45,169.87,,,,,,,,,,,,,,,,,,,,,,,,,,,,,,,,,,,,,,,,,,,,,,0.0,0.0,43.0,0.0,58.0,707.0,349.0,823.0,19.0,91.0,49.0,4.0,36.0,309.0,328.0,444.0,0.0,11.0,0.0,0.0,0.0,3.0,13.0,18.0,,,,,,,,,0.0,90.0,21.0,21.0,38.0,93.0,77.0,64.0,,
147,,,,,,,,,,,,,,,,,,,,,,,,,,,,,,,,,,,,152.0,272.0,129.0,55.0,86.0,243.0,303.0,264.0,0.0,0.0,39.0,0.0,80.0,733.0,599.0,863.0,,,,,,,,,,,,,,,,,0.02,137.6,,,,,,,,,,,,,,,,,,,,,,,,,,,,,,,,,,,,,,,,,,,,,,0.0,0.0,43.0,0.0,58.0,717.0,349.0,829.0,19.0,91.0,49.0,4.0,40.0,318.0,335.0,449.0,0.0,11.0,0.0,0.0,0.0,3.0,13.0,18.0,,,,,,,,,0.0,90.0,21.0,21.0,43.0,93.0,77.0,64.0,,
148,,,,,,,,,,,,,,,,,,,,,,,,,,,,,,,,,,,,152.0,272.0,129.0,64.0,95.0,243.0,303.0,268.0,0.0,0.0,39.0,0.0,80.0,733.0,607.0,868.0,,,,,,,,,,,,,,,,,42.1,139.91,,,,,,,,,,,,,,,,,,,,,,,,,,,,,,,,,,,,,,,,,,,,,,0.0,0.0,43.0,0.0,58.0,717.0,349.0,834.0,19.0,91.0,49.0,4.0,49.0,318.0,342.0,453.0,0.0,11.0,0.0,0.0,0.0,3.0,13.0,18.0,,,,,,,,,0.0,90.0,21.0,21.0,44.0,93.0,77.0,64.0,,
149,,,,,,,,,,,,,,,,,,,,,,,,,,,,,,,,,,,,152.0,272.0,129.0,64.0,104.0,243.0,308.0,272.0,0.0,0.0,39.0,0.0,80.0,739.0,614.0,871.0,,,,,,,,,,,,,,,,,-1.99,92.06,,,,,,,,,,,,,,,,,,,,,,,,,,,,,,,,,,,,,,,,,,,,,,0.0,0.0,43.0,0.0,58.0,719.0,349.0,837.0,19.0,91.0,49.0,4.0,58.0,324.0,349.0,456.0,0.0,11.0,0.0,0.0,0.0,3.0,13.0,18.0,,,,,,,,,0.0,90.0,21.0,21.0,46.0,93.0,83.0,64.0,,
150,,,,,,,,,,,,,,,,,,,,,,,,,,,,,,,,,,,,155.0,272.0,133.0,64.0,104.0,243.0,314.0,277.0,0.0,0.0,39.0,0.0,80.0,739.0,620.0,877.0,,,,,,,,,,,,,,,,,-3.1,145.89,,,,,,,,,,,,,,,,,,,,,,,,,,,,,,,,,,,,,,,,,,,,,,0.0,0.0,43.0,0.0,58.0,719.0,349.0,843.0,19.0,91.0,53.0,4.0,58.0,324.0,355.0,461.0,0.0,11.0,0.0,0.0,0.0,3.0,13.0,18.0,,,,,,,,,0.0,90.0,21.0,21.0,46.0,93.0,83.0,64.0,,
151,,,,,,,,,,,,,,,,,,,,,,,,,,,,,,,,,,,,155.0,272.0,133.0,64.0,107.0,243.0,321.0,282.0,0.0,0.0,39.0,0.0,80.0,744.0,628.0,885.0,,,,,,,,,,,,,,,,,-13.17,192.37,,,,,,,,,,,,,,,,,,,,,,,,,,,,,,,,,,,,,,,,,,,,,,0.0,0.0,43.0,0.0,58.0,724.0,349.0,851.0,19.0,91.0,53.0,4.0,58.0,329.0,362.0,468.0,0.0,11.0,0.0,0.0,0.0,3.0,13.0,18.0,,,,,,,,,0.0,93.0,21.0,21.0,46.0,93.0,86.0,64.0,,
152,,,,,,,,,,,,,,,,,,,,,,,,,,,,,,,,,,,,155.0,279.0,133.0,64.0,107.0,243.0,330.0,282.0,0.0,0.0,39.0,0.0,80.0,755.0,637.0,885.0,,,,,,,,,,,,,,,,,-20.41,106.86,,,,,,,,,,,,,,,,,,,,,,,,,,,,,,,,,,,,,,,,,,,,,,0.0,0.0,43.0,0.0,58.0,735.0,349.0,851.0,19.0,98.0,53.0,4.0,58.0,335.0,371.0,468.0,0.0,11.0,0.0,0.0,0.0,3.0,13.0,18.0,,,,,,,,,0.0,93.0,21.0,21.0,46.0,93.0,91.0,64.0,,
153,,,,,,,,,,,,,,,,,,,,,,,,,,,,,,,,,,,,157.0,283.0,133.0,64.0,107.0,243.0,330.0,282.0,0.0,0.0,39.0,0.0,80.0,768.0,642.0,893.0,,,,,,,,,,,,,,,,,11.0,245.37,,,,,,,,,,,,,,,,,,,,,,,,,,,,,,,,,,,,,,,,,,,,,,0.0,0.0,43.0,0.0,58.0,748.0,349.0,859.0,21.0,101.0,53.0,4.0,58.0,345.0,372.0,477.0,0.0,11.0,0.0,0.0,0.0,3.0,13.0,18.0,,,,,,,,,0.0,93.0,21.0,21.0,46.0,93.0,92.0,64.0,,
154,,,,,,,,,,,,,,,,,,,,,,,,,,,,,,,,,,,,157.0,283.0,133.0,64.0,111.0,252.0,336.0,282.0,0.0,0.0,39.0,0.0,80.0,780.0,646.0,902.0,,,,,,,,,,,,,,,,,-4.32,132.9,,,,,,,,,,,,,,,,,,,,,,,,,,,,,,,,,,,,,,,,,,,,,,0.0,0.0,43.0,0.0,58.0,760.0,349.0,865.0,21.0,101.0,53.0,4.0,62.0,356.0,384.0,486.0,0.0,11.0,0.0,0.0,0.0,3.0,13.0,18.0,,,,,,,,,0.0,93.0,21.0,21.0,46.0,93.0,105.0,64.0,,
155,,,,,,,,,,,,,,,,,,,,,,,,,,,,,,,,,,,,157.0,283.0,133.0,64.0,117.0,252.0,336.0,286.0,0.0,0.0,39.0,0.0,80.0,780.0,648.0,911.0,,,,,,,,,,,,,,,,,9.69,192.85,,,,,,,,,,,,,,,,,,,,,,,,,,,,,,,,,,,,,,,,,,,,,,0.0,0.0,43.0,0.0,58.0,760.0,349.0,874.0,21.0,101.0,53.0,4.0,68.0,356.0,388.0,498.0,0.0,11.0,0.0,0.0,0.0,3.0,13.0,18.0,,,,,,,,,0.0,93.0,21.0,21.0,46.0,93.0,105.0,68.0,,
156,,,,,,,,,,,,,,,,,,,,,,,,,,,,,,,,,,,,157.0,283.0,133.0,64.0,117.0,252.0,336.0,286.0,0.0,0.0,39.0,0.0,80.0,780.0,656.0,915.0,,,,,,,,,,,,,,,,,7.07,136.4,,,,,,,,,,,,,,,,,,,,,,,,,,,,,,,,,,,,,,,,,,,,,,0.0,0.0,43.0,0.0,58.0,760.0,349.0,877.0,21.0,101.0,53.0,4.0,68.0,358.0,404.0,503.0,0.0,11.0,0.0,0.0,0.0,3.0,13.0,18.0,,,,,,,,,0.0,93.0,21.0,21.0,46.0,93.0,105.0,68.0,,
157,,,,,,,,,,,,,,,,,,,,,,,,,,,,,,,,,,,,157.0,283.0,133.0,69.0,117.0,252.0,344.0,290.0,0.0,0.0,39.0,0.0,80.0,780.0,661.0,923.0,,,,,,,,,,,,,,,,,-5.06,129.29,,,,,,,,,,,,,,,,,,,,,,,,,,,,,,,,,,,,,,,,,,,,,,0.0,0.0,43.0,0.0,58.0,760.0,349.0,883.0,21.0,101.0,53.0,4.0,68.0,362.0,412.0,513.0,0.0,11.0,0.0,0.0,0.0,3.0,13.0,18.0,,,,,,,,,0.0,94.0,21.0,21.0,46.0,97.0,105.0,68.0,,
158,,,,,,,,,,,,,,,,,,,,,,,,,,,,,,,,,,,,159.0,291.0,133.0,69.0,117.0,252.0,348.0,301.0,0.0,0.0,39.0,0.0,80.0,780.0,671.0,933.0,,,,,,,,,,,,,,,,,-0.87,110.26,,,,,,,,,,,,,,,,,,,,,,,,,,,,,,,,,,,,,,,,,,,,,,0.0,0.0,43.0,0.0,58.0,760.0,354.0,893.0,22.0,108.0,53.0,4.0,68.0,362.0,418.0,525.0,0.0,11.0,0.0,0.0,0.0,3.0,13.0,18.0,,,,,,,,,0.0,108.0,21.0,21.0,46.0,97.0,105.0,78.0,,
159,,,,,,,,,,,,,,,,,,,,,,,,,,,,,,,,,,,,176.0,291.0,133.0,69.0,117.0,252.0,359.0,301.0,0.0,0.0,39.0,0.0,80.0,780.0,682.0,935.0,,,,,,,,,,,,,,,,,-53.06,76.86,,,,,,,,,,,,,,,,,,,,,,,,,,,,,,,,,,,,,,,,,,,,,,0.0,0.0,43.0,0.0,58.0,760.0,356.0,895.0,28.0,108.0,53.0,4.0,68.0,362.0,432.0,527.0,0.0,11.0,0.0,0.0,0.0,3.0,13.0,18.0,,,,,,,,,0.0,108.0,21.0,21.0,46.0,97.0,114.0,78.0,,
160,,,,,,,,,,,,,,,,,,,,,,,,,,,,,,,,,,,,176.0,291.0,133.0,69.0,117.0,260.0,368.0,302.0,0.0,0.0,39.0,0.0,80.0,780.0,682.0,943.0,,,,,,,,,,,,,,,,,-19.33,148.42,,,,,,,,,,,,,,,,,,,,,,,,,,,,,,,,,,,,,,,,,,,,,,0.0,0.0,43.0,0.0,58.0,760.0,356.0,899.0,28.0,108.0,53.0,4.0,68.0,369.0,439.0,535.0,0.0,11.0,0.0,0.0,0.0,3.0,13.0,18.0,,,,,,,,,0.0,108.0,21.0,21.0,46.0,100.0,114.0,78.0,,
161,,,,,,,,,,,,,,,,,,,,,,,,,,,,,,,,,,,,176.0,291.0,133.0,69.0,121.0,270.0,374.0,302.0,0.0,0.0,39.0,0.0,80.0,789.0,682.0,952.0,,,,,,,,,,,,,,,,,-4.26,97.94,,,,,,,,,,,,,,,,,,,,,,,,,,,,,,,,,,,,,,,,,,,,,,0.0,0.0,43.0,0.0,58.0,769.0,356.0,908.0,28.0,108.0,53.0,4.0,68.0,378.0,445.0,544.0,0.0,11.0,0.0,0.0,0.0,3.0,13.0,18.0,,,,,,,,,0.0,108.0,21.0,21.0,46.0,110.0,114.0,78.0,,
162,,,,,,,,,,,,,,,,,,,,,,,,,,,,,,,,,,,,176.0,291.0,133.0,69.0,128.0,270.0,379.0,302.0,0.0,0.0,39.0,0.0,80.0,789.0,682.0,960.0,,,,,,,,,,,,,,,,,-3.4,217.0,,,,,,,,,,,,,,,,,,,,,,,,,,,,,,,,,,,,,,,,,,,,,,0.0,0.0,43.0,0.0,58.0,769.0,356.0,914.0,28.0,108.0,53.0,4.0,73.0,382.0,451.0,552.0,0.0,11.0,0.0,0.0,0.0,3.0,13.0,18.0,,,,,,,,,0.0,108.0,21.0,22.0,46.0,111.0,114.0,78.0,,
163,,,,,,,,,,,,,,,,,,,,,,,,,,,,,,,,,,,,176.0,291.0,138.0,70.0,128.0,273.0,386.0,302.0,0.0,0.0,39.0,0.0,80.0,789.0,689.0,969.0,,,,,,,,,,,,,,,,,-27.9,132.0,,,,,,,,,,,,,,,,,,,,,,,,,,,,,,,,,,,,,,,,,,,,,,0.0,0.0,43.0,0.0,58.0,769.0,356.0,920.0,28.0,108.0,56.0,4.0,73.0,382.0,461.0,561.0,0.0,11.0,0.0,0.0,0.0,3.0,13.0,18.0,,,,,,,,,0.0,108.0,21.0,22.0,46.0,111.0,114.0,80.0,,
164,,,,,,,,,,,,,,,,,,,,,,,,,,,,,,,,,,,,176.0,291.0,145.0,70.0,128.0,273.0,392.0,313.0,0.0,0.0,39.0,0.0,80.0,789.0,695.0,978.0,,,,,,,,,,,,,,,,,-6.09,111.19,,,,,,,,,,,,,,,,,,,,,,,,,,,,,,,,,,,,,,,,,,,,,,0.0,0.0,43.0,0.0,58.0,769.0,356.0,929.0,28.0,108.0,63.0,4.0,73.0,382.0,467.0,571.0,0.0,11.0,0.0,0.0,0.0,3.0,13.0,18.0,,,,,,,,,0.0,108.0,21.0,22.0,46.0,111.0,114.0,88.0,,
165,,,,,,,,,,,,,,,,,,,,,,,,,,,,,,,,,,,,176.0,291.0,145.0,70.0,128.0,273.0,400.0,324.0,0.0,0.0,39.0,0.0,80.0,792.0,703.0,987.0,,,,,,,,,,,,,,,,,-38.0,127.27,,,,,,,,,,,,,,,,,,,,,,,,,,,,,,,,,,,,,,,,,,,,,,0.0,0.0,43.0,0.0,58.0,769.0,359.0,938.0,28.0,108.0,63.0,4.0,73.0,389.0,475.0,582.0,0.0,11.0,0.0,0.0,0.0,3.0,13.0,19.0,,,,,,,,,0.0,108.0,21.0,22.0,46.0,111.0,119.0,93.0,,
166,,,,,,,,,,,,,,,,,,,,,,,,,,,,,,,,,,,,176.0,291.0,145.0,70.0,128.0,273.0,407.0,329.0,0.0,0.0,39.0,0.0,80.0,798.0,713.0,989.0,,,,,,,,,,,,,,,,,-5.61,135.43,,,,,,,,,,,,,,,,,,,,,,,,,,,,,,,,,,,,,,,,,,,,,,0.0,0.0,43.0,0.0,58.0,775.0,363.0,940.0,28.0,108.0,63.0,4.0,73.0,397.0,483.0,586.0,0.0,11.0,0.0,0.0,0.0,3.0,13.0,19.0,,,,,,,,,0.0,108.0,21.0,22.0,46.0,111.0,119.0,93.0,,
167,,,,,,,,,,,,,,,,,,,,,,,,,,,,,,,,,,,,176.0,291.0,145.0,70.0,128.0,285.0,410.0,329.0,0.0,0.0,39.0,0.0,80.0,808.0,715.0,989.0,,,,,,,,,,,,,,,,,0.0,190.0,,,,,,,,,,,,,,,,,,,,,,,,,,,,,,,,,,,,,,,,,,,,,,0.0,0.0,43.0,0.0,58.0,785.0,363.0,940.0,28.0,108.0,63.0,4.0,73.0,412.0,488.0,586.0,0.0,11.0,0.0,0.0,0.0,3.0,13.0,19.0,,,,,,,,,0.0,108.0,21.0,22.0,46.0,111.0,119.0,93.0,,
168,,,,,,,,,,,,,,,,,,,,,,,,,,,,,,,,,,,,176.0,291.0,145.0,70.0,128.0,296.0,415.0,329.0,0.0,0.0,39.0,0.0,80.0,819.0,715.0,989.0,,,,,,,,,,,,,,,,,-6.2,241.8,,,,,,,,,,,,,,,,,,,,,,,,,,,,,,,,,,,,,,,,,,,,,,0.0,0.0,43.0,0.0,58.0,794.0,363.0,940.0,28.0,108.0,63.0,4.0,73.0,423.0,493.0,586.0,0.0,11.0,0.0,0.0,0.0,3.0,13.0,19.0,,,,,,,,,0.0,108.0,21.0,22.0,46.0,118.0,119.0,93.0,,
169,,,,,,,,,,,,,,,,,,,,,,,,,,,,,,,,,,,,176.0,291.0,145.0,70.0,128.0,296.0,420.0,329.0,0.0,0.0,39.0,0.0,80.0,824.0,715.0,989.0,,,,,,,,,,,,,,,,,-2.3,175.32,,,,,,,,,,,,,,,,,,,,,,,,,,,,,,,,,,,,,,,,,,,,,,0.0,0.0,43.0,0.0,58.0,797.0,363.0,940.0,28.0,108.0,63.0,4.0,73.0,423.0,496.0,586.0,0.0,11.0,0.0,0.0,0.0,3.0,13.0,19.0,,,,,,,,,0.0,108.0,21.0,22.0,46.0,118.0,119.0,93.0,,
170,,,,,,,,,,,,,,,,,,,,,,,,,,,,,,,,,,,,176.0,291.0,145.0,70.0,128.0,296.0,428.0,329.0,0.0,0.0,39.0,0.0,80.0,824.0,715.0,989.0,,,,,,,,,,,,,,,,,-65.44,141.8,,,,,,,,,,,,,,,,,,,,,,,,,,,,,,,,,,,,,,,,,,,,,,0.0,0.0,43.0,0.0,58.0,797.0,363.0,940.0,28.0,108.0,63.0,4.0,73.0,423.0,502.0,586.0,0.0,11.0,0.0,0.0,0.0,3.0,13.0,19.0,,,,,,,,,0.0,108.0,21.0,22.0,46.0,118.0,119.0,93.0,,
171,,,,,,,,,,,,,,,,,,,,,,,,,,,,,,,,,,,,176.0,291.0,145.0,70.0,128.0,296.0,432.0,334.0,0.0,0.0,39.0,0.0,80.0,824.0,715.0,996.0,,,,,,,,,,,,,,,,,-1.0,201.29,,,,,,,,,,,,,,,,,,,,,,,,,,,,,,,,,,,,,,,,,,,,,,0.0,0.0,43.0,0.0,58.0,797.0,363.0,943.0,28.0,108.0,63.0,4.0,73.0,423.0,504.0,591.0,0.0,11.0,0.0,0.0,0.0,3.0,13.0,19.0,,,,,,,,,0.0,108.0,21.0,22.0,46.0,118.0,119.0,93.0,,
172,,,,,,,,,,,,,,,,,,,,,,,,,,,,,,,,,,,,176.0,291.0,145.0,70.0,128.0,296.0,439.0,339.0,0.0,0.0,39.0,0.0,80.0,824.0,721.0,1005.0,,,,,,,,,,,,,,,,,-29.98,165.3,,,,,,,,,,,,,,,,,,,,,,,,,,,,,,,,,,,,,,,,,,,,,,0.0,0.0,43.0,0.0,58.0,797.0,368.0,952.0,28.0,108.0,63.0,4.0,73.0,423.0,510.0,597.0,0.0,11.0,0.0,0.0,0.0,3.0,13.0,19.0,,,,,,,,,0.0,108.0,21.0,22.0,46.0,118.0,119.0,93.0,,
173,,,,,,,,,,,,,,,,,,,,,,,,,,,,,,,,,,,,176.0,291.0,145.0,70.0,128.0,296.0,449.0,339.0,0.0,0.0,39.0,0.0,80.0,824.0,730.0,1005.0,,,,,,,,,,,,,,,,,-99.01,134.33,,,,,,,,,,,,,,,,,,,,,,,,,,,,,,,,,,,,,,,,,,,,,,0.0,0.0,43.0,0.0,58.0,797.0,377.0,952.0,28.0,108.0,63.0,4.0,73.0,423.0,520.0,597.0,0.0,11.0,0.0,0.0,0.0,3.0,13.0,19.0,,,,,,,,,0.0,111.0,21.0,22.0,46.0,118.0,130.0,93.0,,
174,,,,,,,,,,,,,,,,,,,,,,,,,,,,,,,,,,,,179.0,291.0,145.0,70.0,128.0,299.0,458.0,339.0,0.0,0.0,39.0,0.0,80.0,831.0,730.0,1005.0,,,,,,,,,,,,,,,,,-32.75,97.78,,,,,,,,,,,,,,,,,,,,,,,,,,,,,,,,,,,,,,,,,,,,,,0.0,0.0,43.0,0.0,58.0,798.0,377.0,952.0,33.0,108.0,63.0,4.0,73.0,426.0,528.0,597.0,0.0,11.0,0.0,0.0,0.0,3.0,13.0,19.0,,,,,,,,,0.0,111.0,21.0,22.0,46.0,118.0,132.0,93.0,,
175,,,,,,,,,,,,,,,,,,,,,,,,,,,,,,,,,,,,179.0,291.0,145.0,70.0,129.0,306.0,466.0,339.0,0.0,0.0,39.0,0.0,80.0,841.0,730.0,1005.0,,,,,,,,,,,,,,,,,-22.75,123.9,,,,,,,,,,,,,,,,,,,,,,,,,,,,,,,,,,,,,,,,,,,,,,0.0,0.0,43.0,0.0,58.0,808.0,377.0,952.0,33.0,108.0,63.0,4.0,74.0,433.0,533.0,597.0,0.0,11.0,0.0,0.0,0.0,3.0,13.0,19.0,,,,,,,,,0.0,111.0,21.0,22.0,46.0,118.0,132.0,93.0,,
176,,,,,,,,,,,,,,,,,,,,,,,,,,,,,,,,,,,,179.0,291.0,145.0,70.0,134.0,306.0,471.0,339.0,0.0,0.0,39.0,0.0,83.0,843.0,730.0,1005.0,,,,,,,,,,,,,,,,,-0.51,247.02,,,,,,,,,,,,,,,,,,,,,,,,,,,,,,,,,,,,,,,,,,,,,,0.0,0.0,43.0,0.0,58.0,808.0,377.0,952.0,33.0,108.0,63.0,4.0,79.0,433.0,533.0,597.0,0.0,11.0,0.0,0.0,0.0,3.0,13.0,19.0,,,,,,,,,0.0,111.0,21.0,22.0,46.0,118.0,132.0,93.0,,
177,,,,,,,,,,,,,,,,,,,,,,,,,,,,,,,,,,,,179.0,291.0,145.0,70.0,134.0,309.0,471.0,339.0,0.0,0.0,39.0,0.0,83.0,843.0,730.0,1005.0,,,,,,,,,,,,,,,,,48.99,120.91,,,,,,,,,,,,,,,,,,,,,,,,,,,,,,,,,,,,,,,,,,,,,,0.0,0.0,43.0,0.0,58.0,808.0,377.0,952.0,33.0,108.0,63.0,4.0,79.0,436.0,533.0,597.0,0.0,11.0,0.0,0.0,0.0,3.0,13.0,19.0,,,,,,,,,0.0,111.0,21.0,22.0,46.0,118.0,135.0,93.0,,
178,,,,,,,,,,,,,,,,,,,,,,,,,,,,,,,,,,,,179.0,291.0,145.0,70.0,134.0,309.0,471.0,341.0,0.0,0.0,39.0,0.0,83.0,843.0,730.0,1012.0,,,,,,,,,,,,,,,,,7.87,134.94,,,,,,,,,,,,,,,,,,,,,,,,,,,,,,,,,,,,,,,,,,,,,,0.0,0.0,43.0,0.0,58.0,808.0,377.0,959.0,33.0,108.0,63.0,4.0,79.0,436.0,533.0,598.0,0.0,11.0,0.0,0.0,0.0,3.0,13.0,19.0,,,,,,,,,0.0,111.0,21.0,22.0,46.0,118.0,135.0,93.0,,
179,,,,,,,,,,,,,,,,,,,,,,,,,,,,,,,,,,,,179.0,291.0,145.0,70.0,134.0,309.0,478.0,345.0,0.0,0.0,39.0,0.0,83.0,843.0,735.0,1019.0,,,,,,,,,,,,,,,,,-3.09,123.86,,,,,,,,,,,,,,,,,,,,,,,,,,,,,,,,,,,,,,,,,,,,,,0.0,0.0,43.0,0.0,58.0,808.0,377.0,966.0,33.0,108.0,63.0,4.0,79.0,436.0,539.0,602.0,0.0,11.0,0.0,0.0,0.0,3.0,13.0,19.0,,,,,,,,,0.0,112.0,21.0,22.0,46.0,119.0,147.0,99.0,,
180,,,,,,,,,,,,,,,,,,,,,,,,,,,,,,,,,,,,179.0,293.0,145.0,70.0,134.0,314.0,486.0,345.0,0.0,0.0,39.0,0.0,83.0,843.0,737.0,1019.0,,,,,,,,,,,,,,,,,-24.01,118.07,,,,,,,,,,,,,,,,,,,,,,,,,,,,,,,,,,,,,,,,,,,,,,0.0,0.0,43.0,0.0,58.0,808.0,379.0,966.0,33.0,108.0,63.0,4.0,79.0,440.0,546.0,602.0,0.0,11.0,0.0,0.0,0.0,3.0,13.0,19.0,,,,,,,,,0.0,128.0,21.0,22.0,46.0,123.0,147.0,99.0,,
181,,,,,,,,,,,,,,,,,,,,,,,,,,,,,,,,,,,,184.0,293.0,145.0,70.0,134.0,318.0,486.0,345.0,0.0,0.0,39.0,0.0,83.0,843.0,737.0,1019.0,,,,,,,,,,,,,,,,,9.96,288.97,,,,,,,,,,,,,,,,,,,,,,,,,,,,,,,,,,,,,,,,,,,,,,0.0,0.0,43.0,0.0,58.0,808.0,379.0,966.0,35.0,108.0,63.0,4.0,79.0,444.0,546.0,602.0,0.0,11.0,0.0,0.0,0.0,3.0,13.0,19.0,,,,,,,,,1.0,133.0,21.0,22.0,46.0,123.0,147.0,99.0,,
182,,,,,,,,,,,,,,,,,,,,,,,,,,,,,,,,,,,,184.0,297.0,145.0,70.0,136.0,326.0,486.0,345.0,0.0,0.0,39.0,0.0,85.0,846.0,737.0,1026.0,,,,,,,,,,,,,,,,,42.47,476.19,,,,,,,,,,,,,,,,,,,,,,,,,,,,,,,,,,,,,,,,,,,,,,0.0,0.0,43.0,0.0,58.0,809.0,379.0,972.0,35.0,108.0,63.0,4.0,82.0,452.0,546.0,602.0,0.0,11.0,0.0,0.0,0.0,3.0,13.0,19.0,,,,,,,,,1.0,133.0,21.0,22.0,58.0,123.0,147.0,99.0,,
183,,,,,,,,,,,,,,,,,,,,,,,,,,,,,,,,,,,,184.0,297.0,145.0,70.0,153.0,326.0,486.0,351.0,0.0,0.0,39.0,0.0,92.0,846.0,737.0,1035.0,,,,,,,,,,,,,,,,,32.59,240.07,,,,,,,,,,,,,,,,,,,,,,,,,,,,,,,,,,,,,,,,,,,,,,0.0,0.0,43.0,0.0,58.0,809.0,379.0,981.0,35.0,108.0,63.0,4.0,99.0,452.0,546.0,610.0,0.0,11.0,0.0,0.0,0.0,3.0,13.0,19.0,,,,,,,,,1.0,133.0,21.0,22.0,69.0,123.0,147.0,107.0,,
184,,,,,,,,,,,,,,,,,,,,,,,,,,,,,,,,,,,,184.0,297.0,145.0,70.0,159.0,326.0,486.0,359.0,0.0,0.0,39.0,0.0,92.0,846.0,737.0,1045.0,,,,,,,,,,,,,,,,,24.72,166.67,,,,,,,,,,,,,,,,,,,,,,,,,,,,,,,,,,,,,,,,,,,,,,0.0,0.0,43.0,0.0,58.0,809.0,379.0,991.0,35.0,108.0,63.0,4.0,99.0,452.0,546.0,616.0,0.0,11.0,0.0,0.0,0.0,3.0,13.0,19.0,,,,,,,,,1.0,133.0,21.0,22.0,73.0,123.0,147.0,107.0,,
185,,,,,,,,,,,,,,,,,,,,,,,,,,,,,,,,,,,,184.0,297.0,145.0,70.0,161.0,326.0,490.0,367.0,0.0,0.0,39.0,0.0,92.0,846.0,737.0,1054.0,,,,,,,,,,,,,,,,,-1.56,150.1,,,,,,,,,,,,,,,,,,,,,,,,,,,,,,,,,,,,,,,,,,,,,,0.0,0.0,43.0,0.0,58.0,809.0,379.0,1000.0,35.0,108.0,63.0,4.0,99.0,453.0,546.0,625.0,0.0,11.0,0.0,0.0,0.0,3.0,13.0,20.0,,,,,,,,,1.0,133.0,21.0,22.0,73.0,123.0,152.0,115.0,,
186,,,,,,,,,,,,,,,,,,,,,,,,,,,,,,,,,,,,184.0,302.0,145.0,70.0,166.0,333.0,498.0,374.0,0.0,0.0,39.0,0.0,92.0,853.0,737.0,1063.0,,,,,,,,,,,,,,,,,-2.26,122.96,,,,,,,,,,,,,,,,,,,,,,,,,,,,,,,,,,,,,,,,,,,,,,0.0,0.0,43.0,0.0,58.0,809.0,379.0,1009.0,35.0,108.0,63.0,4.0,99.0,465.0,553.0,635.0,0.0,11.0,0.0,0.0,0.0,3.0,13.0,24.0,,,,,,,,,1.0,135.0,21.0,22.0,73.0,130.0,159.0,115.0,,
187,,,,,,,,,,,,,,,,,,,,,,,,,,,,,,,,,,,,184.0,319.0,145.0,70.0,166.0,338.0,498.0,374.0,0.0,0.0,39.0,0.0,92.0,853.0,741.0,1063.0,,,,,,,,,,,,,,,,,5.85,125.04,,,,,,,,,,,,,,,,,,,,,,,,,,,,,,,,,,,,,,,,,,,,,,0.0,0.0,43.0,0.0,58.0,809.0,383.0,1009.0,35.0,123.0,63.0,4.0,99.0,469.0,556.0,635.0,0.0,11.0,0.0,0.0,0.0,3.0,13.0,24.0,,,,,,,,,1.0,140.0,21.0,22.0,73.0,135.0,159.0,119.0,,
188,,,,,,,,,,,,,,,,,,,,,,,,,,,,,,,,,,,,184.0,323.0,145.0,70.0,166.0,350.0,498.0,379.0,0.0,0.0,39.0,0.0,92.0,864.0,741.0,1063.0,,,,,,,,,,,,,,,,,50.67,152.29,,,,,,,,,,,,,,,,,,,,,,,,,,,,,,,,,,,,,,,,,,,,,,0.0,0.0,43.0,0.0,58.0,820.0,383.0,1009.0,35.0,123.0,63.0,4.0,99.0,479.0,556.0,641.0,0.0,11.0,0.0,0.0,0.0,3.0,13.0,24.0,,,,,,,,,1.0,144.0,21.0,22.0,73.0,135.0,159.0,119.0,,
189,,,,,,,,,,,,,,,,,,,,,,,,,,,,,,,,,,,,184.0,323.0,145.0,70.0,166.0,366.0,498.0,379.0,0.0,0.0,39.0,0.0,92.0,873.0,741.0,1063.0,,,,,,,,,,,,,,,,,53.04,123.34,,,,,,,,,,,,,,,,,,,,,,,,,,,,,,,,,,,,,,,,,,,,,,0.0,0.0,43.0,0.0,58.0,829.0,383.0,1009.0,35.0,123.0,63.0,4.0,99.0,490.0,560.0,642.0,0.0,11.0,0.0,0.0,0.0,3.0,13.0,24.0,,,,,,,,,1.0,144.0,21.0,22.0,73.0,135.0,159.0,119.0,,
190,,,,,,,,,,,,,,,,,,,,,,,,,,,,,,,,,,,,184.0,323.0,145.0,70.0,166.0,366.0,498.0,379.0,0.0,0.0,39.0,0.0,92.0,873.0,741.0,1063.0,,,,,,,,,,,,,,,,,37.78,138.24,,,,,,,,,,,,,,,,,,,,,,,,,,,,,,,,,,,,,,,,,,,,,,0.0,0.0,43.0,0.0,58.0,829.0,383.0,1009.0,35.0,123.0,63.0,4.0,99.0,490.0,562.0,642.0,0.0,11.0,0.0,0.0,0.0,3.0,13.0,24.0,,,,,,,,,1.0,144.0,21.0,22.0,73.0,135.0,159.0,119.0,,
191,,,,,,,,,,,,,,,,,,,,,,,,,,,,,,,,,,,,184.0,323.0,145.0,70.0,166.0,366.0,498.0,379.0,0.0,0.0,39.0,0.0,92.0,873.0,741.0,1063.0,,,,,,,,,,,,,,,,,39.51,134.67,,,,,,,,,,,,,,,,,,,,,,,,,,,,,,,,,,,,,,,,,,,,,,0.0,0.0,43.0,0.0,58.0,829.0,383.0,1009.0,35.0,123.0,63.0,4.0,99.0,490.0,562.0,642.0,0.0,11.0,0.0,0.0,0.0,3.0,13.0,24.0,,,,,,,,,1.0,144.0,21.0,22.0,73.0,135.0,159.0,119.0,,
192,,,,,,,,,,,,,,,,,,,,,,,,,,,,,,,,,,,,184.0,323.0,145.0,70.0,166.0,366.0,498.0,384.0,0.0,0.0,39.0,0.0,92.0,873.0,741.0,1069.0,,,,,,,,,,,,,,,,,32.04,118.08,,,,,,,,,,,,,,,,,,,,,,,,,,,,,,,,,,,,,,,,,,,,,,0.0,0.0,43.0,0.0,58.0,829.0,383.0,1014.0,35.0,123.0,63.0,4.0,99.0,490.0,562.0,647.0,0.0,11.0,0.0,0.0,0.0,3.0,13.0,24.0,,,,,,,,,1.0,144.0,21.0,22.0,73.0,135.0,159.0,119.0,,
193,,,,,,,,,,,,,,,,,,,,,,,,,,,,,,,,,,,,184.0,323.0,145.0,70.0,166.0,366.0,502.0,391.0,0.0,0.0,39.0,0.0,92.0,873.0,742.0,1077.0,,,,,,,,,,,,,,,,,0.0,125.02,,,,,,,,,,,,,,,,,,,,,,,,,,,,,,,,,,,,,,,,,,,,,,0.0,0.0,43.0,0.0,58.0,829.0,384.0,1021.0,35.0,123.0,63.0,4.0,99.0,490.0,566.0,655.0,0.0,11.0,0.0,0.0,0.0,3.0,13.0,24.0,,,,,,,,,1.0,144.0,21.0,22.0,73.0,135.0,159.0,124.0,,
194,,,,,,,,,,,,,,,,,,,,,,,,,,,,,,,,,,,,184.0,323.0,145.0,70.0,166.0,366.0,507.0,391.0,0.0,0.0,39.0,0.0,92.0,873.0,747.0,1077.0,,,,,,,,,,,,,,,,,0.0,127.7,,,,,,,,,,,,,,,,,,,,,,,,,,,,,,,,,,,,,,,,,,,,,,0.0,0.0,43.0,0.0,58.0,829.0,389.0,1021.0,35.0,123.0,63.0,4.0,99.0,490.0,571.0,655.0,0.0,11.0,0.0,0.0,0.0,3.0,13.0,24.0,,,,,,,,,1.0,144.0,21.0,22.0,73.0,135.0,159.0,124.0,,
195,,,,,,,,,,,,,,,,,,,,,,,,,,,,,,,,,,,,184.0,323.0,145.0,70.0,166.0,373.0,507.0,391.0,0.0,0.0,39.0,0.0,92.0,879.0,747.0,1077.0,,,,,,,,,,,,,,,,,55.82,141.57,,,,,,,,,,,,,,,,,,,,,,,,,,,,,,,,,,,,,,,,,,,,,,0.0,0.0,43.0,0.0,58.0,833.0,389.0,1021.0,35.0,123.0,63.0,4.0,99.0,497.0,571.0,655.0,0.0,11.0,0.0,0.0,0.0,3.0,13.0,24.0,,,,,,,,,1.0,144.0,21.0,22.0,73.0,135.0,159.0,124.0,,
196,,,,,,,,,,,,,,,,,,,,,,,,,,,,,,,,,,,,184.0,323.0,145.0,70.0,172.0,383.0,507.0,391.0,0.0,0.0,39.0,0.0,92.0,888.0,747.0,1077.0,,,,,,,,,,,,,,,,,40.2,141.99,,,,,,,,,,,,,,,,,,,,,,,,,,,,,,,,,,,,,,,,,,,,,,0.0,0.0,43.0,0.0,58.0,842.0,389.0,1021.0,35.0,123.0,64.0,4.0,105.0,507.0,571.0,655.0,0.0,11.0,0.0,0.0,0.0,3.0,13.0,24.0,,,,,,,,,1.0,144.0,21.0,22.0,77.0,135.0,159.0,124.0,,
197,,,,,,,,,,,,,,,,,,,,,,,,,,,,,,,,,,,,184.0,323.0,145.0,74.0,187.0,386.0,507.0,391.0,0.0,0.0,39.0,0.0,92.0,888.0,747.0,1077.0,,,,,,,,,,,,,,,,,68.06,129.04,,,,,,,,,,,,,,,,,,,,,,,,,,,,,,,,,,,,,,,,,,,,,,0.0,0.0,43.0,0.0,58.0,842.0,389.0,1021.0,35.0,123.0,64.0,4.0,120.0,507.0,571.0,655.0,0.0,11.0,0.0,0.0,0.0,3.0,13.0,24.0,,,,,,,,,1.0,144.0,21.0,22.0,85.0,135.0,159.0,124.0,,
198,,,,,,,,,,,,,,,,,,,,,,,,,,,,,,,,,,,,184.0,323.0,145.0,74.0,190.0,392.0,507.0,391.0,0.0,0.0,39.0,0.0,92.0,888.0,747.0,1077.0,,,,,,,,,,,,,,,,,49.78,132.0,,,,,,,,,,,,,,,,,,,,,,,,,,,,,,,,,,,,,,,,,,,,,,0.0,0.0,43.0,0.0,58.0,842.0,389.0,1021.0,35.0,123.0,64.0,4.0,120.0,511.0,571.0,655.0,0.0,11.0,0.0,0.0,0.0,3.0,13.0,24.0,,,,,,,,,1.0,144.0,21.0,22.0,85.0,135.0,159.0,124.0,,
199,,,,,,,,,,,,,,,,,,,,,,,,,,,,,,,,,,,,184.0,323.0,149.0,74.0,190.0,392.0,507.0,398.0,0.0,0.0,39.0,0.0,92.0,888.0,747.0,1082.0,,,,,,,,,,,,,,,,,71.2,146.55,,,,,,,,,,,,,,,,,,,,,,,,,,,,,,,,,,,,,,,,,,,,,,0.0,0.0,43.0,0.0,58.0,842.0,389.0,1026.0,35.0,123.0,68.0,4.0,120.0,511.0,571.0,660.0,0.0,11.0,0.0,0.0,0.0,3.0,13.0,24.0,,,,,,,,,1.0,144.0,21.0,22.0,85.0,135.0,159.0,124.0,,
200,,,,,,,,,,,,,,,,,,,,,,,,,,,,,,,,,,,,184.0,323.0,149.0,74.0,190.0,392.0,511.0,406.0,0.0,0.0,39.0,0.0,92.0,888.0,754.0,1090.0,,,,,,,,,,,,,,,,,-0.01,114.47,,,,,,,,,,,,,,,,,,,,,,,,,,,,,,,,,,,,,,,,,,,,,,0.0,0.0,43.0,0.0,58.0,842.0,396.0,1034.0,35.0,123.0,68.0,4.0,120.0,511.0,575.0,669.0,0.0,11.0,0.0,0.0,0.0,3.0,13.0,24.0,,,,,,,,,1.0,144.0,21.0,22.0,85.0,135.0,159.0,124.0,,
201,,,,,,,,,,,,,,,,,,,,,,,,,,,,,,,,,,,,184.0,323.0,149.0,74.0,190.0,392.0,514.0,409.0,0.0,0.0,39.0,0.0,92.0,888.0,764.0,1090.0,,,,,,,,,,,,,,,,,-0.01,116.0,,,,,,,,,,,,,,,,,,,,,,,,,,,,,,,,,,,,,,,,,,,,,,0.0,0.0,43.0,0.0,58.0,842.0,406.0,1034.0,35.0,123.0,68.0,4.0,120.0,511.0,583.0,672.0,0.0,11.0,0.0,0.0,0.0,3.0,13.0,24.0,,,,,,,,,1.0,144.0,21.0,22.0,85.0,135.0,159.0,124.0,,
202,,,,,,,,,,,,,,,,,,,,,,,,,,,,,,,,,,,,184.0,323.0,149.0,74.0,190.0,397.0,514.0,409.0,0.0,0.0,39.0,0.0,92.0,894.0,764.0,1090.0,,,,,,,,,,,,,,,,,81.73,126.56,,,,,,,,,,,,,,,,,,,,,,,,,,,,,,,,,,,,,,,,,,,,,,0.0,0.0,43.0,0.0,58.0,848.0,406.0,1034.0,35.0,123.0,68.0,4.0,120.0,514.0,585.0,677.0,0.0,11.0,0.0,0.0,0.0,3.0,13.0,24.0,,,,,,,,,1.0,144.0,21.0,22.0,85.0,135.0,159.0,124.0,,
203,,,,,,,,,,,,,,,,,,,,,,,,,,,,,,,,,,,,184.0,323.0,149.0,74.0,190.0,404.0,515.0,411.0,0.0,0.0,39.0,0.0,92.0,904.0,764.0,1090.0,,,,,,,,,,,,,,,,,0.17,113.22,,,,,,,,,,,,,,,,,,,,,,,,,,,,,,,,,,,,,,,,,,,,,,0.0,0.0,43.0,0.0,58.0,858.0,406.0,1034.0,35.0,123.0,68.0,4.0,120.0,524.0,585.0,680.0,0.0,11.0,0.0,0.0,0.0,3.0,13.0,24.0,,,,,,,,,1.0,144.0,21.0,22.0,85.0,135.0,159.0,124.0,,
204,,,,,,,,,,,,,,,,,,,,,,,,,,,,,,,,,,,,184.0,323.0,149.0,74.0,199.0,404.0,515.0,413.0,0.0,0.0,39.0,0.0,97.0,904.0,764.0,1090.0,,,,,,,,,,,,,,,,,23.73,119.74,,,,,,,,,,,,,,,,,,,,,,,,,,,,,,,,,,,,,,,,,,,,,,0.0,0.0,43.0,0.0,59.0,858.0,406.0,1034.0,35.0,123.0,68.0,4.0,128.0,524.0,585.0,681.0,0.0,11.0,0.0,0.0,0.0,3.0,13.0,24.0,,,,,,,,,1.0,144.0,21.0,22.0,95.0,135.0,159.0,124.0,,
205,,,,,,,,,,,,,,,,,,,,,,,,,,,,,,,,,,,,184.0,323.0,149.0,74.0,199.0,404.0,515.0,413.0,0.0,0.0,39.0,0.0,97.0,904.0,764.0,1094.0,,,,,,,,,,,,,,,,,80.43,154.16,,,,,,,,,,,,,,,,,,,,,,,,,,,,,,,,,,,,,,,,,,,,,,0.0,0.0,43.0,0.0,59.0,858.0,406.0,1038.0,35.0,123.0,68.0,4.0,128.0,524.0,585.0,685.0,0.0,11.0,0.0,0.0,0.0,3.0,13.0,24.0,,,,,,,,,1.0,144.0,21.0,22.0,95.0,135.0,159.0,124.0,,
206,,,,,,,,,,,,,,,,,,,,,,,,,,,,,,,,,,,,184.0,323.0,149.0,74.0,199.0,407.0,515.0,420.0,0.0,0.0,39.0,0.0,97.0,904.0,770.0,1103.0,,,,,,,,,,,,,,,,,76.31,121.21,,,,,,,,,,,,,,,,,,,,,,,,,,,,,,,,,,,,,,,,,,,,,,0.0,0.0,43.0,0.0,59.0,858.0,410.0,1047.0,35.0,123.0,68.0,4.0,128.0,525.0,585.0,692.0,0.0,11.0,0.0,0.0,0.0,3.0,13.0,24.0,,,,,,,,,1.0,144.0,21.0,22.0,95.0,135.0,159.0,129.0,,
207,,,,,,,,,,,,,,,,,,,,,,,,,,,,,,,,,,,,184.0,323.0,149.0,74.0,199.0,407.0,515.0,426.0,0.0,0.0,39.0,0.0,97.0,904.0,779.0,1113.0,,,,,,,,,,,,,,,,,49.87,127.07,,,,,,,,,,,,,,,,,,,,,,,,,,,,,,,,,,,,,,,,,,,,,,0.0,0.0,43.0,0.0,59.0,858.0,419.0,1057.0,35.0,123.0,68.0,4.0,128.0,525.0,585.0,702.0,0.0,11.0,0.0,0.0,0.0,3.0,13.0,24.0,,,,,,,,,1.0,144.0,21.0,22.0,95.0,135.0,159.0,137.0,,
208,,,,,,,,,,,,,,,,,,,,,,,,,,,,,,,,,,,,184.0,328.0,149.0,74.0,199.0,407.0,515.0,432.0,0.0,0.0,39.0,0.0,97.0,904.0,788.0,1119.0,,,,,,,,,,,,,,,,,8.85,114.71,,,,,,,,,,,,,,,,,,,,,,,,,,,,,,,,,,,,,,,,,,,,,,0.0,0.0,43.0,0.0,59.0,858.0,428.0,1057.0,35.0,123.0,68.0,4.0,128.0,525.0,585.0,708.0,0.0,11.0,0.0,0.0,0.0,3.0,13.0,24.0,,,,,,,,,1.0,144.0,21.0,22.0,95.0,135.0,159.0,137.0,,
209,,,,,,,,,,,,,,,,,,,,,,,,,,,,,,,,,,,,184.0,328.0,149.0,74.0,199.0,407.0,515.0,435.0,0.0,0.0,39.0,0.0,97.0,904.0,793.0,1119.0,,,,,,,,,,,,,,,,,68.33,121.97,,,,,,,,,,,,,,,,,,,,,,,,,,,,,,,,,,,,,,,,,,,,,,0.0,0.0,43.0,0.0,59.0,858.0,433.0,1057.0,35.0,123.0,68.0,4.0,128.0,525.0,585.0,713.0,0.0,11.0,0.0,0.0,0.0,3.0,13.0,24.0,,,,,,,,,1.0,144.0,21.0,22.0,95.0,135.0,159.0,137.0,,
210,,,,,,,,,,,,,,,,,,,,,,,,,,,,,,,,,,,,184.0,329.0,155.0,74.0,199.0,415.0,515.0,437.0,0.0,0.0,39.0,0.0,97.0,912.0,799.0,1119.0,,,,,,,,,,,,,,,,,1.07,126.01,,,,,,,,,,,,,,,,,,,,,,,,,,,,,,,,,,,,,,,,,,,,,,0.0,0.0,43.0,0.0,59.0,866.0,439.0,1057.0,35.0,123.0,69.0,4.0,128.0,533.0,585.0,714.0,0.0,11.0,0.0,0.0,0.0,3.0,13.0,24.0,,,,,,,,,1.0,144.0,21.0,22.0,95.0,135.0,159.0,137.0,,
211,,,,,,,,,,,,,,,,,,,,,,,,,,,,,,,,,,,,184.0,333.0,155.0,74.0,207.0,420.0,515.0,437.0,0.0,0.0,39.0,0.0,97.0,912.0,799.0,1119.0,,,,,,,,,,,,,,,,,10.7,109.07,,,,,,,,,,,,,,,,,,,,,,,,,,,,,,,,,,,,,,,,,,,,,,0.0,0.0,43.0,0.0,59.0,866.0,439.0,1057.0,35.0,123.0,71.0,4.0,134.0,536.0,585.0,714.0,0.0,11.0,0.0,0.0,0.0,3.0,13.0,24.0,,,,,,,,,1.0,144.0,21.0,22.0,97.0,135.0,159.0,137.0,,
212,,,,,,,,,,,,,,,,,,,,,,,,,,,,,,,,,,,,184.0,333.0,162.0,74.0,207.0,422.0,515.0,437.0,0.0,0.0,39.0,0.0,97.0,912.0,799.0,1119.0,,,,,,,,,,,,,,,,,35.06,128.27,,,,,,,,,,,,,,,,,,,,,,,,,,,,,,,,,,,,,,,,,,,,,,0.0,0.0,43.0,0.0,59.0,866.0,439.0,1057.0,35.0,123.0,75.0,4.0,134.0,538.0,585.0,714.0,0.0,11.0,0.0,0.0,0.0,3.0,13.0,24.0,,,,,,,,,1.0,144.0,21.0,22.0,97.0,135.0,159.0,137.0,,
213,,,,,,,,,,,,,,,,,,,,,,,,,,,,,,,,,,,,184.0,333.0,162.0,74.0,207.0,422.0,515.0,439.0,0.0,0.0,39.0,0.0,97.0,912.0,799.0,1124.0,,,,,,,,,,,,,,,,,49.06,119.23,,,,,,,,,,,,,,,,,,,,,,,,,,,,,,,,,,,,,,,,,,,,,,0.0,0.0,43.0,0.0,59.0,866.0,439.0,1062.0,35.0,123.0,75.0,4.0,134.0,538.0,585.0,719.0,0.0,11.0,0.0,0.0,0.0,3.0,13.0,24.0,,,,,,,,,1.0,144.0,21.0,22.0,97.0,135.0,159.0,137.0,,
214,,,,,,,,,,,,,,,,,,,,,,,,,,,,,,,,,,,,184.0,333.0,162.0,74.0,207.0,422.0,518.0,444.0,0.0,0.0,39.0,0.0,97.0,912.0,806.0,1131.0,,,,,,,,,,,,,,,,,0.0,109.49,,,,,,,,,,,,,,,,,,,,,,,,,,,,,,,,,,,,,,,,,,,,,,0.0,0.0,43.0,0.0,59.0,866.0,446.0,1069.0,35.0,123.0,75.0,4.0,134.0,538.0,589.0,726.0,0.0,11.0,0.0,0.0,0.0,3.0,13.0,24.0,,,,,,,,,1.0,144.0,21.0,22.0,97.0,135.0,159.0,137.0,,
215,,,,,,,,,,,,,,,,,,,,,,,,,,,,,,,,,,,,184.0,333.0,162.0,74.0,207.0,422.0,526.0,444.0,0.0,0.0,39.0,0.0,97.0,912.0,816.0,1131.0,,,,,,,,,,,,,,,,,-10.08,97.87,,,,,,,,,,,,,,,,,,,,,,,,,,,,,,,,,,,,,,,,,,,,,,0.0,0.0,43.0,0.0,59.0,866.0,456.0,1069.0,35.0,123.0,75.0,4.0,135.0,538.0,598.0,726.0,0.0,11.0,0.0,0.0,0.0,3.0,13.0,24.0,,,,,,,,,1.0,144.0,21.0,22.0,97.0,135.0,159.0,137.0,,
216,,,,,,,,,,,,,,,,,,,,,,,,,,,,,,,,,,,,184.0,333.0,162.0,74.0,207.0,422.0,528.0,444.0,0.0,0.0,39.0,0.0,97.0,912.0,816.0,1131.0,,,,,,,,,,,,,,,,,0.02,102.72,,,,,,,,,,,,,,,,,,,,,,,,,,,,,,,,,,,,,,,,,,,,,,0.0,0.0,43.0,0.0,59.0,866.0,456.0,1069.0,35.0,123.0,75.0,4.0,135.0,538.0,601.0,726.0,0.0,11.0,0.0,0.0,0.0,3.0,13.0,24.0,,,,,,,,,1.0,144.0,21.0,22.0,97.0,135.0,163.0,137.0,,
217,,,,,,,,,,,,,,,,,,,,,,,,,,,,,,,,,,,,184.0,333.0,162.0,74.0,207.0,426.0,536.0,448.0,0.0,0.0,39.0,0.0,97.0,913.0,819.0,1131.0,,,,,,,,,,,,,,,,,-11.83,107.15,,,,,,,,,,,,,,,,,,,,,,,,,,,,,,,,,,,,,,,,,,,,,,0.0,0.0,43.0,0.0,59.0,867.0,459.0,1069.0,35.0,123.0,76.0,4.0,135.0,542.0,616.0,730.0,0.0,11.0,0.0,0.0,0.0,3.0,13.0,24.0,,,,,,,,,1.0,144.0,21.0,22.0,97.0,135.0,171.0,137.0,,
218,,,,,,,,,,,,,,,,,,,,,,,,,,,,,,,,,,,,184.0,333.0,162.0,74.0,207.0,426.0,543.0,454.0,0.0,0.0,39.0,0.0,103.0,913.0,819.0,1131.0,,,,,,,,,,,,,,,,,-11.79,170.16,,,,,,,,,,,,,,,,,,,,,,,,,,,,,,,,,,,,,,,,,,,,,,0.0,0.0,43.0,0.0,59.0,867.0,459.0,1069.0,35.0,123.0,83.0,4.0,142.0,542.0,622.0,730.0,0.0,11.0,0.0,0.0,0.0,3.0,13.0,24.0,,,,,,,,,1.0,144.0,21.0,22.0,97.0,135.0,171.0,137.0,,
219,,,,,,,,,,,,,,,,,,,,,,,,,,,,,,,,,,,,184.0,333.0,162.0,74.0,218.0,426.0,548.0,454.0,0.0,0.0,40.0,0.0,103.0,913.0,819.0,1131.0,,,,,,,,,,,,,,,,,-1.99,141.94,,,,,,,,,,,,,,,,,,,,,,,,,,,,,,,,,,,,,,,,,,,,,,0.0,0.0,44.0,0.0,59.0,867.0,459.0,1069.0,35.0,123.0,85.0,4.0,142.0,542.0,627.0,730.0,0.0,11.0,0.0,0.0,0.0,3.0,13.0,24.0,,,,,,,,,1.0,144.0,21.0,22.0,97.0,135.0,175.0,137.0,,
220,,,,,,,,,,,,,,,,,,,,,,,,,,,,,,,,,,,,184.0,333.0,178.0,74.0,233.0,426.0,552.0,460.0,0.0,0.0,40.0,0.0,103.0,913.0,820.0,1137.0,,,,,,,,,,,,,,,,,-0.02,151.51,,,,,,,,,,,,,,,,,,,,,,,,,,,,,,,,,,,,,,,,,,,,,,0.0,0.0,44.0,0.0,59.0,867.0,459.0,1074.0,35.0,123.0,102.0,4.0,142.0,542.0,631.0,736.0,0.0,11.0,0.0,0.0,0.0,3.0,13.0,24.0,,,,,,,,,1.0,144.0,21.0,22.0,97.0,135.0,175.0,142.0,,
221,,,,,,,,,,,,,,,,,,,,,,,,,,,,,,,,,,,,184.0,333.0,178.0,74.0,233.0,426.0,559.0,466.0,0.0,0.0,40.0,0.0,103.0,913.0,827.0,1144.0,,,,,,,,,,,,,,,,,-15.37,127.62,,,,,,,,,,,,,,,,,,,,,,,,,,,,,,,,,,,,,,,,,,,,,,0.0,0.0,44.0,0.0,59.0,867.0,466.0,1080.0,35.0,123.0,102.0,4.0,142.0,544.0,638.0,742.0,0.0,11.0,0.0,0.0,0.0,3.0,13.0,24.0,,,,,,,,,1.0,144.0,21.0,22.0,97.0,135.0,180.0,142.0,,
222,,,,,,,,,,,,,,,,,,,,,,,,,,,,,,,,,,,,190.0,333.0,178.0,74.0,233.0,432.0,567.0,466.0,0.0,0.0,40.0,0.0,103.0,913.0,835.0,1144.0,,,,,,,,,,,,,,,,,-61.08,122.45,,,,,,,,,,,,,,,,,,,,,,,,,,,,,,,,,,,,,,,,,,,,,,0.0,0.0,44.0,0.0,59.0,867.0,474.0,1080.0,35.0,123.0,102.0,4.0,142.0,553.0,646.0,742.0,0.0,11.0,0.0,0.0,0.0,3.0,13.0,24.0,,,,,,,,,1.0,144.0,21.0,22.0,97.0,142.0,180.0,142.0,,
223,,,,,,,,,,,,,,,,,,,,,,,,,,,,,,,,,,,,196.0,333.0,178.0,74.0,233.0,441.0,570.0,469.0,0.0,0.0,40.0,0.0,103.0,917.0,835.0,1144.0,,,,,,,,,,,,,,,,,0.0,191.95,,,,,,,,,,,,,,,,,,,,,,,,,,,,,,,,,,,,,,,,,,,,,,0.0,0.0,44.0,0.0,59.0,871.0,474.0,1080.0,35.0,123.0,102.0,4.0,142.0,562.0,649.0,742.0,0.0,11.0,0.0,0.0,0.0,3.0,13.0,24.0,,,,,,,,,1.0,144.0,21.0,22.0,97.0,154.0,180.0,142.0,,
224,,,,,,,,,,,,,,,,,,,,,,,,,,,,,,,,,,,,196.0,333.0,178.0,74.0,233.0,449.0,570.0,469.0,0.0,0.0,40.0,0.0,103.0,924.0,835.0,1144.0,,,,,,,,,,,,,,,,,3.0,156.16,,,,,,,,,,,,,,,,,,,,,,,,,,,,,,,,,,,,,,,,,,,,,,0.0,0.0,44.0,0.0,59.0,878.0,474.0,1080.0,35.0,123.0,102.0,4.0,142.0,570.0,649.0,742.0,0.0,11.0,0.0,0.0,0.0,3.0,13.0,24.0,,,,,,,,,1.0,144.0,21.0,22.0,98.0,155.0,180.0,142.0,,
225,,,,,,,,,,,,,,,,,,,,,,,,,,,,,,,,,,,,196.0,333.0,178.0,74.0,233.0,449.0,570.0,470.0,0.0,0.0,40.0,0.0,103.0,924.0,835.0,1144.0,,,,,,,,,,,,,,,,,27.89,226.64,,,,,,,,,,,,,,,,,,,,,,,,,,,,,,,,,,,,,,,,,,,,,,0.0,0.0,44.0,0.0,59.0,878.0,474.0,1080.0,35.0,123.0,102.0,4.0,142.0,572.0,649.0,742.0,0.0,11.0,0.0,0.0,0.0,3.0,13.0,24.0,,,,,,,,,1.0,144.0,21.0,22.0,98.0,159.0,180.0,142.0,,
226,,,,,,,,,,,,,,,,,,,,,,,,,,,,,,,,,,,,196.0,333.0,179.0,74.0,233.0,449.0,570.0,470.0,0.0,0.0,40.0,0.0,103.0,924.0,835.0,1144.0,,,,,,,,,,,,,,,,,41.02,283.89,,,,,,,,,,,,,,,,,,,,,,,,,,,,,,,,,,,,,,,,,,,,,,0.0,0.0,44.0,0.0,59.0,878.0,474.0,1080.0,35.0,123.0,102.0,4.0,142.0,572.0,649.0,742.0,0.0,11.0,0.0,0.0,0.0,3.0,13.0,24.0,,,,,,,,,1.0,144.0,21.0,22.0,98.0,159.0,180.0,142.0,,
227,,,,,,,,,,,,,,,,,,,,,,,,,,,,,,,,,,,,196.0,333.0,179.0,74.0,233.0,449.0,573.0,470.0,0.0,0.0,40.0,0.0,103.0,924.0,838.0,1146.0,,,,,,,,,,,,,,,,,0.0,124.01,,,,,,,,,,,,,,,,,,,,,,,,,,,,,,,,,,,,,,,,,,,,,,0.0,0.0,44.0,0.0,59.0,878.0,477.0,1080.0,35.0,123.0,102.0,4.0,142.0,572.0,652.0,742.0,0.0,11.0,0.0,0.0,0.0,3.0,13.0,24.0,,,,,,,,,1.0,144.0,21.0,22.0,98.0,159.0,180.0,142.0,,
228,,,,,,,,,,,,,,,,,,,,,,,,,,,,,,,,,,,,196.0,333.0,179.0,74.0,233.0,451.0,578.0,470.0,0.0,0.0,40.0,0.0,103.0,931.0,841.0,1151.0,,,,,,,,,,,,,,,,,-0.01,102.62,,,,,,,,,,,,,,,,,,,,,,,,,,,,,,,,,,,,,,,,,,,,,,0.0,0.0,44.0,0.0,59.0,885.0,478.0,1085.0,35.0,123.0,104.0,4.0,142.0,574.0,656.0,742.0,0.0,11.0,0.0,0.0,0.0,3.0,13.0,24.0,,,,,,,,,1.0,144.0,21.0,22.0,98.0,163.0,180.0,142.0,,
229,,,,,,,,,,,,,,,,,,,,,,,,,,,,,,,,,,,,196.0,333.0,179.0,74.0,233.0,451.0,583.0,470.0,0.0,0.0,40.0,0.0,103.0,931.0,846.0,1151.0,,,,,,,,,,,,,,,,,-1.25,110.66,,,,,,,,,,,,,,,,,,,,,,,,,,,,,,,,,,,,,,,,,,,,,,0.0,0.0,44.0,0.0,59.0,885.0,482.0,1085.0,35.0,123.0,104.0,4.0,142.0,574.0,661.0,742.0,0.0,11.0,0.0,0.0,0.0,3.0,13.0,24.0,,,,,,,,,1.0,144.0,21.0,22.0,98.0,163.0,180.0,142.0,,
230,,,,,,,,,,,,,,,,,,,,,,,,,,,,,,,,,,,,196.0,333.0,179.0,74.0,233.0,451.0,583.0,470.0,0.0,0.0,40.0,0.0,103.0,931.0,846.0,1152.0,,,,,,,,,,,,,,,,,14.23,197.42,,,,,,,,,,,,,,,,,,,,,,,,,,,,,,,,,,,,,,,,,,,,,,0.0,0.0,44.0,0.0,59.0,885.0,482.0,1085.0,35.0,123.0,104.0,4.0,142.0,574.0,661.0,742.0,0.0,11.0,0.0,0.0,0.0,3.0,13.0,24.0,,,,,,,,,1.0,144.0,21.0,22.0,98.0,163.0,180.0,142.0,,
231,,,,,,,,,,,,,,,,,,,,,,,,,,,,,,,,,,,,196.0,333.0,179.0,74.0,233.0,451.0,583.0,470.0,0.0,0.0,40.0,0.0,103.0,939.0,846.0,1152.0,,,,,,,,,,,,,,,,,8.97,128.62,,,,,,,,,,,,,,,,,,,,,,,,,,,,,,,,,,,,,,,,,,,,,,0.0,0.0,44.0,0.0,59.0,893.0,482.0,1085.0,35.0,123.0,104.0,4.0,142.0,576.0,661.0,742.0,0.0,11.0,0.0,0.0,0.0,3.0,13.0,24.0,,,,,,,,,1.0,144.0,21.0,22.0,103.0,163.0,180.0,142.0,,
232,,,,,,,,,,,,,,,,,,,,,,,,,,,,,,,,,,,,196.0,333.0,179.0,74.0,233.0,451.0,583.0,470.0,0.0,0.0,40.0,0.0,103.0,939.0,846.0,1152.0,,,,,,,,,,,,,,,,,35.0,135.15,,,,,,,,,,,,,,,,,,,,,,,,,,,,,,,,,,,,,,,,,,,,,,0.0,0.0,44.0,0.0,59.0,893.0,482.0,1085.0,35.0,123.0,104.0,4.0,142.0,576.0,661.0,742.0,0.0,11.0,0.0,0.0,0.0,3.0,13.0,24.0,,,,,,,,,1.0,144.0,21.0,22.0,103.0,163.0,180.0,142.0,,
233,,,,,,,,,,,,,,,,,,,,,,,,,,,,,,,,,,,,196.0,333.0,179.0,74.0,233.0,451.0,583.0,470.0,0.0,0.0,40.0,0.0,103.0,939.0,846.0,1152.0,,,,,,,,,,,,,,,,,56.26,116.89,,,,,,,,,,,,,,,,,,,,,,,,,,,,,,,,,,,,,,,,,,,,,,0.0,0.0,44.0,0.0,59.0,893.0,482.0,1085.0,35.0,123.0,104.0,4.0,142.0,576.0,661.0,742.0,0.0,11.0,0.0,0.0,0.0,3.0,13.0,24.0,,,,,,,,,1.0,144.0,21.0,22.0,103.0,163.0,180.0,142.0,,
234,,,,,,,,,,,,,,,,,,,,,,,,,,,,,,,,,,,,196.0,333.0,179.0,74.0,233.0,458.0,584.0,475.0,0.0,0.0,40.0,0.0,103.0,939.0,846.0,1159.0,,,,,,,,,,,,,,,,,0.02,113.0,,,,,,,,,,,,,,,,,,,,,,,,,,,,,,,,,,,,,,,,,,,,,,0.0,0.0,44.0,0.0,59.0,893.0,482.0,1092.0,35.0,123.0,104.0,4.0,142.0,580.0,661.0,748.0,0.0,11.0,0.0,0.0,0.0,3.0,13.0,24.0,,,,,,,,,1.0,144.0,21.0,22.0,103.0,172.0,180.0,142.0,,
235,,,,,,,,,,,,,,,,,,,,,,,,,,,,,,,,,,,,196.0,333.0,179.0,74.0,233.0,464.0,586.0,482.0,0.0,0.0,40.0,0.0,103.0,939.0,848.0,1167.0,,,,,,,,,,,,,,,,,0.06,123.67,,,,,,,,,,,,,,,,,,,,,,,,,,,,,,,,,,,,,,,,,,,,,,0.0,0.0,44.0,0.0,59.0,893.0,483.0,1100.0,35.0,123.0,104.0,4.0,142.0,588.0,663.0,756.0,0.0,11.0,0.0,0.0,0.0,3.0,13.0,24.0,,,,,,,,,1.0,144.0,21.0,22.0,103.0,187.0,180.0,142.0,,
236,,,,,,,,,,,,,,,,,,,,,,,,,,,,,,,,,,,,196.0,339.0,179.0,74.0,233.0,472.0,593.0,482.0,0.0,0.0,40.0,0.0,103.0,939.0,855.0,1171.0,,,,,,,,,,,,,,,,,-7.45,117.31,,,,,,,,,,,,,,,,,,,,,,,,,,,,,,,,,,,,,,,,,,,,,,0.0,0.0,44.0,0.0,59.0,893.0,490.0,1104.0,35.0,123.0,104.0,4.0,142.0,596.0,670.0,757.0,0.0,11.0,0.0,0.0,0.0,3.0,13.0,24.0,,,,,,,,,1.0,144.0,21.0,22.0,103.0,195.0,180.0,142.0,,
237,,,,,,,,,,,,,,,,,,,,,,,,,,,,,,,,,,,,196.0,339.0,179.0,74.0,233.0,482.0,593.0,482.0,0.0,0.0,40.0,0.0,103.0,946.0,855.0,1171.0,,,,,,,,,,,,,,,,,5.93,232.82,,,,,,,,,,,,,,,,,,,,,,,,,,,,,,,,,,,,,,,,,,,,,,0.0,0.0,44.0,0.0,59.0,898.0,490.0,1104.0,35.0,123.0,104.0,4.0,142.0,603.0,670.0,757.0,0.0,11.0,0.0,0.0,0.0,3.0,13.0,24.0,,,,,,,,,1.0,144.0,21.0,22.0,103.0,196.0,180.0,142.0,,
238,,,,,,,,,,,,,,,,,,,,,,,,,,,,,,,,,,,,196.0,339.0,179.0,74.0,233.0,497.0,593.0,482.0,0.0,0.0,40.0,0.0,103.0,955.0,855.0,1176.0,,,,,,,,,,,,,,,,,26.28,196.88,,,,,,,,,,,,,,,,,,,,,,,,,,,,,,,,,,,,,,,,,,,,,,0.0,0.0,44.0,0.0,59.0,907.0,490.0,1109.0,35.0,123.0,104.0,4.0,142.0,615.0,670.0,757.0,0.0,11.0,0.0,0.0,0.0,3.0,13.0,24.0,,,,,,,,,1.0,144.0,21.0,22.0,103.0,206.0,180.0,142.0,,
239,,,,,,,,,,,,,,,,,,,,,,,,,,,,,,,,,,,,196.0,342.0,179.0,74.0,233.0,497.0,593.0,482.0,0.0,0.0,40.0,0.0,110.0,955.0,855.0,1179.0,,,,,,,,,,,,,,,,,50.68,222.07,,,,,,,,,,,,,,,,,,,,,,,,,,,,,,,,,,,,,,,,,,,,,,0.0,0.0,44.0,0.0,66.0,907.0,490.0,1112.0,35.0,123.0,104.0,4.0,142.0,615.0,670.0,757.0,0.0,11.0,0.0,0.0,0.0,3.0,13.0,24.0,,,,,,,,,1.0,144.0,21.0,22.0,103.0,206.0,180.0,142.0,,
240,,,,,,,,,,,,,,,,,,,,,,,,,,,,,,,,,,,,196.0,342.0,179.0,74.0,233.0,497.0,593.0,482.0,0.0,0.0,40.0,0.0,110.0,955.0,858.0,1185.0,,,,,,,,,,,,,,,,,83.27,210.0,,,,,,,,,,,,,,,,,,,,,,,,,,,,,,,,,,,,,,,,,,,,,,0.0,0.0,44.0,0.0,66.0,907.0,493.0,1118.0,35.0,123.0,104.0,4.0,142.0,615.0,673.0,757.0,0.0,11.0,0.0,0.0,0.0,3.0,13.0,24.0,,,,,,,,,1.0,144.0,21.0,22.0,103.0,209.0,180.0,142.0,,
241,,,,,,,,,,,,,,,,,,,,,,,,,,,,,,,,,,,,196.0,342.0,179.0,74.0,233.0,497.0,593.0,488.0,0.0,0.0,40.0,0.0,110.0,955.0,865.0,1193.0,,,,,,,,,,,,,,,,,53.96,147.68,,,,,,,,,,,,,,,,,,,,,,,,,,,,,,,,,,,,,,,,,,,,,,0.0,0.0,44.0,0.0,66.0,907.0,500.0,1126.0,35.0,123.0,104.0,4.0,142.0,615.0,677.0,765.0,0.0,11.0,0.0,0.0,0.0,3.0,13.0,24.0,,,,,,,,,1.0,144.0,21.0,22.0,103.0,209.0,180.0,142.0,,
242,,,,,,,,,,,,,,,,,,,,,,,,,,,,,,,,,,,,196.0,342.0,179.0,74.0,233.0,497.0,597.0,496.0,0.0,0.0,40.0,0.0,110.0,955.0,872.0,1201.0,,,,,,,,,,,,,,,,,-0.38,129.98,,,,,,,,,,,,,,,,,,,,,,,,,,,,,,,,,,,,,,,,,,,,,,0.0,0.0,44.0,0.0,66.0,907.0,506.0,1134.0,35.0,123.0,104.0,4.0,142.0,615.0,681.0,773.0,0.0,11.0,0.0,0.0,0.0,3.0,13.0,24.0,,,,,,,,,3.0,144.0,21.0,22.0,103.0,209.0,183.0,142.0,,
243,,,,,,,,,,,,,,,,,,,,,,,,,,,,,,,,,,,,196.0,342.0,179.0,74.0,233.0,497.0,603.0,501.0,0.0,0.0,40.0,0.0,110.0,955.0,881.0,1208.0,,,,,,,,,,,,,,,,,-1.0,135.1,,,,,,,,,,,,,,,,,,,,,,,,,,,,,,,,,,,,,,,,,,,,,,0.0,0.0,44.0,0.0,66.0,907.0,515.0,1141.0,35.0,123.0,104.0,4.0,142.0,615.0,687.0,781.0,0.0,11.0,0.0,0.0,0.0,3.0,13.0,24.0,,,,,,,,,3.0,144.0,21.0,22.0,103.0,209.0,193.0,142.0,,
244,,,,,,,,,,,,,,,,,,,,,,,,,,,,,,,,,,,,196.0,342.0,179.0,74.0,233.0,500.0,603.0,501.0,0.0,0.0,40.0,0.0,110.0,955.0,888.0,1208.0,,,,,,,,,,,,,,,,,25.03,250.65,,,,,,,,,,,,,,,,,,,,,,,,,,,,,,,,,,,,,,,,,,,,,,0.0,0.0,44.0,0.0,66.0,907.0,522.0,1141.0,35.0,123.0,104.0,4.0,142.0,615.0,688.0,781.0,0.0,11.0,0.0,0.0,0.0,3.0,13.0,24.0,,,,,,,,,3.0,144.0,21.0,22.0,103.0,209.0,193.0,142.0,,
245,,,,,,,,,,,,,,,,,,,,,,,,,,,,,,,,,,,,196.0,342.0,179.0,74.0,233.0,505.0,603.0,501.0,0.0,0.0,40.0,0.0,110.0,955.0,890.0,1208.0,,,,,,,,,,,,,,,,,78.54,311.51,,,,,,,,,,,,,,,,,,,,,,,,,,,,,,,,,,,,,,,,,,,,,,0.0,0.0,44.0,0.0,66.0,907.0,522.0,1141.0,35.0,123.0,104.0,4.0,142.0,615.0,690.0,781.0,0.0,11.0,0.0,0.0,0.0,3.0,13.0,24.0,,,,,,,,,4.0,144.0,21.0,22.0,103.0,209.0,193.0,142.0,,
246,,,,,,,,,,,,,,,,,,,,,,,,,,,,,,,,,,,,196.0,342.0,179.0,74.0,233.0,505.0,608.0,501.0,0.0,0.0,40.0,0.0,110.0,955.0,898.0,1208.0,,,,,,,,,,,,,,,,,-0.28,112.34,,,,,,,,,,,,,,,,,,,,,,,,,,,,,,,,,,,,,,,,,,,,,,0.0,0.0,44.0,0.0,66.0,907.0,528.0,1141.0,35.0,123.0,104.0,4.0,142.0,615.0,698.0,781.0,0.0,11.0,0.0,0.0,0.0,3.0,13.0,24.0,,,,,,,,,5.0,144.0,21.0,22.0,103.0,209.0,193.0,142.0,,
247,,,,,,,,,,,,,,,,,,,,,,,,,,,,,,,,,,,,196.0,342.0,179.0,74.0,233.0,505.0,608.0,506.0,0.0,0.0,40.0,0.0,110.0,955.0,898.0,1208.0,,,,,,,,,,,,,,,,,3.2,350.0,,,,,,,,,,,,,,,,,,,,,,,,,,,,,,,,,,,,,,,,,,,,,,0.0,0.0,44.0,0.0,66.0,907.0,528.0,1141.0,35.0,123.0,104.0,4.0,142.0,615.0,698.0,781.0,0.0,11.0,0.0,0.0,0.0,3.0,13.0,24.0,,,,,,,,,5.0,144.0,21.0,22.0,103.0,209.0,193.0,143.0,,
248,,,,,,,,,,,,,,,,,,,,,,,,,,,,,,,,,,,,196.0,342.0,179.0,74.0,233.0,505.0,608.0,514.0,0.0,0.0,40.0,0.0,110.0,955.0,900.0,1208.0,,,,,,,,,,,,,,,,,70.17,154.53,,,,,,,,,,,,,,,,,,,,,,,,,,,,,,,,,,,,,,,,,,,,,,0.0,0.0,44.0,0.0,66.0,907.0,528.0,1141.0,35.0,123.0,104.0,4.0,142.0,615.0,698.0,783.0,0.0,11.0,0.0,0.0,0.0,3.0,13.0,24.0,,,,,,,,,5.0,144.0,21.0,22.0,103.0,209.0,193.0,149.0,,
249,,,,,,,,,,,,,,,,,,,,,,,,,,,,,,,,,,,,196.0,342.0,179.0,74.0,233.0,511.0,613.0,520.0,0.0,0.0,40.0,0.0,110.0,955.0,908.0,1213.0,,,,,,,,,,,,,,,,,-0.99,158.39,,,,,,,,,,,,,,,,,,,,,,,,,,,,,,,,,,,,,,,,,,,,,,0.0,0.0,44.0,0.0,66.0,907.0,536.0,1146.0,35.0,123.0,104.0,4.0,142.0,615.0,707.0,789.0,0.0,11.0,0.0,0.0,0.0,3.0,13.0,24.0,,,,,,,,,5.0,144.0,21.0,22.0,103.0,209.0,203.0,154.0,,
250,,,,,,,,,,,,,,,,,,,,,,,,,,,,,,,,,,,,196.0,342.0,179.0,74.0,233.0,511.0,622.0,,0.0,0.0,40.0,0.0,110.0,955.0,914.0,,,,,,,,,,,,,,,,,,-53.4,108.3,,,,,,,,,,,,,,,,,,,,,,,,,,,,,,,,,,,,,,,,,,,,,,0.0,0.0,44.0,0.0,66.0,907.0,542.0,,35.0,123.0,104.0,4.0,142.0,615.0,721.0,,0.0,11.0,0.0,0.0,0.0,3.0,13.0,,,,,,,,,,5.0,144.0,21.0,22.0,103.0,209.0,204.0,,,
251,,,,,,,,,,,,,,,,,,,,,,,,,,,,,,,,,,,,196.0,342.0,179.0,74.0,233.0,512.0,622.0,,0.0,0.0,40.0,0.0,110.0,956.0,914.0,,,,,,,,,,,,,,,,,,60.84,413.66,,,,,,,,,,,,,,,,,,,,,,,,,,,,,,,,,,,,,,,,,,,,,,0.0,0.0,44.0,0.0,66.0,907.0,542.0,,35.0,123.0,104.0,4.0,142.0,616.0,721.0,,0.0,11.0,0.0,0.0,0.0,3.0,13.0,,,,,,,,,,5.0,144.0,21.0,22.0,103.0,209.0,204.0,,,
252,,,,,,,,,,,,,,,,,,,,,,,,,,,,,,,,,,,,196.0,342.0,179.0,74.0,233.0,515.0,622.0,,0.0,0.0,40.0,0.0,110.0,963.0,914.0,,,,,,,,,,,,,,,,,,85.51,386.4,,,,,,,,,,,,,,,,,,,,,,,,,,,,,,,,,,,,,,,,,,,,,,0.0,0.0,44.0,0.0,66.0,914.0,542.0,,35.0,123.0,104.0,4.0,142.0,620.0,721.0,,0.0,11.0,0.0,0.0,0.0,3.0,13.0,,,,,,,,,,5.0,144.0,21.0,22.0,103.0,209.0,204.0,,,
253,,,,,,,,,,,,,,,,,,,,,,,,,,,,,,,,,,,,196.0,342.0,179.0,74.0,235.0,515.0,622.0,,0.0,0.0,40.0,0.0,110.0,963.0,920.0,,,,,,,,,,,,,,,,,,85.0,275.19,,,,,,,,,,,,,,,,,,,,,,,,,,,,,,,,,,,,,,,,,,,,,,0.0,0.0,44.0,0.0,66.0,914.0,548.0,,35.0,123.0,104.0,4.0,144.0,620.0,727.0,,0.0,11.0,0.0,0.0,0.0,3.0,13.0,,,,,,,,,,5.0,144.0,21.0,22.0,103.0,209.0,206.0,,,
254,,,,,,,,,,,,,,,,,,,,,,,,,,,,,,,,,,,,196.0,342.0,179.0,74.0,235.0,520.0,626.0,,0.0,0.0,40.0,0.0,110.0,963.0,928.0,,,,,,,,,,,,,,,,,,-0.72,132.86,,,,,,,,,,,,,,,,,,,,,,,,,,,,,,,,,,,,,,,,,,,,,,0.0,0.0,44.0,0.0,66.0,914.0,553.0,,35.0,123.0,104.0,4.0,144.0,621.0,739.0,,0.0,11.0,0.0,0.0,0.0,3.0,13.0,,,,,,,,,,8.0,144.0,21.0,22.0,103.0,210.0,216.0,,,
255,,,,,,,,,,,,,,,,,,,,,,,,,,,,,,,,,,,,196.0,342.0,179.0,74.0,235.0,520.0,632.0,,0.0,0.0,40.0,0.0,110.0,963.0,929.0,,,,,,,,,,,,,,,,,,-8.66,155.36,,,,,,,,,,,,,,,,,,,,,,,,,,,,,,,,,,,,,,,,,,,,,,0.0,0.0,44.0,0.0,66.0,914.0,553.0,,35.0,123.0,104.0,4.0,144.0,625.0,746.0,,0.0,11.0,0.0,0.0,0.0,3.0,13.0,,,,,,,,,,8.0,144.0,21.0,22.0,103.0,214.0,227.0,,,
256,,,,,,,,,,,,,,,,,,,,,,,,,,,,,,,,,,,,196.0,344.0,179.0,74.0,235.0,520.0,636.0,,0.0,0.0,40.0,0.0,110.0,963.0,935.0,,,,,,,,,,,,,,,,,,-0.01,121.9,,,,,,,,,,,,,,,,,,,,,,,,,,,,,,,,,,,,,,,,,,,,,,0.0,0.0,44.0,0.0,66.0,914.0,559.0,,35.0,123.0,104.0,4.0,144.0,625.0,752.0,,0.0,11.0,0.0,0.0,0.0,3.0,13.0,,,,,,,,,,8.0,144.0,21.0,22.0,103.0,214.0,233.0,,,
257,,,,,,,,,,,,,,,,,,,,,,,,,,,,,,,,,,,,196.0,349.0,179.0,74.0,235.0,520.0,639.0,,0.0,0.0,40.0,0.0,110.0,970.0,941.0,,,,,,,,,,,,,,,,,,-0.01,153.29,,,,,,,,,,,,,,,,,,,,,,,,,,,,,,,,,,,,,,,,,,,,,,0.0,0.0,44.0,0.0,66.0,921.0,565.0,,35.0,123.0,104.0,4.0,144.0,625.0,757.0,,0.0,11.0,0.0,0.0,0.0,3.0,13.0,,,,,,,,,,8.0,144.0,21.0,22.0,103.0,214.0,233.0,,,
258,,,,,,,,,,,,,,,,,,,,,,,,,,,,,,,,,,,,200.0,349.0,179.0,74.0,235.0,524.0,654.0,,0.0,0.0,40.0,0.0,110.0,976.0,941.0,,,,,,,,,,,,,,,,,,-14.27,54.31,,,,,,,,,,,,,,,,,,,,,,,,,,,,,,,,,,,,,,,,,,,,,,0.0,0.0,44.0,0.0,66.0,927.0,565.0,,35.0,123.0,104.0,4.0,144.0,627.0,771.0,,0.0,11.0,0.0,0.0,0.0,3.0,13.0,,,,,,,,,,8.0,144.0,21.0,22.0,103.0,220.0,234.0,,,
259,,,,,,,,,,,,,,,,,,,,,,,,,,,,,,,,,,,,200.0,349.0,179.0,74.0,235.0,529.0,667.0,,0.0,0.0,40.0,0.0,110.0,985.0,941.0,,,,,,,,,,,,,,,,,,-20.05,112.97,,,,,,,,,,,,,,,,,,,,,,,,,,,,,,,,,,,,,,,,,,,,,,0.0,0.0,44.0,0.0,66.0,936.0,565.0,,35.0,123.0,104.0,4.0,144.0,633.0,779.0,,0.0,11.0,0.0,0.0,0.0,3.0,13.0,,,,,,,,,,8.0,144.0,21.0,22.0,103.0,220.0,238.0,,,
260,,,,,,,,,,,,,,,,,,,,,,,,,,,,,,,,,,,,200.0,349.0,179.0,74.0,235.0,529.0,667.0,,0.0,0.0,40.0,0.0,110.0,992.0,941.0,,,,,,,,,,,,,,,,,,7.88,142.58,,,,,,,,,,,,,,,,,,,,,,,,,,,,,,,,,,,,,,,,,,,,,,0.0,0.0,44.0,0.0,66.0,942.0,565.0,,35.0,123.0,104.0,4.0,144.0,637.0,780.0,,0.0,11.0,0.0,0.0,0.0,3.0,13.0,,,,,,,,,,8.0,144.0,21.0,22.0,103.0,220.0,238.0,,,
261,,,,,,,,,,,,,,,,,,,,,,,,,,,,,,,,,,,,200.0,349.0,179.0,74.0,236.0,529.0,671.0,,0.0,0.0,40.0,0.0,110.0,999.0,941.0,,,,,,,,,,,,,,,,,,0.0,134.23,,,,,,,,,,,,,,,,,,,,,,,,,,,,,,,,,,,,,,,,,,,,,,0.0,0.0,44.0,0.0,66.0,949.0,565.0,,35.0,123.0,104.0,4.0,145.0,644.0,784.0,,0.0,11.0,0.0,0.0,0.0,3.0,13.0,,,,,,,,,,8.0,144.0,21.0,22.0,103.0,220.0,238.0,,,
262,,,,,,,,,,,,,,,,,,,,,,,,,,,,,,,,,,,,200.0,349.0,179.0,74.0,248.0,531.0,674.0,,0.0,0.0,40.0,0.0,110.0,999.0,941.0,,,,,,,,,,,,,,,,,,0.0,409.24,,,,,,,,,,,,,,,,,,,,,,,,,,,,,,,,,,,,,,,,,,,,,,0.0,0.0,44.0,0.0,66.0,949.0,565.0,,35.0,123.0,104.0,4.0,153.0,647.0,788.0,,0.0,11.0,0.0,0.0,0.0,3.0,13.0,,,,,,,,,,8.0,144.0,21.0,22.0,104.0,220.0,239.0,,,
263,,,,,,,,,,,,,,,,,,,,,,,,,,,,,,,,,,,,200.0,349.0,179.0,74.0,255.0,533.0,679.0,,0.0,0.0,40.0,0.0,110.0,999.0,944.0,,,,,,,,,,,,,,,,,,-10.86,134.1,,,,,,,,,,,,,,,,,,,,,,,,,,,,,,,,,,,,,,,,,,,,,,0.0,0.0,44.0,0.0,66.0,949.0,566.0,,35.0,123.0,104.0,4.0,160.0,650.0,791.0,,0.0,11.0,0.0,0.0,0.0,3.0,13.0,,,,,,,,,,8.0,144.0,21.0,22.0,108.0,220.0,239.0,,,
264,,,,,,,,,,,,,,,,,,,,,,,,,,,,,,,,,,,,200.0,349.0,179.0,74.0,255.0,535.0,685.0,,0.0,0.0,40.0,0.0,110.0,999.0,951.0,,,,,,,,,,,,,,,,,,-2.02,120.57,,,,,,,,,,,,,,,,,,,,,,,,,,,,,,,,,,,,,,,,,,,,,,0.0,0.0,44.0,0.0,66.0,949.0,573.0,,35.0,123.0,104.0,4.0,161.0,652.0,792.0,,0.0,11.0,0.0,0.0,0.0,3.0,13.0,,,,,,,,,,8.0,144.0,21.0,22.0,108.0,220.0,243.0,,,
265,,,,,,,,,,,,,,,,,,,,,,,,,,,,,,,,,,,,200.0,349.0,179.0,74.0,255.0,538.0,685.0,,0.0,0.0,40.0,0.0,110.0,999.0,958.0,,,,,,,,,,,,,,,,,,70.23,140.92,,,,,,,,,,,,,,,,,,,,,,,,,,,,,,,,,,,,,,,,,,,,,,0.0,0.0,44.0,0.0,66.0,949.0,580.0,,35.0,123.0,104.0,4.0,162.0,655.0,799.0,,0.0,11.0,0.0,0.0,0.0,3.0,13.0,,,,,,,,,,8.0,144.0,21.0,22.0,108.0,220.0,243.0,,,
266,,,,,,,,,,,,,,,,,,,,,,,,,,,,,,,,,,,,200.0,349.0,181.0,74.0,255.0,540.0,685.0,,0.0,0.0,40.0,0.0,110.0,1001.0,964.0,,,,,,,,,,,,,,,,,,74.24,172.36,,,,,,,,,,,,,,,,,,,,,,,,,,,,,,,,,,,,,,,,,,,,,,0.0,0.0,44.0,0.0,66.0,951.0,583.0,,35.0,123.0,104.0,4.0,162.0,657.0,808.0,,0.0,11.0,0.0,0.0,0.0,3.0,13.0,,,,,,,,,,8.0,144.0,21.0,22.0,108.0,220.0,243.0,,,
267,,,,,,,,,,,,,,,,,,,,,,,,,,,,,,,,,,,,200.0,349.0,181.0,74.0,260.0,540.0,685.0,,0.0,0.0,40.0,0.0,115.0,1001.0,968.0,,,,,,,,,,,,,,,,,,9.9,120.45,,,,,,,,,,,,,,,,,,,,,,,,,,,,,,,,,,,,,,,,,,,,,,0.0,0.0,44.0,0.0,66.0,951.0,584.0,,35.0,123.0,104.0,4.0,167.0,657.0,816.0,,0.0,11.0,0.0,0.0,0.0,3.0,13.0,,,,,,,,,,8.0,144.0,21.0,22.0,123.0,220.0,243.0,,,
268,,,,,,,,,,,,,,,,,,,,,,,,,,,,,,,,,,,,200.0,349.0,181.0,74.0,262.0,540.0,685.0,,0.0,0.0,40.0,0.0,115.0,1001.0,968.0,,,,,,,,,,,,,,,,,,16.03,124.99,,,,,,,,,,,,,,,,,,,,,,,,,,,,,,,,,,,,,,,,,,,,,,0.0,0.0,44.0,0.0,66.0,951.0,584.0,,35.0,123.0,104.0,4.0,169.0,657.0,816.0,,0.0,11.0,0.0,0.0,0.0,3.0,13.0,,,,,,,,,,8.0,144.0,21.0,22.0,128.0,220.0,243.0,,,
269,,,,,,,,,,,,,,,,,,,,,,,,,,,,,,,,,,,,200.0,349.0,181.0,74.0,262.0,540.0,685.0,,0.0,0.0,40.0,0.0,115.0,1001.0,968.0,,,,,,,,,,,,,,,,,,73.16,133.02,,,,,,,,,,,,,,,,,,,,,,,,,,,,,,,,,,,,,,,,,,,,,,0.0,0.0,44.0,0.0,66.0,951.0,584.0,,35.0,123.0,104.0,4.0,169.0,658.0,816.0,,0.0,11.0,0.0,0.0,0.0,3.0,13.0,,,,,,,,,,8.0,144.0,21.0,26.0,128.0,220.0,243.0,,,
270,,,,,,,,,,,,,,,,,,,,,,,,,,,,,,,,,,,,200.0,350.0,181.0,74.0,262.0,542.0,685.0,,0.0,0.0,40.0,0.0,115.0,1007.0,968.0,,,,,,,,,,,,,,,,,,36.11,148.61,,,,,,,,,,,,,,,,,,,,,,,,,,,,,,,,,,,,,,,,,,,,,,0.0,0.0,44.0,0.0,66.0,957.0,584.0,,35.0,123.0,104.0,4.0,169.0,661.0,816.0,,0.0,11.0,0.0,0.0,0.0,3.0,13.0,,,,,,,,,,8.0,144.0,21.0,26.0,130.0,221.0,243.0,,,
271,,,,,,,,,,,,,,,,,,,,,,,,,,,,,,,,,,,,203.0,350.0,181.0,74.0,262.0,554.0,685.0,,0.0,0.0,40.0,0.0,115.0,1015.0,968.0,,,,,,,,,,,,,,,,,,8.53,137.97,,,,,,,,,,,,,,,,,,,,,,,,,,,,,,,,,,,,,,,,,,,,,,0.0,0.0,44.0,0.0,66.0,965.0,584.0,,35.0,123.0,104.0,4.0,169.0,672.0,816.0,,0.0,11.0,0.0,0.0,0.0,3.0,13.0,,,,,,,,,,8.0,144.0,21.0,26.0,130.0,226.0,243.0,,,
272,,,,,,,,,,,,,,,,,,,,,,,,,,,,,,,,,,,,208.0,350.0,181.0,74.0,262.0,558.0,685.0,,0.0,0.0,40.0,0.0,115.0,1022.0,968.0,,,,,,,,,,,,,,,,,,77.08,406.78,,,,,,,,,,,,,,,,,,,,,,,,,,,,,,,,,,,,,,,,,,,,,,0.0,0.0,44.0,0.0,66.0,972.0,584.0,,36.0,123.0,104.0,4.0,169.0,676.0,816.0,,0.0,11.0,0.0,0.0,0.0,3.0,13.0,,,,,,,,,,8.0,144.0,21.0,26.0,130.0,226.0,243.0,,,
273,,,,,,,,,,,,,,,,,,,,,,,,,,,,,,,,,,,,212.0,350.0,181.0,74.0,262.0,563.0,685.0,,0.0,0.0,40.0,0.0,115.0,1030.0,968.0,,,,,,,,,,,,,,,,,,86.04,357.77,,,,,,,,,,,,,,,,,,,,,,,,,,,,,,,,,,,,,,,,,,,,,,0.0,0.0,44.0,0.0,66.0,980.0,584.0,,36.0,123.0,104.0,4.0,169.0,684.0,816.0,,0.0,11.0,0.0,0.0,0.0,4.0,13.0,,,,,,,,,,8.0,144.0,21.0,26.0,130.0,227.0,243.0,,,
274,,,,,,,,,,,,,,,,,,,,,,,,,,,,,,,,,,,,212.0,350.0,181.0,74.0,265.0,564.0,685.0,,0.0,0.0,40.0,0.0,115.0,1030.0,968.0,,,,,,,,,,,,,,,,,,66.03,339.99,,,,,,,,,,,,,,,,,,,,,,,,,,,,,,,,,,,,,,,,,,,,,,0.0,0.0,44.0,0.0,66.0,980.0,584.0,,36.0,123.0,104.0,4.0,172.0,697.0,816.0,,0.0,11.0,0.0,0.0,0.0,4.0,13.0,,,,,,,,,,8.0,144.0,21.0,26.0,130.0,228.0,243.0,,,
275,,,,,,,,,,,,,,,,,,,,,,,,,,,,,,,,,,,,212.0,350.0,183.0,74.0,265.0,567.0,685.0,,0.0,0.0,40.0,0.0,115.0,1030.0,968.0,,,,,,,,,,,,,,,,,,60.5,181.09,,,,,,,,,,,,,,,,,,,,,,,,,,,,,,,,,,,,,,,,,,,,,,0.0,0.0,44.0,0.0,66.0,980.0,584.0,,36.0,123.0,105.0,4.0,172.0,701.0,816.0,,0.0,11.0,0.0,0.0,0.0,4.0,13.0,,,,,,,,,,8.0,144.0,21.0,26.0,130.0,228.0,243.0,,,
276,,,,,,,,,,,,,,,,,,,,,,,,,,,,,,,,,,,,212.0,353.0,190.0,74.0,272.0,567.0,687.0,,0.0,0.0,40.0,0.0,115.0,1030.0,968.0,,,,,,,,,,,,,,,,,,-0.01,120.76,,,,,,,,,,,,,,,,,,,,,,,,,,,,,,,,,,,,,,,,,,,,,,0.0,0.0,44.0,0.0,66.0,980.0,584.0,,36.0,123.0,110.0,4.0,175.0,701.0,816.0,,0.0,11.0,0.0,0.0,0.0,4.0,13.0,,,,,,,,,,8.0,144.0,21.0,26.0,132.0,228.0,243.0,,,
277,,,,,,,,,,,,,,,,,,,,,,,,,,,,,,,,,,,,212.0,359.0,190.0,74.0,272.0,567.0,709.0,,0.0,0.0,40.0,0.0,115.0,1030.0,975.0,,,,,,,,,,,,,,,,,,-2.6,3.23,,,,,,,,,,,,,,,,,,,,,,,,,,,,,,,,,,,,,,,,,,,,,,0.0,0.0,44.0,0.0,66.0,980.0,591.0,,36.0,123.0,110.0,4.0,175.0,701.0,828.0,,0.0,11.0,0.0,0.0,0.0,4.0,13.0,,,,,,,,,,8.0,144.0,21.0,26.0,132.0,228.0,245.0,,,
278,,,,,,,,,,,,,,,,,,,,,,,,,,,,,,,,,,,,212.0,367.0,190.0,77.0,272.0,567.0,725.0,,0.0,0.0,40.0,0.0,115.0,1030.0,983.0,,,,,,,,,,,,,,,,,,-4.98,35.05,,,,,,,,,,,,,,,,,,,,,,,,,,,,,,,,,,,,,,,,,,,,,,0.0,0.0,44.0,0.0,66.0,980.0,599.0,,36.0,123.0,110.0,4.0,175.0,701.0,840.0,,0.0,11.0,0.0,0.0,0.0,4.0,13.0,,,,,,,,,,8.0,148.0,21.0,28.0,133.0,228.0,245.0,,,
279,,,,,,,,,,,,,,,,,,,,,,,,,,,,,,,,,,,,212.0,367.0,190.0,80.0,275.0,567.0,725.0,,0.0,0.0,40.0,0.0,115.0,1035.0,983.0,,,,,,,,,,,,,,,,,,9.1,168.32,,,,,,,,,,,,,,,,,,,,,,,,,,,,,,,,,,,,,,,,,,,,,,0.0,0.0,44.0,0.0,66.0,985.0,599.0,,36.0,123.0,110.0,4.0,175.0,702.0,840.0,,0.0,11.0,0.0,0.0,0.0,4.0,13.0,,,,,,,,,,8.0,148.0,21.0,32.0,138.0,228.0,245.0,,,
280,,,,,,,,,,,,,,,,,,,,,,,,,,,,,,,,,,,,212.0,367.0,190.0,80.0,278.0,570.0,725.0,,0.0,0.0,40.0,0.0,115.0,1042.0,983.0,,,,,,,,,,,,,,,,,,88.44,287.67,,,,,,,,,,,,,,,,,,,,,,,,,,,,,,,,,,,,,,,,,,,,,,0.0,0.0,44.0,0.0,66.0,992.0,599.0,,36.0,123.0,110.0,4.0,176.0,705.0,840.0,,0.0,11.0,0.0,0.0,0.0,4.0,13.0,,,,,,,,,,8.0,148.0,21.0,33.0,138.0,228.0,245.0,,,
281,,,,,,,,,,,,,,,,,,,,,,,,,,,,,,,,,,,,212.0,367.0,190.0,80.0,278.0,570.0,725.0,,0.0,0.0,40.0,0.0,115.0,1042.0,983.0,,,,,,,,,,,,,,,,,,86.98,199.0,,,,,,,,,,,,,,,,,,,,,,,,,,,,,,,,,,,,,,,,,,,,,,0.0,0.0,44.0,0.0,66.0,992.0,599.0,,36.0,123.0,110.0,4.0,176.0,705.0,840.0,,0.0,11.0,0.0,0.0,0.0,4.0,13.0,,,,,,,,,,8.0,148.0,21.0,33.0,138.0,228.0,245.0,,,
282,,,,,,,,,,,,,,,,,,,,,,,,,,,,,,,,,,,,212.0,367.0,190.0,80.0,278.0,570.0,725.0,,0.0,0.0,40.0,0.0,115.0,1046.0,983.0,,,,,,,,,,,,,,,,,,83.2,149.9,,,,,,,,,,,,,,,,,,,,,,,,,,,,,,,,,,,,,,,,,,,,,,0.0,0.0,44.0,0.0,66.0,996.0,599.0,,36.0,123.0,110.0,4.0,176.0,709.0,840.0,,0.0,11.0,0.0,0.0,0.0,4.0,13.0,,,,,,,,,,8.0,148.0,21.0,33.0,138.0,228.0,245.0,,,
283,,,,,,,,,,,,,,,,,,,,,,,,,,,,,,,,,,,,212.0,367.0,190.0,80.0,278.0,570.0,725.0,,0.0,0.0,40.0,0.0,115.0,1048.0,983.0,,,,,,,,,,,,,,,,,,75.69,123.29,,,,,,,,,,,,,,,,,,,,,,,,,,,,,,,,,,,,,,,,,,,,,,0.0,0.0,44.0,0.0,66.0,998.0,599.0,,36.0,123.0,110.0,4.0,176.0,714.0,840.0,,0.0,11.0,0.0,0.0,0.0,4.0,13.0,,,,,,,,,,8.0,148.0,21.0,33.0,138.0,228.0,245.0,,,
284,,,,,,,,,,,,,,,,,,,,,,,,,,,,,,,,,,,,214.0,367.0,190.0,80.0,282.0,570.0,725.0,,0.0,0.0,40.0,0.0,115.0,1048.0,983.0,,,,,,,,,,,,,,,,,,46.77,130.17,,,,,,,,,,,,,,,,,,,,,,,,,,,,,,,,,,,,,,,,,,,,,,0.0,0.0,44.0,0.0,66.0,998.0,599.0,,36.0,123.0,110.0,4.0,176.0,718.0,840.0,,0.0,11.0,0.0,0.0,0.0,4.0,13.0,,,,,,,,,,8.0,148.0,21.0,33.0,142.0,228.0,245.0,,,
285,,,,,,,,,,,,,,,,,,,,,,,,,,,,,,,,,,,,216.0,367.0,190.0,80.0,282.0,570.0,725.0,,0.0,0.0,40.0,0.0,115.0,1048.0,984.0,,,,,,,,,,,,,,,,,,52.16,116.64,,,,,,,,,,,,,,,,,,,,,,,,,,,,,,,,,,,,,,,,,,,,,,0.0,0.0,44.0,0.0,66.0,998.0,600.0,,36.0,123.0,110.0,4.0,176.0,718.0,840.0,,0.0,11.0,0.0,0.0,0.0,4.0,13.0,,,,,,,,,,8.0,148.0,21.0,33.0,142.0,228.0,245.0,,,
286,,,,,,,,,,,,,,,,,,,,,,,,,,,,,,,,,,,,217.0,367.0,190.0,80.0,286.0,572.0,725.0,,0.0,0.0,40.0,0.0,115.0,1048.0,984.0,,,,,,,,,,,,,,,,,,89.12,306.58,,,,,,,,,,,,,,,,,,,,,,,,,,,,,,,,,,,,,,,,,,,,,,0.0,0.0,44.0,0.0,66.0,998.0,600.0,,36.0,123.0,110.0,4.0,177.0,720.0,840.0,,0.0,11.0,0.0,0.0,0.0,4.0,13.0,,,,,,,,,,8.0,148.0,21.0,33.0,142.0,228.0,245.0,,,
287,,,,,,,,,,,,,,,,,,,,,,,,,,,,,,,,,,,,217.0,367.0,190.0,80.0,298.0,588.0,725.0,,0.0,0.0,40.0,0.0,115.0,1051.0,984.0,,,,,,,,,,,,,,,,,,98.87,407.2,,,,,,,,,,,,,,,,,,,,,,,,,,,,,,,,,,,,,,,,,,,,,,0.0,0.0,44.0,0.0,66.0,1001.0,600.0,,36.0,123.0,110.0,4.0,181.0,729.0,840.0,,0.0,11.0,0.0,0.0,0.0,4.0,13.0,,,,,,,,,,8.0,148.0,21.0,33.0,148.0,228.0,245.0,,,
288,,,,,,,,,,,,,,,,,,,,,,,,,,,,,,,,,,,,217.0,367.0,190.0,80.0,303.0,588.0,725.0,,0.0,0.0,40.0,0.0,115.0,1051.0,984.0,,,,,,,,,,,,,,,,,,85.81,278.74,,,,,,,,,,,,,,,,,,,,,,,,,,,,,,,,,,,,,,,,,,,,,,0.0,0.0,44.0,0.0,66.0,1001.0,600.0,,36.0,123.0,110.0,4.0,181.0,729.0,840.0,,0.0,11.0,0.0,0.0,0.0,4.0,13.0,,,,,,,,,,8.0,148.0,21.0,33.0,148.0,228.0,245.0,,,
289,,,,,,,,,,,,,,,,,,,,,,,,,,,,,,,,,,,,217.0,367.0,190.0,80.0,303.0,588.0,725.0,,0.0,0.0,40.0,0.0,115.0,1051.0,984.0,,,,,,,,,,,,,,,,,,81.47,140.59,,,,,,,,,,,,,,,,,,,,,,,,,,,,,,,,,,,,,,,,,,,,,,0.0,0.0,44.0,0.0,66.0,1001.0,600.0,,36.0,123.0,110.0,4.0,181.0,729.0,840.0,,0.0,11.0,0.0,0.0,0.0,4.0,13.0,,,,,,,,,,8.0,148.0,21.0,33.0,148.0,228.0,245.0,,,
290,,,,,,,,,,,,,,,,,,,,,,,,,,,,,,,,,,,,217.0,367.0,190.0,80.0,303.0,588.0,725.0,,0.0,0.0,40.0,0.0,115.0,1051.0,984.0,,,,,,,,,,,,,,,,,,86.72,144.84,,,,,,,,,,,,,,,,,,,,,,,,,,,,,,,,,,,,,,,,,,,,,,0.0,0.0,44.0,0.0,66.0,1001.0,600.0,,36.0,123.0,110.0,4.0,181.0,729.0,840.0,,0.0,11.0,0.0,0.0,0.0,4.0,13.0,,,,,,,,,,8.0,148.0,21.0,33.0,148.0,228.0,245.0,,,
291,,,,,,,,,,,,,,,,,,,,,,,,,,,,,,,,,,,,217.0,367.0,190.0,80.0,303.0,588.0,725.0,,0.0,0.0,40.0,0.0,115.0,1053.0,985.0,,,,,,,,,,,,,,,,,,67.53,133.24,,,,,,,,,,,,,,,,,,,,,,,,,,,,,,,,,,,,,,,,,,,,,,0.0,0.0,44.0,0.0,66.0,1003.0,600.0,,36.0,123.0,110.0,4.0,182.0,729.0,840.0,,0.0,11.0,0.0,0.0,0.0,4.0,13.0,,,,,,,,,,8.0,148.0,21.0,33.0,148.0,228.0,245.0,,,
292,,,,,,,,,,,,,,,,,,,,,,,,,,,,,,,,,,,,217.0,367.0,190.0,80.0,303.0,588.0,725.0,,0.0,0.0,40.0,0.0,115.0,1053.0,990.0,,,,,,,,,,,,,,,,,,20.3,107.69,,,,,,,,,,,,,,,,,,,,,,,,,,,,,,,,,,,,,,,,,,,,,,0.0,0.0,44.0,0.0,66.0,1003.0,605.0,,36.0,123.0,110.0,4.0,182.0,729.0,840.0,,0.0,11.0,0.0,0.0,0.0,4.0,13.0,,,,,,,,,,8.0,148.0,21.0,33.0,148.0,228.0,245.0,,,
293,,,,,,,,,,,,,,,,,,,,,,,,,,,,,,,,,,,,217.0,367.0,192.0,80.0,303.0,588.0,725.0,,0.0,0.0,40.0,0.0,115.0,1053.0,992.0,,,,,,,,,,,,,,,,,,43.83,131.12,,,,,,,,,,,,,,,,,,,,,,,,,,,,,,,,,,,,,,,,,,,,,,0.0,0.0,44.0,0.0,66.0,1003.0,606.0,,36.0,123.0,111.0,4.0,182.0,729.0,841.0,,0.0,11.0,0.0,0.0,0.0,4.0,13.0,,,,,,,,,,8.0,148.0,21.0,33.0,149.0,228.0,245.0,,,
294,,,,,,,,,,,,,,,,,,,,,,,,,,,,,,,,,,,,217.0,367.0,192.0,80.0,303.0,595.0,725.0,,0.0,0.0,40.0,0.0,115.0,1059.0,992.0,,,,,,,,,,,,,,,,,,22.28,121.8,,,,,,,,,,,,,,,,,,,,,,,,,,,,,,,,,,,,,,,,,,,,,,0.0,0.0,44.0,0.0,66.0,1007.0,606.0,,36.0,123.0,114.0,4.0,182.0,736.0,841.0,,0.0,11.0,0.0,0.0,0.0,4.0,13.0,,,,,,,,,,8.0,148.0,21.0,33.0,149.0,232.0,245.0,,,
295,,,,,,,,,,,,,,,,,,,,,,,,,,,,,,,,,,,,217.0,367.0,192.0,80.0,303.0,598.0,725.0,,0.0,0.0,40.0,0.0,115.0,1059.0,996.0,,,,,,,,,,,,,,,,,,85.4,296.48,,,,,,,,,,,,,,,,,,,,,,,,,,,,,,,,,,,,,,,,,,,,,,0.0,0.0,44.0,0.0,66.0,1007.0,610.0,,36.0,123.0,114.0,4.0,182.0,739.0,841.0,,0.0,11.0,0.0,0.0,0.0,4.0,13.0,,,,,,,,,,8.0,148.0,21.0,33.0,149.0,237.0,245.0,,,
296,,,,,,,,,,,,,,,,,,,,,,,,,,,,,,,,,,,,217.0,367.0,192.0,80.0,303.0,598.0,725.0,,0.0,0.0,40.0,0.0,115.0,1059.0,1006.0,,,,,,,,,,,,,,,,,,9.84,114.93,,,,,,,,,,,,,,,,,,,,,,,,,,,,,,,,,,,,,,,,,,,,,,0.0,0.0,44.0,0.0,66.0,1007.0,615.0,,36.0,123.0,114.0,4.0,182.0,739.0,849.0,,0.0,11.0,0.0,0.0,0.0,4.0,13.0,,,,,,,,,,8.0,148.0,21.0,33.0,149.0,237.0,246.0,,,
297,,,,,,,,,,,,,,,,,,,,,,,,,,,,,,,,,,,,217.0,367.0,192.0,80.0,303.0,598.0,727.0,,0.0,0.0,40.0,0.0,115.0,1059.0,1006.0,,,,,,,,,,,,,,,,,,-0.01,84.87,,,,,,,,,,,,,,,,,,,,,,,,,,,,,,,,,,,,,,,,,,,,,,0.0,0.0,44.0,0.0,66.0,1007.0,615.0,,36.0,123.0,114.0,4.0,182.0,739.0,849.0,,0.0,11.0,0.0,0.0,0.0,4.0,13.0,,,,,,,,,,8.0,148.0,21.0,33.0,149.0,237.0,250.0,,,
298,,,,,,,,,,,,,,,,,,,,,,,,,,,,,,,,,,,,217.0,369.0,192.0,80.0,303.0,598.0,733.0,,0.0,0.0,40.0,0.0,115.0,1059.0,1006.0,,,,,,,,,,,,,,,,,,-0.01,61.26,,,,,,,,,,,,,,,,,,,,,,,,,,,,,,,,,,,,,,,,,,,,,,0.0,0.0,44.0,0.0,66.0,1007.0,615.0,,36.0,123.0,114.0,4.0,182.0,739.0,849.0,,0.0,11.0,0.0,0.0,0.0,4.0,13.0,,,,,,,,,,8.0,149.0,21.0,33.0,149.0,237.0,250.0,,,
299,,,,,,,,,,,,,,,,,,,,,,,,,,,,,,,,,,,,219.0,379.0,192.0,80.0,303.0,598.0,746.0,,0.0,0.0,40.0,0.0,115.0,1059.0,1006.0,,,,,,,,,,,,,,,,,,-0.73,42.02,,,,,,,,,,,,,,,,,,,,,,,,,,,,,,,,,,,,,,,,,,,,,,0.0,0.0,44.0,0.0,66.0,1007.0,615.0,,36.0,129.0,114.0,4.0,182.0,739.0,849.0,,0.0,11.0,0.0,0.0,0.0,4.0,13.0,,,,,,,,,,8.0,155.0,21.0,33.0,149.0,237.0,254.0,,,
300,,,,,,,,,,,,,,,,,,,,,,,,,,,,,,,,,,,,222.0,379.0,192.0,80.0,303.0,598.0,747.0,,0.0,0.0,40.0,0.0,115.0,1059.0,1006.0,,,,,,,,,,,,,,,,,,-0.0,126.54,,,,,,,,,,,,,,,,,,,,,,,,,,,,,,,,,,,,,,,,,,,,,,0.0,0.0,44.0,0.0,66.0,1007.0,615.0,,36.0,129.0,114.0,4.0,182.0,739.0,849.0,,0.0,11.0,0.0,0.0,0.0,4.0,13.0,,,,,,,,,,13.0,155.0,21.0,33.0,149.0,237.0,259.0,,,
301,,,,,,,,,,,,,,,,,,,,,,,,,,,,,,,,,,,,222.0,379.0,192.0,80.0,304.0,598.0,747.0,,0.0,0.0,40.0,0.0,118.0,1059.0,1006.0,,,,,,,,,,,,,,,,,,10.22,110.23,,,,,,,,,,,,,,,,,,,,,,,,,,,,,,,,,,,,,,,,,,,,,,0.0,0.0,44.0,0.0,69.0,1007.0,615.0,,36.0,129.0,114.0,4.0,182.0,739.0,849.0,,0.0,11.0,0.0,0.0,0.0,4.0,13.0,,,,,,,,,,13.0,155.0,21.0,33.0,149.0,237.0,259.0,,,
302,,,,,,,,,,,,,,,,,,,,,,,,,,,,,,,,,,,,222.0,380.0,192.0,80.0,317.0,598.0,747.0,,0.0,0.0,40.0,0.0,130.0,1059.0,1006.0,,,,,,,,,,,,,,,,,,54.04,128.74,,,,,,,,,,,,,,,,,,,,,,,,,,,,,,,,,,,,,,,,,,,,,,0.0,0.0,44.0,0.0,81.0,1007.0,615.0,,36.0,129.0,114.0,4.0,194.0,739.0,849.0,,0.0,11.0,0.0,0.0,0.0,4.0,13.0,,,,,,,,,,13.0,155.0,21.0,33.0,151.0,237.0,259.0,,,
303,,,,,,,,,,,,,,,,,,,,,,,,,,,,,,,,,,,,222.0,380.0,192.0,80.0,317.0,598.0,749.0,,0.0,0.0,40.0,0.0,130.0,1059.0,1006.0,,,,,,,,,,,,,,,,,,-0.0,117.93,,,,,,,,,,,,,,,,,,,,,,,,,,,,,,,,,,,,,,,,,,,,,,0.0,0.0,44.0,0.0,81.0,1007.0,615.0,,36.0,129.0,114.0,4.0,194.0,739.0,849.0,,0.0,11.0,0.0,0.0,0.0,4.0,13.0,,,,,,,,,,13.0,156.0,21.0,33.0,153.0,237.0,259.0,,,
304,,,,,,,,,,,,,,,,,,,,,,,,,,,,,,,,,,,,222.0,380.0,192.0,80.0,317.0,598.0,749.0,,0.0,0.0,40.0,0.0,130.0,1059.0,1006.0,,,,,,,,,,,,,,,,,,54.71,132.05,,,,,,,,,,,,,,,,,,,,,,,,,,,,,,,,,,,,,,,,,,,,,,0.0,0.0,44.0,0.0,81.0,1007.0,615.0,,36.0,129.0,114.0,4.0,194.0,739.0,849.0,,0.0,11.0,0.0,0.0,0.0,4.0,13.0,,,,,,,,,,13.0,161.0,21.0,33.0,153.0,237.0,259.0,,,
305,,,,,,,,,,,,,,,,,,,,,,,,,,,,,,,,,,,,222.0,380.0,192.0,80.0,317.0,598.0,749.0,,0.0,0.0,40.0,0.0,135.0,1059.0,1006.0,,,,,,,,,,,,,,,,,,11.63,89.06,,,,,,,,,,,,,,,,,,,,,,,,,,,,,,,,,,,,,,,,,,,,,,0.0,0.0,44.0,0.0,86.0,1007.0,615.0,,36.0,129.0,114.0,4.0,194.0,739.0,849.0,,0.0,11.0,0.0,0.0,0.0,4.0,13.0,,,,,,,,,,13.0,161.0,23.0,33.0,153.0,237.0,259.0,,,
306,,,,,,,,,,,,,,,,,,,,,,,,,,,,,,,,,,,,222.0,381.0,192.0,80.0,317.0,598.0,749.0,,0.0,0.0,40.0,0.0,138.0,1059.0,1012.0,,,,,,,,,,,,,,,,,,60.33,132.07,,,,,,,,,,,,,,,,,,,,,,,,,,,,,,,,,,,,,,,,,,,,,,0.0,0.0,44.0,0.0,89.0,1007.0,621.0,,36.0,129.0,114.0,4.0,197.0,739.0,849.0,,0.0,11.0,0.0,0.0,0.0,4.0,13.0,,,,,,,,,,13.0,161.0,23.0,36.0,153.0,237.0,259.0,,,
307,,,,,,,,,,,,,,,,,,,,,,,,,,,,,,,,,,,,222.0,386.0,192.0,80.0,317.0,598.0,749.0,,0.0,0.0,40.0,0.0,142.0,1059.0,1012.0,,,,,,,,,,,,,,,,,,16.53,117.26,,,,,,,,,,,,,,,,,,,,,,,,,,,,,,,,,,,,,,,,,,,,,,0.0,0.0,44.0,0.0,93.0,1007.0,621.0,,36.0,133.0,114.0,4.0,197.0,739.0,849.0,,0.0,11.0,0.0,0.0,0.0,4.0,13.0,,,,,,,,,,13.0,161.0,23.0,36.0,153.0,237.0,259.0,,,
308,,,,,,,,,,,,,,,,,,,,,,,,,,,,,,,,,,,,222.0,386.0,192.0,80.0,317.0,598.0,749.0,,0.0,0.0,40.0,0.0,151.0,1059.0,1012.0,,,,,,,,,,,,,,,,,,4.92,129.1,,,,,,,,,,,,,,,,,,,,,,,,,,,,,,,,,,,,,,,,,,,,,,0.0,0.0,44.0,0.0,102.0,1007.0,621.0,,36.0,133.0,114.0,4.0,197.0,739.0,849.0,,0.0,11.0,0.0,0.0,0.0,4.0,13.0,,,,,,,,,,13.0,161.0,23.0,36.0,153.0,237.0,259.0,,,
309,,,,,,,,,,,,,,,,,,,,,,,,,,,,,,,,,,,,222.0,386.0,192.0,80.0,317.0,598.0,749.0,,0.0,0.0,40.0,0.0,167.0,1059.0,1012.0,,,,,,,,,,,,,,,,,,62.01,147.42,,,,,,,,,,,,,,,,,,,,,,,,,,,,,,,,,,,,,,,,,,,,,,0.0,0.0,44.0,0.0,118.0,1007.0,621.0,,36.0,133.0,114.0,4.0,197.0,739.0,849.0,,0.0,11.0,0.0,0.0,0.0,4.0,13.0,,,,,,,,,,13.0,161.0,23.0,36.0,153.0,237.0,259.0,,,
310,,,,,,,,,,,,,,,,,,,,,,,,,,,,,,,,,,,,222.0,386.0,192.0,81.0,320.0,598.0,749.0,,0.0,0.0,40.0,0.0,167.0,1059.0,1015.0,,,,,,,,,,,,,,,,,,83.7,154.26,,,,,,,,,,,,,,,,,,,,,,,,,,,,,,,,,,,,,,,,,,,,,,0.0,0.0,44.0,0.0,118.0,1007.0,621.0,,36.0,133.0,114.0,4.0,197.0,739.0,849.0,,0.0,11.0,0.0,0.0,0.0,4.0,13.0,,,,,,,,,,13.0,161.0,23.0,36.0,153.0,237.0,259.0,,,
311,,,,,,,,,,,,,,,,,,,,,,,,,,,,,,,,,,,,222.0,386.0,192.0,84.0,320.0,598.0,749.0,,0.0,0.0,40.0,0.0,167.0,1059.0,1015.0,,,,,,,,,,,,,,,,,,88.8,178.54,,,,,,,,,,,,,,,,,,,,,,,,,,,,,,,,,,,,,,,,,,,,,,0.0,0.0,44.0,0.0,118.0,1007.0,621.0,,36.0,133.0,114.0,4.0,197.0,739.0,849.0,,0.0,11.0,0.0,0.0,0.0,4.0,13.0,,,,,,,,,,13.0,161.0,24.0,36.0,153.0,237.0,259.0,,,
312,,,,,,,,,,,,,,,,,,,,,,,,,,,,,,,,,,,,222.0,386.0,192.0,84.0,320.0,598.0,749.0,,0.0,0.0,40.0,0.0,167.0,1059.0,1021.0,,,,,,,,,,,,,,,,,,93.97,136.53,,,,,,,,,,,,,,,,,,,,,,,,,,,,,,,,,,,,,,,,,,,,,,0.0,0.0,44.0,0.0,118.0,1007.0,621.0,,36.0,133.0,114.0,4.0,197.0,739.0,849.0,,0.0,11.0,0.0,0.0,0.0,4.0,13.0,,,,,,,,,,13.0,161.0,24.0,36.0,153.0,237.0,259.0,,,
313,,,,,,,,,,,,,,,,,,,,,,,,,,,,,,,,,,,,222.0,386.0,192.0,84.0,320.0,598.0,749.0,,0.0,0.0,40.0,0.0,167.0,1059.0,1023.0,,,,,,,,,,,,,,,,,,88.62,126.1,,,,,,,,,,,,,,,,,,,,,,,,,,,,,,,,,,,,,,,,,,,,,,0.0,0.0,44.0,0.0,118.0,1007.0,623.0,,36.0,133.0,114.0,4.0,197.0,739.0,849.0,,0.0,11.0,0.0,0.0,0.0,4.0,13.0,,,,,,,,,,13.0,161.0,24.0,36.0,153.0,237.0,259.0,,,
314,,,,,,,,,,,,,,,,,,,,,,,,,,,,,,,,,,,,222.0,386.0,192.0,84.0,320.0,598.0,749.0,,0.0,0.0,40.0,0.0,167.0,1059.0,1023.0,,,,,,,,,,,,,,,,,,83.19,157.88,,,,,,,,,,,,,,,,,,,,,,,,,,,,,,,,,,,,,,,,,,,,,,0.0,0.0,44.0,0.0,118.0,1007.0,623.0,,36.0,133.0,114.0,4.0,197.0,739.0,849.0,,0.0,11.0,0.0,0.0,0.0,4.0,13.0,,,,,,,,,,13.0,161.0,24.0,42.0,153.0,237.0,259.0,,,
315,,,,,,,,,,,,,,,,,,,,,,,,,,,,,,,,,,,,222.0,386.0,192.0,84.0,320.0,598.0,749.0,,0.0,0.0,40.0,0.0,167.0,1059.0,1023.0,,,,,,,,,,,,,,,,,,74.87,143.26,,,,,,,,,,,,,,,,,,,,,,,,,,,,,,,,,,,,,,,,,,,,,,0.0,0.0,44.0,0.0,118.0,1007.0,623.0,,36.0,133.0,114.0,4.0,197.0,739.0,849.0,,0.0,11.0,0.0,0.0,0.0,4.0,13.0,,,,,,,,,,15.0,161.0,24.0,47.0,153.0,237.0,259.0,,,
316,,,,,,,,,,,,,,,,,,,,,,,,,,,,,,,,,,,,222.0,386.0,192.0,84.0,320.0,598.0,749.0,,0.0,0.0,40.0,0.0,167.0,1059.0,1025.0,,,,,,,,,,,,,,,,,,32.92,115.4,,,,,,,,,,,,,,,,,,,,,,,,,,,,,,,,,,,,,,,,,,,,,,0.0,0.0,44.0,0.0,118.0,1007.0,625.0,,36.0,133.0,114.0,4.0,197.0,739.0,850.0,,0.0,11.0,0.0,0.0,0.0,4.0,13.0,,,,,,,,,,15.0,161.0,24.0,47.0,153.0,237.0,259.0,,,
317,,,,,,,,,,,,,,,,,,,,,,,,,,,,,,,,,,,,222.0,386.0,192.0,84.0,320.0,598.0,749.0,,0.0,0.0,40.0,0.0,167.0,1059.0,1025.0,,,,,,,,,,,,,,,,,,6.0,131.8,,,,,,,,,,,,,,,,,,,,,,,,,,,,,,,,,,,,,,,,,,,,,,0.0,0.0,44.0,0.0,118.0,1007.0,625.0,,36.0,133.0,114.0,4.0,197.0,739.0,850.0,,0.0,11.0,0.0,0.0,0.0,4.0,13.0,,,,,,,,,,15.0,161.0,24.0,47.0,153.0,237.0,259.0,,,
318,,,,,,,,,,,,,,,,,,,,,,,,,,,,,,,,,,,,222.0,386.0,192.0,84.0,323.0,598.0,749.0,,0.0,0.0,40.0,0.0,167.0,1059.0,1025.0,,,,,,,,,,,,,,,,,,77.38,138.35,,,,,,,,,,,,,,,,,,,,,,,,,,,,,,,,,,,,,,,,,,,,,,0.0,0.0,44.0,0.0,118.0,1007.0,625.0,,36.0,133.0,114.0,4.0,197.0,739.0,850.0,,0.0,11.0,0.0,0.0,0.0,4.0,13.0,,,,,,,,,,15.0,161.0,24.0,47.0,153.0,237.0,259.0,,,
319,,,,,,,,,,,,,,,,,,,,,,,,,,,,,,,,,,,,222.0,386.0,192.0,84.0,323.0,598.0,749.0,,0.0,0.0,40.0,0.0,167.0,1059.0,1025.0,,,,,,,,,,,,,,,,,,68.16,121.8,,,,,,,,,,,,,,,,,,,,,,,,,,,,,,,,,,,,,,,,,,,,,,0.0,0.0,44.0,0.0,118.0,1007.0,625.0,,36.0,133.0,114.0,4.0,197.0,739.0,850.0,,0.0,11.0,0.0,0.0,0.0,4.0,13.0,,,,,,,,,,15.0,161.0,24.0,47.0,153.0,237.0,259.0,,,
320,,,,,,,,,,,,,,,,,,,,,,,,,,,,,,,,,,,,222.0,394.0,192.0,84.0,323.0,598.0,749.0,,0.0,0.0,40.0,0.0,167.0,1059.0,1029.0,,,,,,,,,,,,,,,,,,85.67,129.37,,,,,,,,,,,,,,,,,,,,,,,,,,,,,,,,,,,,,,,,,,,,,,0.0,0.0,44.0,0.0,118.0,1007.0,629.0,,36.0,137.0,114.0,4.0,197.0,739.0,850.0,,0.0,11.0,0.0,0.0,0.0,4.0,13.0,,,,,,,,,,15.0,165.0,24.0,47.0,153.0,237.0,259.0,,,
321,,,,,,,,,,,,,,,,,,,,,,,,,,,,,,,,,,,,222.0,399.0,192.0,84.0,323.0,598.0,749.0,,0.0,0.0,40.0,0.0,167.0,1059.0,1029.0,,,,,,,,,,,,,,,,,,71.32,126.99,,,,,,,,,,,,,,,,,,,,,,,,,,,,,,,,,,,,,,,,,,,,,,0.0,0.0,44.0,0.0,118.0,1007.0,629.0,,36.0,142.0,114.0,4.0,197.0,739.0,850.0,,0.0,11.0,0.0,0.0,0.0,4.0,13.0,,,,,,,,,,15.0,165.0,24.0,47.0,153.0,237.0,259.0,,,
322,,,,,,,,,,,,,,,,,,,,,,,,,,,,,,,,,,,,222.0,399.0,192.0,84.0,323.0,598.0,749.0,,0.0,0.0,40.0,0.0,167.0,1059.0,1029.0,,,,,,,,,,,,,,,,,,77.72,151.66,,,,,,,,,,,,,,,,,,,,,,,,,,,,,,,,,,,,,,,,,,,,,,0.0,0.0,44.0,0.0,118.0,1007.0,629.0,,36.0,142.0,114.0,4.0,197.0,739.0,850.0,,0.0,11.0,0.0,0.0,0.0,4.0,13.0,,,,,,,,,,15.0,165.0,24.0,47.0,153.0,237.0,259.0,,,
323,,,,,,,,,,,,,,,,,,,,,,,,,,,,,,,,,,,,222.0,400.0,192.0,84.0,326.0,598.0,749.0,,0.0,0.0,40.0,0.0,167.0,1059.0,1029.0,,,,,,,,,,,,,,,,,,83.18,136.67,,,,,,,,,,,,,,,,,,,,,,,,,,,,,,,,,,,,,,,,,,,,,,0.0,0.0,44.0,0.0,118.0,1007.0,629.0,,36.0,142.0,114.0,4.0,200.0,739.0,850.0,,0.0,11.0,0.0,0.0,0.0,4.0,13.0,,,,,,,,,,15.0,165.0,24.0,47.0,159.0,237.0,259.0,,,
324,,,,,,,,,,,,,,,,,,,,,,,,,,,,,,,,,,,,222.0,404.0,192.0,84.0,326.0,598.0,749.0,,0.0,0.0,40.0,0.0,167.0,1059.0,1029.0,,,,,,,,,,,,,,,,,,86.8,175.83,,,,,,,,,,,,,,,,,,,,,,,,,,,,,,,,,,,,,,,,,,,,,,0.0,0.0,44.0,0.0,118.0,1007.0,629.0,,36.0,142.0,114.0,4.0,200.0,739.0,850.0,,0.0,11.0,0.0,0.0,0.0,4.0,13.0,,,,,,,,,,15.0,165.0,24.0,47.0,159.0,237.0,259.0,,,
325,,,,,,,,,,,,,,,,,,,,,,,,,,,,,,,,,,,,222.0,404.0,192.0,84.0,326.0,598.0,749.0,,0.0,0.0,40.0,0.0,167.0,1059.0,1033.0,,,,,,,,,,,,,,,,,,90.18,251.87,,,,,,,,,,,,,,,,,,,,,,,,,,,,,,,,,,,,,,,,,,,,,,0.0,0.0,44.0,0.0,118.0,1007.0,631.0,,36.0,142.0,114.0,4.0,200.0,739.0,850.0,,0.0,11.0,0.0,0.0,0.0,4.0,13.0,,,,,,,,,,15.0,165.0,24.0,47.0,159.0,237.0,259.0,,,
326,,,,,,,,,,,,,,,,,,,,,,,,,,,,,,,,,,,,222.0,404.0,192.0,84.0,326.0,598.0,749.0,,0.0,0.0,40.0,0.0,167.0,1059.0,1037.0,,,,,,,,,,,,,,,,,,75.37,114.46,,,,,,,,,,,,,,,,,,,,,,,,,,,,,,,,,,,,,,,,,,,,,,0.0,0.0,44.0,0.0,118.0,1007.0,635.0,,36.0,142.0,114.0,4.0,200.0,739.0,850.0,,0.0,11.0,0.0,0.0,0.0,4.0,13.0,,,,,,,,,,15.0,165.0,24.0,47.0,159.0,237.0,259.0,,,
327,,,,,,,,,,,,,,,,,,,,,,,,,,,,,,,,,,,,222.0,404.0,192.0,84.0,326.0,598.0,749.0,,0.0,0.0,40.0,0.0,167.0,1059.0,1042.0,,,,,,,,,,,,,,,,,,60.88,83.8,,,,,,,,,,,,,,,,,,,,,,,,,,,,,,,,,,,,,,,,,,,,,,0.0,0.0,44.0,0.0,118.0,1007.0,640.0,,36.0,142.0,114.0,4.0,200.0,739.0,850.0,,0.0,11.0,0.0,0.0,0.0,4.0,13.0,,,,,,,,,,15.0,165.0,24.0,47.0,159.0,237.0,259.0,,,
328,,,,,,,,,,,,,,,,,,,,,,,,,,,,,,,,,,,,222.0,404.0,192.0,84.0,329.0,598.0,749.0,,0.0,0.0,40.0,0.0,167.0,1059.0,1042.0,,,,,,,,,,,,,,,,,,70.06,263.48,,,,,,,,,,,,,,,,,,,,,,,,,,,,,,,,,,,,,,,,,,,,,,0.0,0.0,44.0,0.0,118.0,1007.0,640.0,,36.0,142.0,114.0,4.0,200.0,739.0,850.0,,0.0,11.0,0.0,0.0,0.0,4.0,13.0,,,,,,,,,,15.0,165.0,24.0,47.0,163.0,237.0,259.0,,,
329,,,,,,,,,,,,,,,,,,,,,,,,,,,,,,,,,,,,222.0,404.0,192.0,84.0,329.0,607.0,749.0,,0.0,0.0,40.0,0.0,167.0,1059.0,1045.0,,,,,,,,,,,,,,,,,,92.86,373.31,,,,,,,,,,,,,,,,,,,,,,,,,,,,,,,,,,,,,,,,,,,,,,0.0,0.0,44.0,0.0,118.0,1007.0,643.0,,36.0,142.0,114.0,4.0,200.0,739.0,850.0,,0.0,11.0,0.0,0.0,0.0,4.0,13.0,,,,,,,,,,15.0,165.0,24.0,47.0,163.0,237.0,259.0,,,
330,,,,,,,,,,,,,,,,,,,,,,,,,,,,,,,,,,,,222.0,404.0,192.0,84.0,329.0,613.0,749.0,,0.0,0.0,40.0,0.0,167.0,1059.0,1045.0,,,,,,,,,,,,,,,,,,88.32,294.61,,,,,,,,,,,,,,,,,,,,,,,,,,,,,,,,,,,,,,,,,,,,,,0.0,0.0,44.0,0.0,118.0,1007.0,643.0,,36.0,142.0,114.0,4.0,200.0,739.0,850.0,,0.0,11.0,0.0,0.0,0.0,4.0,13.0,,,,,,,,,,15.0,165.0,24.0,47.0,163.0,239.0,259.0,,,
331,,,,,,,,,,,,,,,,,,,,,,,,,,,,,,,,,,,,222.0,404.0,192.0,84.0,329.0,613.0,749.0,,0.0,0.0,40.0,0.0,167.0,1059.0,1045.0,,,,,,,,,,,,,,,,,,60.84,123.1,,,,,,,,,,,,,,,,,,,,,,,,,,,,,,,,,,,,,,,,,,,,,,0.0,0.0,44.0,0.0,118.0,1007.0,643.0,,36.0,142.0,114.0,4.0,200.0,739.0,850.0,,0.0,11.0,0.0,0.0,0.0,4.0,13.0,,,,,,,,,,15.0,165.0,24.0,47.0,163.0,239.0,259.0,,,
332,,,,,,,,,,,,,,,,,,,,,,,,,,,,,,,,,,,,222.0,404.0,192.0,84.0,329.0,613.0,749.0,,0.0,0.0,40.0,0.0,167.0,1059.0,1045.0,,,,,,,,,,,,,,,,,,47.88,104.67,,,,,,,,,,,,,,,,,,,,,,,,,,,,,,,,,,,,,,,,,,,,,,0.0,0.0,44.0,0.0,118.0,1007.0,643.0,,36.0,142.0,114.0,4.0,200.0,739.0,850.0,,0.0,11.0,0.0,0.0,0.0,4.0,13.0,,,,,,,,,,15.0,165.0,24.0,47.0,163.0,239.0,259.0,,,
333,,,,,,,,,,,,,,,,,,,,,,,,,,,,,,,,,,,,222.0,404.0,192.0,84.0,329.0,613.0,749.0,,0.0,0.0,40.0,0.0,167.0,1059.0,1045.0,,,,,,,,,,,,,,,,,,75.97,107.08,,,,,,,,,,,,,,,,,,,,,,,,,,,,,,,,,,,,,,,,,,,,,,0.0,0.0,44.0,0.0,118.0,1007.0,643.0,,36.0,142.0,114.0,4.0,200.0,739.0,850.0,,0.0,11.0,0.0,0.0,0.0,4.0,13.0,,,,,,,,,,15.0,165.0,24.0,47.0,163.0,239.0,259.0,,,
334,,,,,,,,,,,,,,,,,,,,,,,,,,,,,,,,,,,,222.0,404.0,192.0,84.0,329.0,613.0,749.0,,0.0,0.0,40.0,0.0,167.0,1059.0,1045.0,,,,,,,,,,,,,,,,,,65.36,106.21,,,,,,,,,,,,,,,,,,,,,,,,,,,,,,,,,,,,,,,,,,,,,,0.0,0.0,44.0,0.0,118.0,1007.0,643.0,,36.0,142.0,114.0,4.0,200.0,739.0,850.0,,0.0,11.0,0.0,0.0,0.0,4.0,13.0,,,,,,,,,,15.0,165.0,24.0,47.0,163.0,239.0,259.0,,,
335,,,,,,,,,,,,,,,,,,,,,,,,,,,,,,,,,,,,222.0,404.0,192.0,84.0,329.0,613.0,749.0,,0.0,0.0,40.0,0.0,167.0,1059.0,1045.0,,,,,,,,,,,,,,,,,,65.78,139.33,,,,,,,,,,,,,,,,,,,,,,,,,,,,,,,,,,,,,,,,,,,,,,0.0,0.0,44.0,0.0,118.0,1007.0,643.0,,36.0,142.0,114.0,4.0,200.0,739.0,850.0,,0.0,11.0,0.0,0.0,0.0,4.0,13.0,,,,,,,,,,15.0,165.0,24.0,47.0,163.0,239.0,259.0,,,
336,,,,,,,,,,,,,,,,,,,,,,,,,,,,,,,,,,,,222.0,404.0,192.0,84.0,329.0,613.0,749.0,,0.0,0.0,40.0,0.0,167.0,1059.0,1045.0,,,,,,,,,,,,,,,,,,50.47,163.2,,,,,,,,,,,,,,,,,,,,,,,,,,,,,,,,,,,,,,,,,,,,,,0.0,0.0,44.0,0.0,118.0,1007.0,643.0,,36.0,142.0,114.0,4.0,200.0,739.0,850.0,,0.0,11.0,0.0,0.0,0.0,4.0,13.0,,,,,,,,,,15.0,165.0,24.0,47.0,163.0,239.0,259.0,,,
337,,,,,,,,,,,,,,,,,,,,,,,,,,,,,,,,,,,,222.0,404.0,192.0,84.0,329.0,613.0,749.0,,0.0,0.0,40.0,0.0,167.0,1059.0,1045.0,,,,,,,,,,,,,,,,,,89.07,308.35,,,,,,,,,,,,,,,,,,,,,,,,,,,,,,,,,,,,,,,,,,,,,,0.0,0.0,44.0,0.0,118.0,1007.0,643.0,,36.0,142.0,114.0,4.0,200.0,739.0,850.0,,0.0,11.0,0.0,0.0,0.0,4.0,13.0,,,,,,,,,,15.0,165.0,24.0,47.0,163.0,239.0,259.0,,,
338,,,,,,,,,,,,,,,,,,,,,,,,,,,,,,,,,,,,222.0,404.0,192.0,84.0,329.0,613.0,749.0,,0.0,0.0,40.0,0.0,167.0,1059.0,1045.0,,,,,,,,,,,,,,,,,,90.36,163.98,,,,,,,,,,,,,,,,,,,,,,,,,,,,,,,,,,,,,,,,,,,,,,0.0,0.0,44.0,0.0,118.0,1007.0,643.0,,36.0,142.0,114.0,4.0,200.0,739.0,850.0,,0.0,11.0,0.0,0.0,0.0,4.0,13.0,,,,,,,,,,15.0,165.0,24.0,47.0,163.0,239.0,259.0,,,
339,,,,,,,,,,,,,,,,,,,,,,,,,,,,,,,,,,,,222.0,404.0,192.0,84.0,329.0,613.0,749.0,,0.0,0.0,40.0,0.0,167.0,1059.0,1045.0,,,,,,,,,,,,,,,,,,82.08,184.43,,,,,,,,,,,,,,,,,,,,,,,,,,,,,,,,,,,,,,,,,,,,,,0.0,0.0,44.0,0.0,118.0,1007.0,643.0,,36.0,142.0,114.0,4.0,200.0,739.0,850.0,,0.0,11.0,0.0,0.0,0.0,4.0,13.0,,,,,,,,,,16.0,165.0,24.0,47.0,163.0,239.0,259.0,,,
340,,,,,,,,,,,,,,,,,,,,,,,,,,,,,,,,,,,,222.0,404.0,192.0,84.0,329.0,613.0,749.0,,0.0,0.0,40.0,0.0,167.0,1059.0,1045.0,,,,,,,,,,,,,,,,,,64.58,95.59,,,,,,,,,,,,,,,,,,,,,,,,,,,,,,,,,,,,,,,,,,,,,,0.0,0.0,44.0,0.0,118.0,1007.0,643.0,,36.0,142.0,114.0,4.0,200.0,739.0,850.0,,0.0,11.0,0.0,0.0,0.0,4.0,13.0,,,,,,,,,,16.0,165.0,24.0,47.0,163.0,239.0,259.0,,,
341,,,,,,,,,,,,,,,,,,,,,,,,,,,,,,,,,,,,227.0,404.0,192.0,84.0,329.0,613.0,749.0,,0.0,0.0,40.0,0.0,167.0,1059.0,1048.0,,,,,,,,,,,,,,,,,,19.27,111.82,,,,,,,,,,,,,,,,,,,,,,,,,,,,,,,,,,,,,,,,,,,,,,0.0,0.0,44.0,0.0,118.0,1007.0,646.0,,36.0,142.0,114.0,4.0,200.0,739.0,850.0,,0.0,11.0,0.0,0.0,0.0,4.0,13.0,,,,,,,,,,17.0,165.0,24.0,47.0,163.0,239.0,259.0,,,
342,,,,,,,,,,,,,,,,,,,,,,,,,,,,,,,,,,,,247.0,404.0,192.0,84.0,329.0,613.0,749.0,,0.0,0.0,40.0,0.0,167.0,1059.0,1048.0,,,,,,,,,,,,,,,,,,5.59,109.85,,,,,,,,,,,,,,,,,,,,,,,,,,,,,,,,,,,,,,,,,,,,,,0.0,0.0,44.0,0.0,118.0,1007.0,646.0,,36.0,142.0,114.0,4.0,200.0,739.0,850.0,,0.0,11.0,0.0,0.0,0.0,4.0,13.0,,,,,,,,,,30.0,165.0,24.0,47.0,163.0,239.0,259.0,,,
343,,,,,,,,,,,,,,,,,,,,,,,,,,,,,,,,,,,,252.0,404.0,192.0,84.0,329.0,613.0,749.0,,0.0,0.0,40.0,0.0,167.0,1064.0,1048.0,,,,,,,,,,,,,,,,,,43.9,129.75,,,,,,,,,,,,,,,,,,,,,,,,,,,,,,,,,,,,,,,,,,,,,,0.0,0.0,44.0,0.0,118.0,1012.0,646.0,,37.0,142.0,114.0,4.0,200.0,739.0,850.0,,0.0,11.0,0.0,0.0,0.0,4.0,13.0,,,,,,,,,,30.0,165.0,24.0,47.0,163.0,239.0,259.0,,,
344,,,,,,,,,,,,,,,,,,,,,,,,,,,,,,,,,,,,252.0,404.0,192.0,84.0,329.0,613.0,749.0,,0.0,0.0,40.0,0.0,167.0,1064.0,1048.0,,,,,,,,,,,,,,,,,,31.0,105.67,,,,,,,,,,,,,,,,,,,,,,,,,,,,,,,,,,,,,,,,,,,,,,0.0,0.0,44.0,0.0,118.0,1012.0,646.0,,37.0,142.0,114.0,4.0,200.0,739.0,850.0,,0.0,11.0,0.0,0.0,0.0,4.0,13.0,,,,,,,,,,30.0,165.0,24.0,47.0,163.0,239.0,259.0,,,
345,,,,,,,,,,,,,,,,,,,,,,,,,,,,,,,,,,,,254.0,404.0,192.0,84.0,329.0,613.0,749.0,,0.0,0.0,40.0,0.0,167.0,1064.0,1048.0,,,,,,,,,,,,,,,,,,72.52,115.4,,,,,,,,,,,,,,,,,,,,,,,,,,,,,,,,,,,,,,,,,,,,,,0.0,0.0,44.0,0.0,118.0,1012.0,646.0,,37.0,142.0,114.0,4.0,200.0,739.0,850.0,,0.0,11.0,0.0,0.0,0.0,4.0,13.0,,,,,,,,,,30.0,165.0,24.0,47.0,163.0,239.0,259.0,,,
346,,,,,,,,,,,,,,,,,,,,,,,,,,,,,,,,,,,,254.0,404.0,192.0,84.0,329.0,613.0,749.0,,0.0,0.0,40.0,0.0,167.0,1064.0,1048.0,,,,,,,,,,,,,,,,,,86.22,146.82,,,,,,,,,,,,,,,,,,,,,,,,,,,,,,,,,,,,,,,,,,,,,,0.0,0.0,44.0,0.0,118.0,1012.0,646.0,,37.0,142.0,114.0,4.0,200.0,739.0,850.0,,0.0,11.0,0.0,0.0,0.0,4.0,13.0,,,,,,,,,,30.0,165.0,24.0,47.0,163.0,239.0,259.0,,,
347,,,,,,,,,,,,,,,,,,,,,,,,,,,,,,,,,,,,254.0,404.0,192.0,84.0,329.0,613.0,749.0,,0.0,0.0,40.0,0.0,167.0,1064.0,1048.0,,,,,,,,,,,,,,,,,,79.14,119.71,,,,,,,,,,,,,,,,,,,,,,,,,,,,,,,,,,,,,,,,,,,,,,0.0,0.0,44.0,0.0,118.0,1012.0,646.0,,37.0,142.0,114.0,4.0,200.0,739.0,850.0,,0.0,11.0,0.0,0.0,0.0,4.0,13.0,,,,,,,,,,30.0,165.0,24.0,47.0,163.0,239.0,259.0,,,
348,,,,,,,,,,,,,,,,,,,,,,,,,,,,,,,,,,,,255.0,404.0,192.0,84.0,329.0,613.0,749.0,,0.0,0.0,40.0,0.0,167.0,1064.0,1048.0,,,,,,,,,,,,,,,,,,72.5,103.29,,,,,,,,,,,,,,,,,,,,,,,,,,,,,,,,,,,,,,,,,,,,,,0.0,0.0,44.0,0.0,118.0,1012.0,646.0,,37.0,142.0,114.0,4.0,200.0,739.0,850.0,,0.0,11.0,0.0,0.0,0.0,4.0,13.0,,,,,,,,,,30.0,165.0,24.0,47.0,163.0,239.0,259.0,,,
349,,,,,,,,,,,,,,,,,,,,,,,,,,,,,,,,,,,,261.0,404.0,192.0,84.0,329.0,613.0,749.0,,0.0,0.0,40.0,0.0,167.0,1064.0,1048.0,,,,,,,,,,,,,,,,,,70.67,108.66,,,,,,,,,,,,,,,,,,,,,,,,,,,,,,,,,,,,,,,,,,,,,,0.0,0.0,44.0,0.0,118.0,1012.0,646.0,,37.0,142.0,114.0,4.0,200.0,739.0,850.0,,0.0,11.0,0.0,0.0,0.0,4.0,13.0,,,,,,,,,,30.0,166.0,24.0,47.0,163.0,239.0,259.0,,,
350,,,,,,,,,,,,,,,,,,,,,,,,,,,,,,,,,,,,261.0,404.0,192.0,84.0,329.0,614.0,749.0,,0.0,0.0,40.0,0.0,167.0,1064.0,1048.0,,,,,,,,,,,,,,,,,,77.1,162.21,,,,,,,,,,,,,,,,,,,,,,,,,,,,,,,,,,,,,,,,,,,,,,0.0,0.0,44.0,0.0,118.0,1012.0,646.0,,37.0,142.0,114.0,4.0,200.0,739.0,850.0,,0.0,11.0,0.0,0.0,0.0,4.0,13.0,,,,,,,,,,30.0,166.0,24.0,47.0,163.0,239.0,259.0,,,
351,,,,,,,,,,,,,,,,,,,,,,,,,,,,,,,,,,,,261.0,404.0,192.0,84.0,329.0,618.0,749.0,,0.0,0.0,40.0,0.0,167.0,1064.0,1048.0,,,,,,,,,,,,,,,,,,77.76,133.46,,,,,,,,,,,,,,,,,,,,,,,,,,,,,,,,,,,,,,,,,,,,,,0.0,0.0,44.0,0.0,118.0,1012.0,646.0,,37.0,142.0,114.0,4.0,200.0,739.0,850.0,,0.0,11.0,0.0,0.0,0.0,4.0,13.0,,,,,,,,,,30.0,166.0,24.0,47.0,163.0,239.0,259.0,,,
352,,,,,,,,,,,,,,,,,,,,,,,,,,,,,,,,,,,,261.0,404.0,192.0,84.0,329.0,618.0,749.0,,0.0,0.0,40.0,0.0,167.0,1064.0,1048.0,,,,,,,,,,,,,,,,,,9.84,114.49,,,,,,,,,,,,,,,,,,,,,,,,,,,,,,,,,,,,,,,,,,,,,,0.0,0.0,44.0,0.0,118.0,1012.0,646.0,,37.0,142.0,114.0,4.0,200.0,739.0,853.0,,0.0,11.0,0.0,0.0,0.0,4.0,13.0,,,,,,,,,,30.0,166.0,24.0,47.0,163.0,239.0,259.0,,,
353,,,,,,,,,,,,,,,,,,,,,,,,,,,,,,,,,,,,261.0,404.0,192.0,84.0,329.0,618.0,749.0,,0.0,0.0,40.0,0.0,167.0,1064.0,1048.0,,,,,,,,,,,,,,,,,,3.52,107.48,,,,,,,,,,,,,,,,,,,,,,,,,,,,,,,,,,,,,,,,,,,,,,0.0,0.0,44.0,0.0,118.0,1012.0,646.0,,37.0,142.0,114.0,4.0,200.0,739.0,853.0,,0.0,11.0,0.0,0.0,0.0,4.0,13.0,,,,,,,,,,30.0,166.0,24.0,47.0,163.0,239.0,259.0,,,
354,,,,,,,,,,,,,,,,,,,,,,,,,,,,,,,,,,,,261.0,404.0,192.0,84.0,329.0,619.0,749.0,,0.0,0.0,40.0,0.0,167.0,1064.0,1048.0,,,,,,,,,,,,,,,,,,83.4,122.39,,,,,,,,,,,,,,,,,,,,,,,,,,,,,,,,,,,,,,,,,,,,,,0.0,0.0,44.0,0.0,118.0,1012.0,646.0,,37.0,142.0,114.0,4.0,200.0,739.0,853.0,,0.0,11.0,0.0,0.0,0.0,4.0,13.0,,,,,,,,,,30.0,166.0,24.0,47.0,164.0,242.0,259.0,,,
355,,,,,,,,,,,,,,,,,,,,,,,,,,,,,,,,,,,,261.0,404.0,192.0,84.0,332.0,619.0,749.0,,1.0,0.0,40.0,0.0,167.0,1064.0,1048.0,,,,,,,,,,,,,,,,,,70.23,107.01,,,,,,,,,,,,,,,,,,,,,,,,,,,,,,,,,,,,,,,,,,,,,,6.0,0.0,44.0,0.0,118.0,1012.0,646.0,,37.0,142.0,114.0,4.0,201.0,739.0,853.0,,0.0,11.0,0.0,0.0,0.0,4.0,13.0,,,,,,,,,,30.0,166.0,24.0,47.0,164.0,242.0,259.0,,,
356,,,,,,,,,,,,,,,,,,,,,,,,,,,,,,,,,,,,261.0,405.0,192.0,84.0,339.0,620.0,749.0,,9.0,0.0,40.0,0.0,167.0,1064.0,1048.0,,,,,,,,,,,,,,,,,,66.31,107.89,,,,,,,,,,,,,,,,,,,,,,,,,,,,,,,,,,,,,,,,,,,,,,16.0,0.0,44.0,0.0,118.0,1012.0,646.0,,37.0,142.0,114.0,4.0,205.0,739.0,853.0,,0.0,11.0,0.0,0.0,0.0,4.0,13.0,,,,,,,,,,30.0,166.0,24.0,47.0,166.0,243.0,259.0,,,
357,,,,,,,,,,,,,,,,,,,,,,,,,,,,,,,,,,,,266.0,410.0,192.0,84.0,346.0,627.0,749.0,,9.0,0.0,40.0,0.0,167.0,1064.0,1048.0,,,,,,,,,,,,,,,,,,58.11,85.46,,,,,,,,,,,,,,,,,,,,,,,,,,,,,,,,,,,,,,,,,,,,,,16.0,0.0,44.0,0.0,118.0,1012.0,646.0,,37.0,145.0,114.0,4.0,211.0,739.0,853.0,,0.0,11.0,0.0,0.0,0.0,4.0,13.0,,,,,,,,,,30.0,166.0,24.0,47.0,170.0,248.0,259.0,,,
358,,,,,,,,,,,,,,,,,,,,,,,,,,,,,,,,,,,,272.0,410.0,192.0,84.0,370.0,627.0,749.0,,10.0,0.0,40.0,0.0,167.0,1064.0,1048.0,,,,,,,,,,,,,,,,,,55.84,89.13,,,,,,,,,,,,,,,,,,,,,,,,,,,,,,,,,,,,,,,,,,,,,,17.0,0.0,44.0,0.0,118.0,1012.0,646.0,,38.0,145.0,114.0,4.0,229.0,739.0,853.0,,0.0,11.0,0.0,0.0,0.0,4.0,13.0,,,,,,,,,,30.0,166.0,24.0,47.0,179.0,248.0,259.0,,,
359,,,,,,,,,,,,,,,,,,,,,,,,,,,,,,,,,,,,272.0,411.0,192.0,84.0,386.0,627.0,749.0,,10.0,0.0,40.0,0.0,167.0,1064.0,1048.0,,,,,,,,,,,,,,,,,,47.86,97.1,,,,,,,,,,,,,,,,,,,,,,,,,,,,,,,,,,,,,,,,,,,,,,17.0,0.0,44.0,0.0,118.0,1012.0,646.0,,38.0,147.0,114.0,4.0,246.0,739.0,853.0,,0.0,11.0,0.0,0.0,0.0,4.0,13.0,,,,,,,,,,30.0,166.0,24.0,47.0,190.0,248.0,259.0,,,
360,,,,,,,,,,,,,,,,,,,,,,,,,,,,,,,,,,,,272.0,411.0,192.0,84.0,400.0,627.0,749.0,,10.0,0.0,40.0,0.0,167.0,1064.0,1048.0,,,,,,,,,,,,,,,,,,82.31,120.47,,,,,,,,,,,,,,,,,,,,,,,,,,,,,,,,,,,,,,,,,,,,,,17.0,0.0,44.0,0.0,118.0,1012.0,646.0,,38.0,147.0,114.0,4.0,254.0,739.0,853.0,,0.0,11.0,0.0,0.0,0.0,4.0,13.0,,,,,,,,,,30.0,166.0,24.0,48.0,197.0,248.0,259.0,,,
361,,,,,,,,,,,,,,,,,,,,,,,,,,,,,,,,,,,,272.0,415.0,192.0,84.0,402.0,627.0,749.0,,10.0,0.0,40.0,0.0,167.0,1064.0,1048.0,,,,,,,,,,,,,,,,,,74.54,108.43,,,,,,,,,,,,,,,,,,,,,,,,,,,,,,,,,,,,,,,,,,,,,,17.0,0.0,44.0,0.0,118.0,1012.0,646.0,,38.0,147.0,114.0,4.0,254.0,739.0,853.0,,0.0,11.0,0.0,0.0,0.0,4.0,13.0,,,,,,,,,,30.0,171.0,24.0,48.0,198.0,248.0,259.0,,,
362,,,,,,,,,,,,,,,,,,,,,,,,,,,,,,,,,,,,272.0,435.0,192.0,88.0,409.0,627.0,749.0,,10.0,0.0,40.0,0.0,167.0,1064.0,1048.0,,,,,,,,,,,,,,,,,,78.82,114.46,,,,,,,,,,,,,,,,,,,,,,,,,,,,,,,,,,,,,,,,,,,,,,17.0,0.0,44.0,0.0,118.0,1012.0,646.0,,38.0,151.0,114.0,6.0,259.0,739.0,853.0,,0.0,11.0,0.0,0.0,0.0,4.0,13.0,,,,,,,,,,30.0,172.0,24.0,55.0,205.0,248.0,259.0,,,
363,,,,,,,,,,,,,,,,,,,,,,,,,,,,,,,,,,,,272.0,435.0,192.0,95.0,420.0,627.0,749.0,,10.0,0.0,40.0,4.0,167.0,1064.0,1048.0,,,,,,,,,,,,,,,,,,77.86,113.88,,,,,,,,,,,,,,,,,,,,,,,,,,,,,,,,,,,,,,,,,,,,,,17.0,0.0,44.0,4.0,118.0,1012.0,646.0,,38.0,151.0,114.0,11.0,266.0,739.0,853.0,,0.0,11.0,0.0,0.0,0.0,4.0,13.0,,,,,,,,,,30.0,172.0,25.0,58.0,208.0,248.0,259.0,,,
364,,,,,,,,,,,,,,,,,,,,,,,,,,,,,,,,,,,,272.0,435.0,192.0,101.0,420.0,627.0,749.0,,10.0,0.0,40.0,6.0,167.0,1064.0,1048.0,,,,,,,,,,,,,,,,,,68.54,110.72,,,,,,,,,,,,,,,,,,,,,,,,,,,,,,,,,,,,,,,,,,,,,,17.0,0.0,44.0,6.0,118.0,1012.0,646.0,,38.0,151.0,114.0,13.0,266.0,739.0,853.0,,0.0,11.0,0.0,0.0,0.0,4.0,13.0,,,,,,,,,,30.0,172.0,30.0,65.0,208.0,248.0,259.0,,,
365,,,,,,,,,,,,,,,,,,,,,,,,,,,,,,,,,,,,272.0,435.0,204.0,125.0,425.0,627.0,749.0,,10.0,0.0,40.0,19.0,171.0,1064.0,1048.0,,,,,,,,,,,,,,,,,,58.28,110.1,,,,,,,,,,,,,,,,,,,,,,,,,,,,,,,,,,,,,,,,,,,,,,17.0,0.0,44.0,23.0,122.0,1012.0,646.0,,38.0,151.0,114.0,26.0,271.0,739.0,853.0,,0.0,11.0,0.0,0.0,0.0,4.0,13.0,,,,,,,,,,30.0,172.0,31.0,67.0,213.0,248.0,259.0,,,
366,,,,,,,,,,,,,,,,,,,,,,,,,,,,,,,,,,,,,435.0,,,,628.0,,,,0.0,,,,1064.0,,,,,,,,,,,,,,,,,,,,,,,,,,,,,,,,,,,,,,,,,,,,,,,,,,,,,,,,,,,,,,,,,,,0.0,,,,1012.0,,,,151.0,,,,739.0,,,,11.0,,,,4.0,,,,,,,,,,,,172.0,,,,251.0,,,,
